name,gender,count
Mary,F,19259
Helen,F,9250
Margaret,F,7359
Ruth,F,6509
Dorothy,F,6253
Anna,F,5804
Elizabeth,F,5176
Mildred,F,5054
Marie,F,4301
Alice,F,4170
Florence,F,3789
Frances,F,3780
Ethel,F,3661
Lillian,F,3596
Gladys,F,3538
Edna,F,3429
Rose,F,3374
Evelyn,F,3157
Louise,F,3019
Irene,F,2961
Grace,F,2912
Annie,F,2904
Catherine,F,2897
Hazel,F,2708
Gertrude,F,2622
Thelma,F,2612
Ruby,F,2524
Martha,F,2510
Bertha,F,2444
Virginia,F,2420
Josephine,F,2416
Clara,F,2403
Edith,F,2371
Emma,F,2338
Bessie,F,2276
Lucille,F,2192
Esther,F,2185
Beatrice,F,2105
Elsie,F,2064
Pearl,F,2048
Mabel,F,2007
Agnes,F,1974
Myrtle,F,1950
Ida,F,1943
Julia,F,1931
Viola,F,1926
Eva,F,1896
Pauline,F,1896
Sarah,F,1845
Minnie,F,1779
Nellie,F,1768
Lillie,F,1635
Katherine,F,1557
Willie,F,1549
Laura,F,1524
Ann,F,1477
Eleanor,F,1460
Marion,F,1445
Mattie,F,1407
Ella,F,1382
Alma,F,1375
Bernice,F,1337
Jessie,F,1321
Doris,F,1298
Lena,F,1295
Carrie,F,1276
Vera,F,1242
Mae,F,1230
Blanche,F,1217
Stella,F,1188
Lucy,F,1175
Leona,F,1167
Lois,F,1157
Kathryn,F,1138
Hattie,F,1134
Anne,F,1110
Betty,F,1082
Marjorie,F,1082
Fannie,F,1071
Beulah,F,1052
Marguerite,F,1036
Opal,F,1028
Jennie,F,998
Mamie,F,974
Cora,F,969
Ellen,F,960
Rosa,F,959
Ada,F,945
Violet,F,945
Jean,F,940
Lula,F,922
Velma,F,857
Sylvia,F,847
Charlotte,F,841
Dora,F,829
Inez,F,826
Georgia,F,813
Maggie,F,794
Genevieve,F,785
Hilda,F,773
Susie,F,770
Daisy,F,754
Emily,F,749
Sadie,F,749
Alberta,F,738
Theresa,F,724
Nora,F,670
Estelle,F,669
Juanita,F,668
Flora,F,667
Vivian,F,652
Olive,F,645
Wilma,F,645
Marian,F,641
Lola,F,634
Jane,F,627
Eunice,F,625
Nancy,F,610
Rosie,F,604
Mable,F,586
Lottie,F,583
Verna,F,582
Loretta,F,573
Lucile,F,570
Della,F,568
Barbara,F,567
Sara,F,559
Nettie,F,549
Eula,F,548
Maria,F,544
Geneva,F,539
Effie,F,538
Katie,F,534
Goldie,F,530
Harriet,F,527
Kathleen,F,527
Christine,F,524
Maude,F,520
Essie,F,508
Lizzie,F,504
Naomi,F,504
Lydia,F,503
Irma,F,499
Sophie,F,496
Erma,F,487
May,F,483
Ollie,F,481
Henrietta,F,480
Ora,F,473
Sallie,F,472
Rebecca,F,470
Sally,F,470
Madeline,F,466
Rachel,F,462
Addie,F,453
Geraldine,F,444
Caroline,F,443
Norma,F,438
Nina,F,434
Victoria,F,426
Lela,F,414
Iva,F,401
Amelia,F,388
Susan,F,380
Audrey,F,371
Etta,F,367
Mollie,F,361
Olga,F,359
Isabel,F,356
Nannie,F,355
Roberta,F,353
Phyllis,F,352
Adeline,F,345
Fern,F,345
Flossie,F,343
Miriam,F,339
Bonnie,F,337
Cleo,F,333
Maxine,F,332
Alta,F,327
Isabelle,F,326
Leola,F,326
Luella,F,325
Ola,F,325
Celia,F,324
Freda,F,321
Estella,F,318
Jeanette,F,317
Frieda,F,315
Jeannette,F,311
Muriel,F,311
Jewell,F,304
Janie,F,301
Carolyn,F,299
Winifred,F,297
Antoinette,F,296
Rita,F,295
Cecelia,F,294
Anita,F,291
Ina,F,287
Margie,F,286
Virgie,F,285
Shirley,F,281
Matilda,F,280
Elva,F,279
Hannah,F,278
Nell,F,277
Johnnie,F,275
Lorene,F,274
Allie,F,272
Wanda,F,272
Amanda,F,271
Veronica,F,270
Lorraine,F,269
Marcella,F,266
Regina,F,264
Faye,F,261
Claire,F,259
Lila,F,259
Adele,F,257
Cecilia,F,257
Sophia,F,256
Dorothea,F,253
Jewel,F,252
Selma,F,250
Eliza,F,249
Elma,F,248
Fay,F,246
Amy,F,244
Eloise,F,243
Sue,F,243
Janet,F,242
Zelma,F,240
Patricia,F,233
Angeline,F,232
Angelina,F,227
Winnie,F,225
Dolores,F,220
Millie,F,219
Eileen,F,216
Teresa,F,215
June,F,213
Elnora,F,211
Gussie,F,211
Tillie,F,210
Reba,F,208
Constance,F,206
Angela,F,204
Jeanne,F,202
Josie,F,202
Belle,F,201
Dollie,F,200
Ila,F,200
Adelaide,F,198
Rosalie,F,197
Callie,F,196
Elvira,F,196
Lee,F,196
Rena,F,193
Letha,F,191
Gracie,F,189
Lenora,F,189
Cecile,F,186
Bertie,F,184
Kate,F,183
Annette,F,181
Madge,F,180
Augusta,F,179
Hester,F,179
Olivia,F,179
Cornelia,F,176
Helene,F,176
Leah,F,176
Lora,F,174
Nola,F,172
Ernestine,F,169
Lorena,F,169
Odessa,F,168
Neva,F,163
Iola,F,162
Peggy,F,162
Arlene,F,160
Maudie,F,160
Ophelia,F,160
Birdie,F,159
Roxie,F,159
Carmen,F,157
Francis,F,157
Lessie,F,156
Claudia,F,155
Corinne,F,152
Edythe,F,151
Helena,F,151
Clarice,F,149
Delia,F,147
Leila,F,145
Billie,F,144
Dessie,F,144
Katharine,F,144
Myra,F,144
Aline,F,143
Carol,F,142
Joan,F,142
Lelia,F,142
Harriett,F,141
Mayme,F,141
Lou,F,140
Pearlie,F,140
Elaine,F,139
Oma,F,139
Iris,F,138
Bettie,F,137
Eugenia,F,137
Rhoda,F,136
Rosetta,F,133
Connie,F,131
Zella,F,131
Hallie,F,130
Jimmie,F,129
Frankie,F,128
Wilhelmina,F,128
Lilly,F,125
Catharine,F,123
Donna,F,123
Gwendolyn,F,123
Lulu,F,123
Melba,F,123
Rosemary,F,123
Willa,F,123
Maud,F,122
Christina,F,120
Merle,F,120
Natalie,F,120
Pansy,F,120
Rosella,F,117
Elinor,F,116
Dovie,F,114
Lenore,F,114
Cecil,F,113
Corine,F,112
Jannie,F,112
Erna,F,111
Ione,F,109
Lily,F,109
Lona,F,109
Molly,F,109
Annabelle,F,108
Dolly,F,108
Alyce,F,107
Imogene,F,107
Carmela,F,106
Georgie,F,105
Isabell,F,105
Linda,F,105
Yvonne,F,105
Eddie,F,104
Aileen,F,103
Louella,F,103
Lucinda,F,103
Johanna,F,102
Gertie,F,101
Golda,F,101
Iona,F,101
Alvina,F,100
Laverne,F,100
Lura,F,100
Tessie,F,100
Bernadine,F,99
Leora,F,99
Leota,F,99
Priscilla,F,99
Leone,F,98
Maurine,F,98
Rubye,F,98
Isabella,F,97
Vesta,F,97
Arline,F,96
Joyce,F,96
Leta,F,96
Louisa,F,96
Bess,F,95
Minerva,F,95
Lettie,F,94
Linnie,F,94
Bernadette,F,93
Elisabeth,F,93
Loraine,F,90
Vada,F,90
Hettie,F,89
Eleanore,F,88
Dixie,F,87
Hortense,F,87
Maybelle,F,87
Mona,F,87
Alpha,F,86
Cassie,F,86
Florine,F,84
Mathilda,F,84
Nona,F,84
Rae,F,84
Gloria,F,83
Kay,F,83
Vida,F,83
Concetta,F,82
Polly,F,82
Robbie,F,82
Sybil,F,81
Garnet,F,80
Mittie,F,80
Blanch,F,79
Era,F,79
Fanny,F,79
Avis,F,78
Evie,F,78
Janice,F,78
Phoebe,F,78
Verda,F,78
Elsa,F,77
Floy,F,77
Magnolia,F,77
Cynthia,F,76
Hulda,F,76
Orpha,F,76
Paula,F,76
Zula,F,76
Althea,F,75
Bella,F,75
Nelle,F,75
Queen,F,75
Lauretta,F,74
Clare,F,73
Corrine,F,73
Dorthy,F,73
Mercedes,F,73
Agatha,F,72
Evangeline,F,72
Idella,F,72
Philomena,F,72
Reva,F,72
Aurelia,F,71
Monica,F,71
Alva,F,70
Beryl,F,70
Retha,F,70
Antonia,F,69
Berniece,F,69
Cordelia,F,69
Ester,F,69
Harriette,F,69
Ivy,F,69
Lucia,F,69
Madelyn,F,69
Artie,F,68
Ocie,F,68
Ona,F,68
Angie,F,67
Camille,F,67
Carmella,F,67
Eve,F,67
Guadalupe,F,67
John,F,67
Mina,F,67
Gretchen,F,66
Madeleine,F,66
Tommie,F,66
Mazie,F,65
Nadine,F,65
Allene,F,64
Bobbie,F,64
Estell,F,64
Marietta,F,64
Rhea,F,64
Elise,F,63
Magdalene,F,63
Myrtie,F,63
Stephanie,F,63
Glenna,F,62
Zelda,F,62
Almeda,F,61
Hope,F,61
Mandy,F,61
Ursula,F,61
Clyde,F,60
Johnie,F,60
Lovie,F,60
Yetta,F,59
Zola,F,59
Georgiana,F,58
Judith,F,58
Lida,F,58
Manuela,F,58
Meta,F,58
Sudie,F,58
Vergie,F,58
Winona,F,58
Abbie,F,57
Lina,F,57
Una,F,57
Zora,F,57
Adell,F,56
Albertha,F,56
Ima,F,56
Julie,F,56
Margarita,F,56
Mozelle,F,56
Suzanne,F,56
Veda,F,56
Vernie,F,56
Beth,F,54
Elda,F,54
Joy,F,54
Marcia,F,54
Margery,F,54
Myrtis,F,54
Octavia,F,54
Aurora,F,53
Lue,F,53
Oleta,F,53
Ramona,F,53
Tressie,F,53
Wilda,F,53
Albina,F,52
Audra,F,52
Delma,F,52
James,F,52
Juana,F,52
Odell,F,52
Rowena,F,52
Rubie,F,52
Tina,F,52
Easter,F,51
Ferne,F,51
Lorna,F,51
Madie,F,51
Elena,F,50
Jacqueline,F,50
Luvenia,F,50
Patsy,F,50
Petra,F,50
Ray,F,50
Adela,F,49
Alene,F,49
Ava,F,49
Belva,F,49
Bennie,F,49
Claudie,F,49
Elna,F,49
Emilia,F,49
Filomena,F,49
Malinda,F,49
Margarette,F,49
Amie,F,48
Edwina,F,48
Emilie,F,48
Esta,F,48
Joanna,F,48
Leatha,F,48
Savannah,F,48
Celeste,F,47
Clementine,F,47
Earline,F,47
Eleanora,F,47
Magdalena,F,47
Pearle,F,47
Valerie,F,47
Altha,F,46
Bridget,F,46
Dorotha,F,46
Elvera,F,46
Ludie,F,46
Melvina,F,46
Nan,F,46
Rosalind,F,46
Delphia,F,45
Ethelyn,F,45
Freida,F,45
Melva,F,45
Roma,F,45
Valeria,F,45
Alda,F,44
Clemmie,F,44
Diana,F,44
Dorris,F,44
Lavina,F,44
Margret,F,44
Theo,F,44
Camilla,F,43
Joe,F,43
Marvel,F,43
Myrtice,F,43
Nita,F,43
Queenie,F,43
Verla,F,43
Bulah,F,42
Delores,F,42
Freddie,F,42
Georgianna,F,42
Grayce,F,42
Gwen,F,42
Juliette,F,42
Lennie,F,42
Lorine,F,42
Millicent,F,42
Minna,F,42
Novella,F,42
Theodora,F,42
Vallie,F,42
Claudine,F,41
Idell,F,41
Jo,F,41
Kitty,F,41
Pearline,F,41
Rosina,F,41
Chloe,F,40
Crystal,F,40
Dona,F,40
Ethyl,F,40
Francisca,F,40
Ossie,F,40
Pinkie,F,40
Reta,F,40
Verlie,F,40
Vina,F,40
Carolina,F,39
Charlie,F,39
Corene,F,39
Donnie,F,39
Faith,F,39
Gene,F,39
Jenny,F,39
Louvenia,F,39
Lyda,F,39
Nova,F,39
Pattie,F,39
Verona,F,39
Winnifred,F,39
Zona,F,39
Berta,F,38
Ellie,F,38
Eulalia,F,38
Ruthie,F,38
Sofia,F,38
Violette,F,38
Adelia,F,37
Aletha,F,37
Alfreda,F,37
Audie,F,37
Delphine,F,37
Emmie,F,37
Evalyn,F,37
Exie,F,37
George,F,37
Ira,F,37
Kattie,F,37
Leonora,F,37
Lucretia,F,37
Maxie,F,37
Renee,F,37
Rosamond,F,37
Rosia,F,37
Verdie,F,37
Alverta,F,36
Bethel,F,36
Enid,F,36
Florida,F,36
Lupe,F,36
Macie,F,36
Norine,F,36
Antonette,F,35
Beverly,F,35
Celestine,F,35
Elizebeth,F,35
Elmira,F,35
Emmer,F,35
Hertha,F,35
Hilma,F,35
Jettie,F,35
Leslie,F,35
Lonnie,F,35
Madaline,F,35
Mellie,F,35
William,F,35
Zenobia,F,35
Arvilla,F,34
Clifford,F,34
Justine,F,34
Katheryn,F,34
Treva,F,34
Velda,F,34
Velva,F,34
Anastasia,F,33
Bonita,F,33
Dortha,F,33
Elisa,F,33
Elouise,F,33
Ena,F,33
Kathrine,F,33
Lavinia,F,33
Marianne,F,33
Martina,F,33
Maybell,F,33
Melissa,F,33
Nelda,F,33
Rosalee,F,33
Yolanda,F,33
Adella,F,32
Alicia,F,32
Charity,F,32
Clarissa,F,32
Cordie,F,32
Felicia,F,32
Florene,F,32
Gail,F,32
Jackie,F,32
Judy,F,32
Susanna,F,32
Tennie,F,32
Therese,F,32
Cathryn,F,31
Dena,F,31
Elenora,F,31
Fairy,F,31
Germaine,F,31
Hildred,F,31
Leonor,F,31
Libby,F,31
Mallie,F,31
Myrle,F,31
Ressie,F,31
Signe,F,31
Augustine,F,30
Berenice,F,30
Consuelo,F,30
Eldora,F,30
Hedwig,F,30
Hildegarde,F,30
Joseph,F,30
Juliet,F,30
Kathryne,F,30
Lera,F,30
Lilian,F,30
Mavis,F,30
Odie,F,30
Prudence,F,30
Tena,F,30
Viva,F,30
Bell,F,29
Charles,F,29
Delilah,F,29
Delta,F,29
Dorcas,F,29
Hellen,F,29
Mammie,F,29
Maryann,F,29
Maye,F,29
Onie,F,29
Ouida,F,29
Rosanna,F,29
Trudie,F,29
Vernice,F,29
Annabel,F,28
Ardella,F,28
Berneice,F,28
Charlene,F,28
Earnestine,F,28
Elmer,F,28
Josefa,F,28
Mertie,F,28
Odelia,F,28
Ozella,F,28
Rosalia,F,28
Rossie,F,28
Amalia,F,27
Andrea,F,27
Beaulah,F,27
Elvie,F,27
Euna,F,27
Goldia,F,27
Henry,F,27
Jamie,F,27
Juliana,F,27
Lea,F,27
Lilla,F,27
Luna,F,27
Marjory,F,27
Mettie,F,27
Ova,F,27
Sammie,F,27
Versie,F,27
Vinnie,F,27
Adaline,F,26
Alvena,F,26
Arrie,F,26
Birtha,F,26
Carmel,F,26
Clora,F,26
Corrie,F,26
Deborah,F,26
Deloris,F,26
Etha,F,26
Gay,F,26
Georgina,F,26
Gladyce,F,26
Janette,F,26
Jaunita,F,26
Lilyan,F,26
Margarett,F,26
Margaretta,F,26
Meda,F,26
Oda,F,26
Thora,F,26
Zadie,F,26
Adelina,F,25
Betsy,F,25
Cathrine,F,25
Ceola,F,25
Cleta,F,25
Daphne,F,25
Edrie,F,25
Golden,F,25
Greta,F,25
Hazle,F,25
Icie,F,25
Lexie,F,25
Mabelle,F,25
Mozell,F,25
Myrl,F,25
Robert,F,25
Vena,F,25
Vincenza,F,25
Adrienne,F,24
Annetta,F,24
Elfrieda,F,24
Elvina,F,24
Hassie,F,24
Ilene,F,24
Lavada,F,24
Missouri,F,24
Myrna,F,24
Rilla,F,24
Sadye,F,24
Serena,F,24
Theola,F,24
Vlasta,F,24
Aggie,F,23
Annabell,F,23
Blossom,F,23
Claribel,F,23
Cleora,F,23
Elease,F,23
Eulah,F,23
Florrie,F,23
Freeda,F,23
Gilda,F,23
Glennie,F,23
Ivory,F,23
Katy,F,23
Lenna,F,23
Leonia,F,23
Loma,F,23
Lossie,F,23
Louie,F,23
Mossie,F,23
Osie,F,23
Rafaela,F,23
Sonia,F,23
Willia,F,23
Aili,F,22
Annis,F,22
Arlie,F,22
Buelah,F,22
Eathel,F,22
Edyth,F,22
Elberta,F,22
Emelia,F,22
Fae,F,22
Gladis,F,22
Hermina,F,22
Hermine,F,22
Jonnie,F,22
Laverna,F,22
Libbie,F,22
Liza,F,22
Neoma,F,22
Nevada,F,22
Retta,F,22
Sibyl,F,22
Tilda,F,22
Zoe,F,22
Alease,F,21
Angelita,F,21
Arie,F,21
Concepcion,F,21
Dottie,F,21
Hildegard,F,21
Jeane,F,21
Lady,F,21
Magdalen,F,21
Marilyn,F,21
Neta,F,21
Ottie,F,21
Rachael,F,21
Rosalyn,F,21
Selena,F,21
Tomasa,F,21
Twila,F,21
Veola,F,21
Zena,F,21
Aida,F,20
Allean,F,20
Almeta,F,20
Diane,F,20
Drusilla,F,20
Earl,F,20
Eda,F,20
Eloisa,F,20
Eugenie,F,20
Fleta,F,20
Garnett,F,20
Gennie,F,20
Hanna,F,20
Jossie,F,20
Kittie,F,20
Lolita,F,20
Madonna,F,20
Marge,F,20
Naoma,F,20
Norene,F,20
Olevia,F,20
Sabina,F,20
Tiny,F,20
Tressa,F,20
Vella,F,20
Veva,F,20
Albertine,F,19
Amber,F,19
America,F,19
Astrid,F,19
Azalee,F,19
Bea,F,19
Bernardine,F,19
Bette,F,19
Dimple,F,19
Enola,F,19
Eveline,F,19
Gertha,F,19
Imelda,F,19
Ines,F,19
Lacy,F,19
Larue,F,19
Leo,F,19
Letitia,F,19
Louis,F,19
Loyce,F,19
Macy,F,19
Marianna,F,19
Maymie,F,19
Rutha,F,19
Sophronia,F,19
Vennie,F,19
Adah,F,18
Adline,F,18
Alida,F,18
Almira,F,18
Ardelia,F,18
Bula,F,18
Colleen,F,18
Creola,F,18
Dagmar,F,18
Darlene,F,18
Elenor,F,18
Eura,F,18
Evelyne,F,18
Flo,F,18
Frank,F,18
Gayle,F,18
Henretta,F,18
Izora,F,18
Jesse,F,18
Jessica,F,18
Laurel,F,18
Lavon,F,18
Leda,F,18
Lynn,F,18
Macel,F,18
Nathalie,F,18
Nella,F,18
Reatha,F,18
Zada,F,18
Adelle,F,17
Aimee,F,17
Anner,F,17
Bettye,F,17
Cleola,F,17
Coral,F,17
Cordia,F,17
Dee,F,17
Elba,F,17
Evia,F,17
Flonnie,F,17
Henriette,F,17
Josefina,F,17
Lelah,F,17
Liddie,F,17
Linnea,F,17
Lonie,F,17
Lovella,F,17
Mathilde,F,17
Maureen,F,17
Odile,F,17
Roslyn,F,17
Sister,F,17
Sula,F,17
Veta,F,17
Ammie,F,16
Antonetta,F,16
Arietta,F,16
Cathleen,F,16
Clarabelle,F,16
Cleone,F,16
Colette,F,16
Daisey,F,16
Drucilla,F,16
Edra,F,16
Electa,F,16
Erie,F,16
Eudora,F,16
Helma,F,16
Hila,F,16
Ivah,F,16
Jerry,F,16
Joanne,F,16
Justina,F,16
Lorean,F,16
Lurline,F,16
Mahala,F,16
Margarete,F,16
Margrett,F,16
Matilde,F,16
Meredith,F,16
Otelia,F,16
Ozie,F,16
Rozella,F,16
Salome,F,16
Shellie,F,16
Susanne,F,16
Sydney,F,16
Vassie,F,16
Vernon,F,16
Vira,F,16
Zita,F,16
Albertina,F,15
Alline,F,15
Annamae,F,15
Antonina,F,15
Beatriz,F,15
Bernetta,F,15
Buena,F,15
Carmelita,F,15
Carroll,F,15
Ceil,F,15
Coletta,F,15
Coralee,F,15
Delpha,F,15
Dola,F,15
Doshie,F,15
Ellamae,F,15
Emaline,F,15
Emeline,F,15
Erin,F,15
Ersie,F,15
Ether,F,15
Ettie,F,15
Evelina,F,15
Everlena,F,15
Fronie,F,15
Glenda,F,15
Ilah,F,15
Ilo,F,15
India,F,15
Inga,F,15
Joann,F,15
Johnsie,F,15
Laurine,F,15
Leana,F,15
Leonore,F,15
Lollie,F,15
Lucie,F,15
Mariah,F,15
Marye,F,15
Melinda,F,15
Omie,F,15
Pat,F,15
Rosaline,F,15
Sedonia,F,15
Silvia,F,15
Trula,F,15
Verne,F,15
Vertie,F,15
Vita,F,15
Vola,F,15
Walter,F,15
Zera,F,15
Afton,F,14
Alleen,F,14
Anona,F,14
Ardath,F,14
Ardelle,F,14
Arizona,F,14
Atha,F,14
Audry,F,14
Caldonia,F,14
Christena,F,14
Clytie,F,14
Concha,F,14
Dean,F,14
Edmonia,F,14
Elnor,F,14
Eugene,F,14
Hessie,F,14
Icy,F,14
Izola,F,14
Josiephine,F,14
Kizzie,F,14
Laurene,F,14
Laurette,F,14
Lavern,F,14
Lavonne,F,14
Leoma,F,14
Letty,F,14
Lilie,F,14
Lissie,F,14
Luvinia,F,14
Malissa,F,14
Marry,F,14
Merna,F,14
Nedra,F,14
Noma,F,14
Refugia,F,14
Selina,F,14
Sigrid,F,14
Tempie,F,14
Tinnie,F,14
Tula,F,14
Ula,F,14
Vela,F,14
Villa,F,14
Virgil,F,14
Wava,F,14
Zelpha,F,14
Zetta,F,14
Alexandria,F,13
Alla,F,13
Ana,F,13
Aretha,F,13
Aurore,F,13
Birtie,F,13
Carlotta,F,13
Carole,F,13
Celesta,F,13
Charline,F,13
Charlsie,F,13
Dale,F,13
Dana,F,13
Dannie,F,13
Dell,F,13
Donie,F,13
Dorathea,F,13
Earlean,F,13
Elvia,F,13
Emelda,F,13
Emmaline,F,13
Evalena,F,13
Gabrielle,F,13
Genie,F,13
Herma,F,13
Hyacinth,F,13
Irena,F,13
Isa,F,13
Isobel,F,13
Jeanetta,F,13
Lempi,F,13
Lilah,F,13
Luetta,F,13
Madelon,F,13
Maebell,F,13
Margaretha,F,13
Margurite,F,13
Milda,F,13
Modesta,F,13
Mozella,F,13
Nealie,F,13
Neola,F,13
Nezzie,F,13
Odette,F,13
Oneta,F,13
Palma,F,13
Paul,F,13
Rosabelle,F,13
Rosaria,F,13
Rosemarie,F,13
Santa,F,13
Sena,F,13
Sheila,F,13
Syble,F,13
Sylva,F,13
Tess,F,13
Texie,F,13
Theodosia,F,13
Theressa,F,13
Tishie,F,13
Venice,F,13
Venus,F,13
Verta,F,13
Vilma,F,13
Willard,F,13
Yvette,F,13
Zina,F,13
Abigail,F,12
Adda,F,12
Aleen,F,12
Alethia,F,12
Alverna,F,12
Apolonia,F,12
Ara,F,12
Benita,F,12
Candelaria,F,12
Cara,F,12
Celina,F,12
Chrystal,F,12
Clarine,F,12
Classie,F,12
Clover,F,12
Corina,F,12
Dicie,F,12
Dorathy,F,12
Dorthea,F,12
Doshia,F,12
Edward,F,12
Emogene,F,12
Evaline,F,12
Evelena,F,12
Florance,F,12
Gemma,F,12
Genoveva,F,12
Glendora,F,12
Helga,F,12
Jennette,F,12
Jule,F,12
Karen,F,12
Kathaleen,F,12
Laurena,F,12
Lavona,F,12
Leanna,F,12
Loree,F,12
Luisa,F,12
Lynda,F,12
Madalene,F,12
Madelene,F,12
Maebelle,F,12
Marylou,F,12
Maurice,F,12
Nada,F,12
Nelia,F,12
Odella,F,12
Okla,F,12
Ozell,F,12
Pluma,F,12
Prudie,F,12
Rea,F,12
Romaine,F,12
Roselle,F,12
Roselyn,F,12
Ruie,F,12
Savanah,F,12
Sidney,F,12
Sina,F,12
Susana,F,12
Thomas,F,12
Thressa,F,12
Trinidad,F,12
Valentine,F,12
Vashti,F,12
Vernell,F,12
Virgia,F,12
Vonnie,F,12
Wynona,F,12
Zell,F,12
Zeola,F,12
Alba,F,11
Allena,F,11
Alvera,F,11
Annice,F,11
Ardis,F,11
Ardith,F,11
Aretta,F,11
Belvia,F,11
Bertina,F,11
Besse,F,11
Blanchie,F,11
Capitola,F,11
Cherry,F,11
Clarinda,F,11
Cleda,F,11
Clementina,F,11
Corrinne,F,11
Courtney,F,11
Cressie,F,11
Dallas,F,11
Delsie,F,11
Docia,F,11
Doretha,F,11
Earlie,F,11
Ennis,F,11
Estefana,F,11
Ethlyn,F,11
Etna,F,11
Etter,F,11
Evlyn,F,11
Flavia,F,11
Floretta,F,11
Garnette,F,11
Gertude,F,11
Gretta,F,11
Gudrun,F,11
Hildreth,F,11
Hollis,F,11
Illa,F,11
Ingrid,F,11
Irine,F,11
Julian,F,11
Kathern,F,11
Laurie,F,11
Lavera,F,11
Lorenza,F,11
Lorette,F,11
Madalyn,F,11
Maida,F,11
Malvina,F,11
Manda,F,11
Margarite,F,11
Margueritte,F,11
Marquerite,F,11
Mayola,F,11
Mignon,F,11
Monnie,F,11
Moselle,F,11
Nanie,F,11
Nila,F,11
Noreen,F,11
Olympia,F,11
Ophia,F,11
Paralee,F,11
Paulina,F,11
Rella,F,11
Ruthe,F,11
Santos,F,11
Stefania,F,11
Stephania,F,11
Svea,F,11
Terry,F,11
Theda,F,11
Tracy,F,11
Venita,F,11
Violetta,F,11
Vivienne,F,11
Willis,F,11
Zettie,F,11
Albert,F,10
Angelena,F,10
Arlena,F,10
Arvella,F,10
Assunta,F,10
Azzie,F,10
Babe,F,10
Bebe,F,10
Billy,F,10
Brooksie,F,10
Carl,F,10
Carlota,F,10
Christene,F,10
Clella,F,10
Cleona,F,10
Clotilde,F,10
Coy,F,10
Cruz,F,10
Curtis,F,10
Delcie,F,10
Delfina,F,10
Dellar,F,10
Dillie,F,10
Dina,F,10
Doreen,F,10
Ebba,F,10
Elia,F,10
Elinore,F,10
Elmire,F,10
Elta,F,10
Elton,F,10
Elzora,F,10
Ercie,F,10
Florice,F,10
Floris,F,10
France,F,10
Genevia,F,10
Glenn,F,10
Gregoria,F,10
Harold,F,10
Hasel,F,10
Huldah,F,10
Idabelle,F,10
Idamae,F,10
Inell,F,10
Izetta,F,10
Katharyn,F,10
Kathlyn,F,10
Lassie,F,10
Lavelle,F,10
Lavonia,F,10
Leita,F,10
Lelar,F,10
Leon,F,10
Lester,F,10
Lethia,F,10
Librada,F,10
Lilia,F,10
Lorain,F,10
Louetta,F,10
Lovey,F,10
Lucilla,F,10
Luvina,F,10
Lyla,F,10
Mahalia,F,10
Mannie,F,10
Marcelle,F,10
Margot,F,10
Marybelle,F,10
Marylee,F,10
Melanie,F,10
Mercy,F,10
Metta,F,10
Minda,F,10
Minta,F,10
Naida,F,10
Nonie,F,10
Odelle,F,10
Olene,F,10
Olivette,F,10
Orilla,F,10
Orlena,F,10
Ozzie,F,10
Parlee,F,10
Parthenia,F,10
Pearly,F,10
Perlie,F,10
Robie,F,10
Rosebud,F,10
Roselee,F,10
Samantha,F,10
Tennessee,F,10
Teodora,F,10
Thyra,F,10
Tyyne,F,10
Velna,F,10
Viney,F,10
Vinia,F,10
Virda,F,10
Willetta,F,10
Williemae,F,10
Zela,F,10
Aldine,F,9
Alexandra,F,9
Alvie,F,9
Anniemae,F,9
Ardell,F,9
Arlee,F,9
Arleen,F,9
Augustina,F,9
Aura,F,9
Bama,F,9
Bernita,F,9
Bina,F,9
Birdell,F,9
Borghild,F,9
Brownie,F,9
Burnice,F,9
Cammie,F,9
Candida,F,9
Carlene,F,9
Carma,F,9
Catalina,F,9
Catarina,F,9
Cathern,F,9
Chessie,F,9
Clair,F,9
Clarabell,F,9
Cloie,F,9
Dasie,F,9
Davie,F,9
Delight,F,9
Delila,F,9
Dinah,F,9
Domenica,F,9
Earlene,F,9
Elida,F,9
Ellena,F,9
Emelie,F,9
Eola,F,9
Erlinda,F,9
Erline,F,9
Felice,F,9
Florentine,F,9
Florie,F,9
Floyd,F,9
Francies,F,9
Frederica,F,9
Fronia,F,9
Gaynell,F,9
Gerda,F,9
Gusta,F,9
Harry,F,9
Helmi,F,9
Hildur,F,9
Hollie,F,9
Honora,F,9
Hortencia,F,9
Howard,F,9
Ignacia,F,9
Imo,F,9
Ingeborg,F,9
Isla,F,9
Jeannetta,F,9
Jeannie,F,9
Jodie,F,9
Jovita,F,9
Lala,F,9
Lanie,F,9
Lattie,F,9
Lavenia,F,9
Leaner,F,9
Lemma,F,9
Leontine,F,9
Levina,F,9
Lillia,F,9
Lova,F,9
Loyola,F,9
Luciel,F,9
Lular,F,9
Lynne,F,9
Malissia,F,9
Marceline,F,9
Margert,F,9
Margrette,F,9
Marguerita,F,9
Maryan,F,9
Maryellen,F,9
Mattye,F,9
Media,F,9
Melvin,F,9
Micaela,F,9
Mima,F,9
Minie,F,9
Miranda,F,9
Montie,F,9
Nelva,F,9
Nobie,F,9
Nolia,F,9
Norah,F,9
Oliva,F,9
Oneda,F,9
Onita,F,9
Oralee,F,9
Ortha,F,9
Otha,F,9
Otis,F,9
Ottilie,F,9
Patty,F,9
Pearlean,F,9
Pecola,F,9
Pernie,F,9
Petronella,F,9
Pilar,F,9
Romana,F,9
Sada,F,9
Sallye,F,9
Simona,F,9
Stacy,F,9
Stasia,F,9
Suzanna,F,9
Tabitha,F,9
Thea,F,9
Theora,F,9
Thera,F,9
Tiney,F,9
Valda,F,9
Valera,F,9
Verena,F,9
Verle,F,9
Vernetta,F,9
Vernita,F,9
Vinie,F,9
Vista,F,9
Willene,F,9
Wilmoth,F,9
Zelia,F,9
Zelphia,F,9
Abby,F,8
Adelyn,F,8
Alcie,F,8
Aleene,F,8
Aleta,F,8
Altie,F,8
Anabel,F,8
Angelyn,F,8
Arabella,F,8
Archie,F,8
Arlean,F,8
Ary,F,8
Avanelle,F,8
Azalea,F,8
Beadie,F,8
Bee,F,8
Belen,F,8
Bernie,F,8
Bert,F,8
Bettina,F,8
Beula,F,8
Blonnie,F,8
Buna,F,8
Byrdie,F,8
Carla,F,8
Carry,F,8
Cesaria,F,8
Christeen,F,8
Claude,F,8
Cleva,F,8
Cliffie,F,8
Clyda,F,8
Collie,F,8
Corda,F,8
Coretta,F,8
Delora,F,8
Devota,F,8
Elfreda,F,8
Elgie,F,8
Elodie,F,8
Elza,F,8
Erminia,F,8
Ernie,F,8
Erva,F,8
Ever,F,8
Everlina,F,8
Faustina,F,8
Florinda,F,8
Gale,F,8
Gina,F,8
Girtie,F,8
Glen,F,8
Goldye,F,8
Gracia,F,8
Henretter,F,8
Henritta,F,8
Herlinda,F,8
Idelle,F,8
Indiana,F,8
Inis,F,8
Inola,F,8
Isadore,F,8
Jayne,F,8
Jeffie,F,8
Jemima,F,8
Jessye,F,8
Jim,F,8
Julianna,F,8
Kathyrn,F,8
Kimiko,F,8
Lawrence,F,8
Lella,F,8
Leoda,F,8
Lesta,F,8
Leva,F,8
Levada,F,8
Liller,F,8
Lodema,F,8
Loise,F,8
Lorina,F,8
Louanna,F,8
Loula,F,8
Louvinia,F,8
Luberta,F,8
Lucyle,F,8
Luda,F,8
Luevenia,F,8
Luise,F,8
Mabell,F,8
Mafalda,F,8
Mai,F,8
Maisie,F,8
Mariam,F,8
Marrie,F,8
Maudine,F,8
Mearl,F,8
Melda,F,8
Merry,F,8
Mida,F,8
Nanette,F,8
Obie,F,8
Oletha,F,8
Olinda,F,8
Oneida,F,8
Oneita,F,8
Onnie,F,8
Opha,F,8
Ople,F,8
Oral,F,8
Orelia,F,8
Orene,F,8
Orrie,F,8
Orva,F,8
Osa,F,8
Ottilia,F,8
Ovie,F,8
Pasqualina,F,8
Patience,F,8
Penelope,F,8
Pennie,F,8
Perry,F,8
Phebe,F,8
Phillis,F,8
Phylis,F,8
Pollie,F,8
Portia,F,8
Rene,F,8
Reyes,F,8
Rissie,F,8
Rochelle,F,8
Roena,F,8
Rosario,F,8
Roy,F,8
Sam,F,8
Santina,F,8
Scottie,F,8
Shizue,F,8
Sidonia,F,8
Sonya,F,8
Stacia,F,8
Thekla,F,8
Theodore,F,8
Toby,F,8
Vanda,F,8
Velmer,F,8
Versa,F,8
Vessie,F,8
Vivien,F,8
Vonda,F,8
Wilhemina,F,8
Will,F,8
Wylma,F,8
Zeffie,F,8
Zenith,F,8
Zeta,F,8
Zilpha,F,8
Addis,F,7
Agness,F,7
Albena,F,7
Albirta,F,7
Aleda,F,7
Alethea,F,7
Alfrieda,F,7
Algie,F,7
Allyne,F,7
Alverda,F,7
Alvira,F,7
Annamay,F,7
Anniebell,F,7
Antionette,F,7
Arbie,F,7
Ardie,F,7
Ariel,F,7
Arleta,F,7
Arletta,F,7
Armanda,F,7
Audrie,F,7
Avery,F,7
Avie,F,7
Azilee,F,7
Becky,F,7
Belma,F,7
Beola,F,7
Berthe,F,7
Beryle,F,7
Beuna,F,7
Calista,F,7
Candace,F,7
Carola,F,7
Caryl,F,7
Celestia,F,7
Celine,F,7
Cherrie,F,7
Chloie,F,7
Chrissie,F,7
Clotilda,F,7
Columbia,F,7
Corena,F,7
Daphna,F,7
David,F,7
Denise,F,7
Dessa,F,7
Dollye,F,7
Doloris,F,7
Dominga,F,7
Doria,F,7
Dorsie,F,7
Dulcie,F,7
Eartha,F,7
Ela,F,7
Elese,F,7
Elin,F,7
Ellene,F,7
Eller,F,7
Elmina,F,7
Elmo,F,7
Elzie,F,7
Emerald,F,7
Emmalee,F,7
Ercell,F,7
Erdine,F,7
Ernest,F,7
Ernestina,F,7
Esma,F,7
Esperanza,F,7
Estel,F,7
Ethelene,F,7
Eufemia,F,7
Eular,F,7
Eutha,F,7
Ezzie,F,7
Fannye,F,7
Farris,F,7
Felicita,F,7
Felipa,F,7
Flara,F,7
Fleda,F,7
Fleeta,F,7
Floye,F,7
Fortunata,F,7
Foy,F,7
Francine,F,7
Fred,F,7
Gabriela,F,7
Georgeanna,F,7
Georgette,F,7
Gordie,F,7
Gracy,F,7
Grady,F,7
Gurtha,F,7
Hetty,F,7
Hortence,F,7
Iantha,F,7
Ilda,F,7
Irean,F,7
Isola,F,7
Ivalee,F,7
Jeanie,F,7
Jeannett,F,7
Jeraldine,F,7
Jesusa,F,7
Johnny,F,7
Katye,F,7
Kelly,F,7
Lacie,F,7
Lannie,F,7
Leitha,F,7
Leocadia,F,7
Leonarda,F,7
Leonilda,F,7
Leotha,F,7
Levonia,F,7
Lewis,F,7
Lita,F,7
Lloyd,F,7
Louisiana,F,7
Lowell,F,7
Lugenia,F,7
Lurene,F,7
Lurine,F,7
Luz,F,7
Madgie,F,7
Madlyn,F,7
Majorie,F,7
Malissie,F,7
Mandie,F,7
Margeret,F,7
Mariana,F,7
Marilla,F,7
Marlene,F,7
Marvin,F,7
Matie,F,7
Mennie,F,7
Michael,F,7
Michelina,F,7
Mickey,F,7
Murl,F,7
Nannette,F,7
Nealy,F,7
Nelly,F,7
Nena,F,7
Nera,F,7
Noelie,F,7
Nonnie,F,7
Odessia,F,7
Oleva,F,7
Olie,F,7
Ollive,F,7
Oree,F,7
Orlean,F,7
Oscar,F,7
Otilia,F,7
Peggie,F,7
Percy,F,7
Pheobe,F,7
Pinkey,F,7
Pricilla,F,7
Princess,F,7
Reather,F,7
Rebie,F,7
Refugio,F,7
Renner,F,7
Richard,F,7
Rosana,F,7
Roseanna,F,7
Rosita,F,7
Russell,F,7
Sharon,F,7
Simmie,F,7
Stanley,F,7
Sweetie,F,7
Thalia,F,7
Theta,F,7
Thomasina,F,7
Tommy,F,7
Vadie,F,7
Vannie,F,7
Vara,F,7
Velia,F,7
Veneta,F,7
Verneda,F,7
Vernelle,F,7
Vienna,F,7
Vietta,F,7
Virdie,F,7
Weltha,F,7
Wilmer,F,7
Wilna,F,7
Yoshiko,F,7
Yoshino,F,7
Adelene,F,6
Adlene,F,6
Ailene,F,6
Albertia,F,6
Aldora,F,6
Alean,F,6
Algia,F,6
Allen,F,6
Almedia,F,6
Almer,F,6
Alphia,F,6
Alton,F,6
Alvia,F,6
Alyne,F,6
Alys,F,6
Angel,F,6
Angelica,F,6
Antha,F,6
Arbutus,F,6
Armida,F,6
Arnetta,F,6
Arthur,F,6
Arville,F,6
Athena,F,6
Australia,F,6
Azalia,F,6
Azlee,F,6
Bannie,F,6
Beatrix,F,6
Bena,F,6
Bianca,F,6
Blannie,F,6
Bridie,F,6
Brookie,F,6
Burma,F,6
Camelia,F,6
Camella,F,6
Canary,F,6
Carlyn,F,6
Carolyne,F,6
Carrol,F,6
Caterina,F,6
Cecille,F,6
Celestina,F,6
Charlotta,F,6
Christiana,F,6
Cinda,F,6
Cindy,F,6
Clarabel,F,6
Claris,F,6
Clarisse,F,6
Clela,F,6
Clemence,F,6
Climmie,F,6
Clorinda,F,6
Clydie,F,6
Congetta,F,6
Coralie,F,6
Cordy,F,6
Cozy,F,6
Daisie,F,6
Dellia,F,6
Diamond,F,6
Don,F,6
Dorine,F,6
Dorthey,F,6
Dosha,F,6
Dot,F,6
Dove,F,6
Ebbie,F,6
Eddith,F,6
Edner,F,6
Elcie,F,6
Elenore,F,6
Ellar,F,6
Ellenor,F,6
Elnore,F,6
Elverta,F,6
Elzada,F,6
Ema,F,6
Emmy,F,6
Eppie,F,6
Erlene,F,6
Ermal,F,6
Ermine,F,6
Estellar,F,6
Ethyle,F,6
Eulalie,F,6
Eupha,F,6
Evelene,F,6
Evon,F,6
Exa,F,6
Ezella,F,6
Faun,F,6
Floria,F,6
Foye,F,6
Francesca,F,6
Gabriella,F,6
Garland,F,6
Gena,F,6
Geneve,F,6
Georgetta,F,6
Gillie,F,6
Gladine,F,6
Gustie,F,6
Gwendolen,F,6
Haruko,F,6
Helyn,F,6
Hennie,F,6
Herminia,F,6
Hilaria,F,6
Hisako,F,6
Homer,F,6
Icle,F,6
Idelia,F,6
Ilean,F,6
Ineze,F,6
Isadora,F,6
Ivey,F,6
Izella,F,6
Jacquelyn,F,6
Janis,F,6
Jennett,F,6
Jesus,F,6
Johnetta,F,6
Junie,F,6
Katheleen,F,6
Katheryne,F,6
Katrina,F,6
Kaye,F,6
Kenneth,F,6
Lakie,F,6
Lallie,F,6
Lana,F,6
Lara,F,6
Larene,F,6
Launa,F,6
Lavena,F,6
Lealer,F,6
Lear,F,6
Leatrice,F,6
Leler,F,6
Leonie,F,6
Lillias,F,6
Lillis,F,6
Liona,F,6
Litha,F,6
Livia,F,6
Llewellyn,F,6
Lockie,F,6
Lodie,F,6
Loney,F,6
Loren,F,6
Loretto,F,6
Lota,F,6
Lotus,F,6
Loucille,F,6
Lu,F,6
Luanna,F,6
Luceal,F,6
Lucelia,F,6
Lucetta,F,6
Lucielle,F,6
Lucienne,F,6
Lucindia,F,6
Luellen,F,6
Lulie,F,6
Lurlene,F,6
Lutie,F,6
Lyndall,F,6
Lynette,F,6
Maddie,F,6
Maeola,F,6
Magdaline,F,6
Maie,F,6
Maizie,F,6
Maple,F,6
Margart,F,6
Marget,F,6
Margo,F,6
Margorie,F,6
Margretta,F,6
Marina,F,6
Martin,F,6
Martine,F,6
Marvelle,F,6
Maryalice,F,6
Maryanna,F,6
Maryella,F,6
Maryjane,F,6
Masako,F,6
Mayetta,F,6
Maysel,F,6
Mazelle,F,6
Melita,F,6
Merie,F,6
Merrill,F,6
Meryle,F,6
Mimi,F,6
Minnette,F,6
Monie,F,6
Nadene,F,6
Nida,F,6
Obelia,F,6
Olivine,F,6
Opel,F,6
Otila,F,6
Ozelle,F,6
Patti,F,6
Pearla,F,6
Pearlee,F,6
Phala,F,6
Philip,F,6
Philomene,F,6
Pocahontas,F,6
Providence,F,6
Raymond,F,6
Rema,F,6
Reola,F,6
Rinda,F,6
Romayne,F,6
Romona,F,6
Roselia,F,6
Rosy,F,6
Rubbie,F,6
Rufina,F,6
Saddie,F,6
Savilla,F,6
Sella,F,6
Senora,F,6
Shella,F,6
Shizuko,F,6
Soledad,F,6
Susannah,F,6
Syd,F,6
Sydell,F,6
Sylvester,F,6
Teckla,F,6
Tosca,F,6
Trudy,F,6
Twyla,F,6
Venie,F,6
Verdell,F,6
Verma,F,6
Vern,F,6
Vicy,F,6
Vinita,F,6
Waunita,F,6
Wenonah,F,6
Wilhelmenia,F,6
Willette,F,6
Adabelle,F,5
Agapita,F,5
Agustina,F,5
Aina,F,5
Albie,F,5
Aldea,F,5
Alee,F,5
Alena,F,5
Alexander,F,5
Alexina,F,5
Alleene,F,5
Almina,F,5
Alonia,F,5
Alwilda,F,5
Amada,F,5
Amey,F,5
Anice,F,5
Annah,F,5
Annamarie,F,5
Aquilla,F,5
Ardys,F,5
Argatha,F,5
Argie,F,5
Aria,F,5
Arilla,F,5
Armella,F,5
Arnie,F,5
Artelia,F,5
Athene,F,5
Audria,F,5
Avanell,F,5
Ayako,F,5
Beata,F,5
Beda,F,5
Belia,F,5
Belvie,F,5
Betsey,F,5
Bill,F,5
Bitha,F,5
Blasa,F,5
Blondell,F,5
Bluma,F,5
Bobby,F,5
Burnette,F,5
Byrl,F,5
Candis,F,5
Cannie,F,5
Carie,F,5
Carleen,F,5
Carline,F,5
Cary,F,5
Casimira,F,5
Castella,F,5
Ceclia,F,5
Cele,F,5
Charlena,F,5
Charley,F,5
Cheryl,F,5
Chester,F,5
China,F,5
Chiyoko,F,5
Christie,F,5
Clarene,F,5
Clarise,F,5
Clemie,F,5
Cleopatra,F,5
Clio,F,5
Clothilde,F,5
Clotile,F,5
Clydia,F,5
Cordella,F,5
Cornelius,F,5
Cristina,F,5
Cyrilla,F,5
Dagny,F,5
Dara,F,5
Deane,F,5
Delina,F,5
Dema,F,5
Docie,F,5
Doll,F,5
Dominica,F,5
Donalda,F,5
Dorene,F,5
Dorotea,F,5
Dossie,F,5
Dotty,F,5
Earie,F,5
Eather,F,5
Edie,F,5
Edolia,F,5
Edris,F,5
Eilene,F,5
Eithel,F,5
Eleonor,F,5
Elezabeth,F,5
Elfie,F,5
Elizabth,F,5
Elizbeth,F,5
Elmyra,F,5
Elois,F,5
Elsbeth,F,5
Elsia,F,5
Elvena,F,5
Elzena,F,5
Emile,F,5
Enes,F,5
Enriqueta,F,5
Equilla,F,5
Erica,F,5
Erla,F,5
Esteller,F,5
Estie,F,5
Etheleen,F,5
Eulamae,F,5
Evelynne,F,5
Everlene,F,5
Evora,F,5
Exer,F,5
Exilda,F,5
Fabiola,F,5
Felecia,F,5
Felicitas,F,5
Ferol,F,5
Fidelia,F,5
Flordia,F,5
Florena,F,5
Floyce,F,5
Forrest,F,5
Francie,F,5
Francina,F,5
Gaetana,F,5
Gaile,F,5
Garnetta,F,5
Gatha,F,5
Gaye,F,5
Genever,F,5
Genieve,F,5
Georgine,F,5
Gilma,F,5
Giovannina,F,5
Girlie,F,5
Gizella,F,5
Glinnie,F,5
Gustava,F,5
Hatsue,F,5
Hazell,F,5
Helaine,F,5
Heloise,F,5
Henryetta,F,5
Hildagarde,F,5
Hylda,F,5
Ileen,F,5
Ilma,F,5
Ilona,F,5
Ioma,F,5
Irmgard,F,5
Jacinta,F,5
Jemmie,F,5
Jency,F,5
Jenney,F,5
Jessamine,F,5
Jestine,F,5
Jesusita,F,5
Johannah,F,5
Jose,F,5
Josphine,F,5
Joye,F,5
Justa,F,5
Katherin,F,5
Laila,F,5
Laney,F,5
Lanora,F,5
Laretta,F,5
Laurence,F,5
Laurina,F,5
Lavene,F,5
Laverda,F,5
Leafa,F,5
Leanore,F,5
Lilas,F,5
Littie,F,5
Loa,F,5
Loella,F,5
Loie,F,5
Lorayne,F,5
Loreen,F,5
Lorinda,F,5
Lovina,F,5
Lubertha,F,5
Lucil,F,5
Luddie,F,5
Ludell,F,5
Ludia,F,5
Lueller,F,5
Lulamae,F,5
Lulla,F,5
Luverne,F,5
Mada,F,5
Madolyn,F,5
Majel,F,5
Manie,F,5
Manuelita,F,5
Marcelina,F,5
Marcelline,F,5
Mareta,F,5
Margherita,F,5
Mariette,F,5
Marine,F,5
Marya,F,5
Marybeth,F,5
Maryelizabeth,F,5
Maryland,F,5
Maudell,F,5
Maybel,F,5
Medora,F,5
Melina,F,5
Merrie,F,5
Meryl,F,5
Mila,F,5
Milly,F,5
Mineola,F,5
Minervia,F,5
Mintie,F,5
Mirtie,F,5
Misao,F,5
Missie,F,5
Mitzi,F,5
Modell,F,5
Modena,F,5
Monique,F,5
Monta,F,5
Montez,F,5
Murrell,F,5
Murtie,F,5
Myrta,F,5
Nana,F,5
Naomia,F,5
Naomie,F,5
Nara,F,5
Natalia,F,5
Natividad,F,5
Nelma,F,5
Neomia,F,5
Noble,F,5
Noel,F,5
Noella,F,5
Nolie,F,5
Odeal,F,5
Odessie,F,5
Ofelia,F,5
Olean,F,5
Omega,F,5
Oretta,F,5
Orie,F,5
Orma,F,5
Orvilla,F,5
Othella,F,5
Otillia,F,5
Ovella,F,5
Oza,F,5
Paulene,F,5
Pearley,F,5
Pebble,F,5
Penny,F,5
Perle,F,5
Persis,F,5
Petronilla,F,5
Phyliss,F,5
Piccola,F,5
Precious,F,5
Quillie,F,5
Raffaela,F,5
Ralph,F,5
Ramoncita,F,5
Rebia,F,5
Reine,F,5
Reita,F,5
Rheba,F,5
Rhodie,F,5
Richie,F,5
Robena,F,5
Robin,F,5
Ronie,F,5
Ronnie,F,5
Rosena,F,5
Rosielee,F,5
Roxana,F,5
Sabra,F,5
Saloma,F,5
Sandra,F,5
Sedalia,F,5
Selda,F,5
Severa,F,5
Shelley,F,5
Sherry,F,5
Shigeko,F,5
Signa,F,5
Siller,F,5
Simone,F,5
Simonne,F,5
Solveig,F,5
Stacie,F,5
Stephana,F,5
Sussie,F,5
Sydelle,F,5
Sylvie,F,5
Tekla,F,5
Teressa,F,5
Texanna,F,5
Thais,F,5
Theckla,F,5
Theodocia,F,5
Therma,F,5
Thomasine,F,5
Thursa,F,5
Tinie,F,5
Trellis,F,5
Tsuruko,F,5
Uva,F,5
Valena,F,5
Valley,F,5
Velvie,F,5
Verba,F,5
Vercie,F,5
Verdia,F,5
Veronia,F,5
Vestal,F,5
Vicie,F,5
Virtie,F,5
Wallace,F,5
Wealthy,F,5
Wessie,F,5
Willena,F,5
Willow,F,5
Winfred,F,5
Yolande,F,5
Zillah,F,5
Zilphia,F,5
Zollie,F,5
Zuma,F,5
John,M,9591
William,M,7913
James,M,7595
George,M,4688
Robert,M,4563
Joseph,M,4348
Charles,M,4029
Frank,M,3244
Edward,M,2935
Thomas,M,2468
Henry,M,2411
Walter,M,2287
Willie,M,2175
Harry,M,1924
Albert,M,1816
Harold,M,1725
Paul,M,1676
Arthur,M,1665
Clarence,M,1518
Raymond,M,1441
Richard,M,1427
Fred,M,1355
Joe,M,1292
Louis,M,1231
Carl,M,1215
Howard,M,1166
Jack,M,1150
Roy,M,1135
David,M,1094
Ralph,M,1091
Earl,M,1007
Samuel,M,983
Francis,M,886
Ernest,M,885
Lawrence,M,854
Charlie,M,833
Herbert,M,831
Andrew,M,766
Alfred,M,763
Anthony,M,758
Kenneth,M,746
Donald,M,725
Eugene,M,724
Sam,M,700
Elmer,M,687
Leonard,M,665
Michael,M,635
Herman,M,618
Leo,M,609
Stanley,M,607
Theodore,M,595
Lee,M,584
Floyd,M,570
Daniel,M,569
Leroy,M,568
Peter,M,539
Clifford,M,536
Russell,M,528
Jesse,M,517
Clyde,M,516
Lester,M,501
Edwin,M,492
Benjamin,M,489
Frederick,M,477
Lewis,M,477
Chester,M,475
Ray,M,475
Bernard,M,463
Eddie,M,462
Oscar,M,459
Melvin,M,448
Cecil,M,432
Jessie,M,432
Claude,M,419
Norman,M,415
Lloyd,M,412
Johnnie,M,401
Philip,M,395
Martin,M,391
Leon,M,377
Milton,M,369
Alvin,M,363
Harvey,M,361
Ben,M,358
Marvin,M,354
Edgar,M,347
Luther,M,347
Tom,M,340
Victor,M,320
Everett,M,314
Stephen,M,314
Homer,M,313
Allen,M,312
Morris,M,305
Gerald,M,301
Leslie,M,292
Vernon,M,284
Julius,M,269
Otis,M,267
Will,M,267
Vincent,M,264
Jacob,M,262
Glenn,M,261
Hugh,M,260
Jim,M,259
Wilbur,M,259
Alexander,M,255
Earnest,M,255
Horace,M,252
Virgil,M,250
Marion,M,247
Oliver,M,246
Maurice,M,245
Curtis,M,244
Manuel,M,243
Gilbert,M,239
Arnold,M,237
Archie,M,235
Sidney,M,233
Warren,M,231
Gordon,M,230
Max,M,228
Alex,M,227
Hubert,M,222
Willard,M,219
Orville,M,218
Jose,M,213
Isaac,M,209
Lonnie,M,209
Nathan,M,209
Rufus,M,206
Bill,M,205
Nicholas,M,204
Irving,M,202
Patrick,M,199
Wesley,M,197
Guy,M,195
Jerry,M,192
Willis,M,189
Bennie,M,187
Steve,M,187
Jimmie,M,185
Wallace,M,185
Otto,M,180
Glen,M,178
Calvin,M,176
Ira,M,175
Rudolph,M,173
Clinton,M,171
Franklin,M,168
Elbert,M,167
Mike,M,167
Abraham,M,163
Dan,M,163
Wayne,M,163
Roosevelt,M,160
Ed,M,159
Percy,M,159
Clifton,M,157
Tony,M,155
Mack,M,154
Emil,M,153
Roland,M,153
Sylvester,M,151
Felix,M,148
Charley,M,147
Edmund,M,147
Emmett,M,147
Johnie,M,147
Matthew,M,147
Phillip,M,146
Nathaniel,M,143
Aaron,M,142
Jerome,M,141
Kermit,M,139
Clayton,M,137
Marshall,M,134
Ellis,M,131
August,M,129
Roger,M,128
Douglas,M,126
Forrest,M,125
Juan,M,123
Ted,M,122
Bruce,M,121
Antonio,M,120
Dennis,M,120
Pete,M,120
Bert,M,119
Johnny,M,117
Amos,M,116
Sherman,M,115
Adam,M,113
Nelson,M,113
Tommie,M,113
Ivan,M,111
Don,M,110
Irvin,M,109
Jake,M,109
Perry,M,109
Moses,M,108
Adolph,M,107
Roscoe,M,107
Wilson,M,106
Gus,M,104
Ervin,M,103
Austin,M,102
Dale,M,102
Dave,M,102
Julian,M,102
Karl,M,102
Alton,M,101
Booker,M,101
Mark,M,101
Grady,M,99
Ollie,M,99
Angelo,M,98
Cornelius,M,98
Jay,M,98
Wilbert,M,98
Grover,M,97
Salvatore,M,96
Alonzo,M,95
Simon,M,94
Ronald,M,93
Delbert,M,91
Dewey,M,91
Dominick,M,91
Reuben,M,91
Wilfred,M,91
Elijah,M,90
Leland,M,90
Owen,M,90
Laurence,M,89
Carroll,M,87
Jess,M,87
Larry,M,87
Buster,M,85
Aubrey,M,84
Cleveland,M,83
Jasper,M,83
Malcolm,M,83
Levi,M,82
Gene,M,81
Hyman,M,81
Ross,M,81
Elmo,M,80
Mary,M,80
Loyd,M,79
Millard,M,79
Nick,M,79
Solomon,M,79
Louie,M,78
Erwin,M,76
Freddie,M,76
Merle,M,76
Preston,M,76
Monroe,M,75
Allan,M,74
Claud,M,73
Harley,M,73
Lyle,M,72
Mitchell,M,72
Ruben,M,71
Byron,M,69
Emanuel,M,69
Wade,M,69
Alva,M,68
Boyd,M,68
Edmond,M,68
Jeff,M,68
Jesus,M,68
Rex,M,68
Wiley,M,68
Abe,M,67
Lynn,M,67
Murray,M,67
Timothy,M,67
Elwood,M,66
Loren,M,66
Clement,M,64
Troy,M,64
Francisco,M,63
Mose,M,63
Barney,M,62
Noah,M,62
Silas,M,62
Thurman,M,62
Anton,M,61
Carlton,M,61
Elton,M,61
Carlos,M,60
Cleo,M,60
Eli,M,60
Randolph,M,60
Grant,M,59
Myron,M,59
Tommy,M,59
Bob,M,58
Dallas,M,58
Lowell,M,58
Alfonso,M,57
Emory,M,57
Garland,M,57
Harrison,M,57
Luke,M,57
Alphonse,M,56
Fredrick,M,56
Pedro,M,56
Reginald,M,56
Delmar,M,55
Dominic,M,55
Elvin,M,55
Steven,M,55
Andy,M,53
Irwin,M,53
Sol,M,53
Burton,M,52
Freeman,M,52
Taft,M,52
Clark,M,51
Earle,M,51
Major,M,51
Ramon,M,51
Anderson,M,50
Christopher,M,50
Columbus,M,50
Joel,M,50
Wendell,M,50
Marcus,M,49
Odell,M,49
Riley,M,49
Spencer,M,49
Chris,M,48
Cyril,M,48
Ike,M,48
Isiah,M,48
Neal,M,48
Al,M,47
Emery,M,47
Forest,M,47
Lorenzo,M,47
Sterling,M,47
Dick,M,46
Elliott,M,46
Isadore,M,46
Odis,M,46
Alan,M,45
Armand,M,45
Dock,M,45
Ned,M,45
Noel,M,45
Van,M,45
Wilmer,M,45
Dean,M,44
Vern,M,44
Augustus,M,43
Coy,M,43
Dwight,M,43
Ellsworth,M,43
Lucius,M,43
Maynard,M,43
Neil,M,43
Rocco,M,43
Conrad,M,42
Keith,M,42
Mathew,M,42
Merrill,M,42
Miles,M,42
Pat,M,42
Aloysius,M,41
Ambrose,M,41
Emerson,M,41
Hollis,M,41
Pearl,M,41
Royal,M,41
Saul,M,41
Buck,M,40
Harris,M,40
Jimmy,M,40
Norris,M,40
Ora,M,40
Sammie,M,40
Stewart,M,40
Vance,M,40
Ward,M,40
Wm,M,40
Clair,M,39
Edd,M,39
Eldon,M,39
Gabriel,M,39
Gerard,M,39
Herschel,M,39
Lyman,M,39
Russel,M,39
Scott,M,39
Adrian,M,38
Arlie,M,38
Coleman,M,38
Ferdinand,M,38
Hiram,M,38
Jackson,M,38
Basil,M,37
Dewitt,M,37
Fletcher,M,37
Pasquale,M,37
Weldon,M,37
Buford,M,36
Emile,M,36
Foster,M,36
Haywood,M,36
Helen,M,36
Isaiah,M,36
Luis,M,36
Mckinley,M,36
Norbert,M,36
Sanford,M,36
Ulysses,M,36
Arther,M,35
Bud,M,35
Clay,M,35
Dee,M,35
Garfield,M,35
Meyer,M,35
Napoleon,M,35
Taylor,M,35
Winston,M,35
Houston,M,34
Hoyt,M,34
Lionel,M,34
Morgan,M,34
Olin,M,34
Orval,M,34
Pablo,M,34
Truman,M,34
Berry,M,33
Bruno,M,33
Early,M,33
Eric,M,33
General,M,33
Harlan,M,33
Judson,M,33
Lincoln,M,33
Milford,M,33
Milo,M,33
Roman,M,33
Shirley,M,33
Stuart,M,33
Junius,M,32
Matt,M,32
Otha,M,32
Travis,M,32
Benny,M,31
Cletus,M,31
Emmitt,M,31
Frederic,M,31
King,M,31
Noble,M,31
Sandy,M,31
Wilber,M,31
Wilford,M,31
Ezra,M,30
Gustave,M,30
Hugo,M,30
Lucien,M,30
Margaret,M,30
Prince,M,30
Raleigh,M,30
Rubin,M,30
Thaddeus,M,30
Theron,M,30
Tim,M,30
Billie,M,29
Burl,M,29
Christian,M,29
Hans,M,29
Hardy,M,29
Harmon,M,29
Ivory,M,29
Judge,M,29
Maxwell,M,29
Micheal,M,29
Oren,M,29
Palmer,M,29
Rosevelt,M,29
Sydney,M,29
Aron,M,28
Clem,M,28
Elias,M,28
Elmore,M,28
Fay,M,28
Isidore,M,28
Joshua,M,28
Nolan,M,28
Vito,M,28
Bertram,M,27
Israel,M,27
Jules,M,27
Lemuel,M,27
Mario,M,27
Terry,M,27
Tomas,M,27
Valentine,M,27
Wilburn,M,27
Carmen,M,26
Carmine,M,26
Dorothy,M,26
Emmet,M,26
Garnett,M,26
Golden,M,26
Gregory,M,26
Kelly,M,26
Lucious,M,26
Otho,M,26
Porter,M,26
Rogers,M,26
Shelby,M,26
Walker,M,26
Doyle,M,25
Dudley,M,25
Ethel,M,25
Evan,M,25
Hazel,M,25
Jeremiah,M,25
Jewel,M,25
Laverne,M,25
Morton,M,25
Oswald,M,25
Rodney,M,25
Abram,M,24
Anna,M,24
Cary,M,24
Clare,M,24
Elisha,M,24
Enoch,M,24
Hal,M,24
Jefferson,M,24
Jewell,M,24
Johnson,M,24
Olen,M,24
Omer,M,24
Rolland,M,24
Turner,M,24
Woodrow,M,24
Abner,M,23
Cyrus,M,23
Domingo,M,23
Emilio,M,23
Everette,M,23
Jean,M,23
Lacy,M,23
Lucian,M,23
Newton,M,23
Phil,M,23
Rose,M,23
Seth,M,23
Verne,M,23
Carson,M,22
Carter,M,22
Eldridge,M,22
Gale,M,22
Haskell,M,22
Henderson,M,22
Hershel,M,22
Lenard,M,22
Lois,M,22
Lonzo,M,22
Loy,M,22
Patsy,M,22
Rudy,M,22
Santiago,M,22
Theo,M,22
Wylie,M,22
Alphonso,M,21
Bernice,M,21
Brady,M,21
Burt,M,21
Cleve,M,21
Duane,M,21
Gaylord,M,21
Granville,M,21
Hayes,M,21
Hobert,M,21
Josh,M,21
Ottis,M,21
Rafael,M,21
Rupert,M,21
Warner,M,21
Wilton,M,21
Angus,M,20
Artie,M,20
Bryan,M,20
Clarance,M,20
Clint,M,20
Connie,M,20
Delmer,M,20
Dorsey,M,20
Elzie,M,20
Frances,M,20
Guadalupe,M,20
Jordan,M,20
Junior,M,20
Lamar,M,20
Merlin,M,20
Merton,M,20
Mervin,M,20
Ocie,M,20
Stanford,M,20
Theadore,M,20
Tillman,M,20
Toney,M,20
Williams,M,20
Winfred,M,20
Wyatt,M,20
Allie,M,19
Andres,M,19
Bradley,M,19
Buddie,M,19
Carol,M,19
Claudie,M,19
Cliff,M,19
Davis,M,19
Edna,M,19
Ernie,M,19
Ezekiel,M,19
Felipe,M,19
Graham,M,19
Jonas,M,19
Mildred,M,19
Odie,M,19
Romeo,M,19
Salvador,M,19
Sigmund,M,19
Smith,M,19
Wellington,M,19
Alvis,M,18
Billy,M,18
Casper,M,18
Denver,M,18
Enrique,M,18
Eva,M,18
Hayward,M,18
Hector,M,18
Ignacio,M,18
Linwood,M,18
Logan,M,18
Miguel,M,18
Oral,M,18
Price,M,18
Rollie,M,18
Santos,M,18
Vester,M,18
Alberto,M,17
Albin,M,17
Alma,M,17
Annie,M,17
Audrey,M,17
Avery,M,17
Bonnie,M,17
Cicero,M,17
Ennis,M,17
Florence,M,17
Fritz,M,17
Gustav,M,17
Julio,M,17
June,M,17
Loyal,M,17
Mearl,M,17
Meredith,M,17
Orin,M,17
Parker,M,17
Quincy,M,17
Ruth,M,17
Seymour,M,17
Sheldon,M,17
Waldo,M,17
Walton,M,17
Winfield,M,17
Abel,M,16
Alfonzo,M,16
Alvie,M,16
Asa,M,16
Boyce,M,16
Brown,M,16
Casey,M,16
Casimir,M,16
Chas,M,16
Chauncey,M,16
Dana,M,16
Dillard,M,16
Edison,M,16
Emmit,M,16
Felton,M,16
Fernando,M,16
Ford,M,16
Gaston,M,16
Lavern,M,16
Leander,M,16
Mac,M,16
Mason,M,16
Melville,M,16
Nat,M,16
Obie,M,16
Orlando,M,16
Ransom,M,16
Reed,M,16
Rowland,M,16
Shelton,M,16
Teddy,M,16
Urban,M,16
Vaughn,M,16
Webster,M,16
Wheeler,M,16
Alec,M,15
Alfredo,M,15
Alice,M,15
Antone,M,15
Art,M,15
Bennett,M,15
Bishop,M,15
Bradford,M,15
Brooks,M,15
Buddy,M,15
Burley,M,15
Dalton,M,15
Darrell,M,15
Dexter,M,15
Durward,M,15
Einar,M,15
Evans,M,15
Furman,M,15
Green,M,15
Hobart,M,15
Howell,M,15
Ivy,M,15
Jason,M,15
Jodie,M,15
Jonathan,M,15
Lawyer,M,15
Lillian,M,15
Manford,M,15
Marlin,M,15
Miller,M,15
Murphy,M,15
Rene,M,15
Ruby,M,15
Sim,M,15
Son,M,15
Thad,M,15
Thornton,M,15
Tomie,M,15
Vivian,M,15
Wardell,M,15
Waymon,M,15
Zack,M,15
Alford,M,14
Augusta,M,14
Augustine,M,14
Benjiman,M,14
Benton,M,14
Bernie,M,14
Beverly,M,14
Caleb,M,14
Carlo,M,14
Casimer,M,14
Curley,M,14
Earlie,M,14
Eino,M,14
Ellie,M,14
Ernesto,M,14
Estel,M,14
Ewell,M,14
Frankie,M,14
Fulton,M,14
Geo,M,14
Guido,M,14
Hadley,M,14
Hamp,M,14
Harland,M,14
Hayden,M,14
Hermon,M,14
Hilton,M,14
Hosie,M,14
Ignatius,M,14
Isom,M,14
Johny,M,14
Justin,M,14
Lawerence,M,14
Lucille,M,14
Mae,M,14
Marie,M,14
Merritt,M,14
Myles,M,14
Nickolas,M,14
Omar,M,14
Paris,M,14
Randall,M,14
Ricardo,M,14
Royce,M,14
Rudolf,M,14
Sebastian,M,14
Vicente,M,14
Wash,M,14
Addison,M,13
Adolphus,M,13
Alonza,M,13
Barry,M,13
Benito,M,13
Carey,M,13
Carleton,M,13
Cedric,M,13
Collie,M,13
Dempsey,M,13
Edith,M,13
Eldred,M,13
Elizabeth,M,13
Guss,M,13
Hunter,M,13
Ida,M,13
Jones,M,13
Kent,M,13
Kirby,M,13
Lige,M,13
Mahlon,M,13
Mariano,M,13
Moe,M,13
Newman,M,13
Norval,M,13
Ole,M,13
Pierce,M,13
Rayford,M,13
Reinhold,M,13
Reynold,M,13
Rosario,M,13
Sampson,M,13
Toivo,M,13
Vernie,M,13
Whitney,M,13
Wright,M,13
Alden,M,12
Antoine,M,12
Armando,M,12
Artis,M,12
Beatrice,M,12
Benedict,M,12
Bessie,M,12
Blaine,M,12
Bryant,M,12
Carlie,M,12
Carrol,M,12
Clara,M,12
Craig,M,12
Crawford,M,12
Doc,M,12
Eduardo,M,12
Egbert,M,12
Elsie,M,12
Elvis,M,12
Elwin,M,12
Enos,M,12
Ezell,M,12
Finis,M,12
Florian,M,12
Gardner,M,12
Gary,M,12
Gerhard,M,12
Gladys,M,12
Hilliard,M,12
Hollie,M,12
Hosea,M,12
Kirk,M,12
Lawson,M,12
Lem,M,12
Leonardo,M,12
Lindsey,M,12
Lorenza,M,12
Marshal,M,12
Maxie,M,12
Melton,M,12
Mickey,M,12
Nicolas,M,12
Olan,M,12
Oran,M,12
Orland,M,12
Pierre,M,12
Raphael,M,12
Reese,M,12
Thelma,M,12
Watson,M,12
West,M,12
Westley,M,12
Zeb,M,12
Acie,M,11
Agnes,M,11
Agustin,M,11
Alejandro,M,11
Alois,M,11
Arch,M,11
Archibald,M,11
Audie,M,11
Aurelio,M,11
Bascom,M,11
Bertrand,M,11
Burrell,M,11
Carlyle,M,11
Curtiss,M,11
Damon,M,11
Darwin,M,11
Delmas,M,11
Duke,M,11
Elden,M,11
Elroy,M,11
Elwyn,M,11
Esther,M,11
Gideon,M,11
Godfrey,M,11
Grace,M,11
Heber,M,11
Henery,M,11
Hezekiah,M,11
Hudson,M,11
Hughie,M,11
Irene,M,11
Jamie,M,11
Josef,M,11
Josephine,M,11
Junious,M,11
Kyle,M,11
Lafayette,M,11
Len,M,11
Lindsay,M,11
Lum,M,11
Mabel,M,11
Maceo,M,11
Marcellus,M,11
Mathias,M,11
Mattie,M,11
Nels,M,11
Othel,M,11
Pink,M,11
Quentin,M,11
Robbie,M,11
Roberto,M,11
Roderick,M,11
Rollin,M,11
Sanders,M,11
Santo,M,11
Sarah,M,11
Sonny,M,11
Waino,M,11
Adelbert,M,10
Angel,M,10
Arvin,M,10
Ashley,M,10
Ashton,M,10
Authur,M,10
Baxter,M,10
Bobbie,M,10
Caesar,M,10
Christ,M,10
Claire,M,10
Coley,M,10
Collins,M,10
Cornell,M,10
Danny,M,10
Dolphus,M,10
Doris,M,10
Ellison,M,10
Erick,M,10
Ernst,M,10
Eston,M,10
Eugenio,M,10
Eunice,M,10
Gail,M,10
Garrett,M,10
Gust,M,10
Hamilton,M,10
Hampton,M,10
Harrell,M,10
Hartley,M,10
Hoke,M,10
Hurley,M,10
Iver,M,10
Joesph,M,10
Landon,M,10
Larkin,M,10
Lenwood,M,10
Leopoldo,M,10
Little,M,10
Llewellyn,M,10
Lonie,M,10
Louise,M,10
Love,M,10
Lucas,M,10
Lucio,M,10
Mansfield,M,10
Martha,M,10
Milburn,M,10
Minor,M,10
Murl,M,10
Murry,M,10
Myer,M,10
Neville,M,10
Norwood,M,10
Okey,M,10
Oneal,M,10
Orlo,M,10
Raul,M,10
Raymon,M,10
Reece,M,10
Rexford,M,10
Romie,M,10
Silvio,M,10
Sylvan,M,10
Thurston,M,10
Verl,M,10
Viola,M,10
Willam,M,10
Wyman,M,10
Alberta,M,9
Allison,M,9
Alvah,M,9
Americo,M,9
Andre,M,9
Ansel,M,9
Arne,M,9
Arnie,M,9
Arvid,M,9
Bailey,M,9
Bertha,M,9
Bobby,M,9
Burdette,M,9
Burnell,M,9
Comer,M,9
Cooper,M,9
Curt,M,9
Dante,M,9
Denzil,M,9
Domenic,M,9
Domenick,M,9
Donnie,M,9
Elie,M,9
Ella,M,9
Eloy,M,9
Ester,M,9
Garner,M,9
Giles,M,9
Huey,M,9
Jonnie,M,9
Leamon,M,9
Leeroy,M,9
Lennie,M,9
Leopold,M,9
Levy,M,9
Lon,M,9
Ludwig,M,9
Malcom,M,9
Mitchel,M,9
Mortimer,M,9
Norton,M,9
Oakley,M,9
Olaf,M,9
Orie,M,9
Orrin,M,9
Orvel,M,9
Osie,M,9
Ossie,M,9
Randal,M,9
Refugio,M,9
Reid,M,9
Rodger,M,9
Rube,M,9
Ruel,M,9
Shelley,M,9
Sherwood,M,9
Sid,M,9
Solon,M,9
Spurgeon,M,9
Tollie,M,9
Verner,M,9
Vidal,M,9
Werner,M,9
Alfonse,M,8
Arden,M,8
Arlo,M,8
Arno,M,8
Augustin,M,8
Axel,M,8
Bartholomew,M,8
Belton,M,8
Bertie,M,8
Blake,M,8
Butler,M,8
Byrd,M,8
Carmelo,M,8
Claiborne,M,8
Claudius,M,8
Clearence,M,8
Cleon,M,8
Colman,M,8
Delma,M,8
Donovan,M,8
Eddy,M,8
Eligah,M,8
Elliot,M,8
Elza,M,8
Enrico,M,8
Ephraim,M,8
Evelyn,M,8
Farris,M,8
Faustino,M,8
Fern,M,8
German,M,8
Giovanni,M,8
Glendon,M,8
Gregorio,M,8
Gustaf,M,8
Hillard,M,8
Irby,M,8
Iva,M,8
Jeffery,M,8
Katherine,M,8
Lambert,M,8
Lenord,M,8
Loran,M,8
Lorin,M,8
Luster,M,8
Madison,M,8
Mayo,M,8
Minnie,M,8
Moises,M,8
Murrell,M,8
Myrl,M,8
Nevin,M,8
Nora,M,8
Opal,M,8
Ozie,M,8
Phillips,M,8
Rance,M,8
Rosco,M,8
Sal,M,8
Selmer,M,8
Shelly,M,8
Stacy,M,8
Stanton,M,8
Terrell,M,8
Toby,M,8
Velma,M,8
Vergil,M,8
Verlin,M,8
Virgie,M,8
Washington,M,8
Williard,M,8
Worth,M,8
Adolf,M,7
Adron,M,7
Anastacio,M,7
Archer,M,7
Arvel,M,7
Arvil,M,7
Author,M,7
Banks,M,7
Bart,M,7
Benson,M,7
Bernardo,M,7
Bernhard,M,7
Beryl,M,7
Bethel,M,7
Caldwell,M,7
Catherine,M,7
Ceaser,M,7
Chesley,M,7
Clemens,M,7
Clemmie,M,7
Clovis,M,7
Cloyd,M,7
Constantine,M,7
Cordell,M,7
Creighton,M,7
Dayton,M,7
Dell,M,7
Denny,M,7
Dixie,M,7
Dorris,M,7
Durwood,M,7
Earnie,M,7
Ellwood,M,7
Emitt,M,7
Esau,M,7
Essie,M,7
Evert,M,7
Fabian,M,7
Fenton,M,7
Finley,M,7
Franklyn,M,7
Gaetano,M,7
Galen,M,7
Gerrit,M,7
Gilman,M,7
Gilmore,M,7
Glynn,M,7
Goldie,M,7
Gunnar,M,7
Gussie,M,7
Harvie,M,7
Helmer,M,7
Hilario,M,7
Hilary,M,7
Hilbert,M,7
Hilda,M,7
Hillary,M,7
Huston,M,7
Jennie,M,7
Jennings,M,7
Jens,M,7
Josiah,M,7
Kelley,M,7
Laurance,M,7
Lauren,M,7
Laurie,M,7
Leighton,M,7
Lex,M,7
Lillard,M,7
Lizzie,M,7
Magnus,M,7
Malachi,M,7
Malvin,M,7
Manley,M,7
Marcel,M,7
Margarito,M,7
Mat,M,7
Merl,M,7
Neely,M,7
Nunzio,M,7
Octave,M,7
Odus,M,7
Orion,M,7
Oris,M,7
Orvil,M,7
Osborn,M,7
Ovid,M,7
Ozell,M,7
Pauline,M,7
Pervis,M,7
Prentis,M,7
Quinton,M,7
Rebecca,M,7
Reggie,M,7
Reno,M,7
Richmond,M,7
Robin,M,7
Roe,M,7
Rossie,M,7
Salomon,M,7
Saverio,M,7
Sigurd,M,7
Simmie,M,7
Soloman,M,7
Starling,M,7
Stella,M,7
Sumner,M,7
Talmage,M,7
Thedore,M,7
Theophilus,M,7
Tobe,M,7
Toy,M,7
Vernal,M,7
Vernard,M,7
Virgle,M,7
Weston,M,7
Wilhelm,M,7
Winford,M,7
Woodson,M,7
Young,M,7
Zigmund,M,7
Zollie,M,7
Ace,M,6
Adolfo,M,6
Adrien,M,6
Alf,M,6
Alpheus,M,6
Armistead,M,6
Armond,M,6
Arturo,M,6
Asbury,M,6
Auburn,M,6
Barnie,M,6
Bedford,M,6
Benjaman,M,6
Berlin,M,6
Brice,M,6
Bryce,M,6
Burgess,M,6
Burney,M,6
Burr,M,6
Cameron,M,6
Camille,M,6
Carrie,M,6
Chandler,M,6
Charlton,M,6
Chet,M,6
Clarke,M,6
Clell,M,6
Clemon,M,6
Clive,M,6
Cody,M,6
Collis,M,6
Conway,M,6
Cornelious,M,6
Danial,M,6
Dario,M,6
Dawson,M,6
Denis,M,6
Dionicio,M,6
Doctor,M,6
Dossie,M,6
Douglass,M,6
Edger,M,6
Elgin,M,6
Eliga,M,6
Elige,M,6
Eligio,M,6
Elmon,M,6
Elsworth,M,6
Elva,M,6
Elvie,M,6
Elzy,M,6
Emett,M,6
Epifanio,M,6
Esteban,M,6
Estes,M,6
Estill,M,6
Ethan,M,6
Eulis,M,6
Fannie,M,6
Fate,M,6
Federico,M,6
Ferman,M,6
Fidel,M,6
Fleming,M,6
Forney,M,6
Foy,M,6
Franz,M,6
Freddy,M,6
Fredric,M,6
Gaines,M,6
Gaither,M,6
Garvin,M,6
Georgia,M,6
Georgie,M,6
Gilberto,M,6
Gilford,M,6
Gilmer,M,6
Glenwood,M,6
Hammond,M,6
Hank,M,6
Hansford,M,6
Harden,M,6
Harvy,M,6
Henri,M,6
Hermann,M,6
Hersel,M,6
Heyward,M,6
Holly,M,6
Horatio,M,6
Hosey,M,6
Hubbard,M,6
Inez,M,6
Isidor,M,6
Issac,M,6
Ivery,M,6
Jacinto,M,6
Jan,M,6
Josephus,M,6
Joy,M,6
Julious,M,6
Knox,M,6
Lamont,M,6
Lance,M,6
Lannie,M,6
Lemon,M,6
Leno,M,6
Lesley,M,6
Letha,M,6
Levie,M,6
Linnie,M,6
Linus,M,6
Loney,M,6
Lonzie,M,6
Lovett,M,6
Luciano,M,6
Lugene,M,6
Manning,M,6
Mart,M,6
Marty,M,6
Matthews,M,6
Melford,M,6
Mercer,M,6
Montgomery,M,6
Moody,M,6
Myrle,M,6
Nathanial,M,6
Obed,M,6
Olive,M,6
Orel,M,6
Orlan,M,6
Orris,M,6
Osborne,M,6
Other,M,6
Page,M,6
Pinkney,M,6
Pleas,M,6
Powell,M,6
Red,M,6
Regis,M,6
Roby,M,6
Rosendo,M,6
Ruffus,M,6
Rush,M,6
Sammy,M,6
Selma,M,6
Simeon,M,6
Simpson,M,6
Susie,M,6
Talmadge,M,6
Teodoro,M,6
Tucker,M,6
Ulyses,M,6
Unknown,M,6
Val,M,6
Verna,M,6
Virginia,M,6
Watt,M,6
Wayland,M,6
Weaver,M,6
Welton,M,6
Wille,M,6
Winifred,M,6
Winslow,M,6
Abbott,M,5
Addie,M,5
Albion,M,5
Alcide,M,5
Aldrich,M,5
Alejo,M,5
Alferd,M,5
Algie,M,5
Almon,M,5
Alvey,M,5
Alvy,M,5
Alwin,M,5
Amadeo,M,5
Amedeo,M,5
Amon,M,5
Ann,M,5
Anne,M,5
Apolonio,M,5
Aquilla,M,5
Arbie,M,5
Arland,M,5
Arlen,M,5
Arnett,M,5
Arnulfo,M,5
Arrie,M,5
Arville,M,5
Arvo,M,5
Aubry,M,5
Babe,M,5
Barnett,M,5
Bee,M,5
Berkley,M,5
Berton,M,5
Betty,M,5
Birt,M,5
Blair,M,5
Blanche,M,5
Boleslaw,M,5
Boston,M,5
Braxton,M,5
Brian,M,5
Brownie,M,5
Bubber,M,5
Buel,M,5
Burnie,M,5
Cal,M,5
Callie,M,5
Camilo,M,5
Carmon,M,5
Cecilio,M,5
Celestino,M,5
Cephus,M,5
Chalmer,M,5
Christie,M,5
Christine,M,5
Claudio,M,5
Clayborn,M,5
Clide,M,5
Cole,M,5
Colin,M,5
Cortez,M,5
Cosme,M,5
Courtney,M,5
Curry,M,5
Darrel,M,5
Davie,M,5
Del,M,5
Delton,M,5
Denzel,M,5
Derrell,M,5
Donal,M,5
Donley,M,5
Doss,M,5
Drew,M,5
Earley,M,5
Edmon,M,5
Edson,M,5
Elbridge,M,5
Elgie,M,5
Eliot,M,5
Eliseo,M,5
Emma,M,5
Ephram,M,5
Ermal,M,5
Erman,M,5
Erna,M,5
Esley,M,5
Estus,M,5
Eulas,M,5
Evester,M,5
Ewing,M,5
Faye,M,5
Ferd,M,5
Fidencio,M,5
Fines,M,5
Flora,M,5
Florencio,M,5
Floy,M,5
Fread,M,5
Freda,M,5
Fredie,M,5
Gable,M,5
Garnet,M,5
Garth,M,5
Gasper,M,5
Genie,M,5
Gentry,M,5
Gerson,M,5
Gifford,M,5
Gillis,M,5
Gottlieb,M,5
Grafton,M,5
Gray,M,5
Graydon,M,5
Guillermo,M,5
Gurney,M,5
Handy,M,5
Hannibal,M,5
Hanson,M,5
Harlie,M,5
Harriet,M,5
Hartford,M,5
Hazen,M,5
Herald,M,5
Herb,M,5
Hershell,M,5
Hester,M,5
Hisao,M,5
Huley,M,5
Humphrey,M,5
Isac,M,5
Isreal,M,5
Ivey,M,5
Jarvis,M,5
Jeffie,M,5
Jerald,M,5
Jethro,M,5
Jhon,M,5
Jimie,M,5
Joeseph,M,5
Johney,M,5
Jon,M,5
Jonah,M,5
Julia,M,5
Juluis,M,5
Justo,M,5
Kenny,M,5
Kit,M,5
Lamon,M,5
Lane,M,5
Lavere,M,5
Layton,M,5
Lea,M,5
Leandro,M,5
Lenon,M,5
Leonce,M,5
Lew,M,5
Lewie,M,5
Librado,M,5
Link,M,5
Lisle,M,5
London,M,5
Lorenz,M,5
Lottie,M,5
Lovell,M,5
Lowery,M,5
Lucus,M,5
Lupe,M,5
Macon,M,5
Mallie,M,5
Mamie,M,5
Man,M,5
Mancel,M,5
Mann,M,5
Mannie,M,5
Manny,M,5
Marcelino,M,5
Marian,M,5
May,M,5
Menno,M,5
Milan,M,5
Monte,M,5
Morley,M,5
Moss,M,5
Muriel,M,5
Myrtle,M,5
Nolen,M,5
Norvel,M,5
Oather,M,5
Odes,M,5
Orbie,M,5
Ottie,M,5
Oval,M,5
Ozzie,M,5
Perley,M,5
Pietro,M,5
Prentice,M,5
Ramond,M,5
Randle,M,5
Ras,M,5
Rayfield,M,5
Reino,M,5
Reyes,M,5
Reymundo,M,5
Reynolds,M,5
Rich,M,5
Robley,M,5
Robt,M,5
Rodolfo,M,5
Roma,M,5
Ruffin,M,5
Rutherford,M,5
Samie,M,5
Selby,M,5
Seldon,M,5
Seward,M,5
Silvester,M,5
Squire,M,5
Terrence,M,5
Thelbert,M,5
Thompson,M,5
Thurmond,M,5
Tillie,M,5
Tito,M,5
Titus,M,5
Tracy,M,5
Victoriano,M,5
Vinton,M,5
Waldemar,M,5
Waverly,M,5
Wayman,M,5
Webb,M,5
Wess,M,5
Whit,M,5
Whitman,M,5
Wilfrid,M,5
Wilma,M,5
Winthrop,M,5
Winton,M,5
Zygmund,M,5
