name,gender,count
Mary,F,16705
Helen,F,6342
Anna,F,6114
Margaret,F,5304
Ruth,F,4765
Elizabeth,F,4096
Florence,F,3920
Ethel,F,3896
Marie,F,3856
Lillian,F,3414
Annie,F,3324
Edna,F,3102
Emma,F,3095
Alice,F,3059
Bessie,F,3044
Bertha,F,3019
Grace,F,2942
Rose,F,2844
Clara,F,2826
Mildred,F,2800
Gladys,F,2733
Minnie,F,2673
Gertrude,F,2580
Pearl,F,2512
Mabel,F,2509
Frances,F,2495
Dorothy,F,2491
Martha,F,2437
Hazel,F,2425
Ida,F,2285
Irene,F,2264
Myrtle,F,2252
Eva,F,2089
Catherine,F,2081
Louise,F,2070
Edith,F,2068
Sarah,F,2054
Elsie,F,2045
Esther,F,2017
Lillie,F,2004
Agnes,F,1914
Ella,F,1911
Nellie,F,1850
Mattie,F,1834
Laura,F,1824
Julia,F,1766
Josephine,F,1743
Carrie,F,1711
Viola,F,1674
Hattie,F,1553
Ruby,F,1541
Lena,F,1506
Jessie,F,1422
Mae,F,1406
Cora,F,1389
Beatrice,F,1382
Alma,F,1372
Willie,F,1351
Mamie,F,1337
Blanche,F,1332
Lucy,F,1246
Fannie,F,1237
Lula,F,1237
Jennie,F,1204
Katherine,F,1201
Marion,F,1197
Lucille,F,1182
Stella,F,1177
Rosa,F,1118
Evelyn,F,1116
Pauline,F,1104
Ada,F,1101
Thelma,F,1094
Virginia,F,1068
Maggie,F,1045
Vera,F,1024
Maude,F,1013
Beulah,F,974
Dora,F,958
Susie,F,946
Daisy,F,931
Ellen,F,922
Nora,F,919
Sadie,F,895
Leona,F,825
Marguerite,F,786
Georgia,F,765
Eleanor,F,753
Effie,F,752
Della,F,748
May,F,744
Ann,F,736
Kathryn,F,721
Nettie,F,711
Olive,F,705
Bernice,F,702
Lottie,F,690
Sallie,F,676
Nancy,F,673
Betty,F,664
Hilda,F,663
Theresa,F,659
Lizzie,F,657
Lydia,F,644
Emily,F,626
Flora,F,623
Katie,F,618
Anne,F,614
Violet,F,614
Charlotte,F,602
Marjorie,F,601
Inez,F,588
Ollie,F,585
Lola,F,584
Lois,F,577
Rosie,F,576
Doris,F,557
Estelle,F,556
Addie,F,541
Alberta,F,541
Loretta,F,535
Lela,F,530
Etta,F,508
Mable,F,506
Eunice,F,503
Rebecca,F,503
Goldie,F,502
Jane,F,495
Essie,F,492
Henrietta,F,491
Iva,F,483
Jean,F,473
Ora,F,463
Harriet,F,461
Caroline,F,455
Nannie,F,446
Sylvia,F,446
Eula,F,437
Mollie,F,437
Opal,F,432
Velma,F,426
Genevieve,F,420
Verna,F,412
Susan,F,410
Marian,F,408
Amelia,F,398
Lucile,F,395
Victoria,F,391
Madeline,F,389
Maria,F,389
Christine,F,383
Vivian,F,383
Rachel,F,379
Amanda,F,377
Nina,F,376
Olga,F,376
Sara,F,375
Flossie,F,368
Estella,F,365
Ola,F,352
Matilda,F,348
Barbara,F,340
Sophie,F,338
Alta,F,337
Amy,F,335
Eliza,F,335
Janie,F,330
Irma,F,326
Hannah,F,325
Freda,F,321
Kathleen,F,321
Geneva,F,319
Celia,F,316
Norma,F,316
Callie,F,310
Naomi,F,307
Winifred,F,302
Elva,F,301
Frieda,F,300
Kate,F,297
Belle,F,291
Ina,F,288
Sally,F,287
Allie,F,286
Isabel,F,286
Maud,F,286
Wilma,F,285
Erma,F,275
Juanita,F,273
Winnie,F,271
Lila,F,268
Luella,F,268
Fern,F,266
Josie,F,266
Cecelia,F,264
Virgie,F,260
Sophia,F,259
Nell,F,256
Cecilia,F,249
Augusta,F,245
Selma,F,239
Adeline,F,237
Gussie,F,236
Leola,F,235
Rena,F,235
Jeanette,F,233
Delia,F,231
Mayme,F,229
Millie,F,229
Isabelle,F,224
Muriel,F,224
Bonnie,F,220
Veronica,F,218
Miriam,F,214
Roxie,F,208
Lelia,F,206
Margie,F,206
Dollie,F,205
Birdie,F,204
Teresa,F,204
Bertie,F,203
Regina,F,201
Tillie,F,201
Cornelia,F,200
Roberta,F,199
Cleo,F,198
Audrey,F,196
Lulu,F,196
Faye,F,194
Adele,F,186
Carolyn,F,185
Madge,F,184
Adelaide,F,183
Hester,F,183
Elma,F,182
Elnora,F,182
Letha,F,182
Jewell,F,178
Leila,F,178
Lorena,F,178
Ila,F,177
Anita,F,176
Lessie,F,176
Lora,F,176
Maudie,F,176
Cecile,F,175
Zella,F,171
Fay,F,170
Jeannette,F,170
Bettie,F,167
Olivia,F,167
Leah,F,166
Johnnie,F,164
Myra,F,164
Jewel,F,162
Rita,F,162
Francis,F,159
Gracie,F,158
Hallie,F,157
Neva,F,157
Sue,F,157
Claire,F,156
Dovie,F,154
Lilly,F,154
Lenora,F,153
Rhoda,F,151
Harriett,F,150
Ophelia,F,150
Geraldine,F,145
Johanna,F,144
Louisa,F,144
Lettie,F,143
Katharine,F,141
Dorothea,F,140
Lou,F,140
Pearlie,F,140
Helene,F,138
Lee,F,138
Elvira,F,135
Bess,F,134
Angeline,F,133
Antoinette,F,133
Christina,F,132
Hettie,F,132
Nona,F,132
Rosetta,F,132
Zelma,F,131
Cecil,F,129
Nola,F,129
Isabella,F,128
June,F,126
Lily,F,126
Claudia,F,125
Dessie,F,125
Linda,F,125
Marcella,F,125
Phyllis,F,125
Lucinda,F,123
Corinne,F,122
Rosalie,F,121
Edythe,F,119
Lorraine,F,118
Gertie,F,117
Oma,F,116
Reba,F,116
Alvina,F,115
Angelina,F,115
Erna,F,115
Wilhelmina,F,114
Annette,F,113
Blanch,F,113
Clarice,F,113
Linnie,F,113
Mathilda,F,113
Merle,F,113
Abbie,F,112
Constance,F,112
Eugenia,F,112
Helena,F,112
Vesta,F,112
Louella,F,111
Hulda,F,110
Priscilla,F,110
Shirley,F,110
Corine,F,109
Janet,F,108
Angela,F,107
Eloise,F,107
Mittie,F,107
Golda,F,106
Jannie,F,105
Catharine,F,104
Lorene,F,104
Lona,F,103
Elsa,F,102
Minerva,F,101
Leota,F,99
Zora,F,99
Jimmie,F,98
Meta,F,96
Dolly,F,94
Orpha,F,94
Rosella,F,94
Tessie,F,94
Wanda,F,94
Eddie,F,93
Ernestine,F,93
Leta,F,93
Evie,F,92
Isabell,F,92
Mina,F,92
Carmen,F,91
Dolores,F,91
Maybelle,F,91
Nelle,F,91
Odessa,F,91
Pansy,F,90
Yvonne,F,90
Artie,F,88
Cynthia,F,87
Lura,F,87
Patricia,F,87
Fanny,F,86
Georgie,F,86
Aline,F,85
Cassie,F,85
Eileen,F,85
Floy,F,85
Willa,F,84
Iona,F,83
Lauretta,F,83
Lenore,F,81
Malinda,F,81
Vida,F,81
Donna,F,80
Cordelia,F,79
Mazie,F,79
Alpha,F,78
Polly,F,78
Peggy,F,77
Billie,F,76
Elise,F,76
Ivy,F,76
Jeanne,F,76
Mandy,F,76
Ona,F,75
Era,F,74
Annabelle,F,73
Bella,F,73
Chloe,F,72
Ester,F,72
Frankie,F,71
Iola,F,71
Leora,F,71
Phoebe,F,71
Zula,F,71
Carol,F,70
Una,F,70
Angie,F,69
Mona,F,69
Verda,F,69
Evangeline,F,68
Ione,F,68
Maxine,F,68
Myrtie,F,68
Rae,F,68
Aileen,F,67
Alva,F,67
Leatha,F,67
Leone,F,67
Molly,F,67
Natalie,F,67
Ocie,F,67
Queen,F,67
Aurelia,F,66
Estell,F,66
Agatha,F,65
Ava,F,65
Clyde,F,65
Ellie,F,65
Lina,F,65
Sybil,F,64
Bell,F,63
Clare,F,63
Sudie,F,63
Iris,F,62
Belva,F,61
Vada,F,61
Hortense,F,60
Idella,F,60
Beryl,F,59
Connie,F,59
Florine,F,59
Imogene,F,59
Joyce,F,59
Vina,F,59
Emilie,F,58
Madeleine,F,58
Reva,F,58
Avis,F,57
Carmela,F,57
Florida,F,57
Joan,F,57
Lilla,F,57
Lovie,F,57
Marietta,F,57
Pinkie,F,57
Tommie,F,57
Corrine,F,56
Esta,F,56
Judith,F,56
Pearle,F,56
Berta,F,55
Gretchen,F,55
Lida,F,55
Mabelle,F,55
Claudie,F,54
Dixie,F,54
Donnie,F,54
Elisabeth,F,54
Lue,F,54
Octavia,F,54
Dena,F,53
Nan,F,53
Savannah,F,53
Tina,F,53
Tressie,F,53
Antonia,F,52
Elda,F,52
Elinor,F,52
Lavina,F,52
Lennie,F,52
Pattie,F,52
Veda,F,52
Ferne,F,51
Rhea,F,51
Tennie,F,51
Adelia,F,50
Elaine,F,50
Ira,F,50
Adell,F,49
Albina,F,49
Celeste,F,49
Ludie,F,49
Margret,F,49
Mercedes,F,49
Patsy,F,49
Tena,F,49
Easter,F,48
Emmie,F,48
Maurine,F,48
Wilda,F,48
Zola,F,48
Arlene,F,47
Bernadette,F,47
Camille,F,47
Paula,F,47
Robbie,F,47
Dona,F,46
Georgiana,F,46
Harriette,F,46
John,F,46
Zelda,F,46
Alyce,F,45
Elna,F,45
Glenna,F,45
Melvina,F,45
Rilla,F,45
Charity,F,44
Kattie,F,44
Lyda,F,44
Melba,F,44
Rachael,F,44
William,F,44
Zona,F,44
Julie,F,43
Magnolia,F,43
Vinnie,F,43
Loraine,F,42
Lucia,F,42
Luvenia,F,42
Marvel,F,42
Rowena,F,42
Bennie,F,41
Eleanora,F,41
James,F,41
Lavinia,F,41
Manuela,F,41
Nadine,F,41
Ursula,F,41
Bridget,F,40
Camilla,F,40
Carolina,F,40
Cordie,F,40
Leonora,F,40
Melissa,F,40
Petra,F,40
Retta,F,40
Rosemary,F,40
Vallie,F,40
Vernie,F,40
Winnifred,F,40
Evalyn,F,39
George,F,39
Guadalupe,F,39
Jenny,F,39
Jettie,F,39
Kitty,F,39
Laverne,F,39
Madelyn,F,39
Mallie,F,39
Minna,F,39
Monica,F,39
Myrtis,F,39
Vergie,F,39
Adela,F,38
Allene,F,38
Clemmie,F,38
Emilia,F,38
Francisca,F,38
Gloria,F,38
Hilma,F,38
Madie,F,38
Mammie,F,38
Margery,F,38
Philomena,F,38
Adah,F,37
Annabel,F,37
Bernadine,F,37
Eleanore,F,37
Gwendolyn,F,37
Janice,F,37
Joanna,F,37
Lonie,F,37
Vena,F,37
Annis,F,36
Arvilla,F,36
Beaulah,F,36
Berniece,F,36
Bulah,F,36
Delphia,F,36
Delphine,F,36
Eda,F,36
Elenora,F,36
Ima,F,36
Marcia,F,36
Maye,F,36
Sadye,F,36
Alda,F,35
Althea,F,35
Arline,F,35
Bobbie,F,35
Eve,F,35
Freddie,F,35
Hope,F,35
Johnie,F,35
Margarita,F,35
Mellie,F,35
Novella,F,35
Queenie,F,35
Ray,F,35
Sibyl,F,35
Susanna,F,35
Viva,F,35
Icie,F,34
Inga,F,34
Juana,F,34
Katheryn,F,34
Kittie,F,34
Mertie,F,34
Adella,F,33
Anastasia,F,33
Birtha,F,33
Elmira,F,33
Eura,F,33
Faith,F,33
Joe,F,33
Lelah,F,33
Lonnie,F,33
Meda,F,33
Rubie,F,33
Sophronia,F,33
Valeria,F,33
Altha,F,32
Greta,F,32
Justine,F,32
Magdalena,F,32
Magdalene,F,32
Maxie,F,32
Maybell,F,32
Ossie,F,32
Reta,F,32
Verdie,F,32
Albertine,F,31
Etha,F,31
Exie,F,31
Osie,F,31
Serena,F,31
Almeda,F,30
Bethel,F,30
Celestine,F,30
Elvera,F,30
Ettie,F,30
Grayce,F,30
Hildegarde,F,30
Leslie,F,30
Letitia,F,30
Lilian,F,30
Lorine,F,30
Lorna,F,30
Luna,F,30
Malissa,F,30
Myrna,F,30
Veva,F,30
Yetta,F,30
Albertha,F,29
Berenice,F,29
Beth,F,29
Clementine,F,29
Diana,F,29
Ethelyn,F,29
Ethyl,F,29
Garnet,F,29
Kathrine,F,29
Lea,F,29
Louvenia,F,29
Margarette,F,29
Mariah,F,29
Nita,F,29
Nova,F,29
Odell,F,29
Onie,F,29
Ramona,F,29
Roma,F,29
Rosia,F,29
Charles,F,28
Enid,F,28
Florrie,F,28
Freida,F,28
Gail,F,28
Lucie,F,28
Lucretia,F,28
Madaline,F,28
Odie,F,28
Prudence,F,28
Sena,F,28
Signe,F,28
Amalia,F,27
Audie,F,27
Cathrine,F,27
Charlie,F,27
Crystal,F,27
Delma,F,27
Georgianna,F,27
Joy,F,27
Millicent,F,27
Monnie,F,27
Nelda,F,27
Rosalia,F,27
Rossie,F,27
Samantha,F,27
Selina,F,27
Sula,F,27
Velva,F,27
Aggie,F,26
Alida,F,26
Deborah,F,26
Elvie,F,26
Eulah,F,26
Gene,F,26
Golden,F,26
Hassie,F,26
Idell,F,26
Kay,F,26
Lenna,F,26
Liza,F,26
Lossie,F,26
Marjory,F,26
Neta,F,26
Ouida,F,26
Portia,F,26
Therese,F,26
Treva,F,26
Zoe,F,26
Aletha,F,25
Ara,F,25
Audra,F,25
Carmella,F,25
Edwina,F,25
Elfrieda,F,25
Emelia,F,25
Emmer,F,25
Euna,F,25
Filomena,F,25
Henry,F,25
Kathryne,F,25
Lady,F,25
Lala,F,25
Loma,F,25
Myrl,F,25
Stephanie,F,25
Zada,F,25
Amie,F,24
Augustine,F,24
Berdie,F,24
Betsy,F,24
Corrie,F,24
Dinah,F,24
Dorthy,F,24
Elizebeth,F,24
Fairy,F,24
Hertha,F,24
Ines,F,24
Jo,F,24
Mathilde,F,24
Missouri,F,24
Robert,F,24
Rosalee,F,24
Theodora,F,24
Alene,F,23
Arrie,F,23
Cordia,F,23
Corene,F,23
Ebba,F,23
Elena,F,23
Eugenie,F,23
Hazle,F,23
Hildegard,F,23
Huldah,F,23
Jessica,F,23
Libbie,F,23
Melva,F,23
Nevada,F,23
Retha,F,23
Rosina,F,23
Rubye,F,23
Sidney,F,23
Thora,F,23
Trudie,F,23
Alfreda,F,22
Arlie,F,22
Delpha,F,22
Docia,F,22
Dottie,F,22
Eldora,F,22
Emeline,F,22
Hanna,F,22
Hessie,F,22
Leda,F,22
Leontine,F,22
Libby,F,22
Manda,F,22
Norine,F,22
Oda,F,22
Phebe,F,22
Sammie,F,22
Tempie,F,22
Theo,F,22
Vella,F,22
Verla,F,22
Verona,F,22
Versie,F,22
Adrienne,F,21
Ammie,F,21
Annetta,F,21
Aurora,F,21
Clora,F,21
Delilah,F,21
Dellar,F,21
Delta,F,21
Elberta,F,21
Elisa,F,21
Ether,F,21
Frona,F,21
Garnett,F,21
Gena,F,21
Josefina,F,21
Louie,F,21
Macie,F,21
Margarett,F,21
Martina,F,21
Mossie,F,21
Myrle,F,21
Myrtice,F,21
Nonie,F,21
Ressie,F,21
Ruthie,F,21
Tilda,F,21
Tressa,F,21
Valerie,F,21
Verlie,F,21
Zena,F,21
Ardella,F,20
Arie,F,20
Besse,F,20
Clarissa,F,20
Concetta,F,20
Dana,F,20
Elta,F,20
Felicia,F,20
Glenn,F,20
Hildred,F,20
Jacqueline,F,20
Jamie,F,20
Josiephine,F,20
Juliette,F,20
Lavada,F,20
Lelar,F,20
Leonore,F,20
Lutie,F,20
Maryann,F,20
Melinda,F,20
Mettie,F,20
Rosalind,F,20
Sabina,F,20
Selena,F,20
Vernice,F,20
Zadie,F,20
Zita,F,20
Adelina,F,19
Almira,F,19
Aurore,F,19
Berneice,F,19
Carmel,F,19
Delores,F,19
Dorris,F,19
Eloisa,F,19
Enola,F,19
Eulalia,F,19
Fleta,F,19
Frank,F,19
Goldia,F,19
Janette,F,19
Josefa,F,19
Leanna,F,19
Marry,F,19
Mavis,F,19
Ottie,F,19
Pollie,F,19
Reatha,F,19
Rosanna,F,19
Tomasa,F,19
Violette,F,19
Zettie,F,19
Adaline,F,18
Adelle,F,18
Alicia,F,18
Ana,F,18
Carmelita,F,18
Christena,F,18
Dell,F,18
Earline,F,18
Elmer,F,18
Gay,F,18
Hedwig,F,18
Helga,F,18
Hellen,F,18
Henriette,F,18
Hermina,F,18
Hildur,F,18
India,F,18
Isa,F,18
Kizzie,F,18
Leonia,F,18
Lera,F,18
Lovina,F,18
Lupe,F,18
Magdalen,F,18
Maymie,F,18
Mozelle,F,18
Norah,F,18
Ova,F,18
Ozella,F,18
Palma,F,18
Rosamond,F,18
Winona,F,18
Aleen,F,17
Almeta,F,17
Annabell,F,17
Antonette,F,17
Arlena,F,17
Arthur,F,17
Cara,F,17
Cathryn,F,17
Classie,F,17
Daphne,F,17
Edyth,F,17
Evelina,F,17
Katy,F,17
Leo,F,17
Lilyan,F,17
Loretto,F,17
Mahala,F,17
Margaretta,F,17
Neoma,F,17
Odelia,F,17
Olevia,F,17
Otelia,F,17
Sofia,F,17
Zetta,F,17
Adline,F,16
Aimee,F,16
Atha,F,16
Beula,F,16
Concepcion,F,16
Dale,F,16
Dessa,F,16
Electa,F,16
Florance,F,16
Freeda,F,16
Henretta,F,16
Icy,F,16
Jonnie,F,16
Juliet,F,16
Lacy,F,16
Lannie,F,16
Lockie,F,16
Marianna,F,16
Nena,F,16
Paralee,F,16
Salome,F,16
Theda,F,16
Thomas,F,16
Twila,F,16
Vassie,F,16
Vernon,F,16
Vertie,F,16
Vira,F,16
Virgil,F,16
Alvira,F,15
Amber,F,15
America,F,15
Angelita,F,15
Bina,F,15
Bula,F,15
Caldonia,F,15
Celesta,F,15
Christie,F,15
Clella,F,15
Clifford,F,15
Dicie,F,15
Dorcas,F,15
Dortha,F,15
Dulcie,F,15
Ellar,F,15
Elvina,F,15
Ena,F,15
Erie,F,15
Evaline,F,15
Eveline,F,15
Fae,F,15
Isadora,F,15
Ivory,F,15
Jaunita,F,15
Jerry,F,15
Jossie,F,15
Lexie,F,15
Luvinia,F,15
Macy,F,15
Malvina,F,15
Metta,F,15
Otis,F,15
Suzanne,F,15
Syble,F,15
Unknown,F,15
Venus,F,15
Vivien,F,15
Abigail,F,14
Ader,F,14
Allean,F,14
Alverta,F,14
Anner,F,14
Ardis,F,14
Blanchie,F,14
Celina,F,14
Claribel,F,14
Clemence,F,14
Coletta,F,14
Consuelo,F,14
Donie,F,14
Ellamae,F,14
Elouise,F,14
Fleeta,F,14
Flo,F,14
Floyd,F,14
Fred,F,14
Glennie,F,14
Izetta,F,14
Izora,F,14
Jesusa,F,14
Joseph,F,14
Liddie,F,14
Lilie,F,14
Lollie,F,14
Louis,F,14
Luciel,F,14
Luetta,F,14
Lyla,F,14
Mabell,F,14
Maebelle,F,14
Maida,F,14
Mariam,F,14
Melda,F,14
Mira,F,14
Miranda,F,14
Nella,F,14
Pinkey,F,14
Rella,F,14
Sarrah,F,14
Sina,F,14
Tiny,F,14
Velda,F,14
Alvena,F,13
Andrea,F,13
Ardell,F,13
Bee,F,13
Beverly,F,13
Buelah,F,13
Ceola,F,13
Charlsie,F,13
Cherry,F,13
Coral,F,13
Corda,F,13
Corean,F,13
Dagmar,F,13
Dean,F,13
Delfina,F,13
Eleonora,F,13
Eudora,F,13
Eulalie,F,13
Exa,F,13
Flonnie,F,13
Fronie,F,13
Germaine,F,13
Hasel,F,13
Imelda,F,13
Irine,F,13
Isla,F,13
Ivah,F,13
Lallie,F,13
Laurie,F,13
Lavera,F,13
Leana,F,13
Letty,F,13
Lugenia,F,13
Lular,F,13
Madgie,F,13
Melanie,F,13
Mozella,F,13
Nealie,F,13
Noma,F,13
Oral,F,13
Osa,F,13
Ottilie,F,13
Pearline,F,13
Philomene,F,13
Rissie,F,13
Roena,F,13
Tinnie,F,13
Tishie,F,13
Vannie,F,13
Vashti,F,13
Vennie,F,13
Verena,F,13
Villa,F,13
Albert,F,12
Alethia,F,12
Alline,F,12
Alverda,F,12
Arizona,F,12
Arletta,F,12
Avie,F,12
Belvia,F,12
Buena,F,12
Buna,F,12
Carlotta,F,12
Carry,F,12
Claude,F,12
Cleda,F,12
Clydia,F,12
Colette,F,12
Daisey,F,12
Daisie,F,12
Dola,F,12
Doshie,F,12
Dove,F,12
Earl,F,12
Elfie,F,12
Etter,F,12
Evalena,F,12
Gennie,F,12
Gretta,F,12
Herma,F,12
Jackie,F,12
Josefita,F,12
Judy,F,12
Kathlyn,F,12
Leoma,F,12
Leonie,F,12
Lethia,F,12
Lissie,F,12
Lota,F,12
Luberta,F,12
Luisa,F,12
Madelene,F,12
Marceline,F,12
Marge,F,12
Marilyn,F,12
Maryellen,F,12
Matie,F,12
Mignon,F,12
Mintie,F,12
Mozell,F,12
Oleta,F,12
Otha,F,12
Ozie,F,12
Pearly,F,12
Roselle,F,12
Roxanna,F,12
Sabra,F,12
Savanah,F,12
Silvia,F,12
Texie,F,12
Theodosia,F,12
Ula,F,12
Venie,F,12
Veola,F,12
Vincenza,F,12
Violetta,F,12
Will,F,12
Azalee,F,11
Bernie,F,11
Bert,F,11
Burnice,F,11
Cammie,F,11
Capitola,F,11
Carlota,F,11
Ceil,F,11
Clair,F,11
Clarence,F,11
Dagny,F,11
Delcie,F,11
Dina,F,11
Dot,F,11
Drucilla,F,11
Earlie,F,11
Earnestine,F,11
Ethyle,F,11
Florie,F,11
Fredericka,F,11
Fronia,F,11
Gaynell,F,11
Georgette,F,11
Gertha,F,11
Gwen,F,11
Irena,F,11
Ivie,F,11
Jemima,F,11
Lavenia,F,11
Lilah,F,11
Mada,F,11
Margot,F,11
Marina,F,11
Marye,F,11
Minta,F,11
Nanie,F,11
Narcissus,F,11
Nathalie,F,11
Neola,F,11
Nezzie,F,11
Nila,F,11
Pernie,F,11
Prudie,F,11
Rene,F,11
Sam,F,11
Santos,F,11
Sigrid,F,11
Stasia,F,11
Tess,F,11
Thresa,F,11
Vela,F,11
Viney,F,11
Walter,F,11
Wava,F,11
Weltha,F,11
Wilhelmine,F,11
Williemae,F,11
Zenobia,F,11
Zeta,F,11
Zilpha,F,11
Adda,F,10
Ardena,F,10
Ary,F,10
Aura,F,10
Birtie,F,10
Byrdie,F,10
Carl,F,10
Carlie,F,10
Celestia,F,10
Chanie,F,10
Cleora,F,10
Cleta,F,10
Clotilda,F,10
Clotilde,F,10
Corena,F,10
Courtney,F,10
Curtis,F,10
Dee,F,10
Delila,F,10
Delsie,F,10
Drusilla,F,10
Elfreda,F,10
Elia,F,10
Elizbeth,F,10
Emmaline,F,10
Emogene,F,10
Ermon,F,10
Ever,F,10
Everlena,F,10
Fannye,F,10
Francies,F,10
Gale,F,10
Georgina,F,10
Hilaria,F,10
Imo,F,10
Jeane,F,10
Jesse,F,10
Jodie,F,10
Junie,F,10
Katharyn,F,10
Lana,F,10
Laurel,F,10
Laurine,F,10
Lella,F,10
Leon,F,10
Lester,F,10
Leva,F,10
Lotta,F,10
Luda,F,10
Lurline,F,10
Maisie,F,10
Manila,F,10
Manilla,F,10
Mannie,F,10
Maranda,F,10
Margeret,F,10
Margueritte,F,10
Milda,F,10
Montie,F,10
Nada,F,10
Nonnie,F,10
Norene,F,10
Olie,F,10
Omie,F,10
Parthenia,F,10
Patience,F,10
Paulina,F,10
Pecola,F,10
Pennie,F,10
Romaine,F,10
Rosaline,F,10
Ruthe,F,10
Savilla,F,10
Signa,F,10
Sister,F,10
Tresa,F,10
Trixie,F,10
Vadie,F,10
Valma,F,10
Vara,F,10
Venice,F,10
Versa,F,10
Vester,F,10
Veta,F,10
Virdie,F,10
Vivienne,F,10
Vonnie,F,10
Zelpha,F,10
Agness,F,9
Aida,F,9
Aldora,F,9
Aleta,F,9
Alla,F,9
Arlean,F,9
Attie,F,9
Azzie,F,9
Babe,F,9
Bamma,F,9
Beatriz,F,9
Benita,F,9
Bernita,F,9
Bettye,F,9
Beuna,F,9
Blossom,F,9
Candace,F,9
Carie,F,9
Channie,F,9
Chessie,F,9
Clarinda,F,9
Claudine,F,9
Cliffie,F,9
Creola,F,9
Dallas,F,9
David,F,9
Davie,F,9
Dewey,F,9
Dimple,F,9
Eathel,F,9
Elvia,F,9
Erin,F,9
Erva,F,9
Esma,F,9
Eugene,F,9
Eupha,F,9
Evia,F,9
Ferol,F,9
Garnette,F,9
Gayle,F,9
Gladyce,F,9
Gregoria,F,9
Gusta,F,9
Hetty,F,9
Honora,F,9
Ilo,F,9
Ingeborg,F,9
Jetta,F,9
Jim,F,9
Joann,F,9
Juliana,F,9
Justina,F,9
Kathern,F,9
Laurette,F,9
Laverna,F,9
Lavon,F,9
Lear,F,9
Leathia,F,9
Lesta,F,9
Levada,F,9
Lillia,F,9
Littie,F,9
Lu,F,9
Luevenia,F,9
Madalene,F,9
Madalyn,F,9
Maebell,F,9
Malissie,F,9
Margarete,F,9
Margaretha,F,9
Margrett,F,9
Mariana,F,9
Marianne,F,9
Maryanna,F,9
Medora,F,9
Naoma,F,9
Natalia,F,9
Noelie,F,9
Odette,F,9
Oliva,F,9
Olympia,F,9
Oneida,F,9
Opha,F,9
Orrie,F,9
Patty,F,9
Paul,F,9
Pearley,F,9
Peggie,F,9
Perlie,F,9
Quincy,F,9
Rina,F,9
Rosabel,F,9
Rosebud,F,9
Roxy,F,9
Salena,F,9
Shellie,F,9
Texas,F,9
Thekla,F,9
Theresia,F,9
Theressa,F,9
Trudy,F,9
Tula,F,9
Vicie,F,9
Vinie,F,9
Virgia,F,9
Vita,F,9
Vlasta,F,9
Willard,F,9
Willia,F,9
Wilmer,F,9
Zara,F,9
Zelia,F,9
Adel,F,8
Adelaida,F,8
Alba,F,8
Aldea,F,8
Alease,F,8
Aleda,F,8
Allen,F,8
Allice,F,8
Altie,F,8
Anabel,F,8
Angella,F,8
Annice,F,8
Antonetta,F,8
Arabelle,F,8
Argie,F,8
Artha,F,8
Beadie,F,8
Beda,F,8
Bernardine,F,8
Betha,F,8
Bonita,F,8
Brownie,F,8
Celie,F,8
Charlotta,F,8
Charlottie,F,8
Cinda,F,8
Cleola,F,8
Clorinda,F,8
Clyda,F,8
Clydie,F,8
Corrinne,F,8
Coy,F,8
Cressie,F,8
Cuba,F,8
Deloris,F,8
Desta,F,8
Diane,F,8
Doretta,F,8
Dorotha,F,8
Dosha,F,8
Doshia,F,8
Dossie,F,8
Dura,F,8
Edla,F,8
Edmonia,F,8
Edward,F,8
Elenor,F,8
Elza,F,8
Elzora,F,8
Emaline,F,8
Emelie,F,8
Erline,F,8
Ersie,F,8
Evelena,F,8
Evelyne,F,8
Fabiola,F,8
Fontella,F,8
Francine,F,8
Gabrielle,F,8
Genie,F,8
Glada,F,8
Gladis,F,8
Gunda,F,8
Gustava,F,8
Hazelle,F,8
Hildreth,F,8
Ilah,F,8
Ilda,F,8
Iza,F,8
Jeannetta,F,8
Jennette,F,8
Johnsie,F,8
Judie,F,8
Jule,F,8
Karen,F,8
Lassie,F,8
Leaner,F,8
Leanora,F,8
Leita,F,8
Leitha,F,8
Linnea,F,8
Lolita,F,8
Lorretta,F,8
Love,F,8
Lovella,F,8
Lynn,F,8
Mahalie,F,8
Manie,F,8
Marrie,F,8
Media,F,8
Mima,F,8
Minda,F,8
Mineola,F,8
Mirtie,F,8
Mora,F,8
Necie,F,8
Nelia,F,8
Nolia,F,8
Nolie,F,8
Odile,F,8
Ofelia,F,8
Olla,F,8
Oneita,F,8
Orlena,F,8
Otillia,F,8
Ottilia,F,8
Pluma,F,8
Princess,F,8
Rea,F,8
Refugia,F,8
Robena,F,8
Rosita,F,8
Rutha,F,8
Salina,F,8
Sedonia,F,8
Sonia,F,8
Stellar,F,8
Tassie,F,8
Teckla,F,8
Tennessee,F,8
Tera,F,8
Thera,F,8
Trannie,F,8
Velna,F,8
Verne,F,8
Vienna,F,8
Virgina,F,8
Vola,F,8
Zera,F,8
Zina,F,8
Abby,F,7
Agusta,F,7
Albertina,F,7
Albie,F,7
Albirta,F,7
Alean,F,7
Alena,F,7
Alvie,F,7
Alys,F,7
Amalie,F,7
Amma,F,7
Anastacia,F,7
Anise,F,7
Annamae,F,7
Antionette,F,7
Antonina,F,7
Arabella,F,7
Archie,F,7
Ardelia,F,7
Arilla,F,7
Arminta,F,7
Arnetta,F,7
Augustina,F,7
Avo,F,7
Beata,F,7
Becky,F,7
Bera,F,7
Bertrice,F,7
Birda,F,7
Birdella,F,7
Brooksie,F,7
Calla,F,7
Candelaria,F,7
Candida,F,7
Catalina,F,7
Catarina,F,7
Catherina,F,7
Cecila,F,7
Celestina,F,7
Cherrie,F,7
Chester,F,7
China,F,7
Chloie,F,7
Christiana,F,7
Cloie,F,7
Collie,F,7
Corina,F,7
Corinna,F,7
Daniel,F,7
Delina,F,7
Dellia,F,7
Denise,F,7
Dezzie,F,7
Dicy,F,7
Donia,F,7
Dosia,F,7
Dovey,F,7
Ela,F,7
Eleonore,F,7
Eller,F,7
Else,F,7
Emmeline,F,7
Emmy,F,7
Ermine,F,7
Erminia,F,7
Eular,F,7
Felipa,F,7
Flavia,F,7
Fleda,F,7
Florene,F,7
Florentine,F,7
Floretta,F,7
Gerda,F,7
Gertude,F,7
Gola,F,7
Gustie,F,7
Harold,F,7
Harry,F,7
Helma,F,7
Herminia,F,7
Hixie,F,7
Hollie,F,7
Idelle,F,7
Ilene,F,7
Isobel,F,7
Janey,F,7
Jeanetta,F,7
Jeanie,F,7
Jeffie,F,7
Jinnie,F,7
Julian,F,7
Lanie,F,7
Lara,F,7
Larue,F,7
Lattie,F,7
Launa,F,7
Lavern,F,7
Lealer,F,7
Leonor,F,7
Levie,F,7
Lilia,F,7
Loie,F,7
Loree,F,7
Louetta,F,7
Louisiana,F,7
Loyola,F,7
Lucetta,F,7
Lucyle,F,7
Luddie,F,7
Luz,F,7
Mackie,F,7
Madelon,F,7
Madolin,F,7
Maie,F,7
Malissia,F,7
Manuelita,F,7
Margarite,F,7
Margurite,F,7
Marine,F,7
Maryetta,F,7
Mattye,F,7
Mennie,F,7
Mercy,F,7
Merna,F,7
Modena,F,7
Monie,F,7
Mozel,F,7
Nana,F,7
Nicy,F,7
Odessie,F,7
Olar,F,7
Olinda,F,7
Orah,F,7
Ovie,F,7
Perle,F,7
Permelia,F,7
Persis,F,7
Phillis,F,7
Renee,F,7
Roseanna,F,7
Rosemarie,F,7
Rosena,F,7
Rue,F,7
Ruie,F,7
Saddie,F,7
Santina,F,7
Stacie,F,7
Stanley,F,7
Susanne,F,7
Sylva,F,7
Sylvester,F,7
Talitha,F,7
Terese,F,7
Thea,F,7
Thressa,F,7
Ura,F,7
Vern,F,7
Vernita,F,7
Vinita,F,7
Virda,F,7
Zelphia,F,7
Zenia,F,7
Zillie,F,7
Alcie,F,6
Alejandra,F,6
Alfrieda,F,6
Alleen,F,6
Allena,F,6
Alsie,F,6
Alvah,F,6
Ambrosia,F,6
Anice,F,6
Antonietta,F,6
Ardath,F,6
Armanda,F,6
Arrena,F,6
Arzella,F,6
Ason,F,6
Astrid,F,6
Aurilla,F,6
Australia,F,6
Avery,F,6
Avice,F,6
Azelie,F,6
Bama,F,6
Bea,F,6
Beckie,F,6
Bernetta,F,6
Berthe,F,6
Betsey,F,6
Bette,F,6
Birdia,F,6
Carita,F,6
Carmelite,F,6
Carra,F,6
Carrye,F,6
Caryl,F,6
Cathleen,F,6
Celine,F,6
Cellie,F,6
Cenie,F,6
Chaney,F,6
Charlene,F,6
Chrystal,F,6
Claris,F,6
Climmie,F,6
Clothilde,F,6
Coila,F,6
Coralie,F,6
Cornelius,F,6
Cruz,F,6
Cyrena,F,6
Dallie,F,6
Dannie,F,6
Doreen,F,6
Doretha,F,6
Doxie,F,6
Dula,F,6
Ebbie,F,6
Edrie,F,6
Effa,F,6
Elba,F,6
Elease,F,6
Elenore,F,6
Elfa,F,6
Elmina,F,6
Elmire,F,6
Elzadie,F,6
Elzie,F,6
Emer,F,6
Enna,F,6
Enriqueta,F,6
Eola,F,6
Eppie,F,6
Ercell,F,6
Estellar,F,6
Ethal,F,6
Ethlyn,F,6
Eutha,F,6
Evalee,F,6
Evalina,F,6
Famie,F,6
Fawn,F,6
Felice,F,6
Felicitas,F,6
Fidelia,F,6
Floda,F,6
Floria,F,6
Floye,F,6
Forrest,F,6
Frederica,F,6
Fredonia,F,6
Gaynelle,F,6
Genieve,F,6
Gillie,F,6
Gina,F,6
Girtie,F,6
Glen,F,6
Gracia,F,6
Guy,F,6
Henrettia,F,6
Herlinda,F,6
Hila,F,6
Idabelle,F,6
Inda,F,6
Ingrid,F,6
Isola,F,6
Jess,F,6
Jocelyn,F,6
Juliann,F,6
Julianna,F,6
Junia,F,6
Lacie,F,6
Lakie,F,6
Laurena,F,6
Leler,F,6
Lema,F,6
Lempi,F,6
Leolar,F,6
Leotha,F,6
Letta,F,6
Lidia,F,6
Liller,F,6
Lilliam,F,6
Loney,F,6
Loreen,F,6
Lorenza,F,6
Loreta,F,6
Lorina,F,6
Lorinda,F,6
Lovey,F,6
Luellen,F,6
Lulla,F,6
Lyle,F,6
Maple,F,6
Maree,F,6
Marguerita,F,6
Mark,F,6
Maryon,F,6
Marzella,F,6
Massie,F,6
Matilde,F,6
Mickey,F,6
Minette,F,6
Missie,F,6
Mollye,F,6
Myrta,F,6
Nannette,F,6
Nanny,F,6
Nealy,F,6
Nicie,F,6
Nobie,F,6
Oddie,F,6
Odeal,F,6
Olean,F,6
Oler,F,6
Oneda,F,6
Orelia,F,6
Orphia,F,6
Otila,F,6
Parilee,F,6
Penelope,F,6
Phebie,F,6
Phylis,F,6
Precious,F,6
Rafaela,F,6
Raquel,F,6
Refugio,F,6
Reka,F,6
Rettie,F,6
Reyes,F,6
Rinda,F,6
Rochelle,F,6
Rosabelle,F,6
Rosalyn,F,6
Rosana,F,6
Roselyn,F,6
Rosine,F,6
Roy,F,6
Samuel,F,6
Snow,F,6
Susana,F,6
Susannah,F,6
Sussie,F,6
Tallie,F,6
Tellie,F,6
Texana,F,6
Theola,F,6
Threasa,F,6
Tiney,F,6
Tracy,F,6
Trinnie,F,6
Trula,F,6
Ursule,F,6
Valborg,F,6
Valeda,F,6
Valentina,F,6
Valentine,F,6
Vanessa,F,6
Velora,F,6
Vessie,F,6
Victorine,F,6
Vincie,F,6
Vinia,F,6
Wave,F,6
Wavie,F,6
Wilna,F,6
Zenna,F,6
Zilda,F,6
Zillah,F,6
Zylpha,F,6
Adabelle,F,5
Afton,F,5
Ailene,F,5
Alfhild,F,5
Algie,F,5
Alleine,F,5
Almeter,F,5
Alzada,F,5
Alzina,F,5
Amada,F,5
Amey,F,5
Angele,F,5
Angelyn,F,5
Anie,F,5
Ardie,F,5
Aretha,F,5
Aretta,F,5
Aria,F,5
Ariel,F,5
Arla,F,5
Arletha,F,5
Armelia,F,5
Arminda,F,5
Arvella,F,5
Asilee,F,5
Atlanta,F,5
Aubrey,F,5
Auda,F,5
Audry,F,5
Barbra,F,5
Bena,F,5
Bernyce,F,5
Bertina,F,5
Bobby,F,5
Burley,F,5
Byrd,F,5
Caledonia,F,5
Calista,F,5
Canary,F,5
Carla,F,5
Carlyn,F,5
Carmon,F,5
Carola,F,5
Carolyne,F,5
Cary,F,5
Cathern,F,5
Cecille,F,5
Chairty,F,5
Charlott,F,5
Chloa,F,5
Christana,F,5
Christeen,F,5
Cinderella,F,5
Cindy,F,5
Clarine,F,5
Cleotilde,F,5
Clio,F,5
Clotile,F,5
Clover,F,5
Clysta,F,5
Clytee,F,5
Clytie,F,5
Coreen,F,5
Crystel,F,5
Curlie,F,5
Darthula,F,5
Dealie,F,5
Debbie,F,5
Deliah,F,5
Delima,F,5
Dellie,F,5
Dema,F,5
Dennie,F,5
Dera,F,5
Dicey,F,5
Dollye,F,5
Dorsie,F,5
Dott,F,5
Edia,F,5
Edie,F,5
Edwin,F,5
Elgie,F,5
Elina,F,5
Elodia,F,5
Elpha,F,5
Elverda,F,5
Elzada,F,5
Ema,F,5
Endie,F,5
Erla,F,5
Erlinda,F,5
Ernest,F,5
Essa,F,5
Estefana,F,5
Estel,F,5
Etheline,F,5
Etna,F,5
Eufelia,F,5
Euphemia,F,5
Evadna,F,5
Evah,F,5
Faustina,F,5
Fedora,F,5
Felicie,F,5
Ferrol,F,5
Freada,F,5
Genever,F,5
Genevia,F,5
Genevive,F,5
Genia,F,5
Genora,F,5
Georgeanna,F,5
Georgena,F,5
Georgine,F,5
Glenda,F,5
Gradie,F,5
Haley,F,5
Hedda,F,5
Helmi,F,5
Heloise,F,5
Hermine,F,5
Hilder,F,5
Hisayo,F,5
Honor,F,5
Howard,F,5
Ileen,F,5
Inza,F,5
Ioma,F,5
Irva,F,5
Ita,F,5
Iver,F,5
Izola,F,5
Jack,F,5
Jacoba,F,5
Jeannett,F,5
Jena,F,5
Jennetta,F,5
Jessamine,F,5
Jessye,F,5
Johannah,F,5
Junnie,F,5
Kansas,F,5
Katheryne,F,5
Keith,F,5
Kennie,F,5
Laney,F,5
Latha,F,5
Laurence,F,5
Lavonia,F,5
Lavonne,F,5
Leanner,F,5
Leather,F,5
Leeanna,F,5
Leenora,F,5
Lener,F,5
Librada,F,5
Lillar,F,5
Lillias,F,5
Linna,F,5
Litha,F,5
Lizie,F,5
Loa,F,5
Lonia,F,5
Lorain,F,5
Loula,F,5
Louvina,F,5
Lovena,F,5
Luanna,F,5
Luellar,F,5
Luttie,F,5
Luvina,F,5
Macel,F,5
Macey,F,5
Madlyn,F,5
Mahalia,F,5
Maidie,F,5
Majorie,F,5
Manerva,F,5
Marcelline,F,5
Mareta,F,5
Margert,F,5
Marquerite,F,5
Martie,F,5
Marybelle,F,5
Maryjane,F,5
Marylee,F,5
Marylou,F,5
Mearl,F,5
Melina,F,5
Melita,F,5
Melvie,F,5
Melvinia,F,5
Meredith,F,5
Metha,F,5
Micaela,F,5
Mila,F,5
Mimi,F,5
Minnette,F,5
Modie,F,5
Monna,F,5
Monta,F,5
Murel,F,5
Myrtha,F,5
Nancie,F,5
Neila,F,5
Neita,F,5
Nicey,F,5
Noella,F,5
Nomie,F,5
Norman,F,5
Obie,F,5
Odella,F,5
Odetta,F,5
Okla,F,5
Olene,F,5
Olia,F,5
Oneta,F,5
Oney,F,5
Orie,F,5
Orlean,F,5
Orva,F,5
Oscar,F,5
Ota,F,5
Othella,F,5
Otilia,F,5
Ottis,F,5
Ozzie,F,5
Pairlee,F,5
Pamela,F,5
Parrie,F,5
Patsie,F,5
Paulita,F,5
Peachie,F,5
Penny,F,5
Percy,F,5
Pet,F,5
Petrina,F,5
Pina,F,5
Pinky,F,5
Princella,F,5
Radie,F,5
Rafaelita,F,5
Ragnhild,F,5
Raye,F,5
Reah,F,5
Recie,F,5
Renata,F,5
Rennie,F,5
Rhodie,F,5
Romana,F,5
Rosaria,F,5
Roslyn,F,5
Rosy,F,5
Roxey,F,5
Sada,F,5
Santa,F,5
Senia,F,5
Senora,F,5
Severa,F,5
Sharon,F,5
Sidonia,F,5
Soledad,F,5
Sular,F,5
Tessa,F,5
Texanna,F,5
Theckla,F,5
Thecla,F,5
Thula,F,5
Tilla,F,5
Vader,F,5
Valera,F,5
Van,F,5
Vanda,F,5
Venna,F,5
Verdia,F,5
Vernetta,F,5
Vetta,F,5
Victory,F,5
Vila,F,5
Violar,F,5
Wauneta,F,5
Wessie,F,5
Willella,F,5
Willette,F,5
Yola,F,5
Ysabel,F,5
Yvette,F,5
Zaidee,F,5
Zela,F,5
Zimmie,F,5
Zollie,F,5
Zonie,F,5
Zuma,F,5
John,M,9829
William,M,8579
James,M,7245
George,M,5403
Charles,M,4098
Robert,M,3821
Joseph,M,3714
Frank,M,3477
Edward,M,2720
Henry,M,2606
Thomas,M,2557
Walter,M,2298
Harry,M,2272
Willie,M,2113
Arthur,M,1853
Albert,M,1741
Fred,M,1646
Clarence,M,1483
Paul,M,1288
Harold,M,1245
Roy,M,1215
Joe,M,1179
Raymond,M,1150
Richard,M,1141
Charlie,M,1124
Louis,M,1097
Jack,M,1053
Earl,M,1037
Carl,M,1016
Ernest,M,1012
Ralph,M,896
David,M,884
Samuel,M,877
Sam,M,821
Howard,M,779
Herbert,M,751
Andrew,M,718
Elmer,M,699
Lee,M,675
Lawrence,M,659
Francis,M,652
Alfred,M,640
Will,M,603
Daniel,M,598
Eugene,M,587
Leo,M,570
Oscar,M,563
Floyd,M,555
Herman,M,550
Jesse,M,536
Michael,M,495
Lewis,M,469
Tom,M,469
Leonard,M,465
Ray,M,457
Clyde,M,451
Benjamin,M,450
Peter,M,443
Claude,M,433
Lester,M,431
Theodore,M,429
Russell,M,427
Eddie,M,425
Frederick,M,420
Leroy,M,419
Clifford,M,409
Anthony,M,406
Jim,M,399
Jessie,M,398
Martin,M,383
Edgar,M,374
Chester,M,364
Ben,M,355
Edwin,M,350
Dewey,M,345
Cecil,M,344
Stanley,M,342
Lloyd,M,337
Donald,M,328
Homer,M,326
Harvey,M,322
Luther,M,316
Norman,M,316
Johnnie,M,313
Leon,M,310
Bernard,M,308
Ed,M,297
Hugh,M,290
Patrick,M,285
Kenneth,M,279
Leslie,M,275
Victor,M,269
Alexander,M,260
Philip,M,259
Oliver,M,256
Mack,M,250
Horace,M,244
Milton,M,242
Guy,M,240
Everett,M,237
Jacob,M,233
Melvin,M,231
Charley,M,224
Allen,M,223
Alvin,M,223
Earnest,M,223
Ira,M,218
Sidney,M,218
Archie,M,216
Otis,M,212
Virgil,M,212
Julius,M,206
Jerry,M,205
Percy,M,201
Otto,M,199
Isaac,M,198
Bill,M,196
Glenn,M,194
Maurice,M,193
Alex,M,192
Dan,M,192
Warren,M,191
Hubert,M,189
Marion,M,189
Lonnie,M,186
Nathan,M,186
Stephen,M,181
Wesley,M,181
Vincent,M,177
Marvin,M,176
Manuel,M,174
Willard,M,172
Vernon,M,170
Willis,M,169
Dave,M,166
Morris,M,162
Jose,M,161
Wallace,M,161
Wilbur,M,161
Gerald,M,157
Rufus,M,157
Bennie,M,153
Bert,M,153
August,M,148
Rudolph,M,147
Gilbert,M,145
Curtis,M,144
Perry,M,142
Max,M,141
Steve,M,139
Franklin,M,137
Gordon,M,137
Mark,M,137
Nelson,M,135
Glen,M,134
Mckinley,M,133
Roland,M,133
Dennis,M,132
Mike,M,132
Sylvester,M,131
Johnie,M,130
Matthew,M,130
Calvin,M,128
Jess,M,128
Emil,M,127
Phillip,M,127
Marshall,M,126
Amos,M,125
Elbert,M,125
Felix,M,123
Arnold,M,122
Jake,M,121
Ellis,M,120
Gus,M,120
Emmett,M,119
Clayton,M,118
Irvin,M,118
Jimmie,M,118
Nathaniel,M,118
Adolph,M,117
Moses,M,117
Alonzo,M,116
Cornelius,M,116
Pete,M,116
Irving,M,115
Orville,M,112
Adam,M,111
Ollie,M,109
Claud,M,107
Clifton,M,107
Douglas,M,107
Jay,M,107
Aaron,M,104
Tony,M,101
Abraham,M,100
Bob,M,98
Jasper,M,97
Roscoe,M,96
Levi,M,95
Nicholas,M,95
Sherman,M,95
Edmund,M,94
Owen,M,93
Noah,M,92
Clinton,M,91
Ivan,M,90
Monroe,M,89
Wilson,M,89
Ervin,M,88
Bruce,M,86
Elijah,M,86
Reuben,M,86
Jerome,M,85
Wayne,M,85
Juan,M,84
Barney,M,83
Ross,M,83
Grant,M,82
Don,M,81
Laurence,M,81
Roger,M,81
Tommie,M,81
Wilfred,M,81
Grady,M,79
Harley,M,79
Julian,M,79
Preston,M,78
Leland,M,76
Timothy,M,76
Antonio,M,75
Clark,M,75
Karl,M,75
Mary,M,75
Mose,M,75
Ted,M,75
Simon,M,74
Alva,M,73
Dock,M,73
Cleveland,M,72
Johnny,M,72
Roosevelt,M,72
Solomon,M,72
Luke,M,70
Carroll,M,69
Harrison,M,69
Jeff,M,69
Troy,M,69
Millard,M,68
Silas,M,68
Fredrick,M,67
Austin,M,66
Forrest,M,66
Ike,M,65
Allan,M,64
Loyd,M,64
Freddie,M,63
Myron,M,63
Wilbert,M,63
Aubrey,M,62
Boyd,M,62
Larry,M,62
Byron,M,61
Edd,M,61
Louie,M,61
Wiley,M,61
Jackson,M,60
Dwight,M,59
Rex,M,59
Anton,M,58
Neal,M,58
Hiram,M,57
Mathew,M,57
Van,M,57
Abe,M,56
Anderson,M,56
Wade,M,56
Bryan,M,55
Christopher,M,55
Malcolm,M,55
Miles,M,55
Andy,M,54
Dale,M,54
Merle,M,54
Fletcher,M,53
Forest,M,53
Riley,M,53
Emory,M,52
Grover,M,52
Mitchell,M,52
Elwood,M,51
Major,M,51
Neil,M,50
Newton,M,50
Pat,M,50
Randolph,M,50
Ruben,M,50
Jesus,M,49
Lyle,M,49
Murray,M,49
Nick,M,49
Clement,M,48
Gene,M,48
Marcus,M,48
Taylor,M,48
Ambrose,M,47
Edmond,M,47
Booker,M,46
Dean,M,46
Earle,M,46
Ned,M,46
Russel,M,46
Augustus,M,45
Chris,M,45
Columbus,M,45
Dick,M,45
Eli,M,45
Emanuel,M,45
Ramon,M,45
Delbert,M,44
Freeman,M,44
Isiah,M,44
Loren,M,44
Pedro,M,44
Spencer,M,44
Alton,M,43
Erwin,M,43
Jeremiah,M,43
Ward,M,43
Wilmer,M,43
Emery,M,42
Ezra,M,42
Jimmy,M,42
Lorenzo,M,42
Ora,M,42
Steven,M,42
Tommy,M,42
Clay,M,41
Conrad,M,41
Cyril,M,41
Ferdinand,M,41
Lynn,M,41
Pearl,M,41
Bud,M,40
Dallas,M,40
Elmo,M,40
Francisco,M,40
Lucius,M,40
Ronald,M,40
Stewart,M,40
Clair,M,39
Elton,M,39
Lyman,M,39
Scott,M,39
Burton,M,38
Carlton,M,38
Sterling,M,38
Al,M,37
Aloysius,M,37
Basil,M,37
Carlos,M,37
Dewitt,M,37
Elisha,M,37
Herschel,M,37
Lemuel,M,37
Billy,M,36
Cyrus,M,36
Enoch,M,36
Garland,M,36
Hobert,M,36
Johnson,M,36
Joshua,M,36
Noble,M,36
Orval,M,36
Vern,M,36
Alfonso,M,35
Alphonso,M,35
Christian,M,35
Dee,M,35
Hollis,M,35
Joel,M,35
Lowell,M,35
Emerson,M,34
Lon,M,34
Ulysses,M,34
Dudley,M,33
Elliott,M,33
General,M,33
Harris,M,33
Houston,M,33
Kelly,M,33
King,M,33
Lacy,M,33
Buck,M,32
Garfield,M,32
Irwin,M,32
Isaiah,M,32
Junius,M,32
Mason,M,32
Napoleon,M,32
Sammie,M,32
Shirley,M,32
Benny,M,31
Carter,M,31
Cleo,M,31
Elmore,M,31
Emile,M,31
Jennings,M,31
Jonas,M,31
Matt,M,31
Morgan,M,31
Raleigh,M,31
Wilber,M,31
Arther,M,30
Asa,M,30
Clarance,M,30
Fay,M,30
Gustave,M,30
Wendell,M,30
Early,M,29
Foster,M,29
Garrett,M,29
Odell,M,29
Zack,M,29
Clem,M,28
Green,M,28
Haywood,M,28
Odis,M,28
Sol,M,28
Washington,M,28
Adrian,M,27
Alan,M,27
Allie,M,27
Alphonse,M,27
Angelo,M,27
Coy,M,27
Ellsworth,M,27
Emmet,M,27
Hobart,M,27
Judge,M,27
Reginald,M,27
Rupert,M,27
Seth,M,27
Travis,M,27
Walker,M,27
Winfield,M,27
Bruno,M,26
Carey,M,26
Chas,M,26
Coleman,M,26
Hardy,M,26
Lionel,M,26
Lucious,M,26
Maynard,M,26
Smith,M,26
Anna,M,25
Buster,M,25
Dominick,M,25
Dorsey,M,25
Hal,M,25
Ivory,M,25
Josh,M,25
Judson,M,25
Lige,M,25
Olin,M,25
Porter,M,25
Royal,M,25
Sim,M,25
Truman,M,25
Billie,M,24
Bryant,M,24
Elvin,M,24
Evan,M,24
Ford,M,24
Isadore,M,24
Jefferson,M,24
Wilford,M,24
Benjiman,M,23
Buford,M,23
Crawford,M,23
Elias,M,23
Emmitt,M,23
Fritz,M,23
Harmon,M,23
Hugo,M,23
Merrill,M,23
Rubin,M,23
Saul,M,23
Webster,M,23
Wilburn,M,23
Alford,M,22
Berry,M,22
Bertha,M,22
Chauncey,M,22
Clint,M,22
Florence,M,22
Furman,M,22
Henery,M,22
Hyman,M,22
Jean,M,22
Jewel,M,22
Logan,M,22
Lonzo,M,22
Maxwell,M,22
Milford,M,22
Milo,M,22
Oren,M,22
Pablo,M,22
Phil,M,22
Pink,M,22
Prince,M,22
Ruby,M,22
Salvatore,M,22
Sandy,M,22
Son,M,22
Stuart,M,22
Tim,M,22
Waldo,M,22
Abner,M,21
Emma,M,21
Eric,M,21
Granville,M,21
Lucian,M,21
Luis,M,21
Murphy,M,21
Norbert,M,21
Omer,M,21
Otha,M,21
Otho,M,21
Palmer,M,21
Rodney,M,21
Sanford,M,21
Terry,M,21
Thurman,M,21
Bertram,M,20
Connie,M,20
Davis,M,20
Eldon,M,20
Elzie,M,20
Ethel,M,20
Hallie,M,20
Henderson,M,20
Hezekiah,M,20
Israel,M,20
Lenard,M,20
Lincoln,M,20
Lonie,M,20
Micheal,M,20
Pasquale,M,20
Roman,M,20
Rosevelt,M,20
Sampson,M,20
Shelby,M,20
Warner,M,20
Wm,M,20
Adolphus,M,19
Annie,M,19
Bailey,M,19
Bernie,M,19
Bonnie,M,19
Dana,M,19
Elie,M,19
Ezekiel,M,19
Frances,M,19
Gabriel,M,19
Gustav,M,19
Hamilton,M,19
Harlan,M,19
Hector,M,19
Ivy,M,19
Lambert,M,19
Lindsey,M,19
Mervin,M,19
Meyer,M,19
Toney,M,19
Verne,M,19
Vernie,M,19
Wash,M,19
Abram,M,18
Admiral,M,18
Arch,M,18
Art,M,18
Bishop,M,18
Boyce,M,18
Burl,M,18
Burt,M,18
Cicero,M,18
Doc,M,18
Ennis,M,18
Guss,M,18
Hans,M,18
Helen,M,18
Hosea,M,18
Joesph,M,18
Justin,M,18
Nat,M,18
Noel,M,18
Norris,M,18
Odie,M,18
Rolland,M,18
Tillman,M,18
Turner,M,18
Vivian,M,18
Albin,M,17
Artie,M,17
Cliff,M,17
Dillard,M,17
Duncan,M,17
Eldridge,M,17
Kelley,M,17
Lafayette,M,17
Lawson,M,17
Levy,M,17
Linwood,M,17
Madison,M,17
Mannie,M,17
Marie,M,17
Miguel,M,17
Ole,M,17
Parker,M,17
Randall,M,17
Thaddeus,M,17
Wylie,M,17
Alvie,M,16
Arlie,M,16
Armand,M,16
Aron,M,16
Bennett,M,16
Carson,M,16
Cleve,M,16
Collins,M,16
Dalton,M,16
Elizabeth,M,16
Elza,M,16
Everette,M,16
Gaston,M,16
Gladys,M,16
Gust,M,16
Keith,M,16
Lamar,M,16
Leander,M,16
Margaret,M,16
Nolan,M,16
Quincy,M,16
Rowland,M,16
Ruth,M,16
Teddy,M,16
Tomas,M,16
Unknown,M,16
Abel,M,15
Alec,M,15
Bradley,M,15
Cletus,M,15
Doyle,M,15
Elsie,M,15
Emilio,M,15
Fate,M,15
Giles,M,15
Graham,M,15
Hayes,M,15
Hazel,M,15
Hermon,M,15
Isidore,M,15
Jason,M,15
Jewell,M,15
Jonnie,M,15
Junior,M,15
Lindsay,M,15
Louise,M,15
Loy,M,15
Obie,M,15
Oral,M,15
Orlando,M,15
Ossie,M,15
Pierce,M,15
Richmond,M,15
Rollie,M,15
Valentine,M,15
Vance,M,15
Williams,M,15
Angus,M,14
Antoine,M,14
Archibald,M,14
Burley,M,14
Casper,M,14
Curley,M,14
Dominic,M,14
Felipe,M,14
Howell,M,14
Jule,M,14
Lillie,M,14
Miller,M,14
Monte,M,14
Olen,M,14
Reed,M,14
Thad,M,14
Theo,M,14
Walton,M,14
Wyatt,M,14
Alden,M,13
Alma,M,13
Benton,M,13
Bradford,M,13
Casey,M,13
Denis,M,13
Denver,M,13
Edna,M,13
Effie,M,13
Eunice,M,13
Golden,M,13
Hamp,M,13
Harland,M,13
Hershel,M,13
Hobson,M,13
Ida,M,13
Jules,M,13
Kirby,M,13
Less,M,13
Lou,M,13
Lucien,M,13
Mildred,M,13
Morton,M,13
Myles,M,13
Price,M,13
Roderick,M,13
Rollin,M,13
Rudy,M,13
Sheldon,M,13
Sonny,M,13
Sydney,M,13
Talmadge,M,13
Theadore,M,13
Tracy,M,13
Vester,M,13
Watson,M,13
Waverly,M,13
Wayman,M,13
Weldon,M,13
West,M,13
Westley,M,13
Winfred,M,13
Winston,M,13
Worth,M,13
Alberto,M,12
Ammon,M,12
Antone,M,12
Augustine,M,12
Avery,M,12
Beatrice,M,12
Brooks,M,12
Butler,M,12
Carleton,M,12
Cary,M,12
Clara,M,12
Ella,M,12
Emmit,M,12
Ernie,M,12
Evans,M,12
Fernando,M,12
Gregory,M,12
Hollie,M,12
Hunter,M,12
Junious,M,12
Mac,M,12
Melton,M,12
Minnie,M,12
Murry,M,12
Nellie,M,12
Ocie,M,12
Oran,M,12
Orie,M,12
Orin,M,12
Osie,M,12
Patsy,M,12
Rafael,M,12
Ransom,M,12
Raymon,M,12
Rocco,M,12
Rube,M,12
Santiago,M,12
Sylvan,M,12
Vaughn,M,12
Webb,M,12
Wheeler,M,12
Wilton,M,12
Addison,M,11
Alfredo,M,11
Auther,M,11
Axel,M,11
Benedict,M,11
Bessie,M,11
Brady,M,11
Buddie,M,11
Burnett,M,11
Caleb,M,11
Christ,M,11
Conley,M,11
Damon,M,11
Duke,M,11
Earlie,M,11
Eduardo,M,11
Elder,M,11
Ellie,M,11
Ewell,M,11
Farris,M,11
Geo,M,11
Gerard,M,11
Gideon,M,11
Grace,M,11
Gregorio,M,11
Guadalupe,M,11
Hampton,M,11
Hoyt,M,11
Ignatius,M,11
Isom,M,11
Issac,M,11
Jodie,M,11
Jonah,M,11
Jonathan,M,11
Jordan,M,11
Laurie,M,11
Laverne,M,11
Leeroy,M,11
Lemmie,M,11
Lillian,M,11
Marcellus,M,11
Marlin,M,11
Pierre,M,11
Rose,M,11
Royce,M,11
Stanford,M,11
Thornton,M,11
Thurston,M,11
Tobe,M,11
Tyler,M,11
Verner,M,11
Acie,M,10
Addie,M,10
Alvah,M,10
Barry,M,10
Bartley,M,10
Barton,M,10
Baxter,M,10
Bee,M,10
Benito,M,10
Bernice,M,10
Blair,M,10
Buddy,M,10
Cal,M,10
Carmen,M,10
Carmine,M,10
Clare,M,10
Claudie,M,10
Collis,M,10
Courtney,M,10
Dell,M,10
Delmar,M,10
Eliga,M,10
Eligah,M,10
Elwin,M,10
Estell,M,10
Eston,M,10
Foy,M,10
Frederic,M,10
French,M,10
Gale,M,10
Garnett,M,10
Godfrey,M,10
Goebel,M,10
Gray,M,10
Harlow,M,10
Hayden,M,10
Helmer,M,10
Hilliard,M,10
Joy,M,10
Julious,M,10
Lemon,M,10
Len,M,10
Leopold,M,10
Lesley,M,10
Lois,M,10
Loran,M,10
Ludwig,M,10
Luster,M,10
Mae,M,10
Melville,M,10
Moody,M,10
Norval,M,10
Omar,M,10
Orrin,M,10
Pleas,M,10
Reese,M,10
Rene,M,10
Rolla,M,10
Rossie,M,10
Sanders,M,10
Seward,M,10
Seymour,M,10
Sullivan,M,10
Tallie,M,10
Urban,M,10
Wong,M,10
Alfonzo,M,9
Allison,M,9
Alois,M,9
Alvis,M,9
Arlo,M,9
Artis,M,9
Arvid,M,9
Barnie,M,9
Bart,M,9
Brown,M,9
Callie,M,9
Cameron,M,9
Casimer,M,9
Cloyd,M,9
Collin,M,9
Colonel,M,9
Craig,M,9
Darrell,M,9
Delmer,M,9
Eddy,M,9
Edith,M,9
Elige,M,9
Elliot,M,9
Enos,M,9
Enrique,M,9
Erich,M,9
Ernst,M,9
Evert,M,9
Fabian,M,9
Ferris,M,9
Fitzhugh,M,9
Gail,M,9
Gary,M,9
Gorge,M,9
Harvie,M,9
Hester,M,9
Hosie,M,9
Hudson,M,9
Irene,M,9
Jennie,M,9
June,M,9
Lauren,M,9
Lupe,M,9
Martha,M,9
Mathias,M,9
Mearl,M,9
Milburn,M,9
Newell,M,9
Newt,M,9
Nora,M,9
Oswald,M,9
Ozie,M,9
Paris,M,9
Pinkney,M,9
Pleasant,M,9
Rush,M,9
Salvador,M,9
Santos,M,9
Schuyler,M,9
Shedrick,M,9
Shelley,M,9
Shellie,M,9
Spurgeon,M,9
Wellington,M,9
Wilfrid,M,9
Zollie,M,9
Ace,M,8
Adolf,M,8
Agnes,M,8
Alf,M,8
Alice,M,8
Almon,M,8
Arley,M,8
Arturo,M,8
Arvel,M,8
Beverly,M,8
Brice,M,8
Byrd,M,8
Ceasar,M,8
Cora,M,8
Doctor,M,8
Donovan,M,8
Dorothy,M,8
Drew,M,8
Elden,M,8
Elvis,M,8
Ephraim,M,8
Essie,M,8
Eva,M,8
Felton,M,8
Finley,M,8
Fleming,M,8
Gaylord,M,8
Gerhard,M,8
Gertrude,M,8
Heber,M,8
Hillard,M,8
Holly,M,8
Hughie,M,8
Huston,M,8
Iva,M,8
Ivey,M,8
Jacques,M,8
Jarvis,M,8
Knox,M,8
Lance,M,8
Lawerence,M,8
Lea,M,8
Levie,M,8
Lonzie,M,8
Lucille,M,8
Lum,M,8
Mabel,M,8
Maceo,M,8
Manley,M,8
Marian,M,8
Mariano,M,8
Merlin,M,8
Minor,M,8
Nels,M,8
Norton,M,8
Norwood,M,8
Olaf,M,8
Olie,M,8
Oneal,M,8
Orange,M,8
Ottis,M,8
Owens,M,8
Park,M,8
Raphael,M,8
Rayfield,M,8
Reid,M,8
Rich,M,8
Rogers,M,8
Romeo,M,8
Selmer,M,8
Shafter,M,8
Shelly,M,8
Sinclair,M,8
Solon,M,8
Stonewall,M,8
Terrell,M,8
Theron,M,8
Volney,M,8
Woodrow,M,8
Yancy,M,8
Young,M,8
Zeb,M,8
Adelbert,M,7
Ananias,M,7
Arlington,M,7
Arron,M,7
Author,M,7
Authur,M,7
Bayard,M,7
Belford,M,7
Benjaman,M,7
Bertrand,M,7
Beulah,M,7
Bobby,M,7
Caesar,M,7
Casimir,M,7
Cephus,M,7
Christy,M,7
Claire,M,7
Clemon,M,7
Cordie,M,7
Danny,M,7
Darrel,M,7
Dayton,M,7
Denny,M,7
Denzil,M,7
Dessie,M,7
Donnie,M,7
Eligha,M,7
Elihu,M,7
Ellery,M,7
Ely,M,7
Emit,M,7
Esau,M,7
Ester,M,7
Evelyn,M,7
Ewald,M,7
Ezell,M,7
Frazier,M,7
Fredie,M,7
Gaines,M,7
Galen,M,7
Garnet,M,7
Gayle,M,7
Georgia,M,7
Griffin,M,7
Gussie,M,7
Harper,M,7
Hattie,M,7
Hayward,M,7
Hebert,M,7
Heyward,M,7
Hilbert,M,7
Hilton,M,7
Hoke,M,7
Hosey,M,7
Humbert,M,7
Ignacio,M,7
Isreal,M,7
Jethro,M,7
Jhon,M,7
Johny,M,7
Josiah,M,7
Kay,M,7
Ken,M,7
Kyle,M,7
Landon,M,7
Laura,M,7
Lawton,M,7
Lawyer,M,7
Lazarus,M,7
Lew,M,7
Librado,M,7
Lim,M,7
Linnie,M,7
Lorin,M,7
Love,M,7
Lovell,M,7
Lowry,M,7
Loyal,M,7
Luciano,M,7
Mace,M,7
Manny,M,7
Mathis,M,7
Maxie,M,7
Merritt,M,7
Nickolas,M,7
Octave,M,7
Olive,M,7
Orion,M,7
Ozzie,M,7
Pascal,M,7
Pearlie,M,7
Percival,M,7
Phill,M,7
Prentice,M,7
Robinson,M,7
Roe,M,7
Roma,M,7
Ruel,M,7
Sammy,M,7
Shelton,M,7
Thos,M,7
Todd,M,7
Tomie,M,7
Trinidad,M,7
Val,M,7
Virgle,M,7
Waymon,M,7
Whitney,M,7
Willam,M,7
Woody,M,7
Wright,M,7
Zenas,M,7
Acy,M,6
Adelard,M,6
Alberta,M,6
Alcide,M,6
Alejandro,M,6
Algie,M,6
Alonza,M,6
Alpha,M,6
Angel,M,6
Anson,M,6
Antony,M,6
Arvin,M,6
Asberry,M,6
Ashton,M,6
Audie,M,6
Augusta,M,6
Azel,M,6
Babe,M,6
Bobbie,M,6
Bonifacio,M,6
Boss,M,6
Burke,M,6
Burr,M,6
Carlo,M,6
Carlyle,M,6
Carol,M,6
Carrie,M,6
Cephas,M,6
Charls,M,6
Chin,M,6
Clearence,M,6
Clovis,M,6
Cole,M,6
Coley,M,6
Comer,M,6
Cooper,M,6
Corbett,M,6
Corwin,M,6
Dempsey,M,6
Dollie,M,6
Dolphus,M,6
Douglass,M,6
Duane,M,6
Ebbie,M,6
Eben,M,6
Edson,M,6
Elroy,M,6
Elsworth,M,6
Emitt,M,6
Erving,M,6
Esker,M,6
Esther,M,6
Estill,M,6
Eugenio,M,6
Evertt,M,6
Federico,M,6
Ferdie,M,6
Finis,M,6
Fong,M,6
Fulton,M,6
Gardner,M,6
Genie,M,6
Governor,M,6
Guillermo,M,6
Hanson,M,6
Hardie,M,6
Hartley,M,6
Harve,M,6
Harvy,M,6
Haskell,M,6
Hazen,M,6
Horatio,M,6
Hurbert,M,6
Hurley,M,6
Iley,M,6
Jamie,M,6
Jeffie,M,6
Jones,M,6
Josef,M,6
Josephine,M,6
Julia,M,6
Kermit,M,6
Lacey,M,6
Lavern,M,6
Leamon,M,6
Leighton,M,6
Lem,M,6
Lemar,M,6
Lennie,M,6
Letcher,M,6
Lilburn,M,6
Linus,M,6
Loney,M,6
Lonza,M,6
Lorn,M,6
Lue,M,6
Lynwood,M,6
Mahlon,M,6
Mallie,M,6
Manford,M,6
Mat,M,6
Mattie,M,6
Meredith,M,6
Merton,M,6
Mills,M,6
Mortimer,M,6
Murl,M,6
Murrell,M,6
Nevin,M,6
Oakley,M,6
Oda,M,6
Onie,M,6
Onnie,M,6
Orla,M,6
Osborne,M,6
Perley,M,6
Raoul,M,6
Rayford,M,6
Reece,M,6
Reinhold,M,6
Rosario,M,6
Samson,M,6
Silvester,M,6
Simmie,M,6
Sims,M,6
Stacy,M,6
Stella,M,6
Sumner,M,6
Susie,M,6
Sylvanus,M,6
Toy,M,6
Tully,M,6
Vicente,M,6
Vito,M,6
Wardell,M,6
Waymond,M,6
Wells,M,6
Welton,M,6
Werner,M,6
Wess,M,6
Weston,M,6
Willian,M,6
Williard,M,6
Winford,M,6
Winslow,M,6
Woodson,M,6
Yee,M,6
Zachary,M,6
Abron,M,5
Agustus,M,5
Albertus,M,5
Albino,M,5
Alfons,M,5
Algot,M,5
Aloys,M,5
Alphonsus,M,5
Alto,M,5
Andres,M,5
Anne,M,5
Ansel,M,5
Arnett,M,5
Asbury,M,5
Ashley,M,5
Augustin,M,5
Baker,M,5
Ballard,M,5
Barnett,M,5
Bartholomew,M,5
Belton,M,5
Benjamine,M,5
Bernhard,M,5
Bethel,M,5
Blaine,M,5
Blake,M,5
Bluford,M,5
Boy,M,5
Braxton,M,5
Broadus,M,5
Bruster,M,5
Brutus,M,5
Bub,M,5
Bubber,M,5
Burney,M,5
Cap,M,5
Carlie,M,5
Cass,M,5
Catherine,M,5
Champ,M,5
Chandler,M,5
Claudia,M,5
Cleave,M,5
Clemens,M,5
Cline,M,5
Clive,M,5
Curry,M,5
Darwin,M,5
Dawson,M,5
Dolph,M,5
Donato,M,5
Dora,M,5
Doris,M,5
Ebb,M,5
Edger,M,5
Edison,M,5
Edmon,M,5
Einar,M,5
Elbridge,M,5
Elex,M,5
Elgin,M,5
Elizah,M,5
Ellwood,M,5
Elva,M,5
Elver,M,5
Elvie,M,5
Elzear,M,5
Emmanuel,M,5
Erastus,M,5
Erskine,M,5
Eustace,M,5
Evie,M,5
Ewing,M,5
Fannie,M,5
Fenton,M,5
Ferd,M,5
Fernand,M,5
Festus,M,5
Florencio,M,5
Fordyce,M,5
Gaither,M,5
Garret,M,5
Geoffrey,M,5
Gifford,M,5
Gillis,M,5
Girard,M,5
Glover,M,5
Gobel,M,5
Goble,M,5
Goldie,M,5
Halsey,M,5
Henri,M,5
Herald,M,5
Herschell,M,5
Hilario,M,5
Hilmer,M,5
Humphrey,M,5
Isidor,M,5
Ivo,M,5
Joeseph,M,5
Joyce,M,5
Kennie,M,5
Kent,M,5
Kinnie,M,5
Kirk,M,5
Larue,M,5
Lenord,M,5
Leory,M,5
Les,M,5
Lewie,M,5
Lillard,M,5
Linzy,M,5
London,M,5
Lucy,M,5
Lugene,M,5
Luigi,M,5
Maggie,M,5
Malachi,M,5
Man,M,5
Manning,M,5
Marcelino,M,5
March,M,5
Mario,M,5
Maude,M,5
May,M,5
Mont,M,5
Montie,M,5
Monty,M,5
Myrl,M,5
Neely,M,5
Nell,M,5
Newman,M,5
Nicolas,M,5
Niles,M,5
Nolen,M,5
Okey,M,5
Ola,M,5
Orris,M,5
Orvis,M,5
Ott,M,5
Ottie,M,5
Overton,M,5
Page,M,5
Payne,M,5
Pet,M,5
Ples,M,5
Prentiss,M,5
Presley,M,5
Purvis,M,5
Quentin,M,5
Rachel,M,5
Radford,M,5
Randle,M,5
Refugio,M,5
Regis,M,5
Rexford,M,5
Reyes,M,5
Robt,M,5
Roby,M,5
Rodger,M,5
Rome,M,5
Rosa,M,5
Rosendo,M,5
Royden,M,5
Sallie,M,5
Samual,M,5
Sarah,M,5
Sid,M,5
Sie,M,5
Sigmund,M,5
Smiley,M,5
Stanislaus,M,5
Steward,M,5
Sunny,M,5
Teddie,M,5
Terrence,M,5
Theresa,M,5
Tip,M,5
Tobias,M,5
Toby,M,5
Tolbert,M,5
Tollie,M,5
Vergil,M,5
Vernard,M,5
Versie,M,5
Vincenzo,M,5
Viola,M,5
Virgie,M,5
Vollie,M,5
Weaver,M,5
Wert,M,5
Whit,M,5
White,M,5
Wilhelm,M,5
Winifred,M,5
Woodie,M,5
Zeno,M,5
