name,gender,count
Mary,F,9217
Anna,F,3860
Emma,F,2587
Elizabeth,F,2549
Minnie,F,2243
Margaret,F,2142
Ida,F,1882
Clara,F,1852
Bertha,F,1789
Annie,F,1739
Alice,F,1732
Florence,F,1570
Grace,F,1525
Sarah,F,1518
Bessie,F,1451
Martha,F,1443
Nellie,F,1417
Ethel,F,1386
Ella,F,1374
Mabel,F,1270
Laura,F,1246
Carrie,F,1245
Cora,F,1244
Maude,F,1225
Pearl,F,1138
Lillian,F,1109
Edith,F,1104
Gertrude,F,1063
Jennie,F,1063
Rose,F,1060
Mattie,F,1007
Hattie,F,993
Helen,F,986
Myrtle,F,979
Louise,F,962
Edna,F,957
Julia,F,935
Eva,F,929
Lula,F,916
Lillie,F,911
Lena,F,906
Jessie,F,888
Catherine,F,874
Ada,F,854
Josephine,F,800
Frances,F,789
Lucy,F,787
Maggie,F,749
Marie,F,746
Fannie,F,738
Dora,F,720
Blanche,F,711
Agnes,F,703
Daisy,F,685
Katherine,F,671
Nora,F,648
Mamie,F,609
Rosa,F,607
Ellen,F,597
Stella,F,584
May,F,564
Effie,F,558
Elsie,F,549
Mae,F,542
Della,F,541
Lizzie,F,523
Nettie,F,522
Nancy,F,520
Sallie,F,494
Alma,F,480
Sadie,F,466
Maud,F,461
Susie,F,455
Ruth,F,442
Etta,F,423
Lottie,F,397
Flora,F,393
Caroline,F,380
Mollie,F,374
Lydia,F,369
Emily,F,364
Viola,F,362
Katie,F,360
Olive,F,360
Addie,F,356
Charlotte,F,344
Kate,F,344
Kathryn,F,344
Lulu,F,344
Georgia,F,341
Harriet,F,339
Amanda,F,337
Willie,F,332
Susan,F,326
Irene,F,324
Amelia,F,315
Nannie,F,314
Jane,F,295
Esther,F,291
Belle,F,286
Eliza,F,280
Rebecca,F,278
Hannah,F,275
Ollie,F,275
Virginia,F,263
Ora,F,251
Mildred,F,247
Matilda,F,244
Ruby,F,244
Anne,F,242
Henrietta,F,240
Theresa,F,240
Beulah,F,233
Pauline,F,230
Rachel,F,230
Estella,F,222
Augusta,F,217
Ann,F,214
Iva,F,213
Lela,F,213
Leona,F,210
Hazel,F,209
Amy,F,205
Eleanor,F,198
Josie,F,198
Lola,F,197
Sara,F,197
Barbara,F,193
Maria,F,190
Mayme,F,190
Nina,F,187
Estelle,F,182
Marion,F,181
Evelyn,F,170
Sophia,F,170
Beatrice,F,167
Dorothy,F,163
Callie,F,161
Luella,F,158
Rosie,F,152
Allie,F,148
Essie,F,148
Inez,F,148
Louisa,F,147
Lou,F,146
Winifred,F,146
Delia,F,145
Tillie,F,145
Betty,F,144
Millie,F,144
Alta,F,140
Mable,F,139
Goldie,F,135
Ina,F,134
Christine,F,129
Birdie,F,128
Hilda,F,125
Victoria,F,124
Celia,F,122
Janie,F,122
Ola,F,121
Nell,F,120
Sophie,F,120
Bettie,F,118
Isabelle,F,115
Adeline,F,112
Eunice,F,112
Eula,F,111
Cecelia,F,109
Bess,F,105
Harriett,F,105
Hettie,F,105
Jean,F,103
Leila,F,103
Alberta,F,102
Isabel,F,102
Lelia,F,102
Roxie,F,100
Bertie,F,99
Olga,F,99
Abbie,F,98
Adelaide,F,98
Myra,F,98
Marguerite,F,95
Mathilda,F,95
Sally,F,95
Cornelia,F,94
Loretta,F,94
Lucille,F,94
Rena,F,94
Dollie,F,93
Rhoda,F,93
Gladys,F,92
Nelle,F,92
Sue,F,92
Winnie,F,92
Vera,F,91
Genevieve,F,89
Sylvia,F,87
Verna,F,87
Helena,F,86
Hulda,F,86
Katharine,F,86
Lucinda,F,86
Frieda,F,85
Hester,F,85
Lois,F,84
Bernice,F,83
Christina,F,83
Elva,F,81
Violet,F,81
Leah,F,79
Teresa,F,78
Virgie,F,78
Wilhelmina,F,77
Isabella,F,76
Meta,F,76
Carolyn,F,75
Phoebe,F,75
Linnie,F,74
Jeanette,F,73
Johanna,F,73
Lenora,F,73
Lila,F,73
Lura,F,73
Minerva,F,73
Lettie,F,72
Lora,F,72
Adele,F,71
Flossie,F,70
Myrtie,F,70
Hallie,F,69
Regina,F,67
Belva,F,66
Fanny,F,66
Mittie,F,66
Gertie,F,65
Elnora,F,64
Cecilia,F,63
Geneva,F,63
Jeannette,F,63
Lilly,F,63
Selma,F,63
Zella,F,63
Gussie,F,62
Irma,F,62
Dessie,F,61
Freda,F,61
Marian,F,61
Naomi,F,61
Ophelia,F,61
Lily,F,60
Cynthia,F,59
Elma,F,59
Leola,F,59
Madge,F,59
Cordelia,F,58
Zora,F,58
Lida,F,57
Dovie,F,56
Francis,F,56
Mina,F,56
Lucile,F,55
Malinda,F,55
Roberta,F,55
Mabelle,F,54
Olivia,F,54
Alvina,F,53
Emilie,F,53
Erma,F,53
Rosalie,F,53
Louella,F,52
Elsa,F,51
Madeline,F,51
Bell,F,50
Claudia,F,50
Lee,F,48
Letha,F,48
Melissa,F,48
Orpha,F,48
Polly,F,48
Ivy,F,47
Sudie,F,47
Rosetta,F,46
Cassie,F,45
Georgie,F,45
Lessie,F,45
Marjorie,F,45
Miriam,F,45
Lina,F,44
Pearle,F,44
Tennie,F,44
Blanch,F,43
June,F,43
Catharine,F,42
Eugenia,F,42
Frankie,F,42
Mertie,F,42
Norma,F,42
Oma,F,42
Vina,F,42
Juanita,F,41
Lorena,F,41
Annette,F,40
Dorothea,F,40
Fern,F,40
George,F,40
Janet,F,40
John,F,40
Kittie,F,40
Mandy,F,40
Neva,F,40
Ona,F,40
Priscilla,F,40
Corinne,F,39
Elvira,F,39
Fay,F,39
Leota,F,39
Lyda,F,39
Clare,F,38
Floy,F,38
Adelia,F,37
Artie,F,37
Bridget,F,37
Margie,F,37
Anita,F,36
Chloe,F,36
Dolly,F,36
Lilla,F,36
Savannah,F,36
Angeline,F,35
Antoinette,F,35
Eda,F,35
Isabell,F,35
Maudie,F,35
Susanna,F,35
Dona,F,34
Nola,F,34
Tena,F,34
William,F,34
Adah,F,33
Claire,F,33
James,F,33
Johnnie,F,33
Linda,F,33
Vesta,F,33
Vinnie,F,33
Vivian,F,33
Angie,F,32
Ava,F,32
Bonnie,F,32
Elisabeth,F,32
Jimmie,F,32
Lennie,F,32
Margret,F,32
Molly,F,32
Vida,F,32
Bella,F,31
Charity,F,31
Gracie,F,31
Julie,F,31
Lue,F,31
Magdalena,F,31
Melvina,F,31
Zoe,F,31
Antonia,F,30
Cleo,F,30
Almeda,F,29
Cecile,F,29
Constance,F,29
Ernestine,F,29
Ila,F,29
Lona,F,29
Mazie,F,29
Octavia,F,29
Zelma,F,29
Berta,F,28
Elise,F,28
Ellie,F,28
Hilma,F,28
Nona,F,28
Opal,F,28
Pattie,F,28
Veronica,F,28
Alpha,F,27
Dixie,F,27
Kathleen,F,27
Rosella,F,27
Vallie,F,27
Zula,F,27
Besse,F,26
Helene,F,26
Leora,F,26
Lucretia,F,26
Matie,F,26
Sena,F,26
Tessie,F,26
Audrey,F,25
Cordie,F,25
Eddie,F,25
Georgianna,F,25
Iola,F,25
Maybelle,F,25
Nan,F,25
Pansy,F,25
Pearlie,F,25
Pinkie,F,25
Rilla,F,25
Albina,F,24
Dena,F,24
Docia,F,24
Joanna,F,24
Marietta,F,24
Rita,F,24
Tina,F,24
Doris,F,23
Erna,F,23
Evie,F,23
Faye,F,23
Georgiana,F,23
Jannie,F,23
Missouri,F,23
Rae,F,23
Una,F,23
Altha,F,22
Cecil,F,22
Clemmie,F,22
Clyde,F,22
Donna,F,22
Idella,F,22
Leta,F,22
Lilian,F,22
Lucia,F,22
Lucie,F,22
Myrta,F,22
Ocie,F,22
Ray,F,22
Aurelia,F,21
Elmira,F,21
Frank,F,21
Hanna,F,21
Kathrine,F,21
Leonora,F,21
Mariah,F,21
Muriel,F,21
Patsy,F,21
Retta,F,21
Vada,F,21
Adaline,F,20
Angela,F,20
Edythe,F,20
Emmie,F,20
Eugenie,F,20
India,F,20
Ione,F,20
Lavina,F,20
Lavinia,F,20
Letitia,F,20
Libbie,F,20
Marcia,F,20
Rosanna,F,20
Viva,F,20
Avis,F,19
Betsy,F,19
Charles,F,19
Daisie,F,19
Eloise,F,19
Hedwig,F,19
Judith,F,19
Lenna,F,19
Louie,F,19
Mellie,F,19
Minna,F,19
Nella,F,19
Reba,F,19
Rowena,F,19
Sina,F,19
Sophronia,F,19
Adda,F,18
Agatha,F,18
Ara,F,18
Clarice,F,18
Clarissa,F,18
Corrie,F,18
Emeline,F,18
Florida,F,18
Geraldine,F,18
Golda,F,18
Inga,F,18
Jeanne,F,18
Liza,F,18
Luna,F,18
Marcella,F,18
Mathilde,F,18
Mona,F,18
Odessa,F,18
Queenie,F,18
Shirley,F,18
Tempie,F,18
Velma,F,18
Alda,F,17
Anastasia,F,17
Angelina,F,17
Bennie,F,17
Cathrine,F,17
Connie,F,17
Delilah,F,17
Elizebeth,F,17
Hortense,F,17
Iona,F,17
Ira,F,17
Jenny,F,17
Lotta,F,17
Loula,F,17
Mame,F,17
Manda,F,17
Onie,F,17
Tilda,F,17
Wilma,F,17
Adella,F,16
Camilla,F,16
Claudie,F,16
Clementine,F,16
Donie,F,16
Easter,F,16
Etha,F,16
Ethyl,F,16
Ettie,F,16
Harriette,F,16
Jettie,F,16
Kitty,F,16
Lutie,F,16
Mallie,F,16
Merle,F,16
Metta,F,16
Minta,F,16
Phyllis,F,16
Samantha,F,16
Theo,F,16
Willa,F,16
Aimee,F,15
Aline,F,15
Almira,F,15
Celeste,F,15
Celestine,F,15
Diana,F,15
Emmer,F,15
Era,F,15
Eulalia,F,15
Harry,F,15
Lea,F,15
Leslie,F,15
Margaretta,F,15
Nita,F,15
Rosina,F,15
Amalia,F,14
Annabelle,F,14
Anner,F,14
Arrie,F,14
Beryl,F,14
Carmen,F,14
Dorcas,F,14
Effa,F,14
Elda,F,14
Eleanora,F,14
Esta,F,14
Hope,F,14
Huldah,F,14
Icy,F,14
Iris,F,14
Jesse,F,14
Jessica,F,14
Lovie,F,14
Madeleine,F,14
Mintie,F,14
Nanie,F,14
Queen,F,14
Salome,F,14
Tennessee,F,14
Verda,F,14
Verdie,F,14
Zola,F,14
Abigail,F,13
Althea,F,13
Ana,F,13
Arminta,F,13
Aura,F,13
Carolina,F,13
Clora,F,13
Corine,F,13
Deborah,F,13
Dolores,F,13
Elinor,F,13
Emilia,F,13
Ena,F,13
Estell,F,13
Ester,F,13
Evaline,F,13
Evalyn,F,13
Guadalupe,F,13
Juliet,F,13
Katheryn,F,13
Lenore,F,13
Lular,F,13
Mahala,F,13
Malissa,F,13
Maye,F,13
Nelia,F,13
Rhea,F,13
Tiny,F,13
Vernie,F,13
Wilhelmine,F,13
Zoa,F,13
America,F,12
Avie,F,12
Carlotta,F,12
Corda,F,12
Dicie,F,12
Emelia,F,12
Erie,F,12
Evangeline,F,12
Felicia,F,12
Frona,F,12
Fronie,F,12
Isa,F,12
Joe,F,12
Lelah,F,12
Leone,F,12
Ludie,F,12
Luvenia,F,12
Magdalen,F,12
Meda,F,12
Norah,F,12
Paula,F,12
Paulina,F,12
Pollie,F,12
Sula,F,12
Therese,F,12
Theresia,F,12
Adela,F,11
Alvena,F,11
Annabel,F,11
Aurora,F,11
Christena,F,11
Crystal,F,11
Dell,F,11
Donnie,F,11
Dorthea,F,11
Doshie,F,11
Edyth,F,11
Eldora,F,11
Elenor,F,11
Ethelyn,F,11
Eve,F,11
Fleta,F,11
Gusta,F,11
Henry,F,11
Hermina,F,11
Icie,F,11
Ivah,F,11
Joan,F,11
Johannah,F,11
Johnie,F,11
Manie,F,11
Margarita,F,11
Margery,F,11
Maybell,F,11
Maymie,F,11
Mettie,F,11
Natalie,F,11
Oda,F,11
Paralee,F,11
Roena,F,11
Rubie,F,11
Selena,F,11
Selina,F,11
Sidney,F,11
Tommie,F,11
Vella,F,11
Vena,F,11
Wanda,F,11
Winnifred,F,11
Zada,F,11
Zena,F,11
Zita,F,11
Aileen,F,10
Albertha,F,10
Aletha,F,10
Bernadine,F,10
Calla,F,10
Capitola,F,10
Clarinda,F,10
Cordia,F,10
Dana,F,10
Delphia,F,10
Elena,F,10
Elisa,F,10
Elmina,F,10
Flavia,F,10
Fred,F,10
Gena,F,10
Hassie,F,10
Hetty,F,10
Jeanie,F,10
Juana,F,10
Juliette,F,10
Kattie,F,10
Lauretta,F,10
Lavada,F,10
Leatha,F,10
Liddie,F,10
Malvina,F,10
Manuela,F,10
Milly,F,10
Mirtie,F,10
Odelia,F,10
Osie,F,10
Ottilie,F,10
Phebe,F,10
Philomena,F,10
Pluma,F,10
Rella,F,10
Ruie,F,10
Thea,F,10
Thomas,F,10
Tressa,F,10
Tressie,F,10
Venie,F,10
Vira,F,10
Zetta,F,10
Adell,F,9
Adline,F,9
Aggie,F,9
Agusta,F,9
Alva,F,9
Alverta,F,9
Annetta,F,9
Arie,F,9
Bama,F,9
Carry,F,9
Cathryn,F,9
Celestia,F,9
Celina,F,9
Claribel,F,9
Cleva,F,9
Coral,F,9
Debbie,F,9
Delphine,F,9
Dinah,F,9
Dosha,F,9
Dottie,F,9
Dove,F,9
Edward,F,9
Edwina,F,9
Eveline,F,9
Florrie,F,9
Gennie,F,9
Glenna,F,9
Glennie,F,9
Helga,F,9
Henriette,F,9
Isadora,F,9
Jemima,F,9
Jodie,F,9
Josefa,F,9
Joseph,F,9
Kathryne,F,9
Kizzie,F,9
Leda,F,9
Leva,F,9
Lorraine,F,9
Magdalene,F,9
Maxie,F,9
Mima,F,9
Missie,F,9
Neta,F,9
Nevada,F,9
Ossie,F,9
Ottilia,F,9
Peggy,F,9
Petra,F,9
Sadye,F,9
Serena,F,9
Tinnie,F,9
Ursula,F,9
Valeria,F,9
Veda,F,9
Vennie,F,9
Veva,F,9
Wilda,F,9
Zadie,F,9
Zettie,F,9
Albertine,F,8
Annis,F,8
Arlie,F,8
Arminda,F,8
Berdie,F,8
Caddie,F,8
Cara,F,8
Carol,F,8
Clevie,F,8
Corrine,F,8
Dee,F,8
Dellar,F,8
Dellie,F,8
Delma,F,8
Delta,F,8
Eleanore,F,8
Elvina,F,8
Emmaline,F,8
Etna,F,8
Eulah,F,8
Euphemia,F,8
Ferne,F,8
Gail,F,8
Golden,F,8
Grayce,F,8
Laurie,F,8
Leanna,F,8
Lelar,F,8
Leonie,F,8
Letta,F,8
Lissie,F,8
Lockie,F,8
Loretto,F,8
Lovina,F,8
Madie,F,8
Maebelle,F,8
Magnolia,F,8
Martina,F,8
Maxine,F,8
Miranda,F,8
Monica,F,8
Nealie,F,8
Nena,F,8
Osa,F,8
Ottie,F,8
Parthenia,F,8
Pearly,F,8
Prudence,F,8
Roma,F,8
Sabina,F,8
Sada,F,8
Savanah,F,8
Savilla,F,8
Susannah,F,8
Valerie,F,8
Verne,F,8
Violetta,F,8
Zona,F,8
Adelina,F,7
Alida,F,7
Alzina,F,7
Amie,F,7
Ammie,F,7
Andrea,F,7
Annice,F,7
Araminta,F,7
Arta,F,7
Arthur,F,7
Arvilla,F,7
Beda,F,7
Birtie,F,7
Byrd,F,7
Camille,F,7
Candace,F,7
Charlie,F,7
Charlotta,F,7
Cherry,F,7
Clarabelle,F,7
Clifford,F,7
Delfina,F,7
Electa,F,7
Emelie,F,7
Eudora,F,7
Fairy,F,7
Fleda,F,7
Flo,F,7
Francisca,F,7
Freddie,F,7
Garnet,F,7
Genie,F,7
Georgeanna,F,7
Georgina,F,7
Goldia,F,7
Grover,F,7
Honora,F,7
Jo,F,7
Jonnie,F,7
Jossie,F,7
Laila,F,7
Leala,F,7
Lella,F,7
Lilah,F,7
Lonie,F,7
Louetta,F,7
Louvenia,F,7
Luetta,F,7
Lyla,F,7
Macie,F,7
Mammie,F,7
Melinda,F,7
Mercedes,F,7
Naoma,F,7
Nealy,F,7
Odie,F,7
Olivine,F,7
Orah,F,7
Patience,F,7
Rachael,F,7
Robert,F,7
Rosemary,F,7
Rosena,F,7
Rosy,F,7
Roxanna,F,7
Rutha,F,7
Sussie,F,7
Sybil,F,7
Texanna,F,7
Thelma,F,7
Theodocia,F,7
Theodosia,F,7
Tracy,F,7
Trinidad,F,7
Vassie,F,7
Vertie,F,7
Walter,F,7
Zelda,F,7
Zina,F,7
Abby,F,6
Amber,F,6
Annabell,F,6
Antonette,F,6
Ardella,F,6
Arley,F,6
Arra,F,6
Aurore,F,6
Becky,F,6
Bernadette,F,6
Beth,F,6
Birtha,F,6
Bobbie,F,6
Bulah,F,6
Byrdie,F,6
Cammie,F,6
Channie,F,6
Cyntha,F,6
Daisey,F,6
Dean,F,6
Dennie,F,6
Dessa,F,6
Dillie,F,6
Drusilla,F,6
Edmonia,F,6
Elenora,F,6
Eleonora,F,6
Ellar,F,6
Elvie,F,6
Ema,F,6
Faith,F,6
Freida,F,6
Fronia,F,6
Georganna,F,6
Glenn,F,6
Gretchen,F,6
Henretta,F,6
Hermine,F,6
Hessie,F,6
Izetta,F,6
Izora,F,6
Janette,F,6
Jewel,F,6
Jewell,F,6
Kathern,F,6
Lady,F,6
Lala,F,6
Laurel,F,6
Leana,F,6
Leland,F,6
Leo,F,6
Lilia,F,6
Loma,F,6
Loraine,F,6
Lorene,F,6
Louis,F,6
Luberta,F,6
Lurana,F,6
Margarett,F,6
Marianna,F,6
Marilla,F,6
Marinda,F,6
Mozelle,F,6
Myrtis,F,6
Nana,F,6
Netta,F,6
Ninnie,F,6
Norine,F,6
Olevia,F,6
Oney,F,6
Ova,F,6
Patricia,F,6
Permelia,F,6
Persis,F,6
Ramona,F,6
Rebekah,F,6
Retha,F,6
Rosalia,F,6
Rosey,F,6
Sammie,F,6
Senora,F,6
Silvia,F,6
Susanne,F,6
Sylvania,F,6
Tacy,F,6
Teckla,F,6
Telitha,F,6
Theodora,F,6
Vicie,F,6
Victorine,F,6
Viney,F,6
Winona,F,6
Zana,F,6
Zilpha,F,6
Adrienne,F,5
Albert,F,5
Albertina,F,5
Alexina,F,5
Allice,F,5
Almeta,F,5
Alverda,F,5
Amalie,F,5
Anabel,F,5
Arabella,F,5
Ardelia,F,5
Arvie,F,5
Attie,F,5
Audie,F,5
Auguste,F,5
Azelie,F,5
Beaulah,F,5
Berenice,F,5
Bert,F,5
Betsey,F,5
Biddie,F,5
Bina,F,5
Bitha,F,5
Bula,F,5
Byrde,F,5
Caldonia,F,5
Camelia,F,5
Carra,F,5
Cathern,F,5
Celie,F,5
Christie,F,5
Clarence,F,5
Cleora,F,5
Daisye,F,5
Damie,F,5
Darcus,F,5
Darthula,F,5
Delpha,F,5
Delsie,F,5
Dicy,F,5
Doshia,F,5
Drucilla,F,5
Eathel,F,5
Ednah,F,5
Elaine,F,5
Elfie,F,5
Elfrieda,F,5
Elia,F,5
Elodie,F,5
Else,F,5
Elzie,F,5
Ermine,F,5
Ethie,F,5
Ethlyn,F,5
Evelina,F,5
Fleeta,F,5
Fredericka,F,5
Gillie,F,5
Glen,F,5
Henryetta,F,5
Herma,F,5
Hila,F,5
Jamie,F,5
Janey,F,5
Jess,F,5
Judy,F,5
Justine,F,5
Katharina,F,5
Katy,F,5
Klara,F,5
Lavenia,F,5
Leontine,F,5
Letty,F,5
Libby,F,5
Lillia,F,5
Lisette,F,5
Littie,F,5
Lollie,F,5
Lonnie,F,5
Lovey,F,5
Lynda,F,5
Mag,F,5
Magdelena,F,5
Malissie,F,5
Mannie,F,5
Margarete,F,5
Margaretha,F,5
Martie,F,5
Media,F,5
Mercy,F,5
Millicent,F,5
Minda,F,5
Minie,F,5
Monnie,F,5
Mossie,F,5
Myrle,F,5
Nanna,F,5
Narcissa,F,5
Nathalie,F,5
Nelda,F,5
Nonie,F,5
Odile,F,5
Olie,F,5
Olinda,F,5
Oline,F,5
Oliva,F,5
Omah,F,5
Ota,F,5
Ovie,F,5
Ozella,F,5
Parthena,F,5
Paul,F,5
Pernie,F,5
Petronella,F,5
Pheobe,F,5
Philena,F,5
Ralph,F,5
Renna,F,5
Ressie,F,5
Rina,F,5
Rinda,F,5
Rissie,F,5
Robina,F,5
Rosamond,F,5
Roseanna,F,5
Rosia,F,5
Roxana,F,5
Roxy,F,5
Ruthie,F,5
Sabra,F,5
Salina,F,5
Sarepta,F,5
Sedonia,F,5
Sibbie,F,5
Siddie,F,5
Signe,F,5
Suzanne,F,5
Temple,F,5
Texas,F,5
Thekla,F,5
Thora,F,5
Tishia,F,5
Ula,F,5
Vannie,F,5
Vergie,F,5
Vinie,F,5
Weltha,F,5
Willena,F,5
Yetta,F,5
John,M,9388
William,M,8897
James,M,5693
George,M,4961
Charles,M,4802
Frank,M,3218
Joseph,M,2707
Thomas,M,2572
Henry,M,2474
Robert,M,2468
Edward,M,2439
Harry,M,2323
Walter,M,1902
Arthur,M,1690
Fred,M,1638
Albert,M,1435
Samuel,M,945
Clarence,M,889
Louis,M,886
Grover,M,802
David,M,761
Joe,M,759
Richard,M,749
Charlie,M,746
Ernest,M,690
Roy,M,680
Jesse,M,670
Will,M,650
Andrew,M,616
Oscar,M,615
Willie,M,578
Daniel,M,573
Sam,M,533
Peter,M,524
Elmer,M,523
Carl,M,521
Alfred,M,520
Benjamin,M,509
Lewis,M,476
Earl,M,464
Ralph,M,464
Frederick,M,454
Lee,M,435
Howard,M,432
Paul,M,422
Herbert,M,421
Tom,M,394
Herman,M,385
Martin,M,385
Jacob,M,381
Michael,M,373
Ben,M,367
Harvey,M,358
Claude,M,353
Jim,M,346
Clyde,M,345
Francis,M,340
Chester,M,338
Eugene,M,321
Ed,M,314
Edwin,M,308
Raymond,M,299
Charley,M,290
Edgar,M,290
Otto,M,288
Ira,M,284
Bert,M,280
Jack,M,274
Luther,M,273
Floyd,M,263
Lawrence,M,262
Guy,M,260
Hugh,M,246
Oliver,M,245
Isaac,M,243
Alexander,M,236
Ray,M,232
Patrick,M,222
Homer,M,216
August,M,213
Theodore,M,211
Archie,M,206
Leonard,M,206
Leo,M,192
Harold,M,191
Marion,M,184
Allen,M,182
Anthony,M,179
Eddie,M,179
Jessie,M,177
Emil,M,175
Cleveland,M,174
Stephen,M,165
Warren,M,164
Julius,M,162
Philip,M,161
Dave,M,159
Horace,M,154
Leroy,M,154
Dan,M,151
Willis,M,151
Clifford,M,150
Leon,M,150
Milton,M,150
Alex,M,148
Alvin,M,145
Sidney,M,142
Bernard,M,140
Calvin,M,139
Amos,M,137
Perry,M,135
Everett,M,134
Norman,M,130
Percy,M,126
Leslie,M,125
Jess,M,124
Victor,M,124
Lester,M,123
Lloyd,M,122
Jerry,M,121
Wesley,M,120
Mack,M,119
Gus,M,117
Matthew,M,117
Rufus,M,117
Maurice,M,115
Dennis,M,113
Alonzo,M,112
Jose,M,112
Jay,M,110
Ross,M,110
Earnest,M,109
Adolph,M,107
Otis,M,107
Russell,M,107
Stanley,M,105
Felix,M,102
Wallace,M,102
Clinton,M,101
Gilbert,M,100
Nathan,M,100
Aaron,M,97
Hiram,M,97
Mark,M,96
Melvin,M,95
Noah,M,94
Franklin,M,93
Jake,M,92
Roscoe,M,92
Levi,M,91
Owen,M,91
Elbert,M,90
Manuel,M,90
Nelson,M,89
Phillip,M,89
Willard,M,89
Cornelius,M,88
Lonnie,M,88
Marshall,M,88
Virgil,M,88
Fredrick,M,86
Irvin,M,86
Claud,M,85
Elijah,M,85
Simon,M,85
Mike,M,84
Adam,M,83
Emmett,M,83
Jasper,M,83
Silas,M,83
Bill,M,82
Reuben,M,82
Wilbur,M,82
Ollie,M,81
Pete,M,81
Irving,M,80
Max,M,80
Wiley,M,80
Morris,M,78
Wilson,M,78
Moses,M,77
Rudolph,M,77
Timothy,M,77
Ike,M,76
Jeff,M,74
Cecil,M,73
Curtis,M,73
Ellis,M,73
Harley,M,73
Marvin,M,73
Edmund,M,72
Austin,M,70
Clayton,M,69
Nicholas,M,69
Sherman,M,69
Christopher,M,68
Mose,M,68
Ora,M,68
Abraham,M,67
Eli,M,67
Sylvester,M,67
Dock,M,66
Steve,M,66
Augustus,M,65
Cleve,M,65
Anton,M,64
Harrison,M,63
Logan,M,63
Alva,M,62
Barney,M,62
Blaine,M,62
Pearl,M,62
Glenn,M,61
Hubert,M,61
Solomon,M,60
Donald,M,59
Gustave,M,58
Byron,M,57
Chris,M,57
Marcus,M,57
Joel,M,56
Juan,M,56
Millard,M,56
Monroe,M,56
Nathaniel,M,56
Scott,M,56
Andy,M,55
Clark,M,55
Ferdinand,M,55
Matt,M,55
Christian,M,54
Lon,M,54
Mathew,M,53
Orville,M,53
Bennie,M,51
Emery,M,51
Ervin,M,51
Vincent,M,51
Wade,M,51
Bob,M,50
Columbus,M,50
Edd,M,50
Vernon,M,50
Arnold,M,49
Conrad,M,49
Preston,M,49
Anderson,M,48
Elias,M,48
Julian,M,48
Nick,M,48
Don,M,47
Glen,M,47
Riley,M,47
Delbert,M,46
Johnnie,M,46
Abe,M,45
Emanuel,M,44
Louie,M,44
Arch,M,43
Asa,M,43
Edmond,M,43
Ezra,M,43
Roland,M,43
Bud,M,42
Grant,M,41
Joshua,M,41
Newton,M,41
Tony,M,41
Bruce,M,40
Clifton,M,40
Chas,M,39
Elisha,M,39
Gordon,M,39
Jefferson,M,39
Luke,M,39
Miles,M,39
Roger,M,39
Burton,M,38
Earle,M,38
Emory,M,38
Jeremiah,M,38
Van,M,38
Ward,M,38
Cyrus,M,37
Dick,M,37
Jerome,M,37
Lyman,M,37
Ambrose,M,36
Douglas,M,36
Forrest,M,36
Gustav,M,36
Major,M,36
Mary,M,36
Neal,M,36
Jonas,M,35
Antonio,M,34
Irwin,M,34
Karl,M,34
Mitchell,M,34
Wayne,M,34
Abner,M,33
Forest,M,33
Jackson,M,33
Morgan,M,33
Wilfred,M,33
Benjiman,M,32
Clay,M,32
Clem,M,32
Nels,M,32
Omer,M,32
Royal,M,32
Sanford,M,32
Spencer,M,32
Green,M,31
Lemuel,M,31
Lucius,M,31
Winfield,M,31
Allan,M,30
Enoch,M,30
Garfield,M,30
Lorenzo,M,30
Loyd,M,30
Ole,M,30
Pedro,M,30
Abram,M,29
Archibald,M,29
Berry,M,29
Burt,M,29
Kenneth,M,29
Washington,M,29
Zack,M,29
Emile,M,28
Johnie,M,28
Napoleon,M,28
Ruben,M,28
Dee,M,27
Fletcher,M,27
Granville,M,27
Isom,M,27
Ivan,M,27
Josh,M,27
Lafayette,M,27
Lynn,M,27
Allie,M,26
Dudley,M,26
Elwood,M,26
Frederic,M,26
Hans,M,26
Jimmie,M,26
Pat,M,26
Wilbert,M,26
Emmet,M,25
General,M,25
Hal,M,25
Israel,M,25
Jason,M,25
Jean,M,25
Jordan,M,25
King,M,25
Boyd,M,24
Carey,M,24
Carroll,M,24
Elza,M,24
Freeman,M,24
Isiah,M,24
Laurence,M,24
Ned,M,24
Oren,M,24
Francisco,M,23
Isaiah,M,23
Neil,M,23
Sim,M,23
Ulysses,M,23
Wilber,M,23
Arther,M,22
Clement,M,22
Elliott,M,22
Evan,M,22
Josiah,M,22
Milo,M,22
Myron,M,22
Olin,M,22
Porter,M,22
Warner,M,22
Wm,M,22
Chauncey,M,21
Dwight,M,21
Gabriel,M,21
Harmon,M,21
Herschel,M,21
Jonathan,M,21
Judge,M,21
Leander,M,21
Rollie,M,21
Seth,M,21
Stewart,M,21
Taylor,M,21
Tommie,M,21
Alphonse,M,20
Anna,M,20
Carlton,M,20
Dewitt,M,20
Fay,M,20
Foster,M,20
Gust,M,20
Harris,M,20
Lucian,M,20
Lucious,M,20
Madison,M,20
Olaf,M,20
Pink,M,20
Raleigh,M,20
Sterling,M,20
Steven,M,20
Vern,M,20
Clarance,M,19
Dallas,M,19
Enos,M,19
Gerald,M,19
Hardy,M,19
Hosea,M,19
Judson,M,19
Loren,M,19
Merle,M,19
Orin,M,19
Phil,M,19
Sid,M,19
Simeon,M,19
Sol,M,19
Walker,M,19
Wash,M,19
West,M,19
Al,M,18
Aubrey,M,18
Benton,M,18
Billie,M,18
Clint,M,18
Ephriam,M,18
Florence,M,18
Hamilton,M,18
Larry,M,18
Malcolm,M,18
Noble,M,18
Norris,M,18
Rollin,M,18
Smith,M,18
Tomas,M,18
Valentine,M,18
Wilmer,M,18
Addison,M,17
Adelbert,M,17
Adolphus,M,17
Alford,M,17
Caleb,M,17
Erwin,M,17
Henderson,M,17
Hugo,M,17
Jules,M,17
Lafe,M,17
Lum,M,17
Mat,M,17
Micheal,M,17
Murray,M,17
Otho,M,17
Prince,M,17
Randolph,M,17
Rolland,M,17
Alton,M,16
Avery,M,16
Axel,M,16
Bertram,M,16
Dell,M,16
Elizabeth,M,16
Elzie,M,16
Frances,M,16
Fritz,M,16
Haywood,M,16
Issac,M,16
Junius,M,16
Merton,M,16
Minor,M,16
Orval,M,16
Reginald,M,16
Shelby,M,16
Tim,M,16
Webster,M,16
Wilford,M,16
Angus,M,15
Arlie,M,15
Beverly,M,15
Christ,M,15
Dorsey,M,15
Emerson,M,15
Fate,M,15
Garrett,M,15
Harve,M,15
Houston,M,15
Johnny,M,15
Lew,M,15
Pierce,M,15
Rupert,M,15
Truman,M,15
Winfred,M,15
Abel,M,14
Bascom,M,14
Casper,M,14
Coleman,M,14
Early,M,14
Elton,M,14
Elvin,M,14
Ernst,M,14
Giles,M,14
Harlan,M,14
Leland,M,14
Lonzo,M,14
Luis,M,14
Mason,M,14
Mervin,M,14
Rolla,M,14
Albin,M,13
Bennett,M,13
Bertie,M,13
Buck,M,13
Carlos,M,13
Carson,M,13
Carter,M,13
Clair,M,13
Cliff,M,13
Dean,M,13
Ezekiel,M,13
Guss,M,13
Johnson,M,13
Jones,M,13
Lige,M,13
Mathias,M,13
Orange,M,13
Orrin,M,13
Oswald,M,13
Ramon,M,13
Rex,M,13
Rodney,M,13
Simpson,M,13
Sydney,M,13
Vance,M,13
Wilburn,M,13
Wyatt,M,13
Alpha,M,12
Burley,M,12
Clara,M,12
Cloyd,M,12
Doctor,M,12
Ellsworth,M,12
Elmo,M,12
Ephraim,M,12
Eric,M,12
Garland,M,12
Henery,M,12
Howell,M,12
Ivory,M,12
Lem,M,12
Lyle,M,12
Mahlon,M,12
Noel,M,12
Orlando,M,12
Ransom,M,12
Rube,M,12
Squire,M,12
Thaddeus,M,12
Vivian,M,12
Aloysius,M,11
Alvah,M,11
Aron,M,11
Bart,M,11
Basil,M,11
Bishop,M,11
Burr,M,11
Buster,M,11
Cicero,M,11
Dana,M,11
Davis,M,11
Dexter,M,11
Elmore,M,11
Gene,M,11
Gustaf,M,11
Heber,M,11
Hector,M,11
Jesus,M,11
Jonah,M,11
Lawson,M,11
Lucien,M,11
Marcellus,M,11
Melville,M,11
Merrill,M,11
Milford,M,11
Morton,M,11
Odie,M,11
Oral,M,11
Pierre,M,11
Randall,M,11
Richmond,M,11
Ronald,M,11
Sandy,M,11
Shirley,M,11
Stuart,M,11
Tracy,M,11
Troy,M,11
Watson,M,11
Wendell,M,11
Willam,M,11
Williams,M,11
Young,M,11
Zeb,M,11
Angelo,M,10
Anson,M,10
Art,M,10
Artie,M,10
Asbury,M,10
Augustine,M,10
Benjamine,M,10
Buford,M,10
Clare,M,10
Crawford,M,10
Dale,M,10
Doc,M,10
Dolphus,M,10
Duncan,M,10
Eben,M,10
Emmitt,M,10
Erastus,M,10
Ethan,M,10
Evert,M,10
Fernando,M,10
Finley,M,10
Grace,M,10
Hampton,M,10
Hollis,M,10
Hudson,M,10
Joesph,M,10
June,M,10
Kelly,M,10
Len,M,10
Lenard,M,10
Linus,M,10
Lou,M,10
Margaret,M,10
Mortimer,M,10
Reese,M,10
Rush,M,10
Sampson,M,10
Seymour,M,10
Solon,M,10
Ted,M,10
Terry,M,10
Theadore,M,10
Tillman,M,10
Toney,M,10
Travis,M,10
Turner,M,10
Wellington,M,10
Wheeler,M,10
Willian,M,10
Wylie,M,10
Adrian,M,9
Alan,M,9
Alois,M,9
Bartholomew,M,9
Benjamen,M,9
Bertrand,M,9
Burl,M,9
Cary,M,9
Colonel,M,9
Connie,M,9
Cora,M,9
Cornelious,M,9
Emma,M,9
Ennis,M,9
Gideon,M,9
Godfrey,M,9
Hezekiah,M,9
Jens,M,9
Julious,M,9
Lindsay,M,9
Lindsey,M,9
Ludwig,M,9
Manley,M,9
Merritt,M,9
Miguel,M,9
Nellie,M,9
Oakley,M,9
Obie,M,9
Octave,M,9
Okey,M,9
Ottis,M,9
Pablo,M,9
Parker,M,9
Reed,M,9
Rich,M,9
Rubin,M,9
Sanders,M,9
Whitney,M,9
Addie,M,8
Almon,M,8
Alphonso,M,8
Alvie,M,8
Ammon,M,8
Arlington,M,8
Barry,M,8
Barton,M,8
Baxter,M,8
Bertha,M,8
Byrd,M,8
Callie,M,8
Creed,M,8
Donaciano,M,8
Drew,M,8
Festus,M,8
Finis,M,8
Freddie,M,8
Furman,M,8
Hamp,M,8
Harlow,M,8
Hayward,M,8
Hershel,M,8
Hoyt,M,8
Huston,M,8
Hyrum,M,8
Ida,M,8
Irven,M,8
Isadore,M,8
Ivy,M,8
Kirk,M,8
Lambert,M,8
Lonie,M,8
Loran,M,8
Love,M,8
Mannie,M,8
Maxwell,M,8
Mont,M,8
Nat,M,8
Newell,M,8
Ola,M,8
Oran,M,8
Paris,M,8
Perley,M,8
Pinkney,M,8
Rosco,M,8
Santiago,M,8
Son,M,8
Sumner,M,8
Theron,M,8
Thurman,M,8
Tobe,M,8
Tobias,M,8
Tollie,M,8
Verne,M,8
Vester,M,8
Vollie,M,8
Webb,M,8
Wilton,M,8
Woodie,M,8
Woodson,M,8
Woody,M,8
Wright,M,8
Adelard,M,7
Albion,M,7
Alcide,M,7
Alec,M,7
Alf,M,7
Allison,M,7
Alonza,M,7
Antone,M,7
Archer,M,7
Asberry,M,7
Auther,M,7
Benjaman,M,7
Bernhard,M,7
Berton,M,7
Billy,M,7
Bird,M,7
Bonnie,M,7
Bruno,M,7
Budd,M,7
Cameron,M,7
Catherine,M,7
Chancy,M,7
Collie,M,7
Commodore,M,7
Curley,M,7
Curt,M,7
Danial,M,7
Domingo,M,7
Ebenezer,M,7
Egbert,M,7
Elder,M,7
Elie,M,7
Eliga,M,7
Ellwood,M,7
Emilio,M,7
Emmit,M,7
Ethel,M,7
Ewald,M,7
Fayette,M,7
French,M,7
Gardner,M,7
Gaston,M,7
Griffin,M,7
Guadalupe,M,7
Hallie,M,7
Harper,M,7
Herb,M,7
Hermon,M,7
Hilliard,M,7
Humphrey,M,7
Isreal,M,7
Iva,M,7
Jarvis,M,7
Jimmy,M,7
Julia,M,7
Lacy,M,7
Levy,M,7
Mart,M,7
Melton,M,7
Nickolas,M,7
Nolan,M,7
Odell,M,7
Olie,M,7
Orla,M,7
Orley,M,7
Otha,M,7
Press,M,7
Price,M,7
Rollo,M,7
Ruffus,M,7
Sheldon,M,7
Shelton,M,7
Silvester,M,7
Stafford,M,7
Sullivan,M,7
Theo,M,7
Thornton,M,7
Thurston,M,7
Waldo,M,7
Wayman,M,7
Weldon,M,7
Wes,M,7
Winnie,M,7
Worth,M,7
Adolf,M,6
Alden,M,6
Algie,M,6
Almer,M,6
Alphonsus,M,6
Alvis,M,6
Ancel,M,6
Andres,M,6
Antoine,M,6
Armand,M,6
Ashley,M,6
Author,M,6
Bailey,M,6
Bernie,M,6
Booker,M,6
Boss,M,6
Brady,M,6
Brooks,M,6
Bryant,M,6
Burke,M,6
Burrel,M,6
Cal,M,6
Carleton,M,6
Cass,M,6
Cassius,M,6
Chesley,M,6
Cleo,M,6
Cleon,M,6
Dalton,M,6
Delmar,M,6
Denis,M,6
Dillard,M,6
Dora,M,6
Doss,M,6
Dozier,M,6
Ebb,M,6
Edna,M,6
Elbridge,M,6
Elden,M,6
Eldon,M,6
Eldridge,M,6
Eligah,M,6
Ella,M,6
Ellie,M,6
Elliot,M,6
Elroy,M,6
Elva,M,6
Emit,M,6
Fulton,M,6
Geo,M,6
Gerhard,M,6
Gottlieb,M,6
Graham,M,6
Handy,M,6
Helmer,M,6
Hill,M,6
Hillard,M,6
Hjalmer,M,6
Hubbard,M,6
Hunter,M,6
Hurley,M,6
Ignatz,M,6
Isham,M,6
Jarrett,M,6
Jewel,M,6
Joeseph,M,6
Jule,M,6
Juluis,M,6
Junious,M,6
Justin,M,6
Justus,M,6
Kelley,M,6
Landon,M,6
Larkin,M,6
Lawyer,M,6
Lillian,M,6
Linwood,M,6
Lionel,M,6
Lorenza,M,6
Malcom,M,6
Marlin,M,6
Maude,M,6
Miller,M,6
Miner,M,6
Moody,M,6
Myrtle,M,6
Namon,M,6
Newt,M,6
Ocie,M,6
Oda,M,6
Odin,M,6
Odis,M,6
Oley,M,6
Omar,M,6
Orie,M,6
Orson,M,6
Osborn,M,6
Osie,M,6
Ossie,M,6
Palmer,M,6
Percival,M,6
Pleasant,M,6
Prentice,M,6
Purl,M,6
Reece,M,6
Roby,M,6
Sarah,M,6
Seaborn,M,6
Shep,M,6
Simmie,M,6
Spurgeon,M,6
Stanislaus,M,6
Thad,M,6
Tilman,M,6
Titus,M,6
Tommy,M,6
Urban,M,6
Vander,M,6
Vicente,M,6
Watt,M,6
Whit,M,6
Wilhelm,M,6
Zollie,M,6
Abb,M,5
Ace,M,5
Aden,M,5
Ah,M,5
Aleck,M,5
Almond,M,5
Alpheus,M,5
Alvy,M,5
Bayard,M,5
Bedford,M,5
Bee,M,5
Beecher,M,5
Benny,M,5
Bessie,M,5
Birt,M,5
Blain,M,5
Blair,M,5
Boston,M,5
Bowman,M,5
Bunk,M,5
Burgess,M,5
Burrell,M,5
Butler,M,5
Carol,M,5
Carrie,M,5
Chalmers,M,5
Charly,M,5
Chin,M,5
Clell,M,5
Cody,M,5
Courtney,M,5
Crockett,M,5
Cyril,M,5
Darwin,M,5
Delos,M,5
Dink,M,5
Duke,M,5
Durward,M,5
Ebbie,M,5
Eddy,M,5
Edson,M,5
Elgie,M,5
Ellen,M,5
Ellery,M,5
Elwin,M,5
Erie,M,5
Ernie,M,5
Esau,M,5
Euclid,M,5
Eugenio,M,5
Ewing,M,5
Fannie,M,5
Farley,M,5
Felipe,M,5
Fern,M,5
Fielding,M,5
Fremont,M,5
Gabe,M,5
Garnett,M,5
Gary,M,5
Gentry,M,5
Georgia,M,5
Geroge,M,5
Gertrude,M,5
Gid,M,5
Gilford,M,5
Gill,M,5
Golden,M,5
Gregory,M,5
Gunder,M,5
Gussie,M,5
Gustavus,M,5
Harvy,M,5
Hervey,M,5
Holmes,M,5
Isac,M,5
Isidore,M,5
Iver,M,5
Jabe,M,5
Jabez,M,5
Jas,M,5
Jessee,M,5
Josephus,M,5
Judd,M,5
Lars,M,5
Lauren,M,5
Less,M,5
Lillie,M,5
Linn,M,5
Linzy,M,5
Little,M,5
Littleton,M,5
Lot,M,5
Louise,M,5
Loy,M,5
Luby,M,5
Lucas,M,5
Lytle,M,5
Man,M,5
Manning,M,5
Mansfield,M,5
Marcel,M,5
Marian,M,5
Maryland,M,5
Milburn,M,5
Monte,M,5
Murry,M,5
Needham,M,5
Norton,M,5
Obe,M,5
Osborne,M,5
Ottie,M,5
Overton,M,5
Peyton,M,5
Pleas,M,5
Pliny,M,5
Proctor,M,5
Prosper,M,5
Quince,M,5
Rafael,M,5
Reinhold,M,5
Rene,M,5
Reubin,M,5
Rob,M,5
Roderick,M,5
Rome,M,5
Rose,M,5
Roswell,M,5
Rowland,M,5
Russel,M,5
Sammie,M,5
Samual,M,5
Sebron,M,5
Severt,M,5
Stacy,M,5
Stanton,M,5
Teodoro,M,5
Theodor,M,5
Theophilus,M,5
Thos,M,5
Tilden,M,5
Toy,M,5
Tucker,M,5
Tyler,M,5
Vere,M,5
Volney,M,5
Waverly,M,5
Wayland,M,5
Wells,M,5
Weston,M,5
Williard,M,5
Willy,M,5
Winston,M,5
York,M,5
Zachariah,M,5
