name,gender,count
Mary,F,14406
Anna,F,5773
Helen,F,5230
Margaret,F,4696
Ruth,F,4249
Florence,F,3790
Elizabeth,F,3659
Ethel,F,3531
Marie,F,3435
Lillian,F,3061
Alice,F,2846
Edna,F,2813
Emma,F,2788
Clara,F,2731
Grace,F,2726
Bessie,F,2647
Bertha,F,2642
Annie,F,2470
Hazel,F,2439
Rose,F,2436
Minnie,F,2409
Frances,F,2379
Mabel,F,2331
Gertrude,F,2302
Martha,F,2184
Pearl,F,2158
Gladys,F,2136
Mildred,F,2101
Ida,F,2090
Myrtle,F,2090
Esther,F,2047
Edith,F,1981
Elsie,F,1919
Irene,F,1902
Eva,F,1823
Nellie,F,1810
Sarah,F,1800
Laura,F,1768
Ella,F,1715
Agnes,F,1708
Catherine,F,1705
Louise,F,1693
Dorothy,F,1671
Lillie,F,1522
Julia,F,1462
Josephine,F,1425
Carrie,F,1371
Hattie,F,1328
Lena,F,1320
Mattie,F,1314
Cora,F,1304
Alma,F,1299
Viola,F,1272
Blanche,F,1269
Jessie,F,1244
Mae,F,1239
Jennie,F,1194
Ruby,F,1191
Lucy,F,1144
Beatrice,F,1122
Fannie,F,1085
Marion,F,1085
Mamie,F,1084
Lula,F,1069
Stella,F,1062
Ada,F,1022
Maude,F,1009
Dora,F,929
Katherine,F,914
Pauline,F,900
Willie,F,878
Maggie,F,876
Vera,F,876
Nora,F,868
Rosa,F,841
Evelyn,F,836
Sadie,F,808
Virginia,F,801
Marguerite,F,800
Lucille,F,795
Ellen,F,786
Beulah,F,783
Effie,F,714
Daisy,F,712
Susie,F,702
May,F,696
Nettie,F,678
Lydia,F,677
Kathryn,F,671
Leona,F,665
Della,F,656
Georgia,F,654
Olive,F,644
Emily,F,628
Eleanor,F,620
Bernice,F,619
Hilda,F,610
Flora,F,607
Thelma,F,605
Sallie,F,598
Ann,F,593
Lottie,F,586
Lizzie,F,582
Katie,F,580
Charlotte,F,569
Nancy,F,546
Theresa,F,540
Lola,F,534
Anne,F,496
Harriet,F,491
Addie,F,481
Etta,F,479
Inez,F,479
Lois,F,466
Lela,F,459
Ollie,F,459
Marjorie,F,457
Loretta,F,454
Iva,F,451
Ora,F,447
Goldie,F,446
Caroline,F,441
Eunice,F,437
Henrietta,F,430
Doris,F,429
Betty,F,421
Violet,F,411
Estelle,F,410
Verna,F,410
Jane,F,406
Eula,F,400
Genevieve,F,391
Sylvia,F,391
Nina,F,383
Susan,F,382
Rebecca,F,376
Amanda,F,371
Rachel,F,367
Sara,F,362
Amelia,F,360
Nannie,F,359
Mollie,F,357
Mable,F,356
Matilda,F,349
Marian,F,343
Amy,F,341
Jean,F,341
Hannah,F,338
Madeline,F,337
Essie,F,336
Frieda,F,335
Velma,F,331
Lucile,F,330
Rosie,F,330
Maria,F,329
Olga,F,329
Ola,F,327
Flossie,F,320
Estella,F,319
Irma,F,319
Alta,F,317
Vivian,F,308
Kathleen,F,306
Barbara,F,304
Winnie,F,304
Alberta,F,302
Christine,F,302
Ina,F,297
Kate,F,297
Winifred,F,289
Victoria,F,276
Freda,F,273
Allie,F,271
Celia,F,265
Fern,F,265
Naomi,F,264
Maud,F,262
Opal,F,262
Elva,F,261
Luella,F,261
Eliza,F,259
Sophie,F,259
Belle,F,257
Isabel,F,252
Augusta,F,248
Nell,F,246
Norma,F,241
Erma,F,240
Sophia,F,240
Callie,F,235
Janie,F,235
Cecelia,F,229
Selma,F,229
Tillie,F,225
Isabelle,F,221
Geneva,F,220
Josie,F,219
Rena,F,218
Teresa,F,217
Veronica,F,216
Adeline,F,213
Cecilia,F,213
Lulu,F,209
Lila,F,208
Virgie,F,204
Sally,F,199
Anita,F,198
Millie,F,197
Jeanette,F,191
Bonnie,F,187
Leah,F,185
Neva,F,183
Dollie,F,181
Gussie,F,181
Delia,F,179
Birdie,F,178
Madge,F,178
Juanita,F,176
Miriam,F,176
Mayme,F,174
Cecile,F,172
Elma,F,172
Fay,F,171
Roxie,F,171
Carolyn,F,169
Leola,F,169
Bertie,F,167
Regina,F,167
Adele,F,165
Johanna,F,161
Leila,F,161
Wilma,F,159
Hester,F,158
Letha,F,157
Lora,F,157
Lou,F,156
Cornelia,F,154
Faye,F,153
Bess,F,151
Bettie,F,150
Lelia,F,149
Adelaide,F,148
Rhoda,F,148
Rita,F,146
Harriett,F,144
Jeannette,F,144
Roberta,F,144
Hallie,F,143
Myra,F,143
Sue,F,143
Olivia,F,141
Lessie,F,140
Cleo,F,139
Hulda,F,138
Jewell,F,137
Erna,F,135
Lenora,F,135
Cecil,F,133
Claire,F,133
Helena,F,133
Lilly,F,133
Reba,F,133
Christina,F,131
Hettie,F,130
Jewel,F,130
Mathilda,F,130
Lorena,F,129
Muriel,F,129
Antoinette,F,126
Katharine,F,125
Audrey,F,124
Corinne,F,124
Dovie,F,124
Francis,F,124
Alvina,F,123
Margie,F,123
Janet,F,122
Nola,F,122
Abbie,F,120
Lettie,F,120
June,F,118
Lucinda,F,118
Edythe,F,116
Gertie,F,115
Maudie,F,115
Zella,F,115
Dorothea,F,114
Ila,F,114
Elvira,F,113
Oma,F,113
Angeline,F,111
Elsa,F,111
Lee,F,111
Louisa,F,111
Dessie,F,110
Geraldine,F,110
Nelle,F,109
Pearlie,F,109
Phyllis,F,108
Marcella,F,106
Wanda,F,106
Wilhelmina,F,106
Catharine,F,105
Elnora,F,105
Dewey,F,104
Manila,F,104
Mina,F,104
Pansy,F,104
Zelma,F,104
Claudia,F,103
Linda,F,102
Annette,F,101
Rosalie,F,101
Meta,F,100
Leota,F,99
Ophelia,F,99
Angela,F,98
Cassie,F,98
Helene,F,98
Myrtie,F,98
Gracie,F,96
Leta,F,95
Angelina,F,94
Lona,F,93
Ernestine,F,92
Lily,F,92
Nona,F,92
Eloise,F,91
Eugenia,F,91
Vesta,F,91
Golda,F,90
Lura,F,90
Sudie,F,88
Isabell,F,87
Linnie,F,87
Isabella,F,86
Johnnie,F,86
Ivy,F,85
Vada,F,85
Era,F,84
Orpha,F,84
Zula,F,83
Constance,F,82
Mittie,F,82
Eileen,F,81
Artie,F,80
Floy,F,80
Minerva,F,79
Phoebe,F,79
Rosella,F,79
Verda,F,79
Fanny,F,78
Jannie,F,78
Maybelle,F,78
Annabelle,F,77
Georgie,F,77
Merle,F,77
Rosetta,F,77
Lyda,F,76
Ona,F,76
Aline,F,75
Alpha,F,75
Lorene,F,75
Lorraine,F,75
Polly,F,75
Vida,F,74
Blanch,F,73
Cynthia,F,72
Dolly,F,72
Lida,F,72
Priscilla,F,71
Mabelle,F,70
Shirley,F,70
Clarice,F,69
Leone,F,69
Malinda,F,69
Cordelia,F,68
Emilie,F,68
Iola,F,67
Elisabeth,F,66
Evie,F,66
Frankie,F,66
Odessa,F,66
Tessie,F,66
Chloe,F,65
Louella,F,65
Pearle,F,65
Zora,F,65
Ione,F,64
Carmen,F,63
Carol,F,63
Zola,F,62
Mona,F,61
Rae,F,61
Vina,F,61
Elise,F,60
Jimmie,F,60
Lauretta,F,60
Melba,F,60
Willa,F,60
Clare,F,59
Corine,F,59
Dona,F,59
Lenore,F,59
Bell,F,58
Jeanne,F,58
Leora,F,58
Peggy,F,58
Eddie,F,57
Tommie,F,57
Agatha,F,56
Alva,F,56
Aurelia,F,56
Dolores,F,56
Ester,F,55
John,F,55
Mazie,F,55
Paula,F,55
Yvonne,F,55
Angie,F,54
Rhea,F,54
Antonia,F,53
Ava,F,53
Ellie,F,53
Idella,F,53
Octavia,F,53
Donna,F,52
Iona,F,52
Iris,F,52
Lovie,F,52
Susanna,F,52
Connie,F,51
George,F,51
Charity,F,50
Mandy,F,50
Una,F,50
Hortense,F,49
Lucia,F,49
Tina,F,49
Wilda,F,49
Aileen,F,48
Bernadette,F,48
Dena,F,48
Dixie,F,48
Florida,F,48
Madeleine,F,47
Marietta,F,47
Patricia,F,47
Beryl,F,46
Clyde,F,46
Eleanore,F,46
Evangeline,F,46
Inga,F,46
Lavina,F,46
Lennie,F,46
Savannah,F,46
Tena,F,46
Tennie,F,46
Veda,F,46
Yetta,F,46
Glenna,F,45
Leonora,F,45
Melvina,F,45
Ocie,F,45
Albina,F,44
Georgiana,F,44
Hedwig,F,44
Hilma,F,44
Judith,F,44
Lina,F,44
Pinkie,F,44
Billie,F,43
Hildred,F,43
Robbie,F,43
Adelia,F,42
Celeste,F,42
Joanna,F,42
Queen,F,42
Valeria,F,42
Vinnie,F,42
Camille,F,41
Monica,F,41
Sadye,F,41
Tressie,F,41
William,F,41
Avis,F,40
Joan,F,40
Joyce,F,40
Natalie,F,40
Ursula,F,40
Adela,F,39
Adell,F,39
Bella,F,39
Elinor,F,39
Ethelyn,F,39
Gretchen,F,39
Lelah,F,39
Lilla,F,39
Molly,F,39
Sybil,F,39
Vena,F,39
Carmela,F,38
Elda,F,38
Esta,F,38
Ferne,F,38
Ima,F,38
Magdalena,F,38
Margery,F,38
Zelda,F,38
Berenice,F,37
Delphia,F,37
Elmira,F,37
Faith,F,37
Kitty,F,37
Leatha,F,37
Ludie,F,37
Nan,F,37
Vallie,F,37
Viva,F,37
Alda,F,36
Cordie,F,36
Harriette,F,36
Katheryn,F,36
Lavinia,F,36
Loraine,F,36
Reva,F,36
Adah,F,35
Belva,F,35
Berniece,F,35
Ettie,F,35
Evalyn,F,35
Florine,F,35
Garnet,F,35
Julie,F,35
Lucie,F,35
Manilla,F,35
Marvel,F,35
Maurine,F,35
Melissa,F,35
Retha,F,35
Rilla,F,35
Vergie,F,35
Vernie,F,35
Allene,F,34
Celestine,F,34
Eda,F,34
Eleanora,F,34
Grayce,F,34
Hanna,F,34
Lonie,F,34
Lue,F,34
Mallie,F,34
Margret,F,34
Retta,F,34
Althea,F,33
Arline,F,33
Berta,F,33
Clementine,F,33
Corrine,F,33
Emmie,F,33
Greta,F,33
Gwendolyn,F,33
Hope,F,33
Lilian,F,33
Marcia,F,33
Mercedes,F,33
Minna,F,33
Pattie,F,33
Philomena,F,33
Ramona,F,33
Anastasia,F,32
Bridget,F,32
Donnie,F,32
Ethyl,F,32
Gail,F,32
Kittie,F,32
Luna,F,32
Patsy,F,32
Rowena,F,32
Winnifred,F,32
Camilla,F,31
Hildegarde,F,31
Jettie,F,31
Maxine,F,31
Ray,F,31
Adella,F,30
Annabel,F,30
Arlene,F,30
Elenora,F,30
Hassie,F,30
Lea,F,30
Maye,F,30
Neta,F,30
Nova,F,30
Winona,F,30
Zoe,F,30
Cuba,F,29
Elaine,F,29
Eve,F,29
Guadalupe,F,29
James,F,29
Juliette,F,29
Lenna,F,29
Letitia,F,29
Mathilde,F,29
Maybell,F,29
Nadine,F,29
Rosemary,F,29
Theodora,F,29
Annetta,F,28
Bernadine,F,28
Clemmie,F,28
Delilah,F,28
Lorna,F,28
Luvenia,F,28
Myrtice,F,28
Rosina,F,28
Zona,F,28
Albertha,F,27
Annis,F,27
Claudine,F,27
Corrie,F,27
Diana,F,27
Easter,F,27
Helga,F,27
Huldah,F,27
Imogene,F,27
Ira,F,27
Prudence,F,27
Rubie,F,27
Adaline,F,26
Beaulah,F,26
Bennie,F,26
Clarissa,F,26
Claudie,F,26
Crystal,F,26
Ebba,F,26
Emelia,F,26
Eulalia,F,26
Francisca,F,26
Freida,F,26
Kattie,F,26
Lavada,F,26
Laverne,F,26
Lucretia,F,26
Mariah,F,26
Myrtis,F,26
Petra,F,26
Rosalind,F,26
Amalia,F,25
Ara,F,25
Audie,F,25
Cathrine,F,25
Elfrieda,F,25
Jenny,F,25
Lonnie,F,25
Lorine,F,25
Madelyn,F,25
Madie,F,25
Magnolia,F,25
Meda,F,25
Mertie,F,25
Myrle,F,25
Rosia,F,25
Theo,F,25
Carolina,F,24
Dottie,F,24
Elta,F,24
Emilia,F,24
Exie,F,24
Golden,F,24
Icy,F,24
Leslie,F,24
Ouida,F,24
Sibyl,F,24
Signe,F,24
Vennie,F,24
Verdie,F,24
Arvilla,F,23
Cathryn,F,23
Charlie,F,23
Consuelo,F,23
Eura,F,23
Garnett,F,23
Georgianna,F,23
Joseph,F,23
Kathryne,F,23
Malvina,F,23
Margarita,F,23
Missouri,F,23
Nita,F,23
Rosamond,F,23
Rosanna,F,23
Rubye,F,23
Serena,F,23
Tempie,F,23
Alyce,F,22
Arrie,F,22
Beth,F,22
Christena,F,22
Delma,F,22
Elena,F,22
Elna,F,22
Estell,F,22
Fronie,F,22
Liza,F,22
Louie,F,22
Macie,F,22
Magdalene,F,22
Mahala,F,22
Ova,F,22
Ruthie,F,22
Selina,F,22
Sena,F,22
Therese,F,22
Tressa,F,22
Ula,F,22
Velva,F,22
Almeda,F,21
Altha,F,21
Coral,F,21
Cordia,F,21
Dagmar,F,21
Deborah,F,21
Delta,F,21
Docia,F,21
Earline,F,21
Freddie,F,21
Glennie,F,21
Hertha,F,21
Icie,F,21
Izora,F,21
Justine,F,21
Kathrine,F,21
Leontine,F,21
Louvenia,F,21
Manda,F,21
Manuela,F,21
Odile,F,21
Ottie,F,21
Ressie,F,21
Reta,F,21
Samantha,F,21
Selena,F,21
Sofia,F,21
Treva,F,21
Trudie,F,21
Valerie,F,21
Zetta,F,21
Albertine,F,20
America,F,20
Arizona,F,20
Audra,F,20
Bobbie,F,20
Delphine,F,20
Elvera,F,20
Etha,F,20
Fleta,F,20
Flo,F,20
Joe,F,20
Josefa,F,20
Joy,F,20
Leo,F,20
Madaline,F,20
Melinda,F,20
Novella,F,20
Onie,F,20
Aletha,F,19
Amie,F,19
Bulah,F,19
Charles,F,19
Clora,F,19
Drucilla,F,19
Dulcie,F,19
Fairy,F,19
Frank,F,19
Gene,F,19
Georgina,F,19
Hazle,F,19
Hildur,F,19
Lexie,F,19
Libby,F,19
Maymie,F,19
Mellie,F,19
Pollie,F,19
Rachael,F,19
Thora,F,19
Tilda,F,19
Zada,F,19
Alfreda,F,18
Alvena,F,18
Aurore,F,18
Birtha,F,18
Carmella,F,18
Elvina,F,18
Emmer,F,18
Erie,F,18
Euna,F,18
Idell,F,18
Ivah,F,18
Jossie,F,18
Lera,F,18
Libbie,F,18
Loma,F,18
Magdalen,F,18
Marjory,F,18
Martina,F,18
Maxie,F,18
Mettie,F,18
Mozelle,F,18
Myrl,F,18
Oda,F,18
Rossie,F,18
Sidney,F,18
Theresia,F,18
Twila,F,18
Verona,F,18
Violette,F,18
Zena,F,18
Zita,F,18
Alicia,F,17
Almira,F,17
Bethel,F,17
Betsy,F,17
Celina,F,17
Corda,F,17
Enid,F,17
Frederica,F,17
Hellen,F,17
Jo,F,17
Juana,F,17
Maida,F,17
Margarette,F,17
Melva,F,17
Nevada,F,17
Osie,F,17
Sammie,F,17
Sula,F,17
Vernice,F,17
Aimee,F,16
Ana,F,16
Andrea,F,16
Annabell,F,16
Arlie,F,16
Cara,F,16
Claribel,F,16
Concetta,F,16
Corene,F,16
Donie,F,16
Dorcas,F,16
Dorris,F,16
Edwina,F,16
Enola,F,16
Ether,F,16
Eugenie,F,16
Felicia,F,16
Florance,F,16
Florrie,F,16
Gusta,F,16
Helma,F,16
Henry,F,16
Hildegard,F,16
India,F,16
Lacy,F,16
Leonie,F,16
Leonor,F,16
Liddie,F,16
Lissie,F,16
Lupe,F,16
Macy,F,16
Margaretta,F,16
Matie,F,16
Minta,F,16
Mossie,F,16
Naoma,F,16
Nathalie,F,16
Norine,F,16
Olevia,F,16
Ossie,F,16
Ottilia,F,16
Rosalee,F,16
Rosalia,F,16
Sigrid,F,16
Suzanne,F,16
Vlasta,F,16
Adelle,F,15
Albertina,F,15
Amber,F,15
Atha,F,15
Buena,F,15
Christie,F,15
Dola,F,15
Edyth,F,15
Eleonora,F,15
Elizebeth,F,15
Emeline,F,15
Eulah,F,15
Gay,F,15
Hermine,F,15
Jesse,F,15
Juliet,F,15
Larue,F,15
Lelar,F,15
Lilah,F,15
Loretto,F,15
Lurline,F,15
Maryann,F,15
Neoma,F,15
Paralee,F,15
Phebe,F,15
Roma,F,15
Sabina,F,15
Salome,F,15
Sophronia,F,15
Tiny,F,15
Ura,F,15
Virgil,F,15
Zelia,F,15
Zenobia,F,15
Adda,F,14
Adelina,F,14
Aida,F,14
Augustine,F,14
Aurora,F,14
Berdie,F,14
Birtie,F,14
Cleta,F,14
Daphne,F,14
Dell,F,14
Dorthy,F,14
Edmonia,F,14
Electa,F,14
Emmaline,F,14
Eudora,F,14
Evalena,F,14
Filomena,F,14
Gerda,F,14
Hessie,F,14
Ines,F,14
Izetta,F,14
Jacqueline,F,14
Kay,F,14
Laurel,F,14
Leanna,F,14
Lella,F,14
Luisa,F,14
Mammie,F,14
Millicent,F,14
Monnie,F,14
Myrna,F,14
Odelia,F,14
Onnie,F,14
Ozella,F,14
Queenie,F,14
Stephanie,F,14
Tinnie,F,14
Tracy,F,14
Vara,F,14
Verena,F,14
Verla,F,14
Versie,F,14
Veva,F,14
Alena,F,13
Alida,F,13
Alverta,F,13
Ardelia,F,13
Ardella,F,13
Avie,F,13
Besse,F,13
Cherry,F,13
Clella,F,13
Delpha,F,13
Dosha,F,13
Doshie,F,13
Drusilla,F,13
Ela,F,13
Elisa,F,13
Elmer,F,13
Gennie,F,13
Gloria,F,13
Gretta,F,13
Henriette,F,13
Hermina,F,13
Ilo,F,13
Imelda,F,13
Ivie,F,13
Jessica,F,13
Justina,F,13
Lady,F,13
Lannie,F,13
Laurette,F,13
Lavonia,F,13
Leda,F,13
Leva,F,13
Lollie,F,13
Lular,F,13
Lyla,F,13
Manie,F,13
Mavis,F,13
Nana,F,13
Odie,F,13
Omie,F,13
Palma,F,13
Paulina,F,13
Rella,F,13
Richard,F,13
Vella,F,13
Willia,F,13
Aggie,F,12
Altie,F,12
Antonette,F,12
Carlie,F,12
Charlene,F,12
Coletta,F,12
Corean,F,12
Corrinne,F,12
Dana,F,12
Dessa,F,12
Doshia,F,12
Dove,F,12
Eathel,F,12
Eulalie,F,12
Euphemia,F,12
Evaline,F,12
Fred,F,12
Glenn,F,12
Hetty,F,12
Isla,F,12
Judy,F,12
Louis,F,12
Malissa,F,12
Marilla,F,12
Media,F,12
Nonie,F,12
Odell,F,12
Ottilie,F,12
Pennie,F,12
Pinkey,F,12
Portia,F,12
Robert,F,12
Rosena,F,12
Roxanna,F,12
Vassie,F,12
Verlie,F,12
Vivien,F,12
Zettie,F,12
Abigail,F,11
Adline,F,11
Alene,F,11
Alline,F,11
Ammie,F,11
Beula,F,11
Claude,F,11
Columbia,F,11
Daisey,F,11
Dewie,F,11
Dillie,F,11
Dina,F,11
Erin,F,11
Evelina,F,11
Fleeta,F,11
Fronia,F,11
Goldia,F,11
Hazelle,F,11
Hildreth,F,11
Honora,F,11
Ica,F,11
Jamie,F,11
Jeffie,F,11
Lallie,F,11
Lassie,F,11
Laurine,F,11
Leoma,F,11
Leonore,F,11
Lota,F,11
Mabell,F,11
Maisie,F,11
Margarett,F,11
Marge,F,11
Melanie,F,11
Mima,F,11
Necie,F,11
Nelda,F,11
Nelia,F,11
Nella,F,11
Norah,F,11
Olinda,F,11
Ozie,F,11
Phillis,F,11
Sina,F,11
Thekla,F,11
Thomas,F,11
Vannie,F,11
Vashti,F,11
Venus,F,11
Veta,F,11
Walter,F,11
Adel,F,10
Alverda,F,10
Andrew,F,10
Anice,F,10
Ardell,F,10
Arie,F,10
Arla,F,10
Bena,F,10
Bert,F,10
Biddie,F,10
Bina,F,10
Bula,F,10
Carra,F,10
Cecille,F,10
Celestia,F,10
Cinda,F,10
Clemence,F,10
Concepcion,F,10
Dagny,F,10
Dee,F,10
Delcie,F,10
Elba,F,10
Elberta,F,10
Elmina,F,10
Eloisa,F,10
Elvie,F,10
Emmy,F,10
Ena,F,10
Etter,F,10
Eugene,F,10
Eveline,F,10
Exa,F,10
Felipa,F,10
Floye,F,10
Forrest,F,10
Gayle,F,10
Genie,F,10
Gregoria,F,10
Hasel,F,10
Henretta,F,10
Imo,F,10
Ingeborg,F,10
Irena,F,10
Janette,F,10
Jinnie,F,10
Johnie,F,10
Kizzie,F,10
Lala,F,10
Lavenia,F,10
Lillia,F,10
Lilyan,F,10
Love,F,10
Lovina,F,10
Luberta,F,10
Lutie,F,10
Mada,F,10
Madalene,F,10
Madelene,F,10
Margurite,F,10
Metta,F,10
Missie,F,10
Monta,F,10
Olie,F,10
Rea,F,10
Roy,F,10
Shellie,F,10
Theodosia,F,10
Vela,F,10
Venie,F,10
Verne,F,10
Vira,F,10
Vivienne,F,10
Zadie,F,10
Adrienne,F,9
Albert,F,9
Alla,F,9
Allean,F,9
Amada,F,9
Anner,F,9
Arminta,F,9
Astrid,F,9
Bernardine,F,9
Berneice,F,9
Beuna,F,9
Calla,F,9
Cammie,F,9
Carmelita,F,9
Celesta,F,9
Ceola,F,9
Clarabelle,F,9
Clarinda,F,9
Clifford,F,9
Creola,F,9
Cressie,F,9
Creta,F,9
Delfina,F,9
Dicie,F,9
Dimple,F,9
Ednah,F,9
Edward,F,9
Estel,F,9
Ethyle,F,9
Florene,F,9
Florentine,F,9
Floria,F,9
Frona,F,9
Gaynell,F,9
Gena,F,9
Genoveva,F,9
Girtha,F,9
Hennie,F,9
Indiana,F,9
Isa,F,9
Isobel,F,9
Ivory,F,9
Jaunita,F,9
Jeanie,F,9
Josepha,F,9
Laurence,F,9
Laverna,F,9
Leafy,F,9
Lennis,F,9
Leon,F,9
Leonia,F,9
Lester,F,9
Lockie,F,9
Lucetta,F,9
Luda,F,9
Lyle,F,9
Maine,F,9
Mame,F,9
Marcelle,F,9
Margueritte,F,9
Marianna,F,9
Marinda,F,9
Marybelle,F,9
Merna,F,9
Meryl,F,9
Mignon,F,9
Minda,F,9
Olympia,F,9
Oneita,F,9
Parthenia,F,9
Paul,F,9
Roseanna,F,9
Rozella,F,9
Russell,F,9
Sabra,F,9
Silvia,F,9
Sister,F,9
Stasia,F,9
Susana,F,9
Sylva,F,9
Tekla,F,9
Tess,F,9
Texie,F,9
Vadie,F,9
Valentine,F,9
Varina,F,9
Vicie,F,9
Victorine,F,9
Virgia,F,9
Vola,F,9
Zelpha,F,9
Zeta,F,9
Aleta,F,8
Almeta,F,8
Annice,F,8
Arlena,F,8
Arletta,F,8
Attie,F,8
Beadie,F,8
Benita,F,8
Blannie,F,8
Buna,F,8
Byrd,F,8
Carl,F,8
Carmel,F,8
Carry,F,8
Channie,F,8
Christene,F,8
Cleda,F,8
Clotilda,F,8
Clotilde,F,8
Daisie,F,8
Delores,F,8
Dorotha,F,8
Dot,F,8
Effa,F,8
Eldora,F,8
Eleonore,F,8
Elfreda,F,8
Ellar,F,8
Ellena,F,8
Elvia,F,8
Epsie,F,8
Ermine,F,8
Esma,F,8
Estie,F,8
Etna,F,8
Eular,F,8
Evia,F,8
Ferol,F,8
Flonnie,F,8
Fredericka,F,8
Fredonia,F,8
Freeda,F,8
Gabrielle,F,8
Havana,F,8
Hildagarde,F,8
Ilah,F,8
Janey,F,8
Jennette,F,8
Jocie,F,8
Jodie,F,8
Jonnie,F,8
Josiephine,F,8
Jule,F,8
Karen,F,8
Katharina,F,8
Kathlyn,F,8
Lanie,F,8
Lavern,F,8
Lema,F,8
Lethia,F,8
Letta,F,8
Levina,F,8
Lilie,F,8
Lonia,F,8
Lorenza,F,8
Lubertha,F,8
Lugenia,F,8
Lurena,F,8
Lurene,F,8
Lynda,F,8
Lynn,F,8
Mackie,F,8
Mai,F,8
Maree,F,8
Margarite,F,8
Margherita,F,8
Margrett,F,8
Mariam,F,8
Marianne,F,8
Marye,F,8
Melda,F,8
Merl,F,8
Montie,F,8
Nanie,F,8
Nanna,F,8
Nealie,F,8
Nila,F,8
Nonnie,F,8
Odette,F,8
Ophia,F,8
Osa,F,8
Otis,F,8
Pearline,F,8
Perlie,F,8
Pernie,F,8
Pluma,F,8
Rene,F,8
Rosy,F,8
Roxy,F,8
Saddie,F,8
Santos,F,8
Sarrah,F,8
Stephania,F,8
Susanne,F,8
Teressa,F,8
Thresa,F,8
Tomasa,F,8
Trannie,F,8
Vernia,F,8
Vester,F,8
Vista,F,8
Vonnie,F,8
Wilhelmine,F,8
Will,F,8
Zilla,F,8
Zilpha,F,8
Agness,F,7
Anastacia,F,7
Arabella,F,7
Arthur,F,7
Aura,F,7
Bird,F,7
Blossom,F,7
Byrdie,F,7
Camelia,F,7
Carlota,F,7
Carlotta,F,7
Catarina,F,7
Celie,F,7
Chloie,F,7
Christiana,F,7
Clair,F,7
Cleola,F,7
Cleora,F,7
Clyda,F,7
Collie,F,7
Cornelius,F,7
Dale,F,7
Dannie,F,7
Delila,F,7
Delsie,F,7
Dicy,F,7
Doretta,F,7
Earl,F,7
Elenor,F,7
Ellamae,F,7
Ellinor,F,7
Elmire,F,7
Elza,F,7
Elzie,F,7
Ema,F,7
Ernest,F,7
Evah,F,7
Ezzie,F,7
Floretta,F,7
Floyd,F,7
Garland,F,7
Germaine,F,7
Gertha,F,7
Gillie,F,7
Gladis,F,7
Gladyse,F,7
Glen,F,7
Gradie,F,7
Gustava,F,7
Herminia,F,7
Hollie,F,7
Ilma,F,7
Inger,F,7
Jetta,F,7
Julian,F,7
Junie,F,7
Katharyn,F,7
Katy,F,7
Lakie,F,7
Launa,F,7
Laurena,F,7
Laurene,F,7
Lavon,F,7
Leita,F,7
Lesta,F,7
Lidie,F,7
Lilliam,F,7
Linnea,F,7
Littie,F,7
Lodema,F,7
Lodie,F,7
Loie,F,7
Lorina,F,7
Lossie,F,7
Louetta,F,7
Loula,F,7
Lu,F,7
Lulla,F,7
Madlyn,F,7
Mandie,F,7
Martin,F,7
Mata,F,7
Maybel,F,7
Mintie,F,7
Miranda,F,7
Myrta,F,7
Nena,F,7
Neola,F,7
Noelie,F,7
Octa,F,7
Oddie,F,7
Olena,F,7
Olene,F,7
Orilla,F,7
Orrie,F,7
Otelia,F,7
Otha,F,7
Pairlee,F,7
Pat,F,7
Patti,F,7
Penny,F,7
Prudie,F,7
Ragna,F,7
Reka,F,7
Robena,F,7
Ruthe,F,7
Sada,F,7
Savanah,F,7
Savilla,F,7
Snow,F,7
Tabitha,F,7
Theressa,F,7
Thirza,F,7
Unknown,F,7
Vernon,F,7
Vessie,F,7
Victory,F,7
Vietta,F,7
Vona,F,7
Wava,F,7
Wealthy,F,7
Yvette,F,7
Zina,F,7
Abby,F,6
Agda,F,6
Alba,F,6
Alease,F,6
Alethia,F,6
Alexina,F,6
Alfred,F,6
Almedia,F,6
Alvie,F,6
Alys,F,6
Amma,F,6
Antoinetta,F,6
Antonetta,F,6
Apolonia,F,6
Arah,F,6
Aubrey,F,6
Audry,F,6
Augustina,F,6
Axie,F,6
Azalee,F,6
Azalia,F,6
Bama,F,6
Becky,F,6
Bettye,F,6
Beverly,F,6
Blanchie,F,6
Caldonia,F,6
Carie,F,6
Carline,F,6
Caryl,F,6
Cattie,F,6
Chanie,F,6
Chessie,F,6
Clarence,F,6
Clemie,F,6
Cleona,F,6
Cleopatra,F,6
Cleva,F,6
Cliffie,F,6
Clista,F,6
Colette,F,6
Cornie,F,6
Creasie,F,6
Curtis,F,6
Dean,F,6
Debbie,F,6
Dellar,F,6
Dellie,F,6
Dema,F,6
Dinah,F,6
Domenica,F,6
Dorathea,F,6
Dova,F,6
Earle,F,6
Earnestine,F,6
Edie,F,6
Edithe,F,6
Edla,F,6
Edrie,F,6
Elenore,F,6
Elfie,F,6
Elina,F,6
Elizbeth,F,6
Ellanora,F,6
Ellyn,F,6
Else,F,6
Elvena,F,6
Emaline,F,6
Ennie,F,6
Ennis,F,6
Eola,F,6
Ernie,F,6
Eupha,F,6
Evvie,F,6
Fae,F,6
Fannye,F,6
Felicie,F,6
Felicita,F,6
Felicitas,F,6
Floda,F,6
Forest,F,6
Genora,F,6
Georgette,F,6
Gilda,F,6
Gladyce,F,6
Greeta,F,6
Hedvig,F,6
Helia,F,6
Herlinda,F,6
Hermione,F,6
Hila,F,6
Hilaria,F,6
Howard,F,6
Ilene,F,6
Ingrid,F,6
Isadora,F,6
Isadore,F,6
Isola,F,6
Ivey,F,6
Johannah,F,6
Jose,F,6
Josefita,F,6
Judie,F,6
Latha,F,6
Lattie,F,6
Lavera,F,6
Leana,F,6
Lear,F,6
Leeta,F,6
Leilah,F,6
Letty,F,6
Lillye,F,6
Loreen,F,6
Louretta,F,6
Loyola,F,6
Luetta,F,6
Lulie,F,6
Maie,F,6
Malissie,F,6
Mamye,F,6
Maranda,F,6
Maretta,F,6
Margareta,F,6
Margretta,F,6
Marieta,F,6
Marina,F,6
Marry,F,6
Marta,F,6
Maryellen,F,6
Matilde,F,6
Medora,F,6
Mena,F,6
Mida,F,6
Minetta,F,6
Mirtie,F,6
Mollye,F,6
Monie,F,6
Mozella,F,6
Murriel,F,6
Myrtha,F,6
Nealy,F,6
Nezzie,F,6
Ninnie,F,6
Opha,F,6
Orah,F,6
Oral,F,6
Osee,F,6
Ota,F,6
Otie,F,6
Ovie,F,6
Pamela,F,6
Pearly,F,6
Peggie,F,6
Phoebie,F,6
Rafaela,F,6
Raymond,F,6
Rebekah,F,6
Rennie,F,6
Rissie,F,6
Rosabelle,F,6
Rosana,F,6
Roselyn,F,6
Rosey,F,6
Ruie,F,6
Russie,F,6
Rutha,F,6
Saima,F,6
Salina,F,6
Severa,F,6
Sevilla,F,6
Sidonia,F,6
Sinda,F,6
Sybilla,F,6
Tavie,F,6
Telitha,F,6
Tera,F,6
Thecla,F,6
Theola,F,6
Thula,F,6
Thyra,F,6
Tomasita,F,6
Tora,F,6
Tresa,F,6
Valborg,F,6
Vanda,F,6
Venice,F,6
Verl,F,6
Verma,F,6
Versa,F,6
Viney,F,6
Virda,F,6
Wadie,F,6
Walsie,F,6
Wilna,F,6
Ysabel,F,6
Zana,F,6
Zera,F,6
Zonie,F,6
Adlena,F,5
Afton,F,5
Alcie,F,5
Aleene,F,5
Algie,F,5
Alina,F,5
Allen,F,5
Almer,F,5
Almyra,F,5
Aloysia,F,5
Alvera,F,5
Alwilda,F,5
Alzena,F,5
Anabel,F,5
Antonie,F,5
Antonina,F,5
Arena,F,5
Argie,F,5
Arleen,F,5
Armetta,F,5
Arnetta,F,5
Arta,F,5
Arva,F,5
Arvie,F,5
Ason,F,5
Auda,F,5
Azilee,F,5
Azzie,F,5
Babe,F,5
Barbra,F,5
Bea,F,5
Beckie,F,5
Beda,F,5
Bee,F,5
Bernetta,F,5
Birdia,F,5
Blenda,F,5
Blodwen,F,5
Brooksie,F,5
Buelah,F,5
Candis,F,5
Carola,F,5
Cary,F,5
Cena,F,5
Charlottie,F,5
Charlsie,F,5
Christian,F,5
Christy,F,5
Clarabell,F,5
Clementina,F,5
Clemma,F,5
Cletus,F,5
Cloie,F,5
Clothilde,F,5
Collette,F,5
Corina,F,5
Courtney,F,5
Crescentia,F,5
Dallie,F,5
David,F,5
Deane,F,5
Decie,F,5
Delora,F,5
Delvina,F,5
Dezzie,F,5
Diane,F,5
Doll,F,5
Dominga,F,5
Donalda,F,5
Dorice,F,5
Dortha,F,5
Dossie,F,5
Duella,F,5
Earnest,F,5
Eather,F,5
Edgar,F,5
Editha,F,5
Eithel,F,5
Eletha,F,5
Elgie,F,5
Elida,F,5
Eller,F,5
Elodie,F,5
Elora,F,5
Emelie,F,5
Emiline,F,5
Enzie,F,5
Erline,F,5
Ethleen,F,5
Evadna,F,5
Evelena,F,5
Ever,F,5
Exer,F,5
Fedora,F,5
Felice,F,5
Flavia,F,5
Florice,F,5
Floss,F,5
Francies,F,5
Georgeanna,F,5
Georgetta,F,5
Georgine,F,5
Girlie,F,5
Girtie,F,5
Glena,F,5
Gwendoline,F,5
Harry,F,5
Helmi,F,5
Herma,F,5
Holly,F,5
Honore,F,5
Idabelle,F,5
Idah,F,5
Ilda,F,5
Illa,F,5
Irby,F,5
Jeane,F,5
Jeannetta,F,5
Jeannie,F,5
Jemima,F,5
Jessamine,F,5
Josefina,F,5
Juliana,F,5
Junnie,F,5
Kansas,F,5
Lacie,F,5
Lalla,F,5
Laney,F,5
Lara,F,5
Laurie,F,5
Laurina,F,5
Leacy,F,5
Leela,F,5
Lemma,F,5
Lempi,F,5
Librada,F,5
Lillar,F,5
Linna,F,5
Loda,F,5
Lolita,F,5
Lotta,F,5
Louisiana,F,5
Louvina,F,5
Lovenia,F,5
Lovey,F,5
Luanna,F,5
Lucilla,F,5
Ludy,F,5
Luellar,F,5
Lugarda,F,5
Lummie,F,5
Luz,F,5
Madolyn,F,5
Magie,F,5
Malissia,F,5
Mannie,F,5
Manuelita,F,5
Margarete,F,5
Margaretha,F,5
Margeret,F,5
Marget,F,5
Marguerita,F,5
Mariana,F,5
Marilda,F,5
Martine,F,5
Marylou,F,5
Maureen,F,5
Maurice,F,5
Mayne,F,5
Mayola,F,5
Melina,F,5
Melita,F,5
Merry,F,5
Mila,F,5
Milda,F,5
Milly,F,5
Mimie,F,5
Modena,F,5
Morna,F,5
Murphy,F,5
Myrtia,F,5
Nada,F,5
Nancie,F,5
Nannette,F,5
Nolia,F,5
Nolie,F,5
Norene,F,5
Novie,F,5
Octava,F,5
Olah,F,5
Oleva,F,5
Olivette,F,5
Omega,F,5
Oneta,F,5
Orelia,F,5
Oreta,F,5
Orie,F,5
Orla,F,5
Orlean,F,5
Orlena,F,5
Oscar,F,5
Ottis,F,5
Oval,F,5
Parlee,F,5
Patsie,F,5
Pelagia,F,5
Penelope,F,5
Permelia,F,5
Persis,F,5
Pheobe,F,5
Philippina,F,5
Pilar,F,5
Pinky,F,5
Precious,F,5
Princess,F,5
Raffaela,F,5
Raye,F,5
Reina,F,5
Reine,F,5
Reita,F,5
Renee,F,5
Renia,F,5
Reyes,F,5
Rhetta,F,5
Rinda,F,5
Romaine,F,5
Rosabell,F,5
Rosea,F,5
Roselle,F,5
Rosemarie,F,5
Rosetter,F,5
Rotha,F,5
Samella,F,5
Sedonia,F,5
Senia,F,5
Shelley,F,5
Signa,F,5
Soledad,F,5
Sonia,F,5
Suzan,F,5
Sweetie,F,5
Syble,F,5
Sydell,F,5
Teckla,F,5
Tennessee,F,5
Texanna,F,5
Theda,F,5
Thilda,F,5
Timmie,F,5
Tisha,F,5
Tony,F,5
Trinidad,F,5
Trula,F,5
Tula,F,5
Valera,F,5
Vanilla,F,5
Veola,F,5
Vercie,F,5
Verdia,F,5
Vergia,F,5
Verle,F,5
Vertie,F,5
Vestie,F,5
Villa,F,5
Vincenza,F,5
Virdia,F,5
Virgin,F,5
Wallace,F,5
Weltha,F,5
Wessie,F,5
Wilhemina,F,5
Willard,F,5
Willma,F,5
Zela,F,5
Zell,F,5
Zudie,F,5
John,M,8159
William,M,7400
James,M,5321
George,M,4853
Charles,M,3557
Joseph,M,3171
Robert,M,2932
Frank,M,2925
Edward,M,2337
Thomas,M,2161
Henry,M,2145
Harry,M,2129
Walter,M,2002
Arthur,M,1619
Fred,M,1447
Albert,M,1417
Clarence,M,1326
Willie,M,1134
Dewey,M,1115
Roy,M,1049
Paul,M,991
Harold,M,963
Raymond,M,929
Carl,M,919
Earl,M,883
Richard,M,871
Louis,M,861
Ernest,M,839
Joe,M,827
David,M,815
Ralph,M,803
Samuel,M,749
Charlie,M,728
Herbert,M,716
Howard,M,706
Alfred,M,645
Jack,M,633
Andrew,M,611
Leo,M,588
Elmer,M,583
Oscar,M,546
Sam,M,543
Francis,M,541
Lawrence,M,533
Daniel,M,523
Lee,M,498
Jesse,M,476
Will,M,475
Eugene,M,473
Herman,M,467
Floyd,M,434
Michael,M,434
Leonard,M,421
Peter,M,409
Benjamin,M,405
Ray,M,394
Edwin,M,392
Clyde,M,383
Claude,M,371
Frederick,M,368
Russell,M,359
Lewis,M,352
Martin,M,339
Tom,M,337
Anthony,M,325
Chester,M,321
Clifford,M,317
Leroy,M,315
Ben,M,310
Lester,M,298
Stanley,M,295
Edgar,M,285
Bernard,M,284
Harvey,M,284
Theodore,M,281
Luther,M,275
Jim,M,269
Jessie,M,267
Lloyd,M,265
Otto,M,259
Eddie,M,256
Jacob,M,256
Leon,M,251
Hugh,M,250
Homer,M,246
Philip,M,244
Cecil,M,243
Donald,M,238
Ed,M,228
Leslie,M,228
Milton,M,225
Archie,M,222
Patrick,M,219
Guy,M,215
Everett,M,212
Norman,M,207
Victor,M,205
Ira,M,195
Stephen,M,195
Kenneth,M,191
Horace,M,189
Oliver,M,186
Allen,M,185
Alvin,M,184
Julius,M,181
Alexander,M,180
Otis,M,179
Glenn,M,178
Sidney,M,171
Charley,M,170
Marion,M,166
August,M,164
Morris,M,164
Earnest,M,161
Melvin,M,159
Emil,M,158
Isaac,M,156
Wilbur,M,156
Percy,M,155
Virgil,M,155
Johnnie,M,153
Mack,M,153
Warren,M,151
Wesley,M,151
Alex,M,149
Bert,M,143
Gilbert,M,143
Jerry,M,143
Maurice,M,143
Vernon,M,143
Rufus,M,141
Vincent,M,140
Wallace,M,138
Willard,M,137
Matthew,M,133
Max,M,132
Emmett,M,131
Lonnie,M,129
Curtis,M,128
Dave,M,127
Marvin,M,127
Dan,M,125
Calvin,M,121
Willis,M,121
Jake,M,117
Bennie,M,116
Rudolph,M,115
Sylvester,M,115
Hubert,M,114
Irving,M,113
Arnold,M,112
Franklin,M,112
Nelson,M,112
Glen,M,111
Gordon,M,110
Jose,M,110
Marshall,M,109
Jess,M,108
Mark,M,108
Mike,M,106
Alonzo,M,104
Felix,M,103
Edmund,M,101
Orville,M,101
Gerald,M,100
Dennis,M,99
Nathan,M,99
Roland,M,97
Amos,M,96
Ellis,M,96
Manuel,M,95
Nicholas,M,94
Abraham,M,92
Clinton,M,92
Bill,M,90
Nathaniel,M,90
Aaron,M,89
Ollie,M,88
Adam,M,87
Clayton,M,87
Elbert,M,87
Steve,M,87
Phillip,M,86
Jay,M,85
Adolph,M,84
Clifton,M,83
Harrison,M,83
Perry,M,83
Forrest,M,80
Ivan,M,80
Irvin,M,79
Mckinley,M,79
Cornelius,M,78
Gus,M,78
Reuben,M,78
Johnie,M,77
Elijah,M,76
Wilfred,M,76
Ross,M,75
Timothy,M,75
Laurence,M,74
Roger,M,74
Sherman,M,74
Barney,M,73
Roscoe,M,73
Fredrick,M,72
Douglas,M,71
Harley,M,71
Julian,M,69
Moses,M,69
Ervin,M,68
Noah,M,68
Simon,M,68
Wayne,M,68
Abe,M,67
Alva,M,67
Austin,M,65
Millard,M,65
Bruce,M,64
Jimmie,M,64
Owen,M,64
Wade,M,63
Forest,M,62
Bob,M,61
Claud,M,61
Levi,M,61
Jasper,M,60
Jeff,M,60
Wilson,M,60
Miles,M,59
Monroe,M,58
Bryan,M,57
Lyle,M,56
Byron,M,55
Grady,M,55
Hiram,M,55
Louie,M,55
Loyd,M,55
Dock,M,53
Juan,M,53
Karl,M,53
Pete,M,53
Preston,M,53
Grant,M,52
Anton,M,51
Carroll,M,51
Tony,M,51
Wiley,M,51
Jerome,M,50
Leland,M,50
Mary,M,50
Don,M,49
Earle,M,49
Merle,M,49
Augustus,M,48
Delbert,M,48
Emanuel,M,48
Emery,M,48
Erwin,M,48
Joel,M,48
Silas,M,48
Ike,M,47
Edd,M,46
Eli,M,46
Wilbert,M,46
Aubrey,M,45
Ruben,M,45
Columbus,M,44
Dewitt,M,44
Lynn,M,44
Marcus,M,44
Mose,M,44
Stewart,M,44
Ambrose,M,43
Anderson,M,43
Antonio,M,43
Christopher,M,43
Tommie,M,43
Clark,M,42
Edmond,M,42
Hobart,M,42
Hobert,M,42
Major,M,42
Mathew,M,42
Conrad,M,41
Grover,M,41
Gustave,M,41
Andy,M,40
Clay,M,40
Dale,M,40
Ezra,M,40
Lorenzo,M,40
Malcolm,M,40
Myron,M,40
Neal,M,40
Solomon,M,40
Spencer,M,40
Johnny,M,39
Joshua,M,39
Larry,M,39
Mitchell,M,39
Ora,M,39
Pearl,M,39
Rex,M,39
Riley,M,39
Ted,M,39
Burton,M,38
Freeman,M,38
General,M,38
Herschel,M,38
Hobson,M,38
Irwin,M,38
Jefferson,M,38
Luke,M,38
Van,M,38
Clair,M,37
Emory,M,37
Foster,M,37
Nick,M,37
Allan,M,36
Aloysius,M,36
Bud,M,36
Troy,M,36
Cleveland,M,35
Dwight,M,35
Elwood,M,35
Ned,M,35
Neil,M,35
Boyd,M,34
Garland,M,34
Noble,M,34
Omer,M,34
Porter,M,34
Vern,M,34
Chris,M,33
Fletcher,M,33
Randolph,M,33
Ulysses,M,33
Elias,M,32
Elisha,M,32
Elliott,M,32
Elmo,M,32
Lyman,M,32
Murray,M,32
Alphonse,M,31
Anna,M,31
Asa,M,31
Carlton,M,31
Emile,M,31
Carlos,M,30
Christian,M,30
Clement,M,30
Dee,M,30
Enoch,M,30
Eric,M,30
Ferdinand,M,30
Jeremiah,M,30
Olin,M,30
Scott,M,30
Dick,M,29
Isiah,M,29
Newton,M,29
Russel,M,29
Dallas,M,28
Dean,M,28
Fitzhugh,M,28
Green,M,28
Hal,M,28
Jennings,M,28
Lowell,M,28
Lucius,M,28
Morgan,M,28
Sanford,M,28
Walker,M,28
Ward,M,28
Winfield,M,28
Allie,M,27
Alton,M,27
Basil,M,27
Cyril,M,27
Hans,M,27
King,M,27
Merrill,M,27
Pedro,M,27
Early,M,26
Frederic,M,26
Jackson,M,26
Ronald,M,26
Royal,M,26
Sterling,M,26
Steven,M,26
Taylor,M,26
Wilmer,M,26
Admiral,M,25
Cyrus,M,25
Dudley,M,25
Emerson,M,25
Fay,M,25
Gene,M,25
Harris,M,25
Hugo,M,25
Rollie,M,25
Arch,M,24
Chas,M,24
Clem,M,24
Ethel,M,24
Evan,M,24
Matt,M,24
Garrett,M,23
Gustav,M,23
Hardy,M,23
Isaiah,M,23
Lon,M,23
Noel,M,23
Sampson,M,23
Wendell,M,23
Wm,M,23
Adolphus,M,22
Al,M,22
Berry,M,22
Bryant,M,22
Carey,M,22
Garfield,M,22
Josh,M,22
Lemuel,M,22
Merritt,M,22
Milo,M,22
Norbert,M,22
Ramon,M,22
Reginald,M,22
Roman,M,22
Rupert,M,22
Shelby,M,22
Webster,M,22
Abner,M,21
Angelo,M,21
Archibald,M,21
Chauncey,M,21
Ellsworth,M,21
Frances,M,21
Granville,M,21
Hyman,M,21
Jean,M,21
Judge,M,21
Lem,M,21
Lionel,M,21
Salvatore,M,21
Vernie,M,21
Waldo,M,21
Warner,M,21
Wilber,M,21
Art,M,20
Axel,M,20
Casper,M,20
Dorsey,M,20
Elmore,M,20
Elton,M,20
Enos,M,20
Francisco,M,20
Freddie,M,20
Hollis,M,20
Jesus,M,20
Junius,M,20
Lucian,M,20
Oren,M,20
Orval,M,20
Pat,M,20
Reed,M,20
Rodney,M,20
Stuart,M,20
Verne,M,20
Vivian,M,20
Alfonso,M,19
Coleman,M,19
Elvin,M,19
Florence,M,19
Harmon,M,19
Isom,M,19
Loren,M,19
Napoleon,M,19
Nels,M,19
Phil,M,19
Pink,M,19
Washington,M,19
Addison,M,18
Arther,M,18
Benny,M,18
Buford,M,18
Cliff,M,18
Coy,M,18
Evans,M,18
Everette,M,18
Golden,M,18
Henderson,M,18
Hosea,M,18
Houston,M,18
Jason,M,18
Jonas,M,18
Logan,M,18
Lucious,M,18
Richmond,M,18
Rolland,M,18
Tommy,M,18
Zack,M,18
Abram,M,17
Adrian,M,17
Alden,M,17
Bennett,M,17
Bruno,M,17
Buck,M,17
Dominick,M,17
Gabriel,M,17
Helen,M,17
Israel,M,17
Jimmy,M,17
Judson,M,17
Raleigh,M,17
Rubin,M,17
Sandy,M,17
Sol,M,17
Vance,M,17
Winston,M,17
Benjiman,M,16
Booker,M,16
Carson,M,16
Cicero,M,16
Cleve,M,16
Gust,M,16
Haywood,M,16
Lige,M,16
Linwood,M,16
Margaret,M,16
Maxwell,M,16
Oakley,M,16
Oral,M,16
Palmer,M,16
Theo,M,16
Theron,M,16
Thurman,M,16
Truman,M,16
West,M,16
Wilburn,M,16
Alvie,M,15
Avery,M,15
Bonnie,M,15
Bradley,M,15
Clarance,M,15
Cleo,M,15
Elizabeth,M,15
Emmitt,M,15
Fritz,M,15
Grace,M,15
Jewell,M,15
June,M,15
Justin,M,15
Lafayette,M,15
Lawson,M,15
Lillian,M,15
Lonzo,M,15
Mason,M,15
Nat,M,15
Oran,M,15
Orin,M,15
Otho,M,15
Ruby,M,15
Ruth,M,15
Shirley,M,15
Smith,M,15
Turner,M,15
Unknown,M,15
Walton,M,15
Wilford,M,15
Alan,M,14
Annie,M,14
Augustine,M,14
Bailey,M,14
Bertram,M,14
Billy,M,14
Bishop,M,14
Carter,M,14
Crawford,M,14
Darrell,M,14
Davis,M,14
Dillard,M,14
Doyle,M,14
Ernst,M,14
Gertrude,M,14
Gregory,M,14
Hampton,M,14
Ignatius,M,14
Isadore,M,14
Laura,M,14
Maynard,M,14
Myles,M,14
Norris,M,14
Odis,M,14
Orrin,M,14
Otha,M,14
Parker,M,14
Prince,M,14
Romeo,M,14
Sammie,M,14
Seth,M,14
Shafter,M,14
Terry,M,14
Tomas,M,14
Valentine,M,14
Wheeler,M,14
Worth,M,14
Wylie,M,14
Angus,M,13
Arlie,M,13
Burt,M,13
Christ,M,13
Clint,M,13
Duncan,M,13
Emmet,M,13
Hezekiah,M,13
Hoyt,M,13
Jonathan,M,13
Maceo,M,13
Mervin,M,13
Miguel,M,13
Morton,M,13
Obie,M,13
Odie,M,13
Olaf,M,13
Ole,M,13
Olen,M,13
Pierce,M,13
Raphael,M,13
Sim,M,13
Watson,M,13
Wyatt,M,13
Adelbert,M,12
Albin,M,12
Alford,M,12
Alice,M,12
Aron,M,12
Benjaman,M,12
Burl,M,12
Dell,M,12
Delmar,M,12
Elliot,M,12
Elzie,M,12
Hazel,M,12
Hermon,M,12
Lenard,M,12
Lillie,M,12
Luis,M,12
Mattie,M,12
Milford,M,12
Omar,M,12
Orange,M,12
Randall,M,12
Roderick,M,12
Rolla,M,12
Sid,M,12
Tim,M,12
Urban,M,12
Williams,M,12
Winfred,M,12
Alfredo,M,11
Alger,M,11
Alphonso,M,11
Artie,M,11
Arvid,M,11
Author,M,11
Billie,M,11
Buster,M,11
Denis,M,11
Eldon,M,11
Ella,M,11
Ellwood,M,11
Elwin,M,11
Felton,M,11
Gail,M,11
Geo,M,11
Godfrey,M,11
Hamilton,M,11
Harlan,M,11
Hayden,M,11
Hilton,M,11
Hurley,M,11
Ivy,M,11
Jules,M,11
Lemon,M,11
Lindsey,M,11
Lonie,M,11
Lula,M,11
Merton,M,11
Meyer,M,11
Mortimer,M,11
Newell,M,11
Newt,M,11
Pinkney,M,11
Santiago,M,11
Saul,M,11
Sydney,M,11
Tillman,M,11
Abel,M,10
Alma,M,10
Alonza,M,10
Andres,M,10
Bertha,M,10
Cary,M,10
Cloyd,M,10
Connie,M,10
Elder,M,10
Ernie,M,10
Finley,M,10
Franklyn,M,10
French,M,10
Goldie,M,10
Graham,M,10
Hayes,M,10
Hector,M,10
Hershel,M,10
Hunter,M,10
Jewel,M,10
Johnson,M,10
Kelly,M,10
Lamar,M,10
Laverne,M,10
Levy,M,10
Lou,M,10
Marie,M,10
Melville,M,10
Micheal,M,10
Murry,M,10
Odell,M,10
Oswald,M,10
Plummer,M,10
Quincy,M,10
Rollin,M,10
Rube,M,10
Schley,M,10
Theadore,M,10
Tobe,M,10
Toy,M,10
Waymon,M,10
Weldon,M,10
Willam,M,10
Alois,M,9
Authur,M,9
Bee,M,9
Bernice,M,9
Bertie,M,9
Bethel,M,9
Boyce,M,9
Bradford,M,9
Chesley,M,9
Claire,M,9
Colonel,M,9
Commodore,M,9
Dana,M,9
Dayton,M,9
Dominic,M,9
Dora,M,9
Dow,M,9
Duke,M,9
Elam,M,9
Eldred,M,9
Eldridge,M,9
Ellie,M,9
Elvis,M,9
Elza,M,9
Ennis,M,9
Essie,M,9
Ewart,M,9
Ewing,M,9
Ford,M,9
Garnett,M,9
Gladys,M,9
Hattie,M,9
Henery,M,9
Hillard,M,9
Hillary,M,9
Irene,M,9
Jodie,M,9
Josiah,M,9
Kirby,M,9
Leander,M,9
Leopold,M,9
Llewellyn,M,9
Lucien,M,9
Mat,M,9
Murl,M,9
Norwood,M,9
Orlando,M,9
Patsy,M,9
Reese,M,9
Rowland,M,9
Seymour,M,9
Son,M,9
Stacy,M,9
Thornton,M,9
Thurston,M,9
Tomie,M,9
Toney,M,9
Tracy,M,9
Verner,M,9
Wash,M,9
Alphonsus,M,8
Antone,M,8
Arba,M,8
Arden,M,8
Benedict,M,8
Blaine,M,8
Brady,M,8
Brice,M,8
Brooks,M,8
Buel,M,8
Cal,M,8
Carleton,M,8
Carmen,M,8
Clare,M,8
Claudie,M,8
Claus,M,8
Cletus,M,8
Clovis,M,8
Corbett,M,8
Darwin,M,8
Denver,M,8
Doc,M,8
Earley,M,8
Edith,M,8
Elden,M,8
Ely,M,8
Emma,M,8
Ephraim,M,8
Gaston,M,8
Gaylord,M,8
Georgia,M,8
Gifford,M,8
Guadalupe,M,8
Guss,M,8
Hamp,M,8
Hardie,M,8
Hazen,M,8
Heber,M,8
Helmer,M,8
Hilliard,M,8
Howell,M,8
Hudson,M,8
Ida,M,8
Iva,M,8
Jonah,M,8
Juluis,M,8
Lacy,M,8
Lesley,M,8
Lincoln,M,8
Lois,M,8
Loran,M,8
Louise,M,8
Lucas,M,8
Mamie,M,8
Manley,M,8
Marlin,M,8
Mart,M,8
Mildred,M,8
Minnie,M,8
Montgomery,M,8
Okey,M,8
Orie,M,8
Orvil,M,8
Ossie,M,8
Ottis,M,8
Pasquale,M,8
Pearlie,M,8
Rafael,M,8
Ransom,M,8
Reid,M,8
Roby,M,8
Rollo,M,8
Roosevelt,M,8
Rose,M,8
Rush,M,8
Samual,M,8
Sebastian,M,8
Shelton,M,8
Simeon,M,8
Wright,M,8
Zeke,M,8
Adams,M,7
Addie,M,7
Adolfo,M,7
Allison,M,7
Alvis,M,7
Arnie,M,7
Asbury,M,7
Auther,M,7
Bartholomew,M,7
Baxter,M,7
Blanche,M,7
Boss,M,7
Brown,M,7
Buell,M,7
Burley,M,7
Caleb,M,7
Collier,M,7
Courtney,M,7
Curt,M,7
Dalton,M,7
Damon,M,7
Dixie,M,7
Duane,M,7
Earlie,M,7
Egbert,M,7
Elwyn,M,7
Enrique,M,7
Ephriam,M,7
Esther,M,7
Ethan,M,7
Eva,M,7
Ewald,M,7
Fenton,M,7
Ferd,M,7
Frazier,M,7
Gardner,M,7
Gary,M,7
Gayle,M,7
Gladstone,M,7
Glover,M,7
Gussie,M,7
Gustaf,M,7
Hallie,M,7
Harlow,M,7
Harper,M,7
Harvie,M,7
Hilario,M,7
Hubbard,M,7
Hughie,M,7
Isidore,M,7
Issac,M,7
Iver,M,7
Jacques,M,7
Jarvis,M,7
Jens,M,7
Joesph,M,7
Jordan,M,7
Julia,M,7
Junior,M,7
Kathryn,M,7
Keith,M,7
Kirk,M,7
Lambert,M,7
Landon,M,7
Lawton,M,7
Len,M,7
Leonidas,M,7
Loyal,M,7
Mabel,M,7
Maggie,M,7
Malcom,M,7
Mannie,M,7
Martha,M,7
Merlin,M,7
Mickey,M,7
Miller,M,7
Montie,M,7
Myer,M,7
Myrtle,M,7
Newman,M,7
Odus,M,7
Orion,M,7
Orson,M,7
Pablo,M,7
Page,M,7
Paris,M,7
Pascal,M,7
Peyton,M,7
Pleasant,M,7
Reubin,M,7
Rocco,M,7
Romie,M,7
Roswell,M,7
Royce,M,7
Rudolf,M,7
Ruel,M,7
Rutherford,M,7
Sanders,M,7
Shelly,M,7
Sheridan,M,7
Soloman,M,7
Spurgeon,M,7
Stanford,M,7
Sullivan,M,7
Sumner,M,7
Terrence,M,7
Thaddeus,M,7
Travis,M,7
Vernal,M,7
Vicente,M,7
Von,M,7
Waverly,M,7
Weston,M,7
Wilton,M,7
Winnie,M,7
Young,M,7
Zeb,M,7
Alberto,M,6
Alpha,M,6
Amon,M,6
Andre,M,6
Antoine,M,6
Arlington,M,6
Armand,M,6
Arturo,M,6
Arvel,M,6
Asberry,M,6
Augusta,M,6
Barnett,M,6
Barnie,M,6
Barry,M,6
Bedford,M,6
Benjamine,M,6
Bernhard,M,6
Bertrand,M,6
Bessie,M,6
Beulah,M,6
Carlyle,M,6
Carrol,M,6
Casey,M,6
Cassie,M,6
Cephas,M,6
Cleon,M,6
Cooper,M,6
Corbin,M,6
Daisy,M,6
Dannie,M,6
Denny,M,6
Dewy,M,6
Doctor,M,6
Dozier,M,6
Eddy,M,6
Edison,M,6
Einar,M,6
Eligah,M,6
Elige,M,6
Elroy,M,6
Embry,M,6
Ester,M,6
Eunice,M,6
Evert,M,6
Evertt,M,6
Ewell,M,6
Ezekiel,M,6
Farris,M,6
Finis,M,6
Fulton,M,6
Furman,M,6
Gale,M,6
Galen,M,6
Gerhard,M,6
Giles,M,6
Griffin,M,6
Harland,M,6
Harvy,M,6
Haskell,M,6
Hayward,M,6
Hermann,M,6
Hollie,M,6
Ignacio,M,6
Irl,M,6
Ivey,M,6
Kelley,M,6
Leamon,M,6
Lena,M,6
Lenord,M,6
Lex,M,6
Lisle,M,6
Loney,M,6
Lorenza,M,6
Lorin,M,6
Love,M,6
Luciano,M,6
Lum,M,6
Mac,M,6
Mae,M,6
Marcel,M,6
Mariano,M,6
Marshal,M,6
Maxie,M,6
Melton,M,6
Moody,M,6
Murphy,M,6
Nellie,M,6
Nicolas,M,6
Onie,M,6
Oris,M,6
Orland,M,6
Ottie,M,6
Pierre,M,6
Price,M,6
Reece,M,6
Rene,M,6
Rexford,M,6
Robin,M,6
Russ,M,6
Salvador,M,6
Sheldon,M,6
Sherwood,M,6
Sigmund,M,6
Simpson,M,6
Stanton,M,6
Stephan,M,6
Stonewall,M,6
Thad,M,6
Tilman,M,6
Tilmon,M,6
Titus,M,6
Vaughn,M,6
Vester,M,6
Virgie,M,6
Virginia,M,6
Volney,M,6
Waldemar,M,6
Webb,M,6
Woodie,M,6
Ada,M,5
Agustin,M,5
Alejandro,M,5
Alf,M,5
Alfonzo,M,5
Alvah,M,5
Arley,M,5
Armond,M,5
Arvin,M,5
Ashley,M,5
Audrey,M,5
Barnet,M,5
Barton,M,5
Bascom,M,5
Bayard,M,5
Beecher,M,5
Benito,M,5
Benson,M,5
Benton,M,5
Bernie,M,5
Beryl,M,5
Beverly,M,5
Bobbie,M,5
Buddy,M,5
Burnett,M,5
Carlisle,M,5
Carmon,M,5
Carol,M,5
Carrie,M,5
Caryl,M,5
Catherine,M,5
Ceasar,M,5
Chalmer,M,5
Chin,M,5
Claiborne,M,5
Clell,M,5
Clemens,M,5
Clerance,M,5
Coley,M,5
Colin,M,5
Collins,M,5
Cornelious,M,5
Curley,M,5
Dane,M,5
Dawson,M,5
Denzil,M,5
Dexter,M,5
Dorris,M,5
Durward,M,5
Eben,M,5
Edie,M,5
Edker,M,5
Edmon,M,5
Edna,M,5
Edson,M,5
Elex,M,5
Elie,M,5
Ellery,M,5
Elridge,M,5
Elsie,M,5
Elva,M,5
Emett,M,5
Emmanuel,M,5
Erastus,M,5
Erskine,M,5
Eula,M,5
Eusebio,M,5
Evander,M,5
Evie,M,5
Fate,M,5
Fernando,M,5
Fidel,M,5
Fleming,M,5
Floy,M,5
Gaines,M,5
Gaither,M,5
Garry,M,5
Genie,M,5
Gerard,M,5
Gorge,M,5
Gregorio,M,5
Hall,M,5
Hardin,M,5
Harlie,M,5
Harrold,M,5
Harve,M,5
Hester,M,5
Hezzie,M,5
Hilary,M,5
Hillery,M,5
Holger,M,5
Horatio,M,5
Horton,M,5
Huston,M,5
Irvine,M,5
Isidro,M,5
Isreal,M,5
Jiles,M,5
Jon,M,5
Jonnie,M,5
Josephus,M,5
Joy,M,5
Junious,M,5
Kemp,M,5
Lafe,M,5
Larkin,M,5
Laurel,M,5
Lawerence,M,5
Leighton,M,5
Lemmie,M,5
Lenzy,M,5
Levie,M,5
Lin,M,5
Lindsay,M,5
Little,M,5
Loy,M,5
Lucy,M,5
Ludwig,M,5
Luster,M,5
Lynwood,M,5
Macon,M,5
Marian,M,5
Math,M,5
Merl,M,5
Mitchel,M,5
Murrel,M,5
Murrell,M,5
Myrl,M,5
Needham,M,5
Nestor,M,5
Nolan,M,5
Nora,M,5
Octave,M,5
Oley,M,5
Olie,M,5
Orla,M,5
Orlan,M,5
Osie,M,5
Osker,M,5
Park,M,5
Pearson,M,5
Perley,M,5
Pleas,M,5
Rayfield,M,5
Raymon,M,5
Rice,M,5
Rogers,M,5
Rudy,M,5
Salomon,M,5
Samson,M,5
Sarah,M,5
Shelley,M,5
Simmie,M,5
Sonny,M,5
Teddy,M,5
Thompson,M,5
Tip,M,5
True,M,5
Tyler,M,5
Val,M,5
Vinson,M,5
Vito,M,5
Watt,M,5
Wayland,M,5
Wince,M,5
Winford,M,5
Wing,M,5
Wyman,M,5
Zed,M,5
