name,gender,count
Mary,F,12078
Anna,F,5233
Elizabeth,F,3112
Margaret,F,3100
Emma,F,2980
Florence,F,2744
Ethel,F,2718
Minnie,F,2650
Clara,F,2496
Bertha,F,2388
Bessie,F,2370
Helen,F,2312
Grace,F,2278
Alice,F,2271
Annie,F,2220
Ida,F,2178
Mabel,F,2058
Edna,F,1973
Lillian,F,1862
Nellie,F,1821
Sarah,F,1786
Martha,F,1784
Ella,F,1758
Pearl,F,1741
Rose,F,1725
Gertrude,F,1713
Laura,F,1634
Marie,F,1563
Carrie,F,1510
Edith,F,1493
Louise,F,1472
Eva,F,1436
Frances,F,1416
Myrtle,F,1406
Lillie,F,1390
Cora,F,1386
Hazel,F,1366
Hattie,F,1363
Maude,F,1359
Julia,F,1275
Jennie,F,1259
Mattie,F,1256
Jessie,F,1250
Catherine,F,1232
Elsie,F,1220
Ruth,F,1195
Lena,F,1137
Lula,F,1121
Josephine,F,1118
Agnes,F,1095
Ada,F,1074
Fannie,F,1005
Lucy,F,973
Mamie,F,967
Blanche,F,953
Stella,F,924
Alma,F,922
Mae,F,920
Katherine,F,900
Irene,F,893
Maggie,F,891
Dora,F,883
Nora,F,835
Rosa,F,770
May,F,751
Effie,F,717
Nettie,F,707
Viola,F,697
Sadie,F,680
Ellen,F,659
Mildred,F,635
Della,F,631
Susie,F,630
Lizzie,F,620
Esther,F,619
Daisy,F,588
Willie,F,578
Lydia,F,576
Beulah,F,573
Sallie,F,571
Ruby,F,540
Gladys,F,525
Georgia,F,513
Nancy,F,512
Flora,F,510
Emily,F,509
Katie,F,509
Lottie,F,502
Olive,F,491
Pauline,F,475
Kathryn,F,474
Addie,F,468
Dorothy,F,458
Caroline,F,455
Etta,F,452
Marguerite,F,442
Maud,F,439
Beatrice,F,417
Charlotte,F,417
Virginia,F,405
Theresa,F,401
Harriet,F,399
Vera,F,393
Amanda,F,392
Ollie,F,392
Marion,F,386
Rebecca,F,374
Jane,F,372
Amelia,F,368
Henrietta,F,366
Lulu,F,364
Nannie,F,355
Iva,F,354
Ora,F,354
Susan,F,354
Kate,F,352
Eleanor,F,351
Mollie,F,349
Lola,F,346
Leona,F,332
Ann,F,328
Estella,F,320
Anne,F,319
Rachel,F,318
Evelyn,F,316
Nina,F,314
Belle,F,304
Hilda,F,304
Lela,F,304
Augusta,F,299
Inez,F,299
Eliza,F,297
Matilda,F,293
Estelle,F,277
Amy,F,275
Hannah,F,267
Sara,F,262
Essie,F,256
Goldie,F,254
Eula,F,248
Mable,F,247
Maria,F,247
Mayme,F,246
Sophia,F,245
Verna,F,244
Josie,F,242
Barbara,F,241
Lucille,F,241
Ola,F,239
Rosie,F,238
Alta,F,234
Flossie,F,231
Callie,F,230
Allie,F,229
Bernice,F,229
Loretta,F,228
Olga,F,225
Sylvia,F,223
Victoria,F,223
Nell,F,221
Christine,F,220
Janie,F,220
Genevieve,F,217
Betty,F,216
Ina,F,215
Eunice,F,214
Tillie,F,207
Sophie,F,206
Celia,F,204
Millie,F,204
Winifred,F,204
Delia,F,197
Frieda,F,195
Rena,F,192
Luella,F,184
Violet,F,183
Marjorie,F,181
Lois,F,175
Birdie,F,168
Louisa,F,168
Winnie,F,166
Alberta,F,165
Selma,F,165
Leah,F,162
Elva,F,160
Isabel,F,160
Jean,F,160
Bertie,F,158
Isabelle,F,156
Bess,F,154
Irma,F,154
Leila,F,154
Sally,F,154
Virgie,F,154
Adeline,F,150
Lucile,F,149
Hulda,F,147
Nelle,F,143
Abbie,F,140
Christina,F,139
Mathilda,F,138
Rhoda,F,138
Lelia,F,137
Bettie,F,136
Erma,F,135
Roxie,F,135
Norma,F,134
Adele,F,133
Myra,F,133
Lou,F,132
Cecelia,F,130
Dollie,F,130
Lora,F,130
Jeanette,F,129
Freda,F,127
Gussie,F,125
Carolyn,F,124
Cornelia,F,123
Naomi,F,122
Gertie,F,121
Hallie,F,121
Lila,F,120
Sue,F,120
Fern,F,119
Hester,F,119
Katharine,F,119
Meta,F,115
Harriett,F,114
Regina,F,114
Geneva,F,112
Marian,F,112
Lura,F,110
Teresa,F,110
Elma,F,108
Johanna,F,108
Zella,F,108
Maudie,F,107
Elsa,F,106
Kathleen,F,105
Lilly,F,104
Vivian,F,103
Adelaide,F,102
Corinne,F,102
Dessie,F,102
Lenora,F,102
Francis,F,101
Lucinda,F,101
Helena,F,100
Madge,F,100
Fay,F,99
Jeannette,F,99
Bonnie,F,98
Wilhelmina,F,98
Lettie,F,96
Lily,F,96
Madeline,F,96
Velma,F,96
Claudia,F,95
Mina,F,95
Hettie,F,94
Leola,F,92
Cecilia,F,91
Isabella,F,91
Roberta,F,91
Juanita,F,89
Letha,F,89
Minerva,F,89
Doris,F,87
Dovie,F,86
Audrey,F,85
Olivia,F,85
Fanny,F,84
Eugenia,F,83
Linnie,F,83
Miriam,F,83
Georgie,F,82
Lorena,F,82
Veronica,F,82
Cleo,F,81
Alvina,F,80
Opal,F,80
Cynthia,F,79
Lessie,F,79
Margie,F,78
Pearlie,F,78
Elnora,F,76
Janet,F,76
Neva,F,74
Phoebe,F,74
Mittie,F,73
Claire,F,72
Myrtie,F,72
Nona,F,72
Cecile,F,71
Erna,F,71
Angeline,F,70
Lida,F,70
Gracie,F,69
Lona,F,69
Orpha,F,69
Anita,F,68
Artie,F,68
Cassie,F,68
Emilie,F,68
Ernestine,F,68
Floy,F,68
Merle,F,68
Oma,F,68
Frankie,F,67
Antoinette,F,66
Ivy,F,66
Louella,F,65
Ophelia,F,65
Zula,F,65
Elvira,F,64
Wilma,F,64
Annette,F,63
Ila,F,63
June,F,63
Leta,F,63
Lina,F,63
Blanch,F,62
Malinda,F,62
Bell,F,61
Evie,F,61
Chloe,F,60
Nola,F,60
Zora,F,60
Faye,F,59
Rosetta,F,59
Una,F,59
Cecil,F,58
Lee,F,58
Leota,F,58
Mabelle,F,58
Muriel,F,58
Alpha,F,57
Dolly,F,57
Helene,F,57
Pansy,F,57
Polly,F,57
Rosalie,F,57
Angie,F,56
John,F,56
Lyda,F,56
Ona,F,56
Edythe,F,55
Linda,F,54
Rita,F,54
Catharine,F,53
Charity,F,53
Jannie,F,53
Rae,F,53
Dona,F,52
Dorothea,F,52
Golda,F,52
Zelma,F,52
Isabell,F,51
Leora,F,51
Willa,F,51
Adah,F,49
Ava,F,49
Era,F,49
Cordelia,F,48
Mandy,F,48
Clyde,F,47
Pearle,F,47
Tessie,F,47
Eddie,F,46
Eloise,F,46
Maybelle,F,46
Molly,F,46
Angela,F,45
Constance,F,45
Jimmie,F,45
Lilla,F,45
Vida,F,45
Ettie,F,44
Johnnie,F,44
Kittie,F,44
Ray,F,44
Marcella,F,43
Reba,F,43
Agatha,F,42
Bella,F,42
Belva,F,42
Bridget,F,42
Clementine,F,42
Hilma,F,42
Melissa,F,42
Phyllis,F,42
Sudie,F,42
Vada,F,42
Vesta,F,42
Vina,F,42
Zoe,F,42
Dixie,F,41
Inga,F,41
Mazie,F,41
Annabelle,F,40
Ellie,F,40
Liza,F,40
Ludie,F,40
Priscilla,F,40
Shirley,F,40
Eda,F,39
Lauretta,F,39
Nan,F,39
Rhea,F,39
Tina,F,39
Lenore,F,38
Albina,F,37
Antonia,F,37
Berta,F,37
Besse,F,37
Connie,F,37
George,F,37
Iona,F,37
Lennie,F,37
Leonora,F,37
Melvina,F,37
Pinkie,F,37
Tena,F,37
Wanda,F,37
Emmie,F,36
Georgiana,F,36
Ione,F,36
Verda,F,36
Alva,F,35
Angelina,F,35
Clare,F,35
Donnie,F,35
Paula,F,35
Tennie,F,35
Emelia,F,34
Frank,F,34
Kathrine,F,34
Margret,F,34
Mellie,F,34
Minna,F,34
Natalie,F,34
Odessa,F,34
Rosina,F,34
Susanna,F,34
William,F,34
Aurelia,F,33
Avis,F,33
Docia,F,33
Donna,F,33
Elise,F,33
Hanna,F,33
James,F,33
Jewel,F,33
Joanna,F,33
Lavina,F,33
Louie,F,33
Marietta,F,33
Mona,F,33
Rosella,F,33
Savannah,F,33
Vinnie,F,33
Beryl,F,32
Lucretia,F,32
Madeleine,F,32
Octavia,F,32
Rilla,F,32
Zola,F,32
Cordie,F,31
Corrie,F,31
Dena,F,31
Elmira,F,31
Lucia,F,31
Lucie,F,31
Mariah,F,31
Adelia,F,30
Aline,F,30
Charles,F,30
Hortense,F,30
Iola,F,30
Jeanne,F,30
Lue,F,30
Mertie,F,30
Adella,F,29
Georgianna,F,29
Gretchen,F,29
Idella,F,29
Julie,F,29
Leatha,F,29
Sena,F,29
Vernie,F,29
Anastasia,F,28
Carmen,F,28
Corine,F,28
Florida,F,28
Hedwig,F,28
Lelah,F,28
Rowena,F,28
Tommie,F,28
Easter,F,27
Estell,F,27
Geraldine,F,27
Kitty,F,27
Lavinia,F,27
Mallie,F,27
Vallie,F,27
Veda,F,27
Zona,F,27
Almeda,F,26
Altha,F,26
Carol,F,26
Hope,F,26
Jewell,F,26
Lenna,F,26
Leone,F,26
Lonie,F,26
Lorene,F,26
Luvenia,F,26
Matie,F,26
Missouri,F,26
Retta,F,26
Theodora,F,26
Tilda,F,26
Ursula,F,26
Arrie,F,25
Clarissa,F,25
Corrine,F,25
Ester,F,25
Ethyl,F,25
Grayce,F,25
Lorraine,F,25
Lovie,F,25
Magdalena,F,25
Margery,F,25
Mathilde,F,25
Mettie,F,25
Pattie,F,25
Queen,F,25
Albertine,F,24
Christena,F,24
Deborah,F,24
Florine,F,24
Glenna,F,24
Kattie,F,24
Libbie,F,24
Luna,F,24
Selina,F,24
Winnifred,F,24
Adela,F,23
Carolina,F,23
Clemmie,F,23
Dottie,F,23
Elinor,F,23
Elisabeth,F,23
Josefa,F,23
Katheryn,F,23
Onie,F,23
Peggy,F,23
Ara,F,22
Camilla,F,22
Cathrine,F,22
Clarice,F,22
Claudie,F,22
Delphia,F,22
Esta,F,22
Imogene,F,22
India,F,22
Judith,F,22
Thelma,F,22
Vergie,F,22
Alida,F,21
Camille,F,21
Dolores,F,21
Elda,F,21
Eleanore,F,21
Lilian,F,21
Ocie,F,21
Philomena,F,21
Adda,F,20
Alda,F,20
Almira,F,20
Bernadette,F,20
Celeste,F,20
Delilah,F,20
Donie,F,20
Eleanora,F,20
Exie,F,20
Francisca,F,20
Gail,F,20
Joe,F,20
Leslie,F,20
Letitia,F,20
Malissa,F,20
Marcia,F,20
Nita,F,20
Odie,F,20
Phebe,F,20
Robbie,F,20
Verdie,F,20
Allene,F,19
Althea,F,19
Alvena,F,19
Alyce,F,19
Annabel,F,19
Coral,F,19
Elenora,F,19
Emilia,F,19
Hassie,F,19
Henry,F,19
Iris,F,19
Madie,F,19
Mahala,F,19
Marjory,F,19
Ottie,F,19
Prudence,F,19
Wilda,F,19
Zetta,F,19
Adaline,F,18
Aimee,F,18
Arline,F,18
Bennie,F,18
Celina,F,18
Corda,F,18
Ferne,F,18
Golden,F,18
Harriette,F,18
Isa,F,18
Jessica,F,18
Joan,F,18
Justine,F,18
Loraine,F,18
Magdalen,F,18
Mammie,F,18
Maxie,F,18
Maye,F,18
Meda,F,18
Metta,F,18
Neta,F,18
Ottilie,F,18
Petra,F,18
Rubie,F,18
Tressie,F,18
Bulah,F,17
Celestine,F,17
Delila,F,17
Dell,F,17
Delphine,F,17
Eldora,F,17
Elizebeth,F,17
Guadalupe,F,17
Helga,F,17
Hildegarde,F,17
Huldah,F,17
Ira,F,17
Ivah,F,17
Jenny,F,17
Jettie,F,17
Joyce,F,17
Liddie,F,17
Magdalene,F,17
Margarette,F,17
Monica,F,17
Sabra,F,17
Sina,F,17
Tempie,F,17
Tressa,F,17
Vena,F,17
Amalia,F,16
Ana,F,16
Anner,F,16
Dicie,F,16
Edyth,F,16
Electa,F,16
Emmer,F,16
Eulah,F,16
Evangeline,F,16
Eveline,F,16
Gay,F,16
Genie,F,16
Jossie,F,16
Leonie,F,16
Lonnie,F,16
Macie,F,16
Malvina,F,16
Manda,F,16
Margaretta,F,16
Millicent,F,16
Olevia,F,16
Rosalee,F,16
Rosemary,F,16
Valeria,F,16
Vertie,F,16
Viva,F,16
America,F,15
Beth,F,15
Clora,F,15
Daphne,F,15
Dorcas,F,15
Doshie,F,15
Edwina,F,15
Eileen,F,15
Elfrieda,F,15
Emeline,F,15
Etna,F,15
Garnet,F,15
Gena,F,15
Juliet,F,15
Kizzie,F,15
Lular,F,15
Mintie,F,15
Nealie,F,15
Nova,F,15
Oda,F,15
Otelia,F,15
Patsy,F,15
Pollie,F,15
Ressie,F,15
Reta,F,15
Roma,F,15
Rosanna,F,15
Samantha,F,15
Serena,F,15
Sidney,F,15
Signe,F,15
Sophronia,F,15
Thora,F,15
Yetta,F,15
Adelina,F,14
Adelle,F,14
Augustine,F,14
Bula,F,14
Edmonia,F,14
Eller,F,14
Elta,F,14
Emelie,F,14
Eugenie,F,14
Fleeta,F,14
Flo,F,14
Fred,F,14
Georgina,F,14
Goldia,F,14
Greta,F,14
Hermine,F,14
Icie,F,14
Izora,F,14
Juana,F,14
Juliette,F,14
Karen,F,14
Margarita,F,14
Maybell,F,14
Mercedes,F,14
Rosey,F,14
Sadye,F,14
Selena,F,14
Sula,F,14
Thekla,F,14
Winona,F,14
Zelda,F,14
Adell,F,13
Aileen,F,13
Amie,F,13
Betsy,F,13
Bobbie,F,13
Concepcion,F,13
Diana,F,13
Ebba,F,13
Edward,F,13
Elisa,F,13
Eulalia,F,13
Evalyn,F,13
Fairy,F,13
Freida,F,13
Gillie,F,13
Gina,F,13
Junie,F,13
Katy,F,13
Lavada,F,13
Lea,F,13
Leanna,F,13
Leda,F,13
Manuela,F,13
Melinda,F,13
Minta,F,13
Myrta,F,13
Ova,F,13
Prudie,F,13
Rosalind,F,13
Rossie,F,13
Salome,F,13
Therese,F,13
Veva,F,13
Alicia,F,12
Arie,F,12
Arminta,F,12
Charlie,F,12
Claude,F,12
Clifford,F,12
Cordia,F,12
Dellie,F,12
Effa,F,12
Elaine,F,12
Elmina,F,12
Fronie,F,12
Harry,F,12
Helma,F,12
Jamie,F,12
Lelar,F,12
Leo,F,12
Louvenia,F,12
Madaline,F,12
Melva,F,12
Mima,F,12
Mossie,F,12
Myrle,F,12
Nadine,F,12
Nonie,F,12
Osa,F,12
Ramona,F,12
Robert,F,12
Sammie,F,12
Theo,F,12
Tinnie,F,12
Valerie,F,12
Walter,F,12
Zadie,F,12
Adline,F,11
Aggie,F,11
Albert,F,11
Alfreda,F,11
Annetta,F,11
Arlene,F,11
Audra,F,11
Beda,F,11
Bernadine,F,11
Beula,F,11
Birtha,F,11
Dillie,F,11
Drucilla,F,11
Elena,F,11
Elna,F,11
Elvina,F,11
Eve,F,11
Evelina,F,11
Florrie,F,11
Garnett,F,11
Gene,F,11
Glenn,F,11
Gretta,F,11
Gwendolyn,F,11
Hildred,F,11
Hildur,F,11
Ima,F,11
Janette,F,11
Joseph,F,11
Lacy,F,11
Lassie,F,11
Lilie,F,11
Lissie,F,11
Louis,F,11
Maxine,F,11
Nanie,F,11
Norah,F,11
Osie,F,11
Ottilia,F,11
Patricia,F,11
Pluma,F,11
Roy,F,11
Sabina,F,11
Sibbie,F,11
Verena,F,11
Verona,F,11
Zelia,F,11
Alene,F,10
Amber,F,10
Arlie,F,10
Beaulah,F,10
Bernardine,F,10
Betsey,F,10
Byrd,F,10
Calla,F,10
Cherry,F,10
Clemence,F,10
Dulcie,F,10
Enid,F,10
Etha,F,10
Eura,F,10
Evalena,F,10
Faith,F,10
Fidelia,F,10
Florance,F,10
Forest,F,10
Forrest,F,10
Freddie,F,10
Gerda,F,10
Gusta,F,10
Hazelle,F,10
Hellen,F,10
Hertha,F,10
Hessie,F,10
Ines,F,10
Irena,F,10
Isla,F,10
Jesse,F,10
Jodie,F,10
Joy,F,10
Lavenia,F,10
Letta,F,10
Libby,F,10
Loretto,F,10
Lotta,F,10
Loula,F,10
Lovina,F,10
Luisa,F,10
Lutie,F,10
Lyla,F,10
Mame,F,10
Manie,F,10
Margaretha,F,10
Marry,F,10
Missie,F,10
Montie,F,10
Myrtis,F,10
Nathalie,F,10
Netta,F,10
Ninnie,F,10
Nobie,F,10
Odile,F,10
Queenie,F,10
Retha,F,10
Reva,F,10
Rosia,F,10
Sada,F,10
Sybil,F,10
Theodosia,F,10
Tiny,F,10
Tracy,F,10
Ula,F,10
Vassie,F,10
Vonnie,F,10
Wilhelmine,F,10
Abigail,F,9
Aida,F,9
Albertha,F,9
Antonette,F,9
Arizona,F,9
Audie,F,9
Aura,F,9
Avie,F,9
Berenice,F,9
Billie,F,9
Bina,F,9
Carmela,F,9
Crystal,F,9
Debbie,F,9
Dellar,F,9
Dina,F,9
Dinah,F,9
Drusilla,F,9
Elmer,F,9
Emmaline,F,9
Erin,F,9
Ethelyn,F,9
Ether,F,9
Ethie,F,9
Eudora,F,9
Evaline,F,9
Felicia,F,9
Fleta,F,9
Frona,F,9
Gennie,F,9
Honora,F,9
Isadora,F,9
Jeanie,F,9
Jeffie,F,9
Jessye,F,9
Jetta,F,9
Josefina,F,9
Josiephine,F,9
Juliana,F,9
Justina,F,9
Laverne,F,9
Leontine,F,9
Magnolia,F,9
Malissie,F,9
Mannie,F,9
Myrl,F,9
Nelia,F,9
Nella,F,9
Nevada,F,9
Orah,F,9
Ossie,F,9
Parthenia,F,9
Patience,F,9
Pennie,F,9
Rosalia,F,9
Rozella,F,9
Rubye,F,9
Signa,F,9
Sigrid,F,9
Tennessee,F,9
Theresia,F,9
Thomas,F,9
Trudie,F,9
Vashti,F,9
Zada,F,9
Zenobia,F,9
Altie,F,8
Annis,F,8
Arbie,F,8
Archie,F,8
Arlena,F,8
Arthur,F,8
Aurora,F,8
Bama,F,8
Berniece,F,8
Buelah,F,8
Buna,F,8
Carl,F,8
Carra,F,8
Cathryn,F,8
Chrissie,F,8
Claribel,F,8
Cruz,F,8
Daisey,F,8
Dean,F,8
Earlie,F,8
Eleonora,F,8
Elodie,F,8
Elvie,F,8
Elzie,F,8
Esma,F,8
Etter,F,8
Evelena,F,8
Exa,F,8
Filomena,F,8
Flonnie,F,8
Francies,F,8
Fredericka,F,8
Fredonia,F,8
Glennie,F,8
Gunda,F,8
Gwen,F,8
Hazle,F,8
Henretta,F,8
Henriette,F,8
Hila,F,8
Howard,F,8
Icy,F,8
Imo,F,8
Ingeborg,F,8
Jennette,F,8
Johannah,F,8
Johnie,F,8
Jonnie,F,8
Julian,F,8
Lallie,F,8
Leaner,F,8
Lockie,F,8
Lollie,F,8
Lota,F,8
Love,F,8
Maie,F,8
Maranda,F,8
Margarete,F,8
Martina,F,8
Maymie,F,8
Melia,F,8
Mena,F,8
Mira,F,8
Modeste,F,8
Myrna,F,8
Nelly,F,8
Nolia,F,8
Omie,F,8
Orie,F,8
Orra,F,8
Otha,F,8
Ouida,F,8
Paralee,F,8
Paulina,F,8
Rachael,F,8
Roena,F,8
Rosamond,F,8
Shellie,F,8
Sibyl,F,8
Sofia,F,8
Teckla,F,8
Thea,F,8
Thresa,F,8
Tula,F,8
Verla,F,8
Verlie,F,8
Vernia,F,8
Veta,F,8
Willia,F,8
Zena,F,8
Zilla,F,8
Zillah,F,8
Zina,F,8
Aletha,F,7
Allena,F,7
Alphonsine,F,7
Alverda,F,7
Alys,F,7
Ammie,F,7
Annabell,F,7
Arletta,F,7
Arvilla,F,7
Attie,F,7
Augustina,F,7
Azzie,F,7
Bee,F,7
Belinda,F,7
Cara,F,7
Carmelita,F,7
Cary,F,7
Cloe,F,7
Clotilde,F,7
Dagmar,F,7
Dana,F,7
Dawn,F,7
Delpha,F,7
Dola,F,7
Dorthy,F,7
Dove,F,7
Eleonore,F,7
Elfreda,F,7
Elnore,F,7
Else,F,7
Elvera,F,7
Ema,F,7
Ena,F,7
Epsie,F,7
Eulalie,F,7
Euna,F,7
Everlena,F,7
Flavia,F,7
Garnette,F,7
Gustava,F,7
Idell,F,7
Inger,F,7
Irean,F,7
Ivory,F,7
Izetta,F,7
Jim,F,7
Jinnie,F,7
Jo,F,7
Joeanna,F,7
Judy,F,7
Jule,F,7
Katharina,F,7
Kathryne,F,7
Lala,F,7
Laurel,F,7
Leafy,F,7
Lera,F,7
Lethia,F,7
Lilah,F,7
Lillis,F,7
Macy,F,7
Malissia,F,7
Maryann,F,7
Maryjane,F,7
Matilde,F,7
Medora,F,7
Mila,F,7
Minervia,F,7
Monnie,F,7
Nana,F,7
Natalia,F,7
Nolie,F,7
Norine,F,7
Novella,F,7
Octavie,F,7
Oscar,F,7
Otie,F,7
Pallie,F,7
Permelia,F,7
Persis,F,7
Pheobe,F,7
Rella,F,7
Rhodie,F,7
Rosy,F,7
Roxanna,F,7
Rutha,F,7
Sam,F,7
Savanah,F,7
Savilla,F,7
Silvia,F,7
Susana,F,7
Susanne,F,7
Suzanne,F,7
Texie,F,7
Theda,F,7
Tilla,F,7
Unknown,F,7
Vannie,F,7
Vara,F,7
Vella,F,7
Vennie,F,7
Venus,F,7
Verne,F,7
Versie,F,7
Victorine,F,7
Virgia,F,7
Yvonne,F,7
Zettie,F,7
Zilpha,F,7
Zita,F,7
Zoa,F,7
Abby,F,6
Achsah,F,6
Adelaida,F,6
Adina,F,6
Adrienne,F,6
Alexina,F,6
Alline,F,6
Alverta,F,6
Amada,F,6
Andrea,F,6
Ardella,F,6
Arla,F,6
Armina,F,6
Avery,F,6
Bena,F,6
Benita,F,6
Bera,F,6
Bernie,F,6
Berthe,F,6
Bethel,F,6
Bird,F,6
Birtie,F,6
Buena,F,6
Candace,F,6
Carlota,F,6
Carmel,F,6
Carry,F,6
Chlora,F,6
Clem,F,6
Cleopatra,F,6
Clyda,F,6
Coletta,F,6
Courtney,F,6
Dallie,F,6
Delores,F,6
Delta,F,6
Donia,F,6
Doretta,F,6
Edie,F,6
Elba,F,6
Elenor,F,6
Elfie,F,6
Elia,F,6
Emer,F,6
Enola,F,6
Eola,F,6
Eppie,F,6
Erie,F,6
Ermine,F,6
Ethyle,F,6
Euphemia,F,6
Faustina,F,6
Floyd,F,6
Frederica,F,6
Gabriella,F,6
Glen,F,6
Gloria,F,6
Guy,F,6
Haley,F,6
Hetty,F,6
Hildegard,F,6
Ica,F,6
Iowa,F,6
Jemima,F,6
Judie,F,6
Katharyn,F,6
Lady,F,6
Lalla,F,6
Lawrence,F,6
Leathie,F,6
Lema,F,6
Leonia,F,6
Lexie,F,6
Lodema,F,6
Lossie,F,6
Lucindy,F,6
Luda,F,6
Lulie,F,6
Lulla,F,6
Lupe,F,6
Lurena,F,6
Madelyn,F,6
Maida,F,6
Manuelita,F,6
Mariam,F,6
Marianne,F,6
Marilla,F,6
Maurine,F,6
Maybel,F,6
Milda,F,6
Minda,F,6
Miranda,F,6
Mora,F,6
Naomia,F,6
Nila,F,6
Nonnie,F,6
Olar,F,6
Oressa,F,6
Orlena,F,6
Orma,F,6
Orrie,F,6
Pearley,F,6
Pearly,F,6
Penny,F,6
Pinkey,F,6
Ragna,F,6
Regenia,F,6
Rosena,F,6
Roxy,F,6
Ruthie,F,6
Salina,F,6
Sister,F,6
Suda,F,6
Sydney,F,6
Sylvester,F,6
Synthia,F,6
Tacy,F,6
Thressa,F,6
Tiney,F,6
Tishie,F,6
Treva,F,6
Twila,F,6
Ura,F,6
Velva,F,6
Vernon,F,6
Vinie,F,6
Vivien,F,6
Weltha,F,6
Agness,F,5
Alla,F,5
Almina,F,5
Amalie,F,5
Angelita,F,5
Annice,F,5
Ardelia,F,5
Arena,F,5
Arley,F,5
Atha,F,5
Atta,F,5
Aurore,F,5
Babe,F,5
Beatrix,F,5
Becky,F,5
Blossom,F,5
Breta,F,5
Bunie,F,5
Candis,F,5
Capitola,F,5
Carla,F,5
Carlie,F,5
Cattie,F,5
Celena,F,5
Celesta,F,5
Ceola,F,5
Chaney,F,5
Channie,F,5
Christene,F,5
Christian,F,5
Claudine,F,5
Clella,F,5
Clementina,F,5
Cleone,F,5
Coila,F,5
Consuelo,F,5
Corean,F,5
Corene,F,5
Cottie,F,5
Dahlia,F,5
Dale,F,5
Dedie,F,5
Dee,F,5
Deller,F,5
Dellia,F,5
Dema,F,5
Dicy,F,5
Donald,F,5
Dorathea,F,5
Dorris,F,5
Doshia,F,5
Earle,F,5
Edgar,F,5
Elizbeth,F,5
Ellena,F,5
Ellora,F,5
Elmire,F,5
Emogene,F,5
Evia,F,5
Evlyn,F,5
Exilda,F,5
Felicita,F,5
Ferol,F,5
Fleda,F,5
Florentine,F,5
Floretta,F,5
Florina,F,5
Floss,F,5
Fronia,F,5
Gabrielle,F,5
Georgene,F,5
Glendora,F,5
Gunhild,F,5
Gurtrude,F,5
Hedvig,F,5
Henryetta,F,5
Herma,F,5
Ilo,F,5
Indiana,F,5
Ivey,F,5
Jack,F,5
Jess,F,5
Katherina,F,5
Kathern,F,5
Katye,F,5
Kay,F,5
Keturah,F,5
Lanie,F,5
Laurence,F,5
Laurette,F,5
Lella,F,5
Leonore,F,5
Lesta,F,5
Lester,F,5
Leva,F,5
Lilia,F,5
Lolita,F,5
Loma,F,5
Louetta,F,5
Louisiana,F,5
Lovey,F,5
Luberta,F,5
Lucetta,F,5
Luddie,F,5
Luellar,F,5
Luetta,F,5
Lurley,F,5
Lurlie,F,5
Lurline,F,5
Lyle,F,5
Mackie,F,5
Mada,F,5
Madalene,F,5
Mai,F,5
Maisie,F,5
Malisa,F,5
Margrett,F,5
Margueritte,F,5
Mariana,F,5
Marilda,F,5
Marinda,F,5
Marquerite,F,5
Martin,F,5
Marye,F,5
Masie,F,5
Maynie,F,5
Mazzie,F,5
Meddie,F,5
Media,F,5
Mignon,F,5
Milly,F,5
Mimie,F,5
Minnette,F,5
Modesta,F,5
Monie,F,5
Murl,F,5
Myrtice,F,5
Neda,F,5
Nena,F,5
Neoma,F,5
Nezzie,F,5
Nicie,F,5
Olia,F,5
Oliva,F,5
Olla,F,5
Onnie,F,5
Orva,F,5
Otilla,F,5
Page,F,5
Paul,F,5
Penelope,F,5
Perley,F,5
Phillis,F,5
Pina,F,5
Pinky,F,5
Pleasant,F,5
Portia,F,5
Pricilla,F,5
Ralph,F,5
Refugia,F,5
Refugio,F,5
Rettie,F,5
Roe,F,5
Rosana,F,5
Roseanna,F,5
Roxana,F,5
Ruie,F,5
Sallye,F,5
Samuel,F,5
Senie,F,5
Sidonia,F,5
Sylva,F,5
Sylvania,F,5
Tabitha,F,5
Tallie,F,5
Tekla,F,5
Terese,F,5
Tony,F,5
Trannie,F,5
Varina,F,5
Vela,F,5
Venie,F,5
Verle,F,5
Vern,F,5
Verta,F,5
Vianna,F,5
Violetta,F,5
Vira,F,5
Virgil,F,5
Vista,F,5
Wallie,F,5
Wesley,F,5
Willow,F,5
Zana,F,5
Zelpha,F,5
Zenna,F,5
Zera,F,5
John,M,8502
William,M,7494
James,M,5097
George,M,4458
Charles,M,4061
Frank,M,3078
Joseph,M,2670
Robert,M,2541
Henry,M,2349
Harry,M,2345
Edward,M,2282
Thomas,M,2200
Walter,M,1905
Arthur,M,1610
Fred,M,1506
Albert,M,1417
Clarence,M,1018
Roy,M,941
Louis,M,860
Samuel,M,815
Charlie,M,797
Ernest,M,774
Willie,M,758
Earl,M,744
Richard,M,743
David,M,731
Carl,M,693
Joe,M,682
Oscar,M,628
Will,M,613
Paul,M,607
Ralph,M,587
Jesse,M,576
Andrew,M,575
Alfred,M,549
Raymond,M,546
Benjamin,M,537
Elmer,M,528
Daniel,M,505
Howard,M,501
Sam,M,489
Herbert,M,467
Frederick,M,410
Lee,M,410
Peter,M,410
Eugene,M,408
Harold,M,408
Michael,M,394
Leo,M,393
Herman,M,382
Lewis,M,375
Lawrence,M,372
Jack,M,368
Ben,M,363
Francis,M,363
Ray,M,349
Claude,M,347
Martin,M,347
Tom,M,347
Floyd,M,341
Edgar,M,338
Jim,M,336
Edwin,M,323
Clyde,M,317
Harvey,M,296
Jacob,M,290
Leonard,M,275
Otto,M,267
Chester,M,263
Ed,M,262
Luther,M,253
Guy,M,249
Jessie,M,241
Leroy,M,236
Patrick,M,227
Lester,M,226
Homer,M,223
Stanley,M,223
Archie,M,221
Hugh,M,219
Oliver,M,218
Ira,M,209
Clifford,M,207
August,M,206
Alexander,M,202
Eddie,M,197
Leon,M,197
Philip,M,192
Theodore,M,190
Allen,M,189
Anthony,M,189
Isaac,M,187
Charley,M,183
Lloyd,M,182
Russell,M,182
Leslie,M,181
Bert,M,180
Bernard,M,178
Grover,M,177
Sidney,M,176
Emil,M,165
Everett,M,163
Horace,M,162
Dan,M,160
Julius,M,159
Warren,M,157
Harrison,M,156
Norman,M,156
Stephen,M,156
Dave,M,152
Alex,M,147
Alvin,M,147
Percy,M,140
Victor,M,138
Wallace,M,138
Marion,M,137
Wesley,M,131
Willis,M,129
Milton,M,126
Earnest,M,122
Cecil,M,120
Otis,M,119
Glenn,M,117
Calvin,M,116
Gilbert,M,116
Rufus,M,115
Amos,M,114
Jess,M,114
Mack,M,114
Nathan,M,110
Donald,M,109
Gus,M,109
Jay,M,108
Perry,M,108
Lonnie,M,107
Emmett,M,104
Jerry,M,103
Adolph,M,102
Dennis,M,102
Maurice,M,102
Ross,M,101
Virgil,M,100
Marvin,M,99
Max,M,99
Roscoe,M,99
Melvin,M,98
Aaron,M,96
Manuel,M,96
Jasper,M,95
Wilbur,M,94
Jose,M,93
Morris,M,93
Sylvester,M,93
Rudolph,M,92
Claud,M,91
Clinton,M,90
Franklin,M,90
Johnnie,M,90
Elbert,M,89
Willard,M,89
Alonzo,M,88
Orville,M,88
Ollie,M,87
Curtis,M,86
Matthew,M,86
Hubert,M,85
Cornelius,M,84
Silas,M,84
Mark,M,83
Mike,M,83
Vernon,M,83
Irvin,M,82
Fredrick,M,80
Phillip,M,80
Nicholas,M,78
Clayton,M,77
Jeff,M,77
Nathaniel,M,75
Reuben,M,75
Adam,M,74
Levi,M,74
Noah,M,74
Anton,M,73
Marshall,M,73
Simon,M,73
Bill,M,72
Felix,M,72
Jake,M,72
Kenneth,M,72
Ellis,M,71
Nelson,M,71
Abraham,M,70
Irving,M,69
Alva,M,68
Glen,M,68
Hiram,M,68
Owen,M,68
Roland,M,68
Sherman,M,67
Wilson,M,67
Christopher,M,66
Steve,M,66
Grant,M,65
Elijah,M,64
Jerome,M,64
Moses,M,64
Austin,M,63
Gordon,M,63
Julian,M,63
Edd,M,62
Millard,M,62
Don,M,61
Vincent,M,61
Pete,M,60
Wiley,M,60
Anderson,M,59
Bruce,M,59
Dock,M,58
Clifton,M,57
Mose,M,57
Cleveland,M,56
Forrest,M,56
Timothy,M,56
Bennie,M,54
Edmund,M,54
Andy,M,53
Bob,M,53
Monroe,M,53
Arnold,M,52
Byron,M,52
Harley,M,52
Roger,M,52
Clark,M,51
Edmond,M,51
Wade,M,51
Juan,M,50
Abe,M,49
Christian,M,49
Eli,M,49
Ned,M,49
Ora,M,49
Preston,M,49
Asa,M,48
Ike,M,48
Pearl,M,48
Bud,M,47
Enoch,M,47
Karl,M,47
Miles,M,47
Lon,M,46
Newton,M,46
Leland,M,45
Nick,M,45
Wayne,M,45
Wilfred,M,45
Barney,M,44
Conrad,M,44
Gerald,M,44
Augustus,M,43
Columbus,M,43
Earle,M,43
Ervin,M,43
Ezra,M,43
Grady,M,43
Hugo,M,43
Mathew,M,43
Solomon,M,43
Laurence,M,42
Luke,M,42
Carroll,M,41
Isaiah,M,41
Johnie,M,40
Neal,M,40
Scott,M,40
Jefferson,M,39
Louie,M,39
Riley,M,39
Tony,M,39
Archibald,M,38
Douglas,M,38
Ivan,M,38
Allan,M,37
Ambrose,M,37
Chauncey,M,37
Forest,M,37
Gustave,M,37
Joel,M,37
Ward,M,37
Elias,M,36
Boyd,M,35
Erwin,M,35
Jeremiah,M,35
Mary,M,35
Antonio,M,34
Benjiman,M,34
Emery,M,34
Jimmie,M,34
Omer,M,34
Ferdinand,M,33
Green,M,33
Marcus,M,33
Chris,M,32
Clay,M,32
Dallas,M,32
Emanuel,M,32
Isiah,M,32
Loyd,M,32
Murray,M,32
Pedro,M,32
Ulysses,M,32
Vern,M,32
Cyrus,M,31
Dick,M,31
Morton,M,31
Royal,M,31
Burt,M,30
Dewitt,M,30
Lucius,M,30
Mitchell,M,30
Rex,M,30
Spencer,M,30
Chas,M,29
Emory,M,29
Neil,M,29
Pat,M,29
Thurman,M,29
Walker,M,29
Burton,M,28
Delbert,M,28
Freeman,M,28
Garfield,M,28
Lemuel,M,28
Matt,M,28
Wilbert,M,28
Clement,M,27
Hardy,M,27
Harmon,M,27
Lyman,M,27
Lynn,M,27
Major,M,27
Malcolm,M,27
Stewart,M,27
Van,M,27
Winfield,M,27
Loren,M,26
Merle,M,26
Myron,M,26
Orval,M,26
Porter,M,26
Zack,M,26
Clem,M,25
Dean,M,25
Fay,M,25
Jackson,M,25
Napoleon,M,25
Ruben,M,25
Verne,M,25
Dwight,M,24
Elisha,M,24
Elliott,M,24
Elwood,M,24
Emmet,M,24
General,M,24
Josh,M,24
Joshua,M,24
Larry,M,24
Lorenzo,M,24
Ole,M,24
Albin,M,23
Arch,M,23
Early,M,23
Fletcher,M,23
Foster,M,23
Johnny,M,23
Morgan,M,23
Allie,M,22
Ellsworth,M,22
Elzie,M,22
Evan,M,22
Jonas,M,22
Lowell,M,22
Lyle,M,22
Ramon,M,22
Taylor,M,22
Tommie,M,22
Waldo,M,22
Warner,M,22
Webster,M,22
Alton,M,21
Angus,M,21
Arlie,M,21
Aubrey,M,21
Clint,M,21
Emile,M,21
Frederic,M,21
Gustav,M,21
Hal,M,21
Judson,M,21
King,M,21
Noble,M,21
Phil,M,21
Pierce,M,21
Randolph,M,21
Wm,M,21
Anna,M,20
Christ,M,20
Clair,M,20
Davis,M,20
Leander,M,20
Mathias,M,20
Ronald,M,20
Sim,M,20
Steven,M,20
Ted,M,20
Abram,M,19
Bishop,M,19
Dee,M,19
Gust,M,19
Herschel,M,19
Lige,M,19
Reginald,M,19
Rodney,M,19
Shirley,M,19
Alphonse,M,18
Bertram,M,18
Cleve,M,18
Dudley,M,18
Israel,M,18
Pablo,M,18
Prince,M,18
Raleigh,M,18
Truman,M,18
Valentine,M,18
Adrian,M,17
Avery,M,17
Basil,M,17
Bennett,M,17
Berry,M,17
Carlos,M,17
Carlton,M,17
Dorsey,M,17
Ford,M,17
Francisco,M,17
Garland,M,17
Gene,M,17
Hans,M,17
Harris,M,17
Irwin,M,17
Lacy,M,17
Lawson,M,17
Lem,M,17
Lonzo,M,17
Milo,M,17
Seymour,M,17
Tim,M,17
Turner,M,17
Wilburn,M,17
Alford,M,16
Antone,M,16
Arther,M,16
Artie,M,16
Axel,M,16
Cyril,M,16
Dewey,M,16
Elton,M,16
Emma,M,16
Evert,M,16
Fritz,M,16
Granville,M,16
Hallie,M,16
Johnson,M,16
Jonathan,M,16
Junius,M,16
Lucian,M,16
Mason,M,16
Minnie,M,16
Norris,M,16
Omar,M,16
Orrin,M,16
Ransom,M,16
Rollie,M,16
Rupert,M,16
Tomas,M,16
Tracy,M,16
Troy,M,16
Washington,M,16
Wilber,M,16
Wilford,M,16
Abner,M,15
Adelbert,M,15
Adolphus,M,15
Al,M,15
Cliff,M,15
Coleman,M,15
Elza,M,15
Gabriel,M,15
Garrett,M,15
Jean,M,15
Judge,M,15
Logan,M,15
Margaret,M,15
Maxwell,M,15
Nels,M,15
Olin,M,15
Pink,M,15
Russel,M,15
Seth,M,15
Smith,M,15
Sterling,M,15
Wilmer,M,15
Abel,M,14
Addison,M,14
Benton,M,14
Bryant,M,14
Casper,M,14
Dale,M,14
Evans,M,14
Florence,M,14
Geo,M,14
Henderson,M,14
Hoyt,M,14
Isadore,M,14
Lionel,M,14
Madison,M,14
Merrill,M,14
Minor,M,14
Nat,M,14
Olaf,M,14
Otha,M,14
Otho,M,14
Sol,M,14
Tommy,M,14
Aloysius,M,13
Aron,M,13
Augustine,M,13
Bailey,M,13
Bartholomew,M,13
Bernie,M,13
Buford,M,13
Cal,M,13
Cicero,M,13
Ebb,M,13
Emerson,M,13
Emmitt,M,13
Eric,M,13
Hamp,M,13
Harlan,M,13
Houston,M,13
Isom,M,13
Ivory,M,13
Justin,M,13
Levy,M,13
Lincoln,M,13
Lindsay,M,13
Loyal,M,13
Paris,M,13
Pleasant,M,13
Reed,M,13
Rubin,M,13
Sandy,M,13
Sanford,M,13
Stuart,M,13
Vance,M,13
West,M,13
Winfred,M,13
Alan,M,12
Alvah,M,12
Angelo,M,12
Ashley,M,12
Burl,M,12
Cleo,M,12
Dominick,M,12
Edna,M,12
Elizabeth,M,12
Elmo,M,12
Elmore,M,12
Enos,M,12
Frances,M,12
Gregory,M,12
Jason,M,12
Jules,M,12
Kirby,M,12
Lafayette,M,12
Lindsey,M,12
Love,M,12
Lucious,M,12
Merritt,M,12
Micheal,M,12
Milford,M,12
Miller,M,12
Ocie,M,12
Oral,M,12
Oren,M,12
Oswald,M,12
Parker,M,12
Price,M,12
Sid,M,12
Terry,M,12
Theo,M,12
Watson,M,12
Willian,M,12
Wyatt,M,12
Alec,M,11
Allison,M,11
Alma,M,11
Benjaman,M,11
Blaine,M,11
Butler,M,11
Carey,M,11
Doctor,M,11
Ephraim,M,11
Eva,M,11
Gary,M,11
Giles,M,11
Grace,M,11
Howell,M,11
Isham,M,11
Issac,M,11
Jimmy,M,11
Josiah,M,11
Kelly,M,11
Len,M,11
Maynard,M,11
Perley,M,11
Shelby,M,11
Sydney,M,11
Tobe,M,11
Wendell,M,11
Alden,M,10
Alf,M,10
Alice,M,10
Almon,M,10
Benedict,M,10
Benito,M,10
Bruno,M,10
Clemens,M,10
Cloyd,M,10
Eduardo,M,10
Elgin,M,10
Elvin,M,10
Erick,M,10
Fate,M,10
Finis,M,10
French,M,10
Hollis,M,10
Hosea,M,10
Ida,M,10
Lillian,M,10
Lonie,M,10
Lucien,M,10
Ludwig,M,10
Maggie,M,10
Mervin,M,10
Needham,M,10
Noel,M,10
Odie,M,10
Orla,M,10
Ottis,M,10
Palmer,M,10
Quincy,M,10
Rolla,M,10
Roman,M,10
Sullivan,M,10
Toney,M,10
Walton,M,10
Williams,M,10
Antoine,M,9
Baxter,M,9
Benjamine,M,9
Bonnie,M,9
Bradley,M,9
Brady,M,9
Buck,M,9
Burrell,M,9
Cary,M,9
Collie,M,9
Connie,M,9
Cora,M,9
Dayton,M,9
Delos,M,9
Denver,M,9
Doc,M,9
Dow,M,9
Duncan,M,9
Edith,M,9
Eldridge,M,9
Ernie,M,9
Ernst,M,9
Ezekiel,M,9
Freddie,M,9
Gabe,M,9
Gertrude,M,9
Godfrey,M,9
Golden,M,9
Gottlieb,M,9
Gustaf,M,9
Harve,M,9
Helmer,M,9
Henery,M,9
Hurley,M,9
Ignatius,M,9
Irl,M,9
Jesus,M,9
Joeseph,M,9
Jonah,M,9
Jule,M,9
Laura,M,9
Lew,M,9
Linwood,M,9
Lou,M,9
Louise,M,9
Lum,M,9
Manley,M,9
Mansfield,M,9
Marie,M,9
Maxie,M,9
Miguel,M,9
Mont,M,9
Nellie,M,9
Norbert,M,9
Obie,M,9
Odell,M,9
Park,M,9
Rafael,M,9
Ras,M,9
Rogers,M,9
Rolland,M,9
Sammie,M,9
Santiago,M,9
Selmer,M,9
Squire,M,9
Stanton,M,9
Terrence,M,9
Travis,M,9
Uriah,M,9
Vernie,M,9
Wylie,M,9
Zeno,M,9
Alpha,M,8
Alphonso,M,8
Andres,M,8
Arvid,M,8
Author,M,8
Bart,M,8
Barton,M,8
Bee,M,8
Bernice,M,8
Bertie,M,8
Billie,M,8
Boss,M,8
Brooks,M,8
Burley,M,8
Buster,M,8
Caleb,M,8
Carrie,M,8
Carson,M,8
Carter,M,8
Chalmer,M,8
Chancy,M,8
Clarance,M,8
Clovis,M,8
Cornelious,M,8
Coy,M,8
Dell,M,8
Dennie,M,8
Elie,M,8
Elsie,M,8
Ennis,M,8
Ethel,M,8
Federico,M,8
Felipe,M,8
Ferd,M,8
Gay,M,8
Gerhard,M,8
Guilford,M,8
Hamilton,M,8
Hattie,M,8
Hayden,M,8
Hazel,M,8
Hermon,M,8
Hilliard,M,8
Hunter,M,8
Ivy,M,8
Jones,M,8
June,M,8
Kit,M,8
Leopold,M,8
Lillard,M,8
Luis,M,8
Mabel,M,8
Malachi,M,8
Mat,M,8
Maude,M,8
Merton,M,8
Newell,M,8
Newt,M,8
Odis,M,8
Ples,M,8
Press,M,8
Roderick,M,8
Rose,M,8
Rush,M,8
Sampson,M,8
Sing,M,8
Thad,M,8
Tillman,M,8
Virgle,M,8
Weldon,M,8
Wellington,M,8
Wong,M,8
Worth,M,8
Xavier,M,8
Zeb,M,8
Alcide,M,7
Alto,M,7
Benny,M,7
Bryan,M,7
Burnie,M,7
Carleton,M,7
Cassius,M,7
Charlton,M,7
Chesley,M,7
Craig,M,7
Dana,M,7
Dawson,M,7
Denis,M,7
Dexter,M,7
Dominic,M,7
Dora,M,7
Duke,M,7
Eben,M,7
Eldon,M,7
Eula,M,7
Everette,M,7
Finley,M,7
Furman,M,7
Garnett,M,7
Gideon,M,7
Griffin,M,7
Guss,M,7
Halsey,M,7
Haywood,M,7
Heber,M,7
Helen,M,7
Hosteen,M,7
Huey,M,7
Jens,M,7
Keith,M,7
Laverne,M,7
Lemon,M,7
Llewellyn,M,7
Marcellus,M,7
Mckinley,M,7
Meyer,M,7
Mortimer,M,7
Newman,M,7
Ola,M,7
Orie,M,7
Orin,M,7
Orrie,M,7
Polk,M,7
Raoul,M,7
Reid,M,7
Reno,M,7
Roby,M,7
Rollo,M,7
Romeo,M,7
Rowland,M,7
Rueben,M,7
Saul,M,7
Shellie,M,7
Sumner,M,7
Thaddeus,M,7
Tobias,M,7
Urban,M,7
Vester,M,7
Vivian,M,7
Wash,M,7
Waymon,M,7
Wess,M,7
Wilton,M,7
Young,M,7
Zollie,M,7
Abb,M,6
Addie,M,6
Alpheus,M,6
Ammon,M,6
Annie,M,6
Ansel,M,6
Arden,M,6
Arley,M,6
Armand,M,6
Atlas,M,6
Augusta,M,6
Bascom,M,6
Bentley,M,6
Bertha,M,6
Bird,M,6
Birt,M,6
Brice,M,6
Burgess,M,6
Carlie,M,6
Carlisle,M,6
Charly,M,6
Chauncy,M,6
Claire,M,6
Claudius,M,6
Claus,M,6
Cleave,M,6
Colin,M,6
Colonel,M,6
Conard,M,6
Conway,M,6
Cornell,M,6
Curley,M,6
Davie,M,6
Deforest,M,6
Dempsey,M,6
Dolph,M,6
Earley,M,6
Elbridge,M,6
Elick,M,6
Eligah,M,6
Elroy,M,6
Elva,M,6
Esau,M,6
Ester,M,6
Esther,M,6
Ewell,M,6
Ewing,M,6
Fleming,M,6
Florian,M,6
Frazier,M,6
Harper,M,6
Harrie,M,6
Harvy,M,6
Hector,M,6
Hezekiah,M,6
Horatio,M,6
Hughie,M,6
Hyman,M,6
Ingram,M,6
Irvine,M,6
Jennie,M,6
Johny,M,6
Josephine,M,6
Josephus,M,6
Junious,M,6
Lafe,M,6
Lambert,M,6
Lawyer,M,6
Lenard,M,6
Lillie,M,6
Lue,M,6
Mac,M,6
Mae,M,6
Mart,M,6
Mell,M,6
Melville,M,6
Mildred,M,6
Monte,M,6
Murphy,M,6
Myles,M,6
Neely,M,6
Oakley,M,6
Olen,M,6
Olie,M,6
Orlando,M,6
Owens,M,6
Pearlie,M,6
Peyton,M,6
Pierre,M,6
Rance,M,6
Randall,M,6
Red,M,6
Rich,M,6
Rob,M,6
Robbie,M,6
Rollin,M,6
Salvatore,M,6
Sanders,M,6
Sie,M,6
Sigurd,M,6
Simeon,M,6
Talmage,M,6
Teddy,M,6
Thornton,M,6
Val,M,6
Verner,M,6
Webb,M,6
Willam,M,6
Winston,M,6
Wright,M,6
Add,M,5
Adolfo,M,5
Alberto,M,5
Alejandro,M,5
Alfonso,M,5
Alfredo,M,5
Almus,M,5
Alonza,M,5
Alphonsus,M,5
Alvie,M,5
Amasa,M,5
Amon,M,5
Andre,M,5
Angel,M,5
Arlington,M,5
Armond,M,5
Armstead,M,5
Art,M,5
Asbury,M,5
Asher,M,5
Auburn,M,5
Bartlett,M,5
Belton,M,5
Benard,M,5
Beryl,M,5
Billy,M,5
Blake,M,5
Booker,M,5
Brown,M,5
Bush,M,5
Byrd,M,5
Cameron,M,5
Carol,M,5
Carrol,M,5
Casey,M,5
Ceaser,M,5
Cedric,M,5
Chase,M,5
Clare,M,5
Clarke,M,5
Commodore,M,5
Curt,M,5
Dalton,M,5
Danial,M,5
Darrell,M,5
Delmar,M,5
Donato,M,5
Doyle,M,5
Dozier,M,5
Drew,M,5
Durward,M,5
Eddy,M,5
Egbert,M,5
Elgie,M,5
Ellwood,M,5
Elvie,M,5
Elwin,M,5
Ely,M,5
Elzy,M,5
Ephriam,M,5
Essie,M,5
Estell,M,5
Gaines,M,5
Gale,M,5
Garnet,M,5
Genie,M,5
Graham,M,5
Graydon,M,5
Guadalupe,M,5
Gurney,M,5
Gussie,M,5
Gustavus,M,5
Harland,M,5
Hartford,M,5
Hershel,M,5
Hillard,M,5
Hillary,M,5
Hilton,M,5
Hjalmer,M,5
Holland,M,5
Hubbard,M,5
Huston,M,5
Iva,M,5
Iver,M,5
Jenkins,M,5
Joesph,M,5
Julious,M,5
Justo,M,5
Justus,M,5
Kelley,M,5
Kid,M,5
Kirk,M,5
Kyle,M,5
Lamar,M,5
Larkin,M,5
Lauren,M,5
Lea,M,5
Levie,M,5
Linnie,M,5
Livingston,M,5
Lula,M,5
Magnus,M,5
Mahlon,M,5
Manford,M,5
Marian,M,5
Marshal,M,5
Martha,M,5
Math,M,5
Matthias,M,5
May,M,5
Mcclellan,M,5
Melbourne,M,5
Merlin,M,5
Mitchel,M,5
Moe,M,5
Murdock,M,5
Myrtle,M,5
Nora,M,5
Okey,M,5
Oran,M,5
Orlo,M,5
Orvin,M,5
Ottie,M,5
Payton,M,5
Percival,M,5
Pleas,M,5
Plummer,M,5
Powell,M,5
Purl,M,5
Radford,M,5
Randle,M,5
Reinhold,M,5
Rene,M,5
Rice,M,5
Richmond,M,5
Roe,M,5
Rosco,M,5
Rube,M,5
Ruby,M,5
Ruth,M,5
Samual,M,5
Sank,M,5
Sarah,M,5
Schuyler,M,5
Shade,M,5
Shannon,M,5
Shedrick,M,5
Shelly,M,5
Shelton,M,5
Son,M,5
Speed,M,5
Stella,M,5
Terrell,M,5
Tex,M,5
Theron,M,5
Tilmon,M,5
Toy,M,5
Unknown,M,5
Vanderbilt,M,5
Vicente,M,5
Volney,M,5
Wallie,M,5
Weston,M,5
Whitfield,M,5
Wilhelm,M,5
Woodfin,M,5
Woodie,M,5
Woodson,M,5
