name,gender,count
Mary,F,8012
Anna,F,3306
Emma,F,2367
Elizabeth,F,2255
Minnie,F,2035
Margaret,F,1881
Bertha,F,1681
Ida,F,1634
Annie,F,1589
Clara,F,1548
Alice,F,1488
Sarah,F,1359
Grace,F,1307
Florence,F,1298
Martha,F,1255
Ella,F,1251
Nellie,F,1246
Bessie,F,1241
Laura,F,1183
Ethel,F,1132
Carrie,F,1108
Maude,F,1096
Mabel,F,1086
Cora,F,1081
Gertrude,F,923
Lillian,F,907
Jennie,F,904
Hattie,F,895
Pearl,F,886
Mattie,F,883
Edith,F,881
Eva,F,879
Rose,F,877
Julia,F,875
Helen,F,862
Catherine,F,853
Myrtle,F,851
Louise,F,847
Lillie,F,837
Jessie,F,833
Edna,F,823
Lena,F,800
Lula,F,790
Ada,F,778
Frances,F,710
Josephine,F,697
Fannie,F,696
Lucy,F,663
Maggie,F,663
Daisy,F,659
Dora,F,640
Agnes,F,623
Marie,F,622
Blanche,F,610
Nora,F,589
Katherine,F,583
May,F,532
Mamie,F,531
Stella,F,529
Effie,F,507
Rosa,F,507
Ellen,F,500
Lizzie,F,496
Nettie,F,494
Elsie,F,479
Della,F,453
Susie,F,436
Maud,F,425
Sadie,F,425
Mae,F,423
Nancy,F,412
Sallie,F,409
Flora,F,387
Ruth,F,387
Lydia,F,378
Lottie,F,372
Addie,F,362
Katie,F,361
Alma,F,359
Etta,F,352
Emily,F,342
Harriet,F,341
Viola,F,331
Georgia,F,325
Susan,F,322
Caroline,F,321
Nannie,F,305
Lulu,F,302
Mollie,F,301
Kate,F,294
Olive,F,294
Charlotte,F,291
Kathryn,F,290
Amanda,F,287
Eliza,F,274
Willie,F,264
Amelia,F,262
Belle,F,262
Esther,F,260
Irene,F,260
Ollie,F,249
Jane,F,247
Rebecca,F,244
Theresa,F,241
Virginia,F,234
Estella,F,233
Beulah,F,217
Augusta,F,213
Ora,F,212
Amy,F,209
Hannah,F,209
Henrietta,F,203
Pauline,F,198
Eleanor,F,185
Marion,F,184
Anne,F,183
Mildred,F,183
Sara,F,183
Leona,F,178
Nina,F,177
Rachel,F,174
Lola,F,172
Iva,F,170
Ann,F,167
Matilda,F,167
Lela,F,163
Ruby,F,163
Delia,F,162
Sophia,F,159
Mayme,F,157
Millie,F,155
Estelle,F,151
Josie,F,148
Allie,F,146
Louisa,F,143
Lou,F,142
Dorothy,F,141
Inez,F,141
Maria,F,141
Essie,F,139
Evelyn,F,139
Barbara,F,135
Callie,F,135
Janie,F,135
Bettie,F,130
Beatrice,F,126
Ola,F,126
Winifred,F,125
Hazel,F,123
Betty,F,120
Luella,F,120
Mable,F,120
Cornelia,F,116
Nell,F,116
Rosie,F,115
Alta,F,114
Tillie,F,114
Ina,F,113
Victoria,F,110
Bertie,F,106
Eunice,F,106
Rena,F,105
Christine,F,103
Sophie,F,103
Verna,F,103
Celia,F,101
Dollie,F,100
Mathilda,F,100
Hilda,F,99
Bess,F,94
Birdie,F,93
Eula,F,93
Rhoda,F,93
Lucinda,F,92
Harriett,F,91
Isabelle,F,91
Leila,F,90
Mina,F,89
Adelaide,F,85
Johanna,F,85
Lelia,F,84
Isabel,F,83
Jean,F,83
Adeline,F,82
Lettie,F,82
Genevieve,F,81
Myra,F,81
Olga,F,81
Selma,F,80
Abbie,F,79
Katharine,F,79
Sylvia,F,79
Vera,F,77
Linnie,F,76
Lois,F,76
Lora,F,76
Loretta,F,76
Nelle,F,76
Hettie,F,75
Roxie,F,75
Violet,F,74
Mittie,F,73
Sally,F,73
Alberta,F,72
Elva,F,72
Hester,F,72
Gladys,F,71
Hulda,F,71
Marguerite,F,70
Bernice,F,69
Christina,F,69
Helena,F,69
Lila,F,69
Adele,F,68
Fanny,F,68
Gussie,F,68
Sue,F,68
Cecelia,F,67
Cynthia,F,66
Lenora,F,66
Lucille,F,66
Phoebe,F,66
Leah,F,65
Lura,F,65
Flossie,F,64
Teresa,F,64
Jeanette,F,63
Hallie,F,62
Lida,F,62
Lilly,F,62
Lily,F,62
Winnie,F,62
Virgie,F,60
Carolyn,F,58
Claudia,F,58
Alvina,F,57
Frieda,F,57
Emilie,F,56
Mabelle,F,56
Naomi,F,56
Lee,F,55
Ophelia,F,55
Zella,F,55
Francis,F,54
Isabella,F,54
Wilhelmina,F,54
Irma,F,53
Jeannette,F,53
Catharine,F,52
Meta,F,52
Minerva,F,52
Cordelia,F,51
Gertie,F,51
Goldie,F,51
Leola,F,51
Myrtie,F,50
Linda,F,49
Lucile,F,49
Madge,F,49
Norma,F,49
Eugenia,F,48
Geneva,F,48
Marjorie,F,48
Roberta,F,48
Louella,F,47
Malinda,F,47
Marian,F,47
Olivia,F,46
Annette,F,45
Antoinette,F,44
Ivy,F,44
Janet,F,44
Lilla,F,43
Elma,F,42
Lorena,F,42
Melissa,F,42
Adah,F,41
Dovie,F,40
John,F,40
Orpha,F,40
William,F,40
Cecilia,F,39
Dessie,F,39
Gracie,F,39
Pearle,F,39
Rosetta,F,39
Claire,F,38
Erma,F,38
Lina,F,38
Regina,F,38
Angie,F,36
Elnora,F,36
Mertie,F,36
Cecile,F,35
Elsa,F,35
Kittie,F,35
Lucretia,F,35
Mandy,F,35
Zora,F,35
Angeline,F,34
Cassie,F,34
Georgie,F,34
Lona,F,34
Miriam,F,34
Oma,F,34
Bell,F,33
Freda,F,33
Joanna,F,33
Lyda,F,33
Nona,F,33
Pearlie,F,33
Polly,F,33
Vivian,F,33
Alpha,F,32
Ila,F,32
Lessie,F,32
Maudie,F,32
Tena,F,32
Tennie,F,32
Frankie,F,31
Madeline,F,31
Margie,F,31
Tilda,F,31
Adelia,F,30
Dona,F,30
Dorothea,F,30
Margret,F,30
Molly,F,30
Nola,F,30
Sudie,F,30
Ava,F,29
Charity,F,29
Emelia,F,29
Letha,F,29
Veronica,F,29
Blanch,F,28
Bridget,F,28
Fay,F,28
Georgianna,F,28
Maybelle,F,28
Nan,F,28
Pansy,F,28
Almeda,F,27
Anita,F,27
Artie,F,27
Ernestine,F,27
Evie,F,27
Hilma,F,27
Leora,F,27
Magdalena,F,27
Mazie,F,27
Priscilla,F,27
Savannah,F,27
Angelina,F,26
Cleo,F,26
Elisabeth,F,26
Elise,F,26
Elvira,F,26
Ettie,F,26
Floy,F,26
Lavina,F,26
Louie,F,26
Marietta,F,26
Octavia,F,26
Ona,F,26
Isabell,F,25
James,F,25
Leota,F,25
Leta,F,25
Lotta,F,25
Rosella,F,25
Velma,F,25
Vinnie,F,25
Zula,F,25
Adda,F,24
Dolly,F,24
Ellie,F,24
Helene,F,24
Juanita,F,24
Julie,F,24
June,F,24
Lucia,F,24
Lutie,F,24
Malissa,F,24
Pattie,F,24
Cecil,F,23
Edythe,F,23
Georgiana,F,23
Hortense,F,23
Letitia,F,23
Marcia,F,23
Rae,F,23
Rilla,F,23
Rosalie,F,23
Vina,F,23
Zoe,F,23
Angela,F,22
Clare,F,22
Eddie,F,22
Elmira,F,22
George,F,22
Johnnie,F,22
Kathrine,F,22
Lenna,F,22
Lucie,F,22
Myrta,F,22
Neva,F,22
Retta,F,22
Susanna,F,22
Vida,F,22
Berta,F,21
Bonnie,F,21
Donna,F,21
Doris,F,21
Easter,F,21
Hanna,F,21
Harriette,F,21
Kathleen,F,21
Mellie,F,21
Melvina,F,21
Tina,F,21
Tommie,F,21
Carolina,F,20
Corinne,F,20
Daisie,F,20
Jimmie,F,20
Lavinia,F,20
Liza,F,20
Lue,F,20
Mahala,F,20
Missouri,F,20
Norah,F,20
Patsy,F,20
Willa,F,20
Albina,F,19
Cathrine,F,19
Chloe,F,19
Corrie,F,19
Eda,F,19
Fern,F,19
Florida,F,19
Ione,F,19
Lennie,F,19
Lovie,F,19
Ludie,F,19
Marcella,F,19
Paula,F,19
Una,F,19
Verda,F,19
Vesta,F,19
Antonia,F,18
Charles,F,18
Eloise,F,18
Iona,F,18
Ira,F,18
Jannie,F,18
Leonora,F,18
Manda,F,18
Muriel,F,18
Odessa,F,18
Rosanna,F,18
Sena,F,18
Shirley,F,18
Wilma,F,18
Bella,F,17
Clarissa,F,17
Constance,F,17
Donnie,F,17
Frank,F,17
Hope,F,17
Joseph,F,17
Lenore,F,17
Lilian,F,17
Luna,F,17
Malvina,F,17
Mame,F,17
Matie,F,17
Pinkie,F,17
Samantha,F,17
Adella,F,16
Alida,F,16
Besse,F,16
Cordie,F,16
Deborah,F,16
Dena,F,16
Dixie,F,16
Emilia,F,16
Idella,F,16
India,F,16
Joe,F,16
Kitty,F,16
Lissie,F,16
Mona,F,16
Onie,F,16
Opal,F,16
Vada,F,16
Winnifred,F,16
Zelma,F,16
Adela,F,15
Almira,F,15
Clementine,F,15
Delphine,F,15
Elizebeth,F,15
Geraldine,F,15
Judith,F,15
Libbie,F,15
Mariah,F,15
Merle,F,15
Mintie,F,15
Odie,F,15
Philomena,F,15
Phyllis,F,15
Reba,F,15
Rita,F,15
Vallie,F,15
Zetta,F,15
Agatha,F,14
Albertine,F,14
America,F,14
Anastasia,F,14
Arizona,F,14
Audrey,F,14
Aurelia,F,14
Cathryn,F,14
Dolores,F,14
Elda,F,14
Era,F,14
Erna,F,14
Faye,F,14
Imogene,F,14
Kizzie,F,14
Lonie,F,14
Loula,F,14
Selina,F,14
Sina,F,14
Altha,F,13
Althea,F,13
Alvena,F,13
Alyce,F,13
Annetta,F,13
Annis,F,13
Avis,F,13
Betsy,F,13
Clemmie,F,13
Clyde,F,13
Corda,F,13
Dell,F,13
Donie,F,13
Genie,F,13
Golda,F,13
Inga,F,13
Iola,F,13
Jettie,F,13
Katheryn,F,13
Lauretta,F,13
Lelah,F,13
Phebe,F,13
Rowena,F,13
Roxy,F,13
Zena,F,13
Arvilla,F,12
Byrd,F,12
Camilla,F,12
Coral,F,12
Delphia,F,12
Ethelyn,F,12
Fredericka,F,12
Henry,F,12
Huldah,F,12
Jeanne,F,12
Laurel,F,12
Lea,F,12
Magdalen,F,12
Mathilde,F,12
Melinda,F,12
Metta,F,12
Minta,F,12
Rosina,F,12
Abigail,F,11
Adaline,F,11
Aimee,F,11
Albert,F,11
Aline,F,11
Annabelle,F,11
Arminta,F,11
Arrie,F,11
Camille,F,11
Celestine,F,11
Clifford,F,11
Clora,F,11
Cordia,F,11
Delilah,F,11
Docia,F,11
Effa,F,11
Eleanore,F,11
Emeline,F,11
Fronie,F,11
Jenny,F,11
Leatha,F,11
Luetta,F,11
Mallie,F,11
Margarette,F,11
Margery,F,11
Maye,F,11
Mettie,F,11
Oda,F,11
Prudence,F,11
Robert,F,11
Sophronia,F,11
Theodora,F,11
Tressie,F,11
Wilda,F,11
Zada,F,11
Zona,F,11
Aurora,F,10
Bulah,F,10
Charlie,F,10
Clarice,F,10
Corrine,F,10
Dessa,F,10
Diana,F,10
Dicie,F,10
Emmie,F,10
Esta,F,10
Etha,F,10
Ethyl,F,10
Fairy,F,10
Fred,F,10
Glenna,F,10
Grayce,F,10
Juliet,F,10
Kattie,F,10
Lelar,F,10
Lella,F,10
Lovina,F,10
Lular,F,10
Madie,F,10
Magdalene,F,10
Matilde,F,10
Meda,F,10
Nevada,F,10
Paralee,F,10
Queen,F,10
Ray,F,10
Roseanna,F,10
Serena,F,10
Theodosia,F,10
Vernie,F,10
Viva,F,10
Zola,F,10
Ardella,F,9
Birtie,F,9
Calla,F,9
Celeste,F,9
Christena,F,9
Claudie,F,9
Connie,F,9
Delpha,F,9
Dinah,F,9
Drucilla,F,9
Edyth,F,9
Eleanora,F,9
Elta,F,9
Emmer,F,9
Ester,F,9
Evalyn,F,9
Gina,F,9
Jewel,F,9
Jo,F,9
Jossie,F,9
Juana,F,9
Leanna,F,9
Lonnie,F,9
Louis,F,9
Louvenia,F,9
Millicent,F,9
Natalie,F,9
Nealie,F,9
Nita,F,9
Ottie,F,9
Ottilie,F,9
Petra,F,9
Rachael,F,9
Robbie,F,9
Rosamond,F,9
Salome,F,9
Sidney,F,9
Simona,F,9
Tessie,F,9
Thora,F,9
Winona,F,9
Aileen,F,8
Albertina,F,8
Alda,F,8
Alicia,F,8
Amalia,F,8
Angelita,F,8
Annabel,F,8
Aura,F,8
Bama,F,8
Berenice,F,8
Beryl,F,8
Carlotta,F,8
Carmen,F,8
Celestia,F,8
Cleora,F,8
Clyda,F,8
Dagmar,F,8
Dellar,F,8
Dina,F,8
Dorcas,F,8
Drusilla,F,8
Elenora,F,8
Elisa,F,8
Eller,F,8
Elodie,F,8
Ema,F,8
Evalena,F,8
Florine,F,8
Francisca,F,8
Frona,F,8
Gail,F,8
Georgina,F,8
Hedwig,F,8
Hessie,F,8
Irena,F,8
Ivah,F,8
Josiephine,F,8
Kathryne,F,8
Letta,F,8
Liddie,F,8
Loraine,F,8
Luvenia,F,8
Magnolia,F,8
Maida,F,8
Manuela,F,8
Martina,F,8
Missie,F,8
Nelly,F,8
Netta,F,8
Ocie,F,8
Olevia,F,8
Omie,F,8
Osa,F,8
Parthenia,F,8
Pollie,F,8
Rhea,F,8
Rosalia,F,8
Rosemary,F,8
Tressa,F,8
Vannie,F,8
Vena,F,8
Venie,F,8
Ana,F,7
Anabel,F,7
Ara,F,7
Arline,F,7
Arminda,F,7
Attie,F,7
Beatrix,F,7
Courtney,F,7
Dana,F,7
Delila,F,7
Delta,F,7
Dorathea,F,7
Edward,F,7
Eldora,F,7
Electa,F,7
Elenor,F,7
Elinor,F,7
Ellis,F,7
Elmina,F,7
Elvina,F,7
Erie,F,7
Eugenie,F,7
Euphemia,F,7
Evaline,F,7
Evangeline,F,7
Gertha,F,7
Glennie,F,7
Gretchen,F,7
Icy,F,7
Iris,F,7
Isa,F,7
Jeanie,F,7
Leda,F,7
Leonie,F,7
Leonore,F,7
Leslie,F,7
Lesta,F,7
Levina,F,7
Lillia,F,7
Lollie,F,7
Louetta,F,7
Margarett,F,7
Minna,F,7
Miranda,F,7
Nanie,F,7
Neta,F,7
Ninnie,F,7
Orah,F,7
Orrie,F,7
Osie,F,7
Ossie,F,7
Paulina,F,7
Queenie,F,7
Ramona,F,7
Rebekah,F,7
Rossie,F,7
Sula,F,7
Tempie,F,7
Texie,F,7
Theo,F,7
Ursula,F,7
Vertie,F,7
Zadie,F,7
Aggie,F,6
Aletha,F,6
Allene,F,6
Almina,F,6
Alva,F,6
Amalie,F,6
Amie,F,6
Ammie,F,6
Arlena,F,6
Augustine,F,6
Avie,F,6
Beaulah,F,6
Bee,F,6
Bena,F,6
Bennie,F,6
Bird,F,6
Bula,F,6
Caldonia,F,6
Cara,F,6
Carlie,F,6
Celina,F,6
Cena,F,6
Christie,F,6
Clarinda,F,6
Claude,F,6
Corine,F,6
David,F,6
Dee,F,6
Deliah,F,6
Doshie,F,6
Dot,F,6
Earlie,F,6
Elfie,F,6
Emelie,F,6
Ermine,F,6
Eugene,F,6
Eve,F,6
Evelina,F,6
Francisquita,F,6
Georgeanna,F,6
Glendora,F,6
Harry,F,6
Hennie,F,6
Honora,F,6
Icie,F,6
Jeannie,F,6
Jeffie,F,6
Jemima,F,6
Jesse,F,6
Jessica,F,6
Joan,F,6
Josefa,F,6
Joyce,F,6
Justine,F,6
Katharina,F,6
Leontine,F,6
Leva,F,6
Linna,F,6
Litha,F,6
Luberta,F,6
Mabell,F,6
Macie,F,6
Madeleine,F,6
Mammie,F,6
Mannie,F,6
Margarita,F,6
Marget,F,6
Mariam,F,6
Marianna,F,6
Marry,F,6
Maymie,F,6
Media,F,6
Mercedes,F,6
Minda,F,6
Myrtice,F,6
Nella,F,6
Novella,F,6
Odelia,F,6
Ottilia,F,6
Ova,F,6
Parlee,F,6
Patience,F,6
Patty,F,6
Pearla,F,6
Peggy,F,6
Penelope,F,6
Pennie,F,6
Perry,F,6
Pinkey,F,6
Rella,F,6
Reta,F,6
Rettie,F,6
Rosia,F,6
Ruthie,F,6
Sabina,F,6
Selena,F,6
Sister,F,6
Thea,F,6
Thelma,F,6
Theresia,F,6
Thresa,F,6
Tom,F,6
Valeria,F,6
Aida,F,5
Alene,F,5
Alla,F,5
Alphonsine,F,5
Alverda,F,5
Anner,F,5
Antonette,F,5
Ardelia,F,5
Argie,F,5
Arie,F,5
Arkie,F,5
Arletta,F,5
Arlie,F,5
Arthur,F,5
Ason,F,5
Atha,F,5
Bea,F,5
Belva,F,5
Bert,F,5
Bettye,F,5
Biddie,F,5
Bina,F,5
Bobbie,F,5
Caddie,F,5
Cammie,F,5
Cappie,F,5
Caro,F,5
Cherry,F,5
Claribel,F,5
Classie,F,5
Cloe,F,5
Corene,F,5
Daisey,F,5
Deetta,F,5
Dillie,F,5
Dottie,F,5
Eileen,F,5
Elaine,F,5
Elberta,F,5
Elna,F,5
Elvie,F,5
Elza,F,5
Ether,F,5
Eudora,F,5
Eveline,F,5
Felicie,F,5
Florrie,F,5
Franc,F,5
Frederica,F,5
Gena,F,5
Glenn,F,5
Guadalupe,F,5
Gusta,F,5
Hassie,F,5
Hellen,F,5
Icey,F,5
Ines,F,5
Ivey,F,5
Izora,F,5
Jodie,F,5
Juliette,F,5
Junia,F,5
Laney,F,5
Lanie,F,5
Lassie,F,5
Lavenia,F,5
Leone,F,5
Leonia,F,5
Lockie,F,5
Lorene,F,5
Lossie,F,5
Lota,F,5
Lovey,F,5
Luisa,F,5
Lulie,F,5
Madora,F,5
Malissie,F,5
Manie,F,5
Marianita,F,5
Mattye,F,5
Maybell,F,5
Melina,F,5
Melva,F,5
Mercy,F,5
Merta,F,5
Mida,F,5
Mima,F,5
Minervia,F,5
Monica,F,5
Nana,F,5
Narcissus,F,5
Necie,F,5
Nelia,F,5
Nena,F,5
Nezzie,F,5
Norine,F,5
Octavie,F,5
Odile,F,5
Olena,F,5
Orie,F,5
Orilla,F,5
Otie,F,5
Parilee,F,5
Pernie,F,5
Philomene,F,5
Pinky,F,5
Pricilla,F,5
Refugia,F,5
Rennie,F,5
Ressie,F,5
Reva,F,5
Roma,F,5
Roxanna,F,5
Rozella,F,5
Sarrah,F,5
Sedonia,F,5
Senie,F,5
Spicy,F,5
Sybil,F,5
Tabitha,F,5
Therese,F,5
Tinnie,F,5
Tishie,F,5
Vergie,F,5
Veva,F,5
Victorine,F,5
Vira,F,5
Walter,F,5
Wanda,F,5
Wilhelmine,F,5
Will,F,5
Zelia,F,5
Zenobia,F,5
Zillah,F,5
Zoa,F,5
John,M,8894
William,M,8387
James,M,5223
Charles,M,4826
George,M,4736
Frank,M,2986
Joseph,M,2515
Henry,M,2383
Robert,M,2334
Thomas,M,2316
Edward,M,2250
Harry,M,2110
Walter,M,1705
Arthur,M,1591
Fred,M,1502
Albert,M,1496
Samuel,M,937
Clarence,M,837
Louis,M,796
David,M,734
Richard,M,649
Charlie,M,643
Ernest,M,641
Andrew,M,623
Daniel,M,615
Joe,M,607
Oscar,M,607
Jesse,M,584
Will,M,576
Roy,M,556
Benjamin,M,508
Carl,M,480
Sam,M,476
Willie,M,474
Alfred,M,457
Peter,M,450
Frederick,M,438
Lewis,M,431
Howard,M,429
Elmer,M,423
Herbert,M,422
Earl,M,389
Lee,M,388
Tom,M,386
Ralph,M,385
Martin,M,377
Herman,M,359
Paul,M,358
Jacob,M,356
Clyde,M,336
Eugene,M,325
Jim,M,322
Harvey,M,318
Claude,M,315
Michael,M,307
Ben,M,306
Edwin,M,299
Edgar,M,292
Chester,M,290
Francis,M,285
Lawrence,M,282
Bert,M,273
Charley,M,254
Ed,M,247
Jack,M,242
Otto,M,240
Ira,M,239
Raymond,M,233
Luther,M,229
Isaac,M,227
Guy,M,224
Oliver,M,219
Floyd,M,217
Hugh,M,215
Patrick,M,213
Homer,M,210
August,M,209
Ray,M,202
Leonard,M,200
Alexander,M,187
Theodore,M,185
Allen,M,175
Horace,M,167
Archie,M,166
Philip,M,166
Sidney,M,165
Marion,M,163
Julius,M,160
Jessie,M,151
Milton,M,149
Warren,M,146
Anthony,M,143
Everett,M,143
Leroy,M,143
Leo,M,142
Bernard,M,141
Leon,M,140
Stephen,M,140
Emil,M,139
Clifford,M,138
Dave,M,135
Perry,M,133
Willis,M,131
Grover,M,127
Eddie,M,125
Rufus,M,125
Calvin,M,122
Alex,M,120
Dan,M,120
Leslie,M,120
Lester,M,116
Adolph,M,115
Alvin,M,113
Amos,M,113
Dennis,M,112
Jess,M,112
Harold,M,108
Adam,M,107
Jerry,M,107
Norman,M,106
Aaron,M,105
Wesley,M,104
Alonzo,M,100
Wallace,M,100
Victor,M,99
Lloyd,M,98
Mack,M,98
Jay,M,97
Jake,M,96
Melvin,M,96
Franklin,M,94
Nathan,M,93
Cornelius,M,92
Elbert,M,92
Elijah,M,92
Gilbert,M,92
Phillip,M,92
Roscoe,M,92
Willard,M,92
Claud,M,91
Lonnie,M,91
Mark,M,91
Simon,M,90
Christopher,M,89
Maurice,M,89
Otis,M,89
Ross,M,88
Clinton,M,87
Earnest,M,87
Emmett,M,87
Percy,M,87
Matthew,M,86
Hiram,M,85
Levi,M,85
Fredrick,M,84
Eli,M,82
Moses,M,82
Gus,M,81
Noah,M,81
Marshall,M,79
Nelson,M,79
Silas,M,77
Max,M,75
Morris,M,75
Jasper,M,74
Jose,M,74
Manuel,M,74
Ellis,M,73
Irvin,M,73
Mike,M,73
Wilbur,M,73
Alva,M,72
Wiley,M,72
Marvin,M,71
Nicholas,M,71
Virgil,M,70
Sylvester,M,69
Felix,M,68
Stanley,M,68
Russell,M,67
Wilson,M,67
Glenn,M,65
Mose,M,65
Ora,M,65
Anton,M,63
Dock,M,63
Edmund,M,63
Harley,M,63
Owen,M,63
Bob,M,62
Steve,M,62
Timothy,M,62
Asa,M,61
Harrison,M,61
Ollie,M,61
Rudolph,M,61
Newton,M,59
Orville,M,59
Clayton,M,58
Pearl,M,57
Reuben,M,57
Joshua,M,55
Don,M,54
Wade,M,54
Augustus,M,53
Curtis,M,53
Hubert,M,53
Abraham,M,52
Donald,M,52
Edmond,M,52
Preston,M,52
Cecil,M,51
Joel,M,51
Lon,M,51
Bill,M,50
Bruce,M,50
Byron,M,50
Christian,M,50
Ike,M,50
Juan,M,50
Columbus,M,49
Garfield,M,49
Gustave,M,49
Nathaniel,M,49
Barney,M,48
Johnnie,M,48
Julian,M,48
Sherman,M,48
Chris,M,47
Cyrus,M,47
Scott,M,47
Ervin,M,46
Irving,M,46
Monroe,M,46
Vernon,M,46
Winfield,M,46
Clark,M,45
Riley,M,45
Solomon,M,45
Elias,M,44
Enoch,M,44
Gustav,M,44
Jeff,M,44
Millard,M,44
Abe,M,43
Andy,M,43
Austin,M,43
Delbert,M,43
Edd,M,43
Emery,M,43
Pete,M,43
Vincent,M,43
Arnold,M,42
Bud,M,42
Elisha,M,42
Louie,M,42
Miles,M,42
Wilfred,M,42
Lemuel,M,41
Major,M,41
Burton,M,40
Matt,M,39
Anderson,M,38
Arch,M,38
Chas,M,38
Conrad,M,38
Emory,M,38
Gordon,M,38
Hugo,M,38
Luke,M,38
Marcus,M,38
Wilbert,M,38
Jeremiah,M,37
Mathew,M,37
Ambrose,M,36
Jerome,M,36
Nick,M,36
Roland,M,36
Burt,M,35
Cleveland,M,35
Ole,M,35
Emanuel,M,34
Jackson,M,34
Douglas,M,33
Earle,M,33
Green,M,33
Karl,M,33
Lynn,M,33
Foster,M,32
Grant,M,32
Jefferson,M,32
Mary,M,32
Tony,M,32
Carroll,M,31
Clem,M,31
Clement,M,31
Van,M,31
Antonio,M,30
Chauncey,M,30
Ellsworth,M,30
Ferdinand,M,30
Isaiah,M,30
Mitchell,M,30
Ned,M,30
Ruben,M,30
Benjiman,M,29
Ivan,M,29
Neal,M,29
Alton,M,28
Archibald,M,28
Ezra,M,28
Forest,M,28
Hans,M,28
Irwin,M,28
Laurence,M,28
Spencer,M,28
Zack,M,28
Abner,M,27
Fletcher,M,27
Glen,M,27
Josh,M,27
Taylor,M,27
Ward,M,27
Clifton,M,26
Elliott,M,26
Erwin,M,26
Jimmie,M,26
Kenneth,M,26
Lyman,M,26
Seth,M,26
Clay,M,25
Emmet,M,25
Forrest,M,25
General,M,25
Lucius,M,25
Wayne,M,25
Allie,M,24
Berry,M,24
Dick,M,24
Dudley,M,24
Elwood,M,24
Francisco,M,24
Isiah,M,24
Judge,M,24
Lem,M,24
Emile,M,23
Hamilton,M,23
Malcolm,M,23
Merle,M,23
Merton,M,23
Neil,M,23
Omer,M,23
Phil,M,23
Porter,M,23
Roger,M,23
Sandy,M,23
Sim,M,23
Vern,M,23
Carlos,M,22
Dee,M,22
Guss,M,22
Jonas,M,22
Judson,M,22
King,M,22
Loren,M,22
Madison,M,22
Myron,M,22
Napoleon,M,22
Otho,M,22
Sanford,M,22
Al,M,21
Bennie,M,21
Boyd,M,21
Dewitt,M,21
Harve,M,21
Leland,M,21
Lige,M,21
Lucian,M,21
Royal,M,21
Truman,M,21
Abram,M,20
Addison,M,20
Aubrey,M,20
Emerson,M,20
Frederic,M,20
Freeman,M,20
Hal,M,20
Junius,M,20
Logan,M,20
Lorenzo,M,20
Merrill,M,20
Milo,M,20
Murray,M,20
Pat,M,20
Ramon,M,20
Sterling,M,20
Walker,M,20
Wash,M,20
Washington,M,20
Webster,M,20
Wilford,M,20
Adolphus,M,19
Allan,M,19
Carey,M,19
Carlton,M,19
Dallas,M,19
Enos,M,19
Jean,M,19
Morgan,M,19
Nels,M,19
Rolla,M,19
Alvah,M,18
Benton,M,18
Bertram,M,18
Doc,M,18
Duncan,M,18
Elza,M,18
Evan,M,18
Evert,M,18
Haywood,M,18
Isom,M,18
Israel,M,18
Jules,M,18
Lawson,M,18
Leander,M,18
Mathias,M,18
Olin,M,18
Orin,M,18
Pedro,M,18
Prince,M,18
Stewart,M,18
Warner,M,18
Angus,M,17
Arther,M,17
Christ,M,17
Clint,M,17
Frances,M,17
Giles,M,17
Harmon,M,17
Henery,M,17
Jonathan,M,17
Jordan,M,17
Olaf,M,17
Pink,M,17
Raleigh,M,17
Rolland,M,17
Wilber,M,17
Anna,M,16
Caleb,M,16
Casper,M,16
Clarance,M,16
Elmo,M,16
Ernst,M,16
Houston,M,16
Randolph,M,16
Sol,M,16
Tim,M,16
Valentine,M,16
Wm,M,16
Alf,M,15
Benjamine,M,15
Clair,M,15
Dorsey,M,15
Early,M,15
Elvin,M,15
Fay,M,15
Granville,M,15
Harris,M,15
Henderson,M,15
Hezekiah,M,15
Johnie,M,15
Lonzo,M,15
Mont,M,15
Newt,M,15
Noble,M,15
Rex,M,15
Rollin,M,15
Wilmer,M,15
Adelbert,M,14
Adrian,M,14
Alphonse,M,14
Arlie,M,14
Avery,M,14
Cal,M,14
Ephraim,M,14
Everette,M,14
Ezekiel,M,14
Hardy,M,14
Johnny,M,14
Josiah,M,14
Lum,M,14
Minnie,M,14
Theo,M,14
Ulysses,M,14
Walton,M,14
Watson,M,14
Alford,M,13
Aloysius,M,13
Blaine,M,13
Elie,M,13
Elizabeth,M,13
Garrett,M,13
Gerald,M,13
Issac,M,13
Jarvis,M,13
Jason,M,13
Loyd,M,13
Mahlon,M,13
Margaret,M,13
Micheal,M,13
Nat,M,13
Omar,M,13
Otha,M,13
Pierre,M,13
Richmond,M,13
Rollie,M,13
Shirley,M,13
Simeon,M,13
Smith,M,13
Steven,M,13
Ted,M,13
Thornton,M,13
Tomas,M,13
Troy,M,13
Williams,M,13
Zeb,M,13
Abel,M,12
Alden,M,12
Allison,M,12
Axel,M,12
Brown,M,12
Clare,M,12
Cleve,M,12
Coleman,M,12
Dean,M,12
Elzie,M,12
Ernie,M,12
Fritz,M,12
Gust,M,12
Hollis,M,12
Jesus,M,12
Johnson,M,12
Kelly,M,12
Larry,M,12
Lincoln,M,12
Lindsey,M,12
Mason,M,12
Miguel,M,12
Orson,M,12
Reginald,M,12
Rush,M,12
Squire,M,12
Sumner,M,12
Wheeler,M,12
Young,M,12
Alpha,M,11
Author,M,11
Bart,M,11
Benjaman,M,11
Burl,M,11
Carter,M,11
Chin,M,11
Cicero,M,11
Dale,M,11
Davis,M,11
Dell,M,11
Drew,M,11
Dwight,M,11
Eric,M,11
Florence,M,11
Garland,M,11
Hayes,M,11
Hilliard,M,11
Hosea,M,11
Lafayette,M,11
Lew,M,11
Lou,M,11
Lucien,M,11
Melville,M,11
Milford,M,11
Norris,M,11
Oran,M,11
Orange,M,11
Orlando,M,11
Orrin,M,11
Randall,M,11
Rodney,M,11
Stuart,M,11
Sydney,M,11
Thaddeus,M,11
Theron,M,11
Tommy,M,11
Turner,M,11
West,M,11
Wilburn,M,11
Winfred,M,11
Alma,M,10
Almon,M,10
Bertie,M,10
Berton,M,10
Beverly,M,10
Bishop,M,10
Buford,M,10
Cary,M,10
Cassius,M,10
Cliff,M,10
Colonel,M,10
Crawford,M,10
Dillard,M,10
Elmore,M,10
Gabriel,M,10
Gene,M,10
Godfrey,M,10
Harper,M,10
Hector,M,10
Hollie,M,10
Howell,M,10
Jonah,M,10
Len,M,10
Linwood,M,10
Lucious,M,10
Maxwell,M,10
Maynard,M,10
Minor,M,10
Mortimer,M,10
Newell,M,10
Ocie,M,10
Olen,M,10
Oren,M,10
Oswald,M,10
Pablo,M,10
Price,M,10
Reece,M,10
Roman,M,10
Rube,M,10
Seymour,M,10
Sid,M,10
Soloman,M,10
Terry,M,10
Tobe,M,10
Tommie,M,10
Wright,M,10
Wylie,M,10
Alfonso,M,9
Alonza,M,9
Andres,M,9
Anson,M,9
Antone,M,9
Ashley,M,9
Augustine,M,9
Bennett,M,9
Birt,M,9
Clara,M,9
Cloyd,M,9
Collins,M,9
Dempsey,M,9
Dolphus,M,9
Dora,M,9
Ephriam,M,9
Fate,M,9
Fleming,M,9
Hampton,M,9
Herschel,M,9
Hyrum,M,9
Isadore,M,9
Isham,M,9
Marshal,M,9
Martha,M,9
Merritt,M,9
Pinkney,M,9
Ransom,M,9
Rupert,M,9
Travis,M,9
Vance,M,9
Willam,M,9
Wong,M,9
Alois,M,8
Alvie,M,8
Annie,M,8
Antoine,M,8
Armand,M,8
Aron,M,8
Auther,M,8
Bailey,M,8
Barton,M,8
Basil,M,8
Bradley,M,8
Brady,M,8
Burley,M,8
Cornelious,M,8
Dow,M,8
Edson,M,8
Egbert,M,8
Ferd,M,8
Festus,M,8
Ford,M,8
Gustaf,M,8
Hamp,M,8
Hosteen,M,8
Jewell,M,8
Kirby,M,8
Llewellyn,M,8
Lowell,M,8
Luis,M,8
Melton,M,8
Odell,M,8
Orley,M,8
Orval,M,8
Parker,M,8
Perley,M,8
Reese,M,8
Reinhold,M,8
Rene,M,8
Rosco,M,8
Sanders,M,8
Shelby,M,8
Shelton,M,8
Willian,M,8
Wilton,M,8
Addie,M,7
Albin,M,7
Alpheus,M,7
Art,M,7
Artie,M,7
Ballard,M,7
Bartholomew,M,7
Bascom,M,7
Bee,M,7
Bernice,M,7
Bernie,M,7
Boss,M,7
Burr,M,7
Buster,M,7
Butler,M,7
Byrd,M,7
Chauncy,M,7
Connie,M,7
Creed,M,7
Cyril,M,7
Delmer,M,7
Denis,M,7
Doctor,M,7
Dominick,M,7
Eben,M,7
Effie,M,7
Eldred,M,7
Ellie,M,7
Ellison,M,7
Elton,M,7
Emma,M,7
Emmitt,M,7
Ewell,M,7
Finley,M,7
French,M,7
Furman,M,7
Gaston,M,7
Geo,M,7
Gerhard,M,7
Graham,M,7
Hallie,M,7
Harman,M,7
Hershel,M,7
Ivory,M,7
Ivy,M,7
Jimmy,M,7
Lacy,M,7
Lars,M,7
Lenard,M,7
Levy,M,7
Lionel,M,7
Louise,M,7
Lyle,M,7
Mat,M,7
Mervin,M,7
Milas,M,7
Miller,M,7
Miner,M,7
Montgomery,M,7
Murphy,M,7
Odie,M,7
Orrie,M,7
Ottis,M,7
Paris,M,7
Pleas,M,7
Pleasant,M,7
Rafael,M,7
Reed,M,7
Rogers,M,7
Santiago,M,7
Sarah,M,7
Thad,M,7
Theadore,M,7
Unknown,M,7
Urban,M,7
Vivian,M,7
Wendell,M,7
Wess,M,7
Woody,M,7
Ace,M,6
Adolf,M,6
Algie,M,6
Alice,M,6
Alphonso,M,6
Alvis,M,6
Ammon,M,6
Arlington,M,6
Asbury,M,6
Ashton,M,6
Authur,M,6
Baxter,M,6
Bertha,M,6
Bryan,M,6
Budd,M,6
Cameron,M,6
Coley,M,6
Cullen,M,6
Curt,M,6
Dana,M,6
Delos,M,6
Dennie,M,6
Dexter,M,6
Douglass,M,6
Edna,M,6
Elam,M,6
Eldridge,M,6
Elsworth,M,6
Ennis,M,6
Enrique,M,6
Felipe,M,6
Fernando,M,6
Finis,M,6
Freddie,M,6
Gabe,M,6
Harland,M,6
Hartwell,M,6
Heber,M,6
Hilary,M,6
Hilton,M,6
Hoyt,M,6
Humphrey,M,6
Hunter,M,6
Irvine,M,6
Isidor,M,6
Isreal,M,6
Jeptha,M,6
June,M,6
Landon,M,6
Larkin,M,6
Lennie,M,6
Lillian,M,6
Ludwig,M,6
Mabel,M,6
Malcom,M,6
Manning,M,6
Maude,M,6
May,M,6
Mell,M,6
Meyer,M,6
Morton,M,6
Obie,M,6
Olie,M,6
Olof,M,6
Orie,M,6
Orlo,M,6
Quincy,M,6
Rice,M,6
Robt,M,6
Ronald,M,6
Sampson,M,6
Samual,M,6
Simpson,M,6
Spurgeon,M,6
Sylvanus,M,6
Tandy,M,6
Thos,M,6
Thurlow,M,6
Thurman,M,6
Tobias,M,6
Toy,M,6
Tracy,M,6
Verne,M,6
Vicente,M,6
Waldo,M,6
Weldon,M,6
Whit,M,6
Wilhelm,M,6
Winston,M,6
Woodie,M,6
Wyatt,M,6
Zeke,M,6
Zeno,M,6
Albertus,M,5
Alcide,M,5
Alec,M,5
Alphonsus,M,5
Alvan,M,5
Amado,M,5
Ananias,M,5
Ancel,M,5
Arvid,M,5
Atlas,M,5
Banks,M,5
Barry,M,5
Belton,M,5
Benedict,M,5
Bernhard,M,5
Bertrand,M,5
Blair,M,5
Blake,M,5
Blanchard,M,5
Bluford,M,5
Bose,M,5
Bryant,M,5
Buck,M,5
Captain,M,5
Carleton,M,5
Ceasar,M,5
Chalmers,M,5
Chance,M,5
Chancey,M,5
Chancy,M,5
Charle,M,5
Clide,M,5
Colin,M,5
Commodore,M,5
Coy,M,5
Crockett,M,5
Daisy,M,5
Danial,M,5
Delmar,M,5
Dink,M,5
Dolph,M,5
Duke,M,5
Elder,M,5
Elige,M,5
Elihu,M,5
Ella,M,5
Elva,M,5
Elwin,M,5
Emett,M,5
Emilio,M,5
Emmit,M,5
Erick,M,5
Essex,M,5
Estill,M,5
Ewin,M,5
Fayette,M,5
Fenton,M,5
Gale,M,5
Garret,M,5
Gay,M,5
Gideon,M,5
Golden,M,5
Gottlieb,M,5
Gregorio,M,5
Grove,M,5
Hanson,M,5
Harlan,M,5
Harlie,M,5
Harlow,M,5
Haskell,M,5
Helen,M,5
Hermann,M,5
Horatio,M,5
Hyman,M,5
Ida,M,5
Ingram,M,5
Iva,M,5
Jep,M,5
Jodie,M,5
Josephus,M,5
Joy,M,5
Judd,M,5
Julious,M,5
Junious,M,5
Lambert,M,5
Lemon,M,5
Lesley,M,5
Lessie,M,5
Lillie,M,5
Linton,M,5
Linzy,M,5
Little,M,5
Loney,M,5
Lonie,M,5
Loring,M,5
Lovie,M,5
Lucas,M,5
Lute,M,5
Mac,M,5
Mace,M,5
Mal,M,5
Manford,M,5
Manley,M,5
Mannie,M,5
Marcellus,M,5
Matthias,M,5
Maud,M,5
Meredith,M,5
Michel,M,5
Mitchel,M,5
Moody,M,5
Nickolas,M,5
Noel,M,5
Norwood,M,5
Oley,M,5
Oral,M,5
Orel,M,5
Orra,M,5
Percival,M,5
Perl,M,5
Pierce,M,5
Ples,M,5
Powell,M,5
Roe,M,5
Rome,M,5
Rose,M,5
Roswell,M,5
Rutherford,M,5
Saul,M,5
Schuyler,M,5
Sebron,M,5
Shed,M,5
Sie,M,5
Tilford,M,5
Titus,M,5
Toney,M,5
Verna,M,5
Winnie,M,5
Winthrop,M,5
