name,gender,count
Mary,F,9889
Anna,F,4283
Emma,F,2764
Elizabeth,F,2680
Minnie,F,2372
Margaret,F,2275
Ida,F,2049
Bertha,F,2001
Clara,F,1916
Florence,F,1860
Alice,F,1811
Bessie,F,1791
Annie,F,1765
Grace,F,1723
Ethel,F,1699
Sarah,F,1569
Nellie,F,1492
Martha,F,1491
Ella,F,1464
Mabel,F,1422
Carrie,F,1396
Laura,F,1372
Edna,F,1314
Lillian,F,1282
Helen,F,1267
Rose,F,1261
Gertrude,F,1249
Cora,F,1231
Pearl,F,1204
Maude,F,1189
Edith,F,1184
Eva,F,1155
Hattie,F,1139
Jennie,F,1100
Myrtle,F,1094
Julia,F,1061
Louise,F,1061
Frances,F,1059
Mattie,F,1044
Lula,F,1040
Jessie,F,1003
Lillie,F,995
Lena,F,992
Marie,F,988
Catherine,F,916
Ada,F,915
Josephine,F,844
Fannie,F,837
Dora,F,827
Lucy,F,817
Blanche,F,787
Agnes,F,779
Maggie,F,756
Katherine,F,744
Mamie,F,712
Nora,F,708
Stella,F,702
Elsie,F,698
Rosa,F,673
Effie,F,672
Mae,F,641
Alma,F,603
Daisy,F,602
May,F,602
Nettie,F,591
Ruth,F,581
Della,F,565
Sadie,F,562
Susie,F,559
Ellen,F,551
Lizzie,F,512
Nancy,F,492
Sallie,F,490
Maud,F,478
Lottie,F,450
Flora,F,443
Viola,F,440
Irene,F,437
Etta,F,433
Katie,F,431
Hazel,F,429
Mollie,F,421
Addie,F,417
Olive,F,404
Esther,F,396
Georgia,F,395
Lydia,F,392
Willie,F,388
Kathryn,F,383
Lulu,F,376
Amanda,F,370
Caroline,F,370
Emily,F,369
Charlotte,F,368
Rebecca,F,355
Virginia,F,353
Nannie,F,347
Beulah,F,345
Harriet,F,341
Kate,F,335
Amelia,F,326
Susan,F,323
Ollie,F,318
Matilda,F,309
Jane,F,306
Ruby,F,301
Mildred,F,289
Henrietta,F,288
Eliza,F,287
Ora,F,287
Pauline,F,276
Theresa,F,276
Marion,F,273
Eleanor,F,271
Belle,F,270
Hannah,F,254
Sara,F,247
Estella,F,246
Nina,F,238
Augusta,F,237
Iva,F,237
Dorothy,F,230
Lela,F,230
Ann,F,229
Leona,F,227
Amy,F,226
Mayme,F,219
Sophia,F,218
Estelle,F,216
Rachel,F,213
Josie,F,212
Anne,F,211
Barbara,F,207
Goldie,F,204
Evelyn,F,203
Inez,F,197
Beatrice,F,192
Lola,F,191
Mable,F,187
Ola,F,186
Eula,F,181
Maria,F,180
Allie,F,178
Nell,F,175
Millie,F,170
Delia,F,169
Betty,F,167
Vera,F,167
Essie,F,163
Victoria,F,162
Alta,F,159
Sophie,F,156
Callie,F,155
Bertie,F,151
Christine,F,151
Olga,F,151
Ina,F,149
Janie,F,149
Celia,F,147
Winifred,F,146
Hilda,F,143
Tillie,F,143
Eunice,F,142
Bettie,F,141
Loretta,F,141
Lucille,F,139
Sylvia,F,137
Dollie,F,136
Genevieve,F,136
Isabelle,F,136
Louisa,F,136
Luella,F,136
Bernice,F,135
Verna,F,134
Rosie,F,133
Gladys,F,131
Isabel,F,131
Lou,F,129
Winnie,F,129
Bess,F,128
Marguerite,F,125
Jean,F,124
Birdie,F,123
Mathilda,F,120
Rena,F,119
Cornelia,F,117
Lois,F,116
Leila,F,115
Rhoda,F,114
Elva,F,110
Lora,F,109
Flossie,F,105
Johanna,F,105
Sally,F,104
Violet,F,103
Lelia,F,102
Virgie,F,99
Alberta,F,98
Christina,F,98
Nelle,F,98
Cecelia,F,96
Myra,F,96
Sue,F,96
Adelaide,F,94
Harriett,F,92
Roxie,F,92
Frieda,F,91
Hettie,F,91
Selma,F,91
Katharine,F,90
Lucinda,F,90
Gussie,F,89
Lettie,F,86
Adeline,F,85
Hulda,F,85
Lilly,F,85
Abbie,F,84
Teresa,F,84
Jeanette,F,83
Leah,F,83
Marjorie,F,83
Carolyn,F,82
Elma,F,82
Fanny,F,81
Francis,F,81
Gertie,F,81
Irma,F,81
Hallie,F,80
Isabella,F,80
Mina,F,80
Phoebe,F,80
Adele,F,79
Lura,F,77
Meta,F,77
Myrtie,F,77
Hester,F,76
Jeannette,F,75
Lenora,F,75
Lily,F,75
Linnie,F,74
Norma,F,72
Olivia,F,72
Roberta,F,72
Zella,F,72
Eugenia,F,71
Geneva,F,71
Lucile,F,71
Helena,F,69
Lila,F,69
Mandy,F,69
Regina,F,69
Cecilia,F,68
Lorena,F,67
Mittie,F,67
Freda,F,66
Louella,F,66
Madge,F,66
Wilhelmina,F,66
Minerva,F,65
Cordelia,F,64
Erma,F,64
Lida,F,64
Blanch,F,63
Lessie,F,63
Claire,F,61
Emilie,F,61
Ivy,F,61
Rosetta,F,61
Ophelia,F,60
Claudia,F,59
Elsa,F,59
Elvira,F,59
Mabelle,F,59
Melissa,F,58
Polly,F,58
Frankie,F,57
Cynthia,F,56
Janet,F,56
Miriam,F,56
Marian,F,55
Naomi,F,55
Pearle,F,55
Dolly,F,54
Malinda,F,53
Dessie,F,52
Juanita,F,52
Lilla,F,52
Zora,F,52
Nola,F,51
Artie,F,50
Catharine,F,50
Dovie,F,50
Letha,F,50
Leola,F,49
Linda,F,49
Margie,F,49
Neva,F,49
Rosalie,F,49
Vivian,F,49
John,F,48
Johnnie,F,48
Maudie,F,47
Orpha,F,47
Vesta,F,47
Alvina,F,46
Antoinette,F,46
Bell,F,46
Edythe,F,46
Evie,F,46
Lue,F,46
Elnora,F,45
Georgie,F,45
Ila,F,45
Madeline,F,45
Nona,F,45
Ona,F,45
Sudie,F,45
Bridget,F,43
Cecile,F,43
Elisabeth,F,43
Kathleen,F,43
Lina,F,43
Pansy,F,43
Vida,F,43
Zula,F,43
Angie,F,42
Cassie,F,42
Cleo,F,42
Gracie,F,42
Pearlie,F,42
Priscilla,F,42
Adah,F,41
Floy,F,41
Isabell,F,41
Jannie,F,41
Susanna,F,41
Vina,F,41
Anita,F,40
Annette,F,40
Bonnie,F,40
Magdalena,F,40
Leota,F,39
Lona,F,39
Nan,F,39
Oma,F,39
Alpha,F,38
Charity,F,38
Eloise,F,38
George,F,38
Kittie,F,38
Tennie,F,38
Eda,F,37
Fay,F,37
Lee,F,37
Vada,F,37
Constance,F,36
Faye,F,36
Fern,F,36
Jimmie,F,36
Dorothea,F,35
Joanna,F,35
Lavinia,F,35
Lyda,F,35
William,F,35
Cecil,F,34
Chloe,F,34
Ellie,F,34
Georgiana,F,34
Mertie,F,34
Rae,F,34
Corinne,F,33
Helene,F,33
June,F,33
Leora,F,33
Lucia,F,33
Maybelle,F,33
Velma,F,33
Dena,F,32
Elise,F,32
Georgianna,F,32
Golda,F,32
Lucretia,F,32
Queen,F,32
Savannah,F,32
Tina,F,32
Zelma,F,32
Antonia,F,31
Dona,F,31
Kitty,F,31
Mazie,F,31
Mona,F,31
Rilla,F,31
Vinnie,F,31
Willa,F,31
Berta,F,30
Eddie,F,30
Mellie,F,30
Missouri,F,30
Octavia,F,30
Almeda,F,29
Aurelia,F,29
Donna,F,29
James,F,29
Molly,F,29
Tena,F,29
Adelia,F,28
Doris,F,28
Emmie,F,28
Ettie,F,28
Lavina,F,28
Opal,F,28
Reba,F,28
Retta,F,28
Rita,F,28
Tilda,F,28
Albina,F,27
Angeline,F,27
Ava,F,27
Clementine,F,27
Ernestine,F,27
Hanna,F,27
Hilma,F,27
Liza,F,27
Audrey,F,26
Christena,F,26
Clare,F,26
Lovie,F,26
Luvenia,F,26
Una,F,26
Veronica,F,26
Wilma,F,26
Carolina,F,25
Geraldine,F,25
Letitia,F,25
Margret,F,25
Muriel,F,25
Pinkie,F,25
Zoe,F,25
Angela,F,24
Cordie,F,24
Corine,F,24
Juliet,F,24
Kathrine,F,24
Leta,F,24
Lilian,F,24
Mariah,F,24
Marietta,F,24
Ocie,F,24
Tessie,F,24
Tommie,F,24
Agatha,F,23
Alda,F,23
Altha,F,23
Anastasia,F,23
Belva,F,23
Esta,F,23
Julie,F,23
Melvina,F,23
Alida,F,22
Bella,F,22
Bennie,F,22
Charles,F,22
Claudie,F,22
Dixie,F,22
Donie,F,22
Elizebeth,F,22
Frank,F,22
Harriette,F,22
Ira,F,22
Jeanne,F,22
Leonora,F,22
Libbie,F,22
Lucie,F,22
Rosella,F,22
Vernie,F,22
Alva,F,21
Annabelle,F,21
Avis,F,21
Clemmie,F,21
Clyde,F,21
Connie,F,21
Emeline,F,21
Inga,F,21
Iola,F,21
Jettie,F,21
Lutie,F,21
Malissa,F,21
Mathilde,F,21
Paula,F,21
Ray,F,21
Adda,F,20
Arrie,F,20
Besse,F,20
Betsy,F,20
Camille,F,20
Jewel,F,20
Lauretta,F,20
Lenna,F,20
Lenore,F,20
Lotta,F,20
Ludie,F,20
Luna,F,20
Meda,F,20
Patsy,F,20
Pattie,F,20
Phyllis,F,20
Zona,F,20
Adaline,F,19
Althea,F,19
Clarice,F,19
Elenora,F,19
Emelia,F,19
Era,F,19
Ethelyn,F,19
Eugenie,F,19
Lular,F,19
Malvina,F,19
Manda,F,19
Marcia,F,19
Maye,F,19
Melinda,F,19
Odessa,F,19
Petra,F,19
Phebe,F,19
Prudence,F,19
Tressie,F,19
Ursula,F,19
Aline,F,18
Celeste,F,18
Elmira,F,18
Erna,F,18
Iona,F,18
Ione,F,18
Marcella,F,18
Minna,F,18
Rowena,F,18
Vallie,F,18
Verda,F,18
Winnifred,F,18
Aimee,F,17
Ara,F,17
Beth,F,17
Cathrine,F,17
Emmer,F,17
Idella,F,17
Isa,F,17
Leonie,F,17
Lonie,F,17
Loula,F,17
Magdalene,F,17
Margery,F,17
Myrta,F,17
Rosina,F,17
Sophronia,F,17
Zetta,F,17
Beryl,F,16
Carmen,F,16
Clora,F,16
Elinor,F,16
Ester,F,16
Faith,F,16
Jenny,F,16
Joan,F,16
Kathryne,F,16
Margarita,F,16
Natalie,F,16
Onie,F,16
Robert,F,16
Sena,F,16
Shirley,F,16
Vergie,F,16
Abigail,F,15
Annabel,F,15
Clarissa,F,15
Corrie,F,15
Delilah,F,15
Docia,F,15
Easter,F,15
Eileen,F,15
Emelie,F,15
Emilia,F,15
Etha,F,15
Etna,F,15
Glenna,F,15
Harry,F,15
Hope,F,15
Hortense,F,15
India,F,15
Jewell,F,15
Joe,F,15
Katheryn,F,15
Lelah,F,15
Lonnie,F,15
Louie,F,15
Magnolia,F,15
Mettie,F,15
Minta,F,15
Peggy,F,15
Philomena,F,15
Rosanna,F,15
Rossie,F,15
Serena,F,15
Theo,F,15
Therese,F,15
Verdie,F,15
America,F,14
Ammie,F,14
Attie,F,14
Camilla,F,14
Delphia,F,14
Donnie,F,14
Drusilla,F,14
Edmonia,F,14
Eleanora,F,14
Eulalia,F,14
Felicia,F,14
Fronia,F,14
Genie,F,14
Helga,F,14
Henry,F,14
Jo,F,14
Judith,F,14
Leanna,F,14
Leda,F,14
Madie,F,14
Manie,F,14
Merle,F,14
Narcissus,F,14
Osie,F,14
Rachael,F,14
Viva,F,14
Wilda,F,14
Angelina,F,13
Annetta,F,13
Annis,F,13
Arie,F,13
Arminda,F,13
Carol,F,13
Celestia,F,13
Coral,F,13
Dee,F,13
Diana,F,13
Fronie,F,13
Gena,F,13
Golden,F,13
Kizzie,F,13
Mahala,F,13
Mallie,F,13
Metta,F,13
Mintie,F,13
Parthenia,F,13
Queenie,F,13
Rhea,F,13
Samantha,F,13
Sibyl,F,13
Zoa,F,13
Adella,F,12
Aletha,F,12
Almira,F,12
Alverta,F,12
Bernadine,F,12
Birtie,F,12
Calla,F,12
Celina,F,12
Dottie,F,12
Drucilla,F,12
Electa,F,12
Elisa,F,12
Ethyl,F,12
Evalyn,F,12
Fairy,F,12
Gail,F,12
Georgina,F,12
Hassie,F,12
Hedwig,F,12
Hellen,F,12
Imogene,F,12
Iris,F,12
Juana,F,12
Lennie,F,12
Leone,F,12
Louvenia,F,12
Mame,F,12
Margarette,F,12
Norah,F,12
Roma,F,12
Sina,F,12
Thelma,F,12
Vertie,F,12
Wanda,F,12
Zada,F,12
Zettie,F,12
Adline,F,11
Alicia,F,11
Amalia,F,11
Bulah,F,11
Charlie,F,11
Corda,F,11
Dell,F,11
Delpha,F,11
Delphine,F,11
Dolores,F,11
Edward,F,11
Edyth,F,11
Elda,F,11
Elena,F,11
Eulah,F,11
Eulalie,F,11
Frona,F,11
Gretchen,F,11
Huldah,F,11
Jessica,F,11
Leatha,F,11
Lelar,F,11
Letta,F,11
Liddie,F,11
Loraine,F,11
Madeleine,F,11
Millicent,F,11
Mossie,F,11
Nella,F,11
Omie,F,11
Osa,F,11
Ottie,F,11
Ottilia,F,11
Rosemary,F,11
Sabina,F,11
Theodosia,F,11
Valeria,F,11
Walter,F,11
Alyce,F,10
Amie,F,10
Ana,F,10
Annabell,F,10
Ardella,F,10
Bernadette,F,10
Birtha,F,10
Claude,F,10
Debbie,F,10
Deborah,F,10
Dessa,F,10
Doshia,F,10
Elta,F,10
Elvina,F,10
Estell,F,10
Evangeline,F,10
Ferne,F,10
Florida,F,10
Glennie,F,10
Jeanie,F,10
Jossie,F,10
Juliette,F,10
Leontine,F,10
Lulie,F,10
Manuelita,F,10
Maybell,F,10
Maymie,F,10
Mercedes,F,10
Monica,F,10
Nealie,F,10
Nena,F,10
Nonie,F,10
Odelia,F,10
Olevia,F,10
Oline,F,10
Robbie,F,10
Rosena,F,10
Rosia,F,10
Sada,F,10
Selena,F,10
Sidney,F,10
Sofia,F,10
Sula,F,10
Thea,F,10
Vannie,F,10
Vella,F,10
Zenobia,F,10
Andrea,F,9
Arlie,F,9
Arminta,F,9
Aurora,F,9
Caddie,F,9
Cinda,F,9
Corrine,F,9
Daisey,F,9
Dellie,F,9
Dorcas,F,9
Edwina,F,9
Eleonora,F,9
Elodie,F,9
Evelina,F,9
Exie,F,9
Florrie,F,9
Floyd,F,9
Fred,F,9
Goldia,F,9
Ima,F,9
Janey,F,9
Judy,F,9
Juliana,F,9
Justina,F,9
Karen,F,9
Kathern,F,9
Lala,F,9
Leana,F,9
Louis,F,9
Martina,F,9
Media,F,9
Mima,F,9
Minda,F,9
Missie,F,9
Nathalie,F,9
Novella,F,9
Ottilie,F,9
Ozella,F,9
Pollie,F,9
Rosy,F,9
Roxanna,F,9
Selina,F,9
Susana,F,9
Sybil,F,9
Tempie,F,9
Vennie,F,9
Villa,F,9
Winona,F,9
Zillah,F,9
Zilpha,F,9
Adela,F,8
Adelina,F,8
Adell,F,8
Albertina,F,8
Alcie,F,8
Angelita,F,8
Arizona,F,8
Arline,F,8
Arthur,F,8
Arvilla,F,8
Augustine,F,8
Beaulah,F,8
Berdie,F,8
Beula,F,8
Billie,F,8
Bird,F,8
Byrd,F,8
Clifford,F,8
Clotilde,F,8
Clytie,F,8
Crystal,F,8
Dagmar,F,8
Daisie,F,8
Dana,F,8
Earl,F,8
Eleanore,F,8
Elvie,F,8
Ermina,F,8
Euna,F,8
Florine,F,8
Guadalupe,F,8
Henriette,F,8
Hertha,F,8
Janette,F,8
Josefa,F,8
Joseph,F,8
Leo,F,8
Leslie,F,8
Libby,F,8
Lilah,F,8
Loretto,F,8
Lovina,F,8
Magdalen,F,8
Maida,F,8
Margaretha,F,8
Matie,F,8
Melanie,F,8
Metha,F,8
Nevada,F,8
Norine,F,8
Odile,F,8
Patricia,F,8
Pricilla,F,8
Richard,F,8
Rosey,F,8
Sadye,F,8
Sigrid,F,8
Sydney,F,8
Thekla,F,8
Theodora,F,8
Thomas,F,8
Tinnie,F,8
Tressa,F,8
Veda,F,8
Vena,F,8
Zaida,F,8
Zelda,F,8
Zena,F,8
Zola,F,8
Abby,F,7
Aileen,F,7
Allene,F,7
Altie,F,7
Alvena,F,7
Amelie,F,7
Ardelia,F,7
Atha,F,7
Aura,F,7
Becky,F,7
Beda,F,7
Berniece,F,7
Betha,F,7
Byrdie,F,7
Capitola,F,7
Celestine,F,7
Christiana,F,7
Clarinda,F,7
Delila,F,7
Dillie,F,7
Dinah,F,7
Dosha,F,7
Doshie,F,7
Dove,F,7
Effa,F,7
Eldora,F,7
Eller,F,7
Emaline,F,7
Enola,F,7
Erie,F,7
Ether,F,7
Eve,F,7
Florance,F,7
Florie,F,7
Francisca,F,7
Freida,F,7
Gennie,F,7
Gusta,F,7
Hessie,F,7
Hetty,F,7
Hilah,F,7
Isla,F,7
Ivah,F,7
Izora,F,7
Jodie,F,7
Judie,F,7
Justine,F,7
Katharina,F,7
Kattie,F,7
Lassie,F,7
Laurel,F,7
Laurie,F,7
Lea,F,7
Lethia,F,7
Lexie,F,7
Linna,F,7
Lorraine,F,7
Lota,F,7
Louisiana,F,7
Luetta,F,7
Macie,F,7
Macy,F,7
Mannie,F,7
Manuela,F,7
Matilde,F,7
Maxie,F,7
Miranda,F,7
Myrtis,F,7
Nita,F,7
Nova,F,7
Oda,F,7
Odie,F,7
Olie,F,7
Orah,F,7
Ova,F,7
Paralee,F,7
Paulina,F,7
Penelope,F,7
Pennie,F,7
Prudie,F,7
Rella,F,7
Ressie,F,7
Rosamond,F,7
Roseanna,F,7
Rubye,F,7
Ruie,F,7
Sabra,F,7
Salome,F,7
Silvia,F,7
Texas,F,7
Texie,F,7
Tula,F,7
Wilhelmine,F,7
Yetta,F,7
Zelpha,F,7
Zina,F,7
Aggie,F,6
Albert,F,6
Alwilda,F,6
Alwina,F,6
Anabel,F,6
Angele,F,6
Anner,F,6
Arabella,F,6
Bina,F,6
Buena,F,6
Cammie,F,6
Cara,F,6
Carl,F,6
Cattie,F,6
Claudine,F,6
Clella,F,6
Clemence,F,6
Crissie,F,6
Daphne,F,6
Delta,F,6
Eloisa,F,6
Emogene,F,6
Evalena,F,6
Evaline,F,6
Fidelia,F,6
Flo,F,6
Francisquita,F,6
Freddie,F,6
Frederica,F,6
Georgetta,F,6
Glenn,F,6
Gretta,F,6
Gwendolyn,F,6
Helma,F,6
Hermina,F,6
Hollie,F,6
Icie,F,6
Icy,F,6
Ingeborg,F,6
Jeffie,F,6
Jennette,F,6
Jesse,F,6
Joy,F,6
Katy,F,6
Kay,F,6
Lacy,F,6
Lalla,F,6
Lavada,F,6
Laverne,F,6
Lear,F,6
Lester,F,6
Levie,F,6
Lidie,F,6
Lillia,F,6
Lilliam,F,6
Lisa,F,6
Lollie,F,6
Loma,F,6
Lorinda,F,6
Lu,F,6
Lugenia,F,6
Luisa,F,6
Lummie,F,6
Malena,F,6
Mammie,F,6
Maranda,F,6
Margarete,F,6
Margaretta,F,6
Marina,F,6
Martie,F,6
Mercy,F,6
Montie,F,6
Mozelle,F,6
Myrle,F,6
Myrtice,F,6
Nana,F,6
Nanie,F,6
Naoma,F,6
Nelia,F,6
Neoma,F,6
Octa,F,6
Olla,F,6
Oral,F,6
Orlena,F,6
Paul,F,6
Pelagia,F,6
Percy,F,6
Pheobe,F,6
Portia,F,6
Roxy,F,6
Salina,F,6
Sammie,F,6
Sarrah,F,6
Signe,F,6
Sister,F,6
Susanne,F,6
Suzanne,F,6
Sybilla,F,6
Sylva,F,6
Sylvania,F,6
Tabitha,F,6
Texana,F,6
Texanna,F,6
Theresia,F,6
Tiney,F,6
Tiny,F,6
Tisha,F,6
Tom,F,6
Tresa,F,6
Trudie,F,6
Wilhemina,F,6
Will,F,6
Yvonne,F,6
Zadie,F,6
Zilla,F,6
Aida,F,5
Albertine,F,5
Almyra,F,5
Amalie,F,5
Amey,F,5
Amma,F,5
Andrew,F,5
Antonette,F,5
Arah,F,5
Arlena,F,5
Ason,F,5
Audie,F,5
Avie,F,5
Bea,F,5
Beckie,F,5
Bee,F,5
Berenice,F,5
Bettye,F,5
Biddie,F,5
Bitha,F,5
Bobbie,F,5
Camelia,F,5
Carlotta,F,5
Carmelite,F,5
Chaney,F,5
Chattie,F,5
Christian,F,5
Christie,F,5
Cindy,F,5
Cleora,F,5
Cloe,F,5
Concepcion,F,5
Cordia,F,5
Corina,F,5
Corinna,F,5
Delma,F,5
Dezzie,F,5
Dicie,F,5
Dola,F,5
Donia,F,5
Dossie,F,5
Dot,F,5
Edla,F,5
Elaine,F,5
Elfie,F,5
Elfrieda,F,5
Elida,F,5
Else,F,5
Elzie,F,5
Emmaline,F,5
Ena,F,5
Enna,F,5
Eppie,F,5
Epsie,F,5
Ernest,F,5
Etter,F,5
Eudora,F,5
Eugene,F,5
Euphemia,F,5
Eura,F,5
Eveline,F,5
Everlena,F,5
Filomena,F,5
Fleeta,F,5
Francies,F,5
Fredericka,F,5
Garnet,F,5
Gay,F,5
Gaynell,F,5
Genia,F,5
Georgine,F,5
Gina,F,5
Gracia,F,5
Grayce,F,5
Greta,F,5
Gustie,F,5
Hermine,F,5
Honora,F,5
Ivory,F,5
Jeanetta,F,5
Jeannie,F,5
Johnie,F,5
Jonnie,F,5
Josiephine,F,5
Jule,F,5
Kathrina,F,5
Lalia,F,5
Laure,F,5
Leonia,F,5
Leonore,F,5
Lera,F,5
Letty,F,5
Lilia,F,5
Lilie,F,5
Liller,F,5
Lissie,F,5
Lorene,F,5
Louanna,F,5
Lousia,F,5
Lovey,F,5
Lulah,F,5
Luz,F,5
Lynn,F,5
Mahalia,F,5
Maie,F,5
Malissie,F,5
Mamye,F,5
Margarett,F,5
Margretta,F,5
Marianne,F,5
Marybelle,F,5
Massie,F,5
Medie,F,5
Mena,F,5
Merta,F,5
Milly,F,5
Minnette,F,5
Monnie,F,5
Mrytle,F,5
Murtie,F,5
Nanny,F,5
Nattie,F,5
Nealy,F,5
Nelly,F,5
Neppie,F,5
Netta,F,5
Nolie,F,5
Noma,F,5
Olena,F,5
Olivette,F,5
Onnie,F,5
Orra,F,5
Oscar,F,5
Ossie,F,5
Otie,F,5
Ottillie,F,5
Parthena,F,5
Peggie,F,5
Perle,F,5
Philomene,F,5
Pink,F,5
Pinkey,F,5
Pleasant,F,5
Pluma,F,5
Quinnie,F,5
Reta,F,5
Rosalee,F,5
Rosalia,F,5
Roxana,F,5
Roy,F,5
Rutha,F,5
Santos,F,5
Sinnie,F,5
Susannah,F,5
Teckla,F,5
Tella,F,5
Theckla,F,5
Theda,F,5
Theodocia,F,5
Theressa,F,5
Thula,F,5
Tilla,F,5
Tishie,F,5
Tonie,F,5
Tracy,F,5
Trannie,F,5
Trella,F,5
Treva,F,5
Unknown,F,5
Verona,F,5
Versa,F,5
Veva,F,5
Violette,F,5
Vollie,F,5
Zelphia,F,5
John,M,9026
William,M,8252
James,M,5355
George,M,4671
Charles,M,4533
Frank,M,3127
Joseph,M,2594
Robert,M,2443
Henry,M,2404
Thomas,M,2337
Edward,M,2312
Harry,M,2257
Walter,M,1880
Arthur,M,1656
Fred,M,1599
Albert,M,1488
Clarence,M,995
Samuel,M,870
Louis,M,846
Roy,M,767
Joe,M,759
Charlie,M,723
Richard,M,720
David,M,674
Ernest,M,668
Oscar,M,645
Will,M,642
Willie,M,641
Andrew,M,614
Jesse,M,614
Earl,M,570
Carl,M,556
Daniel,M,555
Sam,M,519
Elmer,M,485
Alfred,M,480
Howard,M,467
Paul,M,466
Benjamin,M,463
Frederick,M,461
Ralph,M,440
Peter,M,437
Lewis,M,431
Herman,M,418
Grover,M,407
Herbert,M,400
Lee,M,399
Claude,M,391
Jim,M,389
Tom,M,383
Eugene,M,362
Raymond,M,353
Michael,M,348
Jacob,M,346
Francis,M,344
Ben,M,335
Lawrence,M,331
Martin,M,329
Edwin,M,313
Harvey,M,310
Edgar,M,309
Clyde,M,307
Ed,M,303
Jack,M,299
Chester,M,287
Floyd,M,275
Ray,M,271
Otto,M,270
Theodore,M,258
Guy,M,255
Luther,M,253
Patrick,M,249
Leo,M,240
Leonard,M,236
Oliver,M,230
Bert,M,228
Hugh,M,227
Harold,M,224
Homer,M,224
Isaac,M,224
Charley,M,214
Allen,M,211
Alexander,M,206
August,M,203
Ira,M,198
Eddie,M,197
Philip,M,187
Marion,M,182
Jessie,M,181
Stephen,M,181
Bernard,M,180
Archie,M,175
Anthony,M,174
Julius,M,173
Clifford,M,172
Alex,M,161
Norman,M,161
Lester,M,160
Horace,M,156
Leroy,M,155
Sidney,M,155
Dan,M,154
Everett,M,150
Willis,M,150
Victor,M,146
Milton,M,145
Lloyd,M,144
Warren,M,144
Leon,M,142
Perry,M,141
Jess,M,140
Dave,M,139
Rufus,M,139
Leslie,M,136
Nathan,M,136
Emil,M,127
Franklin,M,127
Jerry,M,125
Percy,M,122
Amos,M,121
Wesley,M,121
Russell,M,115
Alvin,M,112
Matthew,M,112
Calvin,M,109
Jay,M,107
Ross,M,107
Alonzo,M,106
Mark,M,106
Wilbur,M,106
Earnest,M,105
Marshall,M,105
Wallace,M,104
Adam,M,103
Gus,M,102
Glenn,M,99
Otis,M,99
Dennis,M,98
Levi,M,97
Mack,M,97
Maurice,M,97
Simon,M,97
Claud,M,96
Morris,M,96
Adolph,M,95
Cornelius,M,95
Jake,M,95
Stanley,M,95
Elbert,M,94
Emmett,M,94
Phillip,M,94
Elijah,M,93
Felix,M,92
Gilbert,M,91
Marvin,M,90
Noah,M,90
Jasper,M,88
Lonnie,M,88
Roscoe,M,88
Cleveland,M,87
Aaron,M,86
Clinton,M,85
Ellis,M,85
Jose,M,85
Nicholas,M,85
Mike,M,84
Moses,M,84
Cecil,M,83
Melvin,M,83
Owen,M,83
Reuben,M,82
Ollie,M,81
Edmund,M,80
Willard,M,80
Virgil,M,79
Nelson,M,78
Abraham,M,77
Harrison,M,77
Silas,M,77
Fredrick,M,75
Timothy,M,74
Clayton,M,73
Harley,M,73
Max,M,73
Monroe,M,73
Pearl,M,73
Sylvester,M,73
Vernon,M,73
Curtis,M,72
Irvin,M,71
Wilson,M,71
Manuel,M,70
Steve,M,70
Dock,M,69
Grant,M,69
Juan,M,69
Mose,M,69
Rudolph,M,68
Johnnie,M,67
Bob,M,66
Christopher,M,66
Eli,M,66
Newton,M,66
Sherman,M,66
Barney,M,65
Alva,M,64
Austin,M,64
Bill,M,64
Gordon,M,64
Jeff,M,63
Ora,M,63
Orville,M,63
Anton,M,62
Chris,M,62
Edd,M,62
Don,M,61
Hubert,M,61
Wade,M,61
Irving,M,60
Cyrus,M,59
Nathaniel,M,59
Augustus,M,58
Lon,M,58
Donald,M,57
Millard,M,57
Columbus,M,56
Forrest,M,56
Bruce,M,55
Joshua,M,55
Roland,M,55
Pete,M,54
Hiram,M,53
Asa,M,52
Byron,M,51
Abe,M,50
Conrad,M,50
Edmond,M,50
Enoch,M,50
Jerome,M,50
Julian,M,50
Luke,M,50
Vincent,M,50
Andy,M,49
Clark,M,49
Glen,M,49
Joel,M,49
Wiley,M,49
Ike,M,48
Karl,M,48
Mathew,M,48
Nick,M,47
Earle,M,46
Emanuel,M,46
Green,M,45
Solomon,M,45
Emery,M,44
Forest,M,44
Bennie,M,43
Boyd,M,43
Jackson,M,43
Laurence,M,43
Clifton,M,42
Scott,M,42
Arnold,M,41
Elias,M,41
Van,M,41
Chas,M,40
Ferdinand,M,40
Jeremiah,M,40
Neal,M,40
Ruben,M,40
Ezra,M,39
Marcus,M,39
Riley,M,39
Fletcher,M,38
Garfield,M,38
Gustave,M,38
Kenneth,M,38
Ulysses,M,38
Emory,M,37
Jimmie,M,37
Lemuel,M,37
Cleve,M,36
Louie,M,36
Miles,M,36
Omer,M,36
Preston,M,36
Burton,M,35
Dewitt,M,35
Douglas,M,35
Elisha,M,35
Isaiah,M,35
Ned,M,35
Anderson,M,34
Ivan,M,34
Jefferson,M,34
Lyman,M,34
Bud,M,33
Christian,M,33
Tommie,M,33
Antonio,M,32
Arch,M,32
Ervin,M,32
Gustav,M,32
Mary,M,32
Morgan,M,32
Napoleon,M,32
Roger,M,32
Elwood,M,31
Major,M,31
Ambrose,M,30
Archibald,M,30
Delbert,M,30
Johnie,M,30
Logan,M,30
Lucius,M,30
Josh,M,29
Spencer,M,29
Tony,M,29
Walker,M,29
Clay,M,28
Gerald,M,28
Myron,M,28
Ole,M,28
Al,M,27
Lafayette,M,27
Leland,M,27
Matt,M,27
Sandy,M,27
Stewart,M,27
Wilfred,M,27
Clement,M,26
Dee,M,26
Hardy,M,26
Rex,M,26
Allan,M,25
Axel,M,25
Carroll,M,25
Clem,M,25
Dallas,M,25
Emile,M,25
Fay,M,25
Lorenzo,M,25
Lynn,M,25
Malcolm,M,25
Ward,M,25
Winfield,M,25
Dudley,M,24
Emmet,M,24
Gust,M,24
Houston,M,24
Milo,M,24
Mitchell,M,24
Neil,M,24
Pedro,M,24
Porter,M,24
Benjiman,M,23
Cliff,M,23
Dick,M,23
General,M,23
Johnny,M,23
King,M,23
Larry,M,23
Oren,M,23
Pat,M,23
Raleigh,M,23
Seth,M,23
Wayne,M,23
Carlton,M,22
Casper,M,22
Elliott,M,22
Erwin,M,22
Foster,M,22
Isiah,M,22
Loren,M,22
Merle,M,22
Pink,M,22
Prince,M,22
Randolph,M,22
Sim,M,22
Taylor,M,22
Vern,M,22
Allie,M,21
Burl,M,21
Chauncey,M,21
Freeman,M,21
Isom,M,21
Jason,M,21
Josiah,M,21
Judson,M,21
Lem,M,21
Loyd,M,21
Otho,M,21
Pierce,M,21
Washington,M,21
West,M,21
Clair,M,20
Hans,M,20
Jonas,M,20
Judge,M,20
Steven,M,20
Tomas,M,20
Adolphus,M,19
Burt,M,19
Elza,M,19
Garland,M,19
Granville,M,19
Harris,M,19
Herschel,M,19
Hugo,M,19
Jonathan,M,19
Lawson,M,19
Murray,M,19
Royal,M,19
Troy,M,19
Wilmer,M,19
Abner,M,18
Abram,M,18
Davis,M,18
Hal,M,18
Harmon,M,18
Irwin,M,18
Lucian,M,18
Mason,M,18
Minor,M,18
Phil,M,18
Rolla,M,18
Rollie,M,18
Verne,M,18
Warner,M,18
Adrian,M,17
Alford,M,17
Buster,M,17
Dale,M,17
Dwight,M,17
Early,M,17
Emerson,M,17
Ezekiel,M,17
Hamilton,M,17
Hosea,M,17
Israel,M,17
Leander,M,17
Lucious,M,17
Madison,M,17
Olaf,M,17
Shirley,M,17
Stuart,M,17
Thornton,M,17
Webster,M,17
Wilbert,M,17
Abel,M,16
Addison,M,16
Alphonse,M,16
Alton,M,16
Arther,M,16
Carlos,M,16
Christ,M,16
Emmitt,M,16
Garrett,M,16
Geo,M,16
Henderson,M,16
Kelly,M,16
Lindsey,M,16
Milford,M,16
Oswald,M,16
Sanford,M,16
Smith,M,16
Thad,M,16
Valentine,M,16
Alonza,M,15
Angus,M,15
Anna,M,15
Berry,M,15
Carter,M,15
Clara,M,15
Clint,M,15
Crawford,M,15
Dean,M,15
Elvin,M,15
Emmit,M,15
Enos,M,15
Florence,M,15
Francisco,M,15
Ivy,M,15
Nels,M,15
Orval,M,15
Reginald,M,15
Turner,M,15
Wm,M,15
Zack,M,15
Ashley,M,14
Caleb,M,14
Cornelious,M,14
Dell,M,14
Elie,M,14
Elzie,M,14
Ephraim,M,14
Evans,M,14
Freddie,M,14
Issac,M,14
Mortimer,M,14
Omar,M,14
Orrin,M,14
Rodney,M,14
Sid,M,14
Simeon,M,14
Sol,M,14
Tim,M,14
Tracy,M,14
Truman,M,14
Wilber,M,14
Angelo,M,13
Aron,M,13
Augustine,M,13
Baxter,M,13
Benny,M,13
Brady,M,13
Butler,M,13
Cary,M,13
Frederic,M,13
Fritz,M,13
Gabriel,M,13
Gene,M,13
Giles,M,13
Hampton,M,13
Haywood,M,13
Junius,M,13
Lige,M,13
Lonzo,M,13
Micheal,M,13
Miguel,M,13
Orlando,M,13
Ransom,M,13
Ronald,M,13
Thurman,M,13
Tommy,M,13
Willam,M,13
Williams,M,13
Wylie,M,13
Albin,M,12
Antone,M,12
Artie,M,12
Bartholomew,M,12
Benjamine,M,12
Bertha,M,12
Billie,M,12
Blaine,M,12
Buck,M,12
Doc,M,12
Dorsey,M,12
Drew,M,12
Duncan,M,12
Ellsworth,M,12
Elmo,M,12
Elton,M,12
Felipe,M,12
Frances,M,12
Grace,M,12
Harlan,M,12
Henery,M,12
Jesus,M,12
Lawyer,M,12
Luis,M,12
Lyle,M,12
Miller,M,12
Palmer,M,12
Perley,M,12
Pleasant,M,12
Price,M,12
Ramon,M,12
Terry,M,12
Tillman,M,12
Walton,M,12
Wendell,M,12
Wilford,M,12
Winfred,M,12
Wyatt,M,12
Coleman,M,11
Dennie,M,11
Elizabeth,M,11
Elmore,M,11
Emma,M,11
Evan,M,11
Hamp,M,11
Jean,M,11
Johnson,M,11
June,M,11
Lionel,M,11
Lowell,M,11
Ludwig,M,11
Mat,M,11
Mathias,M,11
Melville,M,11
Parker,M,11
Rollin,M,11
Rupert,M,11
Simpson,M,11
Toney,M,11
Travis,M,11
Urban,M,11
Wash,M,11
Wilburn,M,11
Willian,M,11
Woodie,M,11
Ace,M,10
Alice,M,10
Aloysius,M,10
Andres,M,10
Asbury,M,10
Aubrey,M,10
Auther,M,10
Barton,M,10
Basil,M,10
Elbridge,M,10
Eldridge,M,10
Erastus,M,10
Eric,M,10
Ferd,M,10
Gideon,M,10
Godfrey,M,10
Hermon,M,10
Isadore,M,10
Jones,M,10
Kirby,M,10
Lacy,M,10
Lonie,M,10
Mannie,M,10
Maynard,M,10
Merritt,M,10
Merton,M,10
Noble,M,10
Obie,M,10
Odie,M,10
Otha,M,10
Paris,M,10
Pierre,M,10
Reese,M,10
Saul,M,10
Seymour,M,10
Sterling,M,10
Sumner,M,10
Sydney,M,10
Ted,M,10
Terrence,M,10
Whit,M,10
Young,M,10
Alf,M,9
Alois,M,9
Alphonso,M,9
Alvis,M,9
Bartley,M,9
Benton,M,9
Beverly,M,9
Blake,M,9
Bryant,M,9
Clare,M,9
Eben,M,9
Edith,M,9
Ellie,M,9
Fernando,M,9
Fitzhugh,M,9
Gardner,M,9
Guss,M,9
Hallie,M,9
Heber,M,9
Hollis,M,9
Isham,M,9
Jordan,M,9
Lemon,M,9
Lenard,M,9
Levy,M,9
Linwood,M,9
Llewellyn,M,9
Lou,M,9
Love,M,9
Mahlon,M,9
Marcellus,M,9
Nat,M,9
Norris,M,9
Olin,M,9
Oral,M,9
Orin,M,9
Quincy,M,9
Roman,M,9
Roswell,M,9
Russel,M,9
Shedrick,M,9
Shelby,M,9
Tobe,M,9
Vance,M,9
Verner,M,9
Wheeler,M,9
Woodson,M,9
Addie,M,8
Alcide,M,8
Alden,M,8
Alfonso,M,8
Alpha,M,8
Alvah,M,8
Anson,M,8
Art,M,8
Bernie,M,8
Bertie,M,8
Berton,M,8
Bertram,M,8
Bishop,M,8
Burley,M,8
Caesar,M,8
Carson,M,8
Cicero,M,8
Cleo,M,8
Cloyd,M,8
Dana,M,8
Dillard,M,8
Ebb,M,8
Egbert,M,8
Elige,M,8
Ernst,M,8
Fate,M,8
Golden,M,8
Hayes,M,8
Helmer,M,8
Hilliard,M,8
Howell,M,8
Ida,M,8
Jodie,M,8
Julious,M,8
Justin,M,8
Larkin,M,8
Leigh,M,8
Lucas,M,8
Lucien,M,8
Lum,M,8
Malachi,M,8
Margaret,M,8
May,M,8
Melton,M,8
Mervin,M,8
Minnie,M,8
Myrtle,M,8
Newell,M,8
Newt,M,8
Nora,M,8
Percival,M,8
Richmond,M,8
Rolland,M,8
Rube,M,8
Rubin,M,8
Sampson,M,8
Thaddeus,M,8
Theo,M,8
Tollie,M,8
Vernie,M,8
Waldo,M,8
Wellington,M,8
Winston,M,8
Zeb,M,8
Aleck,M,7
Alvia,M,7
Ansel,M,7
Antoine,M,7
Arlie,M,7
Arlington,M,7
Armand,M,7
Arvid,M,7
Asher,M,7
Author,M,7
Bailey,M,7
Bart,M,7
Benedict,M,7
Billy,M,7
Budd,M,7
Buford,M,7
Byrd,M,7
Cal,M,7
Callie,M,7
Carrie,M,7
Clarance,M,7
Clemens,M,7
Colin,M,7
Denis,M,7
Dixie,M,7
Doctor,M,7
Dolphus,M,7
Edna,M,7
Elder,M,7
Eldon,M,7
Elvis,M,7
Finis,M,7
Flem,M,7
Garnett,M,7
Gary,M,7
Gertrude,M,7
Graham,M,7
Gregory,M,7
Guadalupe,M,7
Hardie,M,7
Harper,M,7
Harvy,M,7
Hezekiah,M,7
Hollie,M,7
Hoyt,M,7
Hubbard,M,7
Hunter,M,7
Ignacio,M,7
Jarvis,M,7
Jule,M,7
Jules,M,7
Julia,M,7
Leopold,M,7
Lew,M,7
Marshal,M,7
Martha,M,7
Merl,M,7
Mont,M,7
Murphy,M,7
Nehemiah,M,7
Nicolas,M,7
Norbert,M,7
Norwood,M,7
Ocie,M,7
Ola,M,7
Orange,M,7
Orland,M,7
Pablo,M,7
Parley,M,7
Pleas,M,7
Randall,M,7
Raphael,M,7
Rene,M,7
Reno,M,7
Rudy,M,7
Rueben,M,7
Rush,M,7
Sebastian,M,7
Solon,M,7
Sylvan,M,7
Theadore,M,7
Tolbert,M,7
Virgle,M,7
Waverly,M,7
Wirt,M,7
Wong,M,7
Woody,M,7
Ada,M,6
Algie,M,6
Almon,M,6
Alto,M,6
Alvy,M,6
Augustin,M,6
Avery,M,6
Ballard,M,6
Bennett,M,6
Birt,M,6
Burr,M,6
Cash,M,6
Charls,M,6
Chesley,M,6
Cole,M,6
Colon,M,6
Colonel,M,6
Commodore,M,6
Conley,M,6
Connie,M,6
Constantine,M,6
Cooper,M,6
Cora,M,6
Coy,M,6
Danial,M,6
Darius,M,6
Dayton,M,6
Delmer,M,6
Dolph,M,6
Doss,M,6
Elby,M,6
Ella,M,6
Elsie,M,6
Elva,M,6
Ephriam,M,6
Ethan,M,6
Ethel,M,6
Evert,M,6
Ewald,M,6
Ferman,M,6
Fern,M,6
Finley,M,6
Florian,M,6
Ford,M,6
Fuller,M,6
Gail,M,6
Gaston,M,6
Gay,M,6
Gorden,M,6
Gussie,M,6
Ham,M,6
Harve,M,6
Hazel,M,6
Hector,M,6
Horatio,M,6
Hyrum,M,6
Ignatius,M,6
Jens,M,6
Joaquin,M,6
Johnathan,M,6
Josephus,M,6
Junious,M,6
Kelley,M,6
Knute,M,6
Lacey,M,6
Lafe,M,6
Laurie,M,6
Len,M,6
Lilburn,M,6
Lillie,M,6
Lincoln,M,6
Linton,M,6
Loney,M,6
Lorenza,M,6
Lovell,M,6
Lovett,M,6
Loy,M,6
Mabel,M,6
Malvin,M,6
Manford,M,6
Manson,M,6
Maxwell,M,6
Mills,M,6
Morton,M,6
Noel,M,6
Odis,M,6
Okey,M,6
Oran,M,6
Orie,M,6
Orren,M,6
Orrie,M,6
Osborne,M,6
Pinkney,M,6
Pratt,M,6
Press,M,6
Reid,M,6
Rich,M,6
Roby,M,6
Rollo,M,6
Rosco,M,6
Rose,M,6
Rowland,M,6
Ruffin,M,6
Rutherford,M,6
Samual,M,6
Sanders,M,6
Sarah,M,6
Shelton,M,6
Squire,M,6
Tomie,M,6
Vince,M,6
Vivian,M,6
Wayland,M,6
Wells,M,6
Acey,M,5
Adelbert,M,5
Alan,M,5
Alberto,M,5
Alec,M,5
Alger,M,5
Algernon,M,5
Allison,M,5
Alma,M,5
Alpheus,M,5
Alvie,M,5
Amasa,M,5
Amil,M,5
Annie,M,5
Arden,M,5
Arley,M,5
Augusta,M,5
Barrett,M,5
Bedford,M,5
Beecher,M,5
Bernhard,M,5
Bertrand,M,5
Bessie,M,5
Boston,M,5
Britt,M,5
Brooks,M,5
Bruno,M,5
Bryan,M,5
Burns,M,5
Calhoun,M,5
Carey,M,5
Chalmer,M,5
Chin,M,5
Christy,M,5
Claire,M,5
Cletus,M,5
Colbert,M,5
Collins,M,5
Courtland,M,5
Craig,M,5
Curt,M,5
Daisy,M,5
Darrell,M,5
Delmar,M,5
Dempsey,M,5
Duke,M,5
Eber,M,5
Eddy,M,5
Elam,M,5
Elgin,M,5
Eligah,M,5
Elliot,M,5
Elroy,M,5
Ely,M,5
Emilio,M,5
Erick,M,5
Ernie,M,5
Eston,M,5
Everet,M,5
French,M,5
Garry,M,5
Gerard,M,5
Gibson,M,5
Gottlieb,M,5
Grafton,M,5
Harland,M,5
Harlin,M,5
Harrie,M,5
Hattie,M,5
Hervey,M,5
Hilton,M,5
Hosey,M,5
Huey,M,5
Hurley,M,5
Irven,M,5
Isidore,M,5
Iva,M,5
Ivey,M,5
Jeptha,M,5
Laban,M,5
Lambert,M,5
Landon,M,5
Larence,M,5
Lark,M,5
Lars,M,5
Laura,M,5
Lawerence,M,5
Lazarus,M,5
Lela,M,5
Lindsay,M,5
Lisle,M,5
Lofton,M,5
London,M,5
Loring,M,5
Mac,M,5
Manning,M,5
Marian,M,5
Mattie,M,5
Maud,M,5
Meddie,M,5
Merrill,M,5
Montie,M,5
Moody,M,5
Murl,M,5
Nellie,M,5
Nolan,M,5
Ode,M,5
Olden,M,5
Orion,M,5
Orley,M,5
Orson,M,5
Ossie,M,5
Ovid,M,5
Patsy,M,5
Pearley,M,5
Ples,M,5
Presley,M,5
Purl,M,5
Quince,M,5
Ras,M,5
Reed,M,5
Roderick,M,5
Rogers,M,5
Ruby,M,5
Santiago,M,5
Schuyler,M,5
Sheldon,M,5
Shelly,M,5
Shepherd,M,5
Sigmund,M,5
Snowden,M,5
Starling,M,5
Sullivan,M,5
Talmadge,M,5
Thos,M,5
Titus,M,5
Tobie,M,5
Ura,M,5
Val,M,5
Vergil,M,5
Watson,M,5
Webb,M,5
Weldon,M,5
Wes,M,5
Wilton,M,5
Winnie,M,5
Winthrop,M,5
Wood,M,5
Worth,M,5
Wright,M,5
Xavier,M,5
Yancy,M,5
