name,gender,count
Mary,F,13172
Anna,F,5542
Elizabeth,F,3461
Margaret,F,3435
Ruth,F,3290
Florence,F,3154
Emma,F,3128
Ethel,F,3035
Helen,F,2936
Clara,F,2661
Bertha,F,2617
Minnie,F,2609
Bessie,F,2541
Alice,F,2373
Annie,F,2348
Grace,F,2299
Ida,F,2259
Edna,F,2218
Mabel,F,2170
Lillian,F,2154
Marie,F,2066
Rose,F,2023
Gertrude,F,1924
Martha,F,1915
Hazel,F,1897
Pearl,F,1831
Ella,F,1808
Sarah,F,1798
Laura,F,1744
Nellie,F,1738
Frances,F,1670
Myrtle,F,1666
Edith,F,1625
Eva,F,1611
Carrie,F,1588
Lillie,F,1503
Elsie,F,1489
Louise,F,1446
Cora,F,1419
Hattie,F,1363
Julia,F,1360
Catherine,F,1333
Agnes,F,1328
Mattie,F,1303
Maude,F,1270
Jessie,F,1246
Lena,F,1234
Jennie,F,1212
Josephine,F,1210
Ada,F,1134
Irene,F,1107
Mae,F,1101
Lula,F,1098
Blanche,F,1094
Lucy,F,1057
Alma,F,1056
Fannie,F,1031
Mamie,F,978
Stella,F,972
Katherine,F,961
Dora,F,960
Mildred,F,959
Nora,F,899
Maggie,F,883
Gladys,F,867
Viola,F,833
Esther,F,824
Rosa,F,796
Ellen,F,760
May,F,753
Sadie,F,724
Effie,F,721
Nettie,F,705
Ruby,F,695
Susie,F,669
Della,F,666
Beulah,F,638
Willie,F,631
Dorothy,F,626
Lizzie,F,597
Nancy,F,591
Flora,F,585
Olive,F,583
Sallie,F,582
Daisy,F,564
Katie,F,563
Georgia,F,552
Kathryn,F,549
Lottie,F,547
Beatrice,F,541
Marguerite,F,535
Pauline,F,526
Lydia,F,522
Emily,F,518
Marion,F,497
Addie,F,493
Etta,F,492
Charlotte,F,486
Vera,F,486
Caroline,F,476
Virginia,F,475
Amanda,F,455
Ollie,F,441
Leona,F,440
Henrietta,F,424
Evelyn,F,418
Theresa,F,417
Mollie,F,411
Anne,F,407
Ora,F,405
Harriet,F,402
Maud,F,402
Jane,F,396
Iva,F,394
Ann,F,393
Eleanor,F,389
Lola,F,388
Amelia,F,385
Nannie,F,385
Lucille,F,380
Hilda,F,370
Rachel,F,369
Susan,F,366
Lela,F,353
Rebecca,F,353
Kate,F,345
Nina,F,340
Inez,F,336
Estella,F,332
Matilda,F,332
Amy,F,331
Hannah,F,326
Lulu,F,325
Flossie,F,301
Maria,F,301
Olga,F,301
Bernice,F,299
Eula,F,297
Goldie,F,296
Estelle,F,295
Essie,F,294
Eunice,F,294
Augusta,F,290
Eliza,F,285
Alta,F,282
Mable,F,279
Barbara,F,278
Sara,F,276
Sylvia,F,275
Belle,F,265
Frieda,F,265
Josie,F,263
Loretta,F,263
Ola,F,259
Betty,F,255
Rosie,F,249
Verna,F,246
Allie,F,244
Janie,F,242
Lois,F,242
Marjorie,F,242
Sophia,F,241
Violet,F,238
Genevieve,F,236
Freda,F,229
Victoria,F,229
Celia,F,222
Christine,F,222
Mayme,F,222
Winnie,F,218
Ina,F,216
Nell,F,216
Isabelle,F,213
Winifred,F,213
Selma,F,209
Luella,F,207
Delia,F,203
Sophie,F,203
Lucile,F,201
Tillie,F,195
Irma,F,194
Jean,F,194
Millie,F,193
Norma,F,190
Alberta,F,189
Callie,F,189
Elva,F,181
Rena,F,181
Leila,F,178
Bess,F,177
Cecelia,F,175
Fern,F,172
Lelia,F,171
Bertie,F,169
Marian,F,164
Leah,F,163
Sue,F,163
Erma,F,160
Sally,F,160
Isabel,F,158
Madeline,F,158
Bettie,F,155
Virgie,F,155
Birdie,F,153
Vivian,F,152
Gussie,F,151
Mathilda,F,150
Kathleen,F,149
Adeline,F,148
Roxie,F,148
Lila,F,147
Velma,F,146
Dollie,F,144
Naomi,F,143
Teresa,F,143
Elsa,F,142
Johanna,F,141
Lora,F,140
Louisa,F,140
Rhoda,F,140
Cecilia,F,138
Lou,F,137
Doris,F,134
Juanita,F,133
Nelle,F,133
Geneva,F,131
Jeanette,F,129
Gertie,F,128
Regina,F,128
Christina,F,127
Meta,F,127
Bonnie,F,126
Hulda,F,126
Helena,F,124
Adele,F,123
Cornelia,F,123
Hettie,F,123
Katharine,F,123
Carolyn,F,122
Hester,F,122
Jeannette,F,122
Leola,F,122
Lucinda,F,122
Lenora,F,120
Abbie,F,119
Maudie,F,116
Myra,F,113
Adelaide,F,112
Elma,F,112
Hallie,F,112
Veronica,F,112
Harriett,F,111
Wilhelmina,F,110
Lilly,F,109
Letha,F,107
Opal,F,107
Francis,F,106
Mina,F,105
Linnie,F,104
Madge,F,104
Mittie,F,103
Lettie,F,102
Zella,F,102
Olivia,F,101
Ophelia,F,101
Elnora,F,98
Lessie,F,98
Lily,F,98
Dessie,F,97
Fay,F,97
Faye,F,97
Claudia,F,95
Cleo,F,95
Lorena,F,95
Corinne,F,94
Blanch,F,93
Ila,F,93
Cecile,F,92
Emilie,F,92
Fanny,F,92
Pearlie,F,92
Eugenia,F,91
Margie,F,91
Dovie,F,89
Isabella,F,88
Miriam,F,88
Phoebe,F,88
Alvina,F,87
Annette,F,87
Neva,F,87
Rita,F,87
Claire,F,86
Roberta,F,86
Wilma,F,86
Rosalie,F,84
Linda,F,83
Lura,F,83
Nona,F,83
Anita,F,82
Gracie,F,82
Mabelle,F,82
Minerva,F,82
Elvira,F,81
Angeline,F,80
Cynthia,F,80
Myrtie,F,80
Cassie,F,79
Janet,F,78
Audrey,F,77
Orpha,F,77
Chloe,F,76
Ivy,F,76
Rae,F,76
Antoinette,F,72
Floy,F,72
Frankie,F,72
Lona,F,72
Oma,F,72
Rosetta,F,72
Edythe,F,71
Leota,F,71
Reba,F,71
Cecil,F,70
Evie,F,69
Muriel,F,69
Lee,F,68
Lida,F,68
Johnnie,F,66
Zora,F,66
Dorothea,F,65
Ona,F,65
Polly,F,65
Erna,F,64
Pansy,F,64
Angela,F,63
Georgie,F,62
Nola,F,62
Constance,F,60
Geraldine,F,60
Lina,F,60
Merle,F,60
Vesta,F,60
Alpha,F,59
Bell,F,59
Ernestine,F,59
Artie,F,58
Shirley,F,58
Catharine,F,57
Golda,F,57
Louella,F,57
Clare,F,56
Cordelia,F,56
Eloise,F,56
June,F,56
Leta,F,56
Mandy,F,56
Zelma,F,56
Elisabeth,F,55
Lilla,F,55
Ava,F,54
Helene,F,54
Iola,F,54
John,F,54
Tessie,F,54
Bella,F,53
Isabell,F,53
Malinda,F,53
Rosella,F,53
Vida,F,53
Zula,F,53
Dona,F,52
Maybelle,F,52
Dolly,F,51
Jimmie,F,51
Molly,F,51
Vina,F,51
Willa,F,51
Angelina,F,50
Angie,F,50
Priscilla,F,50
Jewell,F,49
Kittie,F,49
Lenore,F,49
Tena,F,49
Jannie,F,48
Mazie,F,48
Inga,F,47
Leora,F,47
Mona,F,47
Savannah,F,47
Eda,F,46
Lovie,F,46
Lyda,F,46
Pinkie,F,46
Susanna,F,46
Clyde,F,45
Corine,F,45
Dena,F,45
Pearle,F,45
Tennie,F,45
Avis,F,44
Cordie,F,44
Iona,F,44
Rhea,F,44
William,F,44
Donna,F,43
Ione,F,43
Verda,F,43
Joanna,F,42
Ludie,F,42
Marcella,F,42
Vada,F,42
Annabelle,F,41
Antonia,F,41
Carmen,F,41
Ellie,F,41
Ethyl,F,41
Lauretta,F,41
Adah,F,40
Alva,F,40
Connie,F,40
Elise,F,40
George,F,40
Hilma,F,40
Paula,F,40
Sudie,F,40
Una,F,40
Adelia,F,39
Agatha,F,39
Eddie,F,39
Emmie,F,39
Jewel,F,39
Madeleine,F,39
Albina,F,38
Clemmie,F,38
Hortense,F,38
Lennie,F,38
Melvina,F,38
Ray,F,38
Rilla,F,38
Vallie,F,38
Aline,F,37
Beryl,F,37
Donnie,F,37
Lavinia,F,37
Leone,F,37
Lucia,F,37
Mallie,F,37
Odessa,F,37
Tommie,F,37
Vinnie,F,37
Wanda,F,37
Aurelia,F,36
Dixie,F,36
Idella,F,36
Julie,F,36
Magdalene,F,36
Marcia,F,36
Natalie,F,36
Charity,F,35
Eileen,F,35
Ester,F,35
Georgianna,F,35
Tina,F,35
Bridget,F,34
Easter,F,34
Era,F,34
Lue,F,34
Melissa,F,34
Zoe,F,34
Berta,F,33
Harriette,F,33
Lenna,F,33
Margery,F,33
Margret,F,33
Minna,F,33
Octavia,F,33
Thelma,F,33
Almeda,F,32
Altha,F,32
Clarice,F,32
Clementine,F,32
India,F,32
Joan,F,32
Lucretia,F,32
Queen,F,32
Rowena,F,32
Sadye,F,32
Elmira,F,31
Imogene,F,31
Leonora,F,31
Lorraine,F,31
Missouri,F,31
Pattie,F,31
Phyllis,F,31
Sena,F,31
Wilda,F,31
Lavina,F,30
Lelah,F,30
Liza,F,30
Ocie,F,30
Signe,F,30
Althea,F,29
Carol,F,29
Charles,F,29
Elda,F,29
Iris,F,29
Kitty,F,29
Marietta,F,29
Carolina,F,28
Claudie,F,28
Dolores,F,28
Esta,F,28
Eugenie,F,28
Georgiana,F,28
Grayce,F,28
Jeanne,F,28
Kathrine,F,28
Letitia,F,28
Louie,F,28
Mertie,F,28
Nan,F,28
Nita,F,28
Onie,F,28
Philomena,F,28
Belva,F,27
Betsy,F,27
Celeste,F,27
Corrie,F,27
Eleanora,F,27
Ira,F,27
Jenny,F,27
Libbie,F,27
Lucie,F,27
Mathilde,F,27
Meda,F,27
Monica,F,27
Nonie,F,27
Zola,F,27
Adella,F,26
Delphia,F,26
Docia,F,26
Florida,F,26
Glenna,F,26
Hedwig,F,26
Lollie,F,26
Luvenia,F,26
Magdalena,F,26
Ottilie,F,26
Retta,F,26
Rosanna,F,26
Vergie,F,26
Winnifred,F,26
Alida,F,25
Anastasia,F,25
Florrie,F,25
Frank,F,25
Judith,F,25
Luna,F,25
Myrtis,F,25
Peggy,F,25
Queenie,F,25
Theo,F,25
Zona,F,25
Cordia,F,24
Elizebeth,F,24
Enid,F,24
Ferne,F,24
Gretchen,F,24
Henry,F,24
Ima,F,24
Lilian,F,24
Lonie,F,24
Minta,F,24
Petra,F,24
Reta,F,24
Verdie,F,24
Vernie,F,24
Adela,F,23
Camille,F,23
Cathryn,F,23
Emmer,F,23
Icie,F,23
Liddie,F,23
Manda,F,23
Mariah,F,23
Maye,F,23
Sigrid,F,23
Veda,F,23
Alyce,F,22
Annabel,F,22
Bernadette,F,22
Besse,F,22
Bulah,F,22
Christena,F,22
Dell,F,22
Elaine,F,22
Eleanore,F,22
Emelia,F,22
Ettie,F,22
Evangeline,F,22
Francisca,F,22
Helga,F,22
Hope,F,22
James,F,22
Katheryn,F,22
Leslie,F,22
Loraine,F,22
Louvenia,F,22
Madie,F,22
Mettie,F,22
Phebe,F,22
Robbie,F,22
Theodora,F,22
Tressa,F,22
Adaline,F,21
Ara,F,21
Bennie,F,21
Camilla,F,21
Corrine,F,21
Donie,F,21
Elenora,F,21
Faith,F,21
Freida,F,21
Gail,F,21
Gena,F,21
Golden,F,21
Hanna,F,21
Leatha,F,21
Mahala,F,21
Malissa,F,21
Margarita,F,21
Osa,F,21
Patricia,F,21
Ursula,F,21
Valeria,F,21
Vena,F,21
Albertine,F,20
Alda,F,20
Annetta,F,20
Arie,F,20
Audra,F,20
Berenice,F,20
Cathrine,F,20
Delilah,F,20
Diana,F,20
Elvina,F,20
Emilia,F,20
Freddie,F,20
Hildur,F,20
Janette,F,20
Leda,F,20
Melinda,F,20
Mellie,F,20
Melva,F,20
Metta,F,20
Myrl,F,20
Neta,F,20
Nova,F,20
Patsy,F,20
Samantha,F,20
Serena,F,20
Thora,F,20
Tressie,F,20
Winona,F,20
Arlene,F,19
Beaulah,F,19
Charlie,F,19
Edyth,F,19
Elta,F,19
Eulalia,F,19
Evalyn,F,19
Georgina,F,19
Hassie,F,19
Jettie,F,19
Josefa,F,19
Oda,F,19
Ottie,F,19
Rachael,F,19
Ramona,F,19
Rosina,F,19
Selina,F,19
Viva,F,19
Yvonne,F,19
Aileen,F,18
Arline,F,18
Beth,F,18
Birtie,F,18
Christie,F,18
Clarissa,F,18
Clora,F,18
Estell,F,18
Eve,F,18
Exie,F,18
Flo,F,18
Gay,F,18
Gwendolyn,F,18
Ivah,F,18
Leanna,F,18
Lutie,F,18
Maybell,F,18
Nella,F,18
Sybil,F,18
Tempie,F,18
Zetta,F,18
Antonette,F,17
Berniece,F,17
Coral,F,17
Elisa,F,17
Erie,F,17
Eura,F,17
Hertha,F,17
Isa,F,17
Kattie,F,17
Kizzie,F,17
Marvel,F,17
Mercedes,F,17
Monnie,F,17
Novella,F,17
Robert,F,17
Rubye,F,17
Sibyl,F,17
Sidney,F,17
Sophronia,F,17
Veva,F,17
Almira,F,16
America,F,16
Andrea,F,16
Annis,F,16
Arizona,F,16
Arlie,F,16
Arrie,F,16
Aurora,F,16
Deborah,F,16
Delphine,F,16
Doshie,F,16
Dottie,F,16
Elvie,F,16
Emeline,F,16
Garnet,F,16
Goldia,F,16
Hildred,F,16
Huldah,F,16
Jennette,F,16
Johnie,F,16
Jossie,F,16
Joy,F,16
Leontine,F,16
Lorene,F,16
Magdalen,F,16
Malvina,F,16
Mossie,F,16
Prudence,F,16
Ressie,F,16
Rosemary,F,16
Sabina,F,16
Sula,F,16
Thomas,F,16
Tilda,F,16
Verona,F,16
Zena,F,16
Aimee,F,15
Augustine,F,15
Billie,F,15
Clifford,F,15
Dove,F,15
Dulcie,F,15
Ebba,F,15
Elena,F,15
Eleonora,F,15
Elinor,F,15
Ethelyn,F,15
Eulah,F,15
Fairy,F,15
Gene,F,15
Genie,F,15
Greta,F,15
Guadalupe,F,15
Hazle,F,15
Hermina,F,15
Kathryne,F,15
Lera,F,15
Lotta,F,15
Manuela,F,15
Martina,F,15
Matie,F,15
Mintie,F,15
Rella,F,15
Rosalia,F,15
Sofia,F,15
Theodosia,F,15
Vella,F,15
Velva,F,15
Zada,F,15
Zelda,F,15
Adda,F,14
Adelina,F,14
Adline,F,14
Anner,F,14
Arvilla,F,14
Audie,F,14
Carmela,F,14
Celestine,F,14
Dagmar,F,14
Earl,F,14
Eldora,F,14
Ernest,F,14
Etha,F,14
Euna,F,14
Fronia,F,14
Hellen,F,14
Jesse,F,14
Jessica,F,14
Joyce,F,14
Juana,F,14
Lea,F,14
Leo,F,14
Leonore,F,14
Letty,F,14
Magnolia,F,14
Mammie,F,14
Marjory,F,14
Mignon,F,14
Nanie,F,14
Nevada,F,14
Odelia,F,14
Rosia,F,14
Verne,F,14
Vira,F,14
Albert,F,13
Aletha,F,13
Alverta,F,13
Arlena,F,13
Bethel,F,13
Bobbie,F,13
Effa,F,13
Elna,F,13
Eola,F,13
Eulalie,F,13
Fred,F,13
Fronie,F,13
Henriette,F,13
Hermine,F,13
Hessie,F,13
Idell,F,13
Jo,F,13
Joseph,F,13
Justine,F,13
Lassie,F,13
Loretto,F,13
Loula,F,13
Nena,F,13
Odie,F,13
Ottilia,F,13
Parthenia,F,13
Rossie,F,13
Theresia,F,13
Vassie,F,13
Zelpha,F,13
Zenobia,F,13
Adell,F,12
Amie,F,12
Ardelia,F,12
Corene,F,12
Daphne,F,12
Dicie,F,12
Drucilla,F,12
Edmonia,F,12
Enola,F,12
Evia,F,12
Filomena,F,12
Florine,F,12
Frona,F,12
Hildegarde,F,12
Icy,F,12
Izetta,F,12
Jeffie,F,12
Jonnie,F,12
Lacy,F,12
Laverne,F,12
Lexie,F,12
Lonnie,F,12
Lorna,F,12
Luberta,F,12
Luisa,F,12
Mabell,F,12
Macie,F,12
Maymie,F,12
Missie,F,12
Myrta,F,12
Olevia,F,12
Orah,F,12
Ossie,F,12
Paulina,F,12
Pennie,F,12
Philomene,F,12
Rettie,F,12
Reva,F,12
Roseanna,F,12
Ruthie,F,12
Signa,F,12
Sina,F,12
Thea,F,12
Therese,F,12
Tishie,F,12
Wilhelmine,F,12
Willia,F,12
Abigail,F,11
Alicia,F,11
Amalia,F,11
Atha,F,11
Aurore,F,11
Crystal,F,11
Dellar,F,11
Dellie,F,11
Delpha,F,11
Dorcas,F,11
Dortha,F,11
Doshia,F,11
Edwina,F,11
Electa,F,11
Elmer,F,11
Elmina,F,11
Else,F,11
Evelina,F,11
Eveline,F,11
Freeda,F,11
Garnett,F,11
Gina,F,11
Glenn,F,11
Gusta,F,11
Harry,F,11
Izora,F,11
Jeanie,F,11
Joe,F,11
Juliet,F,11
Juliette,F,11
Lala,F,11
Lana,F,11
Laurel,F,11
Leonie,F,11
Lilah,F,11
Lockie,F,11
Mame,F,11
Mozelle,F,11
Nealie,F,11
Nelia,F,11
Norah,F,11
Sarrah,F,11
Selena,F,11
Tinnie,F,11
Valerie,F,11
Versa,F,11
Vertie,F,11
Zettie,F,11
Zina,F,11
Zita,F,11
Alfreda,F,10
Alvena,F,10
Alverda,F,10
Amber,F,10
Ammie,F,10
Angelita,F,10
Beda,F,10
Bernadine,F,10
Carl,F,10
Carlota,F,10
Celina,F,10
Cherry,F,10
Cinda,F,10
Claude,F,10
Concepcion,F,10
Delila,F,10
Dot,F,10
Elfrieda,F,10
Eloisa,F,10
Emmaline,F,10
Etter,F,10
Evalena,F,10
Glennie,F,10
Honora,F,10
Ilah,F,10
Jamie,F,10
Karen,F,10
Lavada,F,10
Lella,F,10
Lesta,F,10
Lester,F,10
Letta,F,10
Libby,F,10
Lilie,F,10
Love,F,10
Lular,F,10
Maurine,F,10
Maxie,F,10
Millicent,F,10
Mima,F,10
Miranda,F,10
Norine,F,10
Odell,F,10
Oline,F,10
Omie,F,10
Oral,F,10
Osie,F,10
Otie,F,10
Ova,F,10
Parlee,F,10
Pluma,F,10
Roxy,F,10
Rubie,F,10
Vernice,F,10
Vessie,F,10
Virgil,F,10
Walter,F,10
Yetta,F,10
Zilpha,F,10
Adelle,F,9
Allene,F,9
Arletta,F,9
Arthur,F,9
Astrid,F,9
Cammie,F,9
Charlottie,F,9
Clella,F,9
Dallas,F,9
Dee,F,9
Delta,F,9
Dema,F,9
Dessa,F,9
Dillie,F,9
Edward,F,9
Elba,F,9
Elenor,F,9
Ermine,F,9
Fae,F,9
Felicia,F,9
Florene,F,9
Francisquita,F,9
Frederica,F,9
Girtie,F,9
Gretta,F,9
Gustava,F,9
Ilma,F,9
Ines,F,9
Irena,F,9
Jennett,F,9
Jodie,F,9
Josiephine,F,9
Juliana,F,9
Junie,F,9
Katherina,F,9
Launa,F,9
Lissie,F,9
Loma,F,9
Lovina,F,9
Lyla,F,9
Madaline,F,9
Maida,F,9
Malissie,F,9
Manie,F,9
Margaretta,F,9
Marybelle,F,9
Media,F,9
Minda,F,9
Myrle,F,9
Nadine,F,9
Necie,F,9
Nonnie,F,9
Orlena,F,9
Ouida,F,9
Pairlee,F,9
Pearley,F,9
Permelia,F,9
Prudie,F,9
Retha,F,9
Roma,F,9
Ruie,F,9
Stephanie,F,9
Thresa,F,9
Trudie,F,9
Vashti,F,9
Verlie,F,9
Violetta,F,9
Zoa,F,9
Agness,F,8
Aida,F,8
Alexina,F,8
Anabel,F,8
Anice,F,8
Ardella,F,8
Attie,F,8
Berdie,F,8
Bina,F,8
Bula,F,8
Buna,F,8
Byrdie,F,8
Carlotta,F,8
Carmelita,F,8
Carra,F,8
Carry,F,8
Claudine,F,8
Corean,F,8
Daisey,F,8
Dale,F,8
Dana,F,8
Debbie,F,8
Eathel,F,8
Elida,F,8
Elodie,F,8
Emelie,F,8
Ena,F,8
Eular,F,8
Euphemia,F,8
Evaline,F,8
Exa,F,8
Exilda,F,8
Fleeta,F,8
Florance,F,8
Floss,F,8
Fredericka,F,8
Gennie,F,8
Gillie,F,8
Gloria,F,8
Hazelle,F,8
Hetty,F,8
Jim,F,8
Joella,F,8
Johannah,F,8
Katy,F,8
Laurie,F,8
Lavenia,F,8
Lelar,F,8
Leonia,F,8
Louetta,F,8
Louis,F,8
Lurline,F,8
Maisie,F,8
Mannie,F,8
Marcelina,F,8
Margarite,F,8
Margretta,F,8
Marianne,F,8
Marry,F,8
Mata,F,8
Maxine,F,8
Melanie,F,8
Metha,F,8
Mozella,F,8
Naoma,F,8
Neoma,F,8
Netta,F,8
Nila,F,8
Nolia,F,8
Olinda,F,8
Rebekah,F,8
Refugio,F,8
Reka,F,8
Roena,F,8
Sammie,F,8
Susanne,F,8
Sussie,F,8
Tessa,F,8
Tula,F,8
Ura,F,8
Venia,F,8
Verta,F,8
Victorine,F,8
Violette,F,8
Zana,F,8
Zillah,F,8
Aggie,F,7
Alla,F,7
Alline,F,7
Ana,F,7
Annice,F,7
Apolonia,F,7
Arra,F,7
Avie,F,7
Bama,F,7
Beckie,F,7
Bernardine,F,7
Biddie,F,7
Blossom,F,7
Caldonia,F,7
Cara,F,7
Carmel,F,7
Celie,F,7
Cherrie,F,7
Classie,F,7
Clemie,F,7
Cleva,F,7
Cliffie,F,7
Creola,F,7
Crissie,F,7
Davie,F,7
Dawn,F,7
Delores,F,7
Dina,F,7
Dinah,F,7
Dola,F,7
Dura,F,7
Ebbie,F,7
Elouise,F,7
Ether,F,7
Etna,F,7
Eugene,F,7
Evah,F,7
Evalina,F,7
Fannye,F,7
Fidelia,F,7
Fleda,F,7
Florinda,F,7
Gertha,F,7
Idabelle,F,7
Ivory,F,7
Iza,F,7
Jule,F,7
Katharina,F,7
Kay,F,7
Lady,F,7
Lalla,F,7
Lallie,F,7
Leana,F,7
Lemma,F,7
Leon,F,7
Leonard,F,7
Liller,F,7
Lillia,F,7
Mahalie,F,7
Margarete,F,7
Margarette,F,7
Margart,F,7
Mattye,F,7
Mena,F,7
Mercy,F,7
Mila,F,7
Minnette,F,7
Monte,F,7
Mora,F,7
Nana,F,7
Nancie,F,7
Oleta,F,7
Olie,F,7
Olla,F,7
Otis,F,7
Ozella,F,7
Pernie,F,7
Pheobe,F,7
Richard,F,7
Rissie,F,7
Rosey,F,7
Rosy,F,7
Sada,F,7
Salome,F,7
Savilla,F,7
Seraphine,F,7
Siller,F,7
Sister,F,7
Stacy,F,7
Suzanna,F,7
Suzanne,F,7
Sweetie,F,7
Talitha,F,7
Tekla,F,7
Terry,F,7
Tiny,F,7
Tracy,F,7
Treva,F,7
Venie,F,7
Vernon,F,7
Veta,F,7
Villa,F,7
Vinie,F,7
Virgia,F,7
Will,F,7
Zela,F,7
Zelia,F,7
Abby,F,6
Achsah,F,6
Ader,F,6
Albertha,F,6
Albertina,F,6
Alcie,F,6
Almyra,F,6
Amey,F,6
Arabella,F,6
Archie,F,6
Ardell,F,6
Arminta,F,6
Aura,F,6
Aurilla,F,6
Bamma,F,6
Benita,F,6
Bernetta,F,6
Bernie,F,6
Bettye,F,6
Beula,F,6
Bird,F,6
Bitha,F,6
Buena,F,6
Calla,F,6
Carey,F,6
Carla,F,6
Cecille,F,6
Celesta,F,6
Cena,F,6
Charlene,F,6
Chlora,F,6
Christiana,F,6
Claribel,F,6
Coletta,F,6
Corinna,F,6
Cornie,F,6
Courtney,F,6
Cruz,F,6
Dallie,F,6
Deane,F,6
Delma,F,6
Donia,F,6
Doretta,F,6
Dorinda,F,6
Dosha,F,6
Earlie,F,6
Elenore,F,6
Eleonore,F,6
Elfa,F,6
Elfreda,F,6
Elia,F,6
Eller,F,6
Emaline,F,6
Epifania,F,6
Estie,F,6
Ethie,F,6
Eudora,F,6
Evvie,F,6
Ferol,F,6
Flavia,F,6
Fleta,F,6
Flonnie,F,6
Florie,F,6
Floyd,F,6
Genia,F,6
Genoveva,F,6
Gerda,F,6
Glen,F,6
Gregoria,F,6
Gunhild,F,6
Herlinda,F,6
Hermie,F,6
Hildegard,F,6
Hildreth,F,6
Ingeborg,F,6
Inger,F,6
Isadora,F,6
Isla,F,6
Ivey,F,6
Ivie,F,6
Jeannetta,F,6
Jencie,F,6
Jocie,F,6
Johnetta,F,6
Judy,F,6
Justina,F,6
Lanie,F,6
Lavena,F,6
Lavonia,F,6
Leafy,F,6
Leonor,F,6
Lewis,F,6
Linna,F,6
Lorinda,F,6
Lossie,F,6
Lota,F,6
Louanna,F,6
Luda,F,6
Luetta,F,6
Lulie,F,6
Lummie,F,6
Lupe,F,6
Lynda,F,6
Madalene,F,6
Madelyn,F,6
Malissia,F,6
Mara,F,6
Maranda,F,6
Margaretha,F,6
Margarett,F,6
Marge,F,6
Margrett,F,6
Margueritte,F,6
Mariam,F,6
Marianna,F,6
Marilla,F,6
Marquerite,F,6
Maryann,F,6
Maryellen,F,6
Matilde,F,6
Maybel,F,6
Melina,F,6
Meryl,F,6
Milla,F,6
Milly,F,6
Monie,F,6
Nada,F,6
Natalia,F,6
Okie,F,6
Oliva,F,6
Oneida,F,6
Orelia,F,6
Orla,F,6
Ota,F,6
Patience,F,6
Peggie,F,6
Penny,F,6
Perlie,F,6
Phillis,F,6
Pollie,F,6
Quincy,F,6
Rene,F,6
Rennie,F,6
Rosalee,F,6
Rosalind,F,6
Rosamond,F,6
Roxana,F,6
Roxanna,F,6
Sabra,F,6
Sedonia,F,6
Shelley,F,6
Sybilla,F,6
Sydney,F,6
Sylvester,F,6
Tabitha,F,6
Tennessee,F,6
Texie,F,6
Theressa,F,6
Thressa,F,6
Tomasa,F,6
Tonie,F,6
Trinidad,F,6
Valentine,F,6
Veola,F,6
Viney,F,6
Vonnie,F,6
Wealthy,F,6
Zadie,F,6
Zeffie,F,6
Zelle,F,6
Zilla,F,6
Zylpha,F,6
Adelaida,F,5
Adrienne,F,5
Albena,F,5
Alene,F,5
Aleta,F,5
Alethea,F,5
Aletta,F,5
Alina,F,5
Allean,F,5
Almedia,F,5
Almina,F,5
Altie,F,5
Alvie,F,5
Alyse,F,5
Angelica,F,5
Angelle,F,5
Annabell,F,5
Antha,F,5
Appie,F,5
Ardie,F,5
Ariel,F,5
Arlean,F,5
Arminda,F,5
Arvella,F,5
Auguste,F,5
Augustina,F,5
Azile,F,5
Azzie,F,5
Bea,F,5
Beatrix,F,5
Becky,F,5
Bera,F,5
Bert,F,5
Birdella,F,5
Blanchie,F,5
Bonita,F,5
Brownie,F,5
Carlie,F,5
Celestina,F,5
Chanie,F,5
Clair,F,5
Clarence,F,5
Clarita,F,5
Clemence,F,5
Cleopatra,F,5
Cloe,F,5
Clyda,F,5
Clydie,F,5
Colette,F,5
Concetta,F,5
Coralie,F,5
Daisie,F,5
David,F,5
Delsie,F,5
Dennie,F,5
Dezzie,F,5
Dicey,F,5
Dorotha,F,5
Dorris,F,5
Doxie,F,5
Echo,F,5
Ed,F,5
Editha,F,5
Edla,F,5
Ela,F,5
Elberta,F,5
Elfie,F,5
Elgie,F,5
Ellar,F,5
Ellis,F,5
Elmire,F,5
Elvera,F,5
Elzora,F,5
Emmy,F,5
Emogene,F,5
Enna,F,5
Epsie,F,5
Ervie,F,5
Esma,F,5
Ethna,F,5
Ethyle,F,5
Fabiola,F,5
Felicie,F,5
Floretta,F,5
Forest,F,5
Francies,F,5
Fredonia,F,5
Frida,F,5
Genevive,F,5
Georgetta,F,5
Girtrude,F,5
Gola,F,5
Grover,F,5
Gunda,F,5
Gwen,F,5
Hasel,F,5
Hatty,F,5
Helma,F,5
Henritta,F,5
Hila,F,5
Honor,F,5
Imo,F,5
Jemima,F,5
Jose,F,5
Josefina,F,5
Josefita,F,5
Katherin,F,5
Lara,F,5
Laurena,F,5
Lemmie,F,5
Leoma,F,5
Lethia,F,5
Leva,F,5
Levina,F,5
Lilia,F,5
Lillias,F,5
Limmie,F,5
Litha,F,5
Lizzy,F,5
Loda,F,5
Loney,F,5
Lorenza,F,5
Louisiana,F,5
Luz,F,5
Lyle,F,5
Mada,F,5
Maebelle,F,5
Magdelena,F,5
Magie,F,5
Mahalia,F,5
Malisa,F,5
Marea,F,5
Margherita,F,5
Marguerita,F,5
Mark,F,5
Milda,F,5
Miley,F,5
Minie,F,5
Mirtie,F,5
Modesta,F,5
Murriel,F,5
Myrna,F,5
Myrtice,F,5
Nanette,F,5
Nanny,F,5
Narcissa,F,5
Narcissus,F,5
Nathalie,F,5
Neda,F,5
Nelly,F,5
Nicie,F,5
Nobie,F,5
Noma,F,5
Noreen,F,5
Octavie,F,5
Odile,F,5
Olivette,F,5
Opha,F,5
Orma,F,5
Orra,F,5
Orrie,F,5
Orva,F,5
Oscar,F,5
Otto,F,5
Ovella,F,5
Ozie,F,5
Pallie,F,5
Parthena,F,5
Paul,F,5
Pearly,F,5
Perle,F,5
Perlina,F,5
Persis,F,5
Pinkey,F,5
Pinky,F,5
Radie,F,5
Rafaela,F,5
Rea,F,5
Recie,F,5
Robina,F,5
Roy,F,5
Rozella,F,5
Rufina,F,5
Russell,F,5
Salina,F,5
Sevilla,F,5
Shellie,F,5
Sidonia,F,5
Silva,F,5
Stasia,F,5
Svea,F,5
Sylva,F,5
Sylvania,F,5
Tassie,F,5
Teresita,F,5
Theckla,F,5
Theda,F,5
Timotea,F,5
Tobitha,F,5
Valborg,F,5
Vennie,F,5
Venus,F,5
Vernal,F,5
Vernia,F,5
Vicie,F,5
Vincenza,F,5
Virda,F,5
Virdie,F,5
Vista,F,5
Vivien,F,5
Vola,F,5
Wava,F,5
John,M,9039
William,M,7782
James,M,5398
George,M,4760
Charles,M,4319
Frank,M,3150
Joseph,M,3064
Robert,M,2710
Harry,M,2460
Henry,M,2452
Edward,M,2416
Thomas,M,2413
Walter,M,2229
Arthur,M,1768
Fred,M,1628
Albert,M,1500
Clarence,M,1276
Roy,M,1048
Willie,M,948
Samuel,M,902
Earl,M,888
Louis,M,865
Joe,M,819
David,M,813
Carl,M,808
Ernest,M,805
Richard,M,802
Charlie,M,761
Paul,M,747
Ralph,M,725
Raymond,M,681
Andrew,M,637
Oscar,M,634
Will,M,607
Jesse,M,602
Elmer,M,592
Harold,M,583
Sam,M,551
Howard,M,548
Alfred,M,542
Daniel,M,533
Benjamin,M,525
Herbert,M,513
Lawrence,M,468
Peter,M,465
Lee,M,460
Grover,M,454
Frederick,M,453
Leo,M,444
Francis,M,429
Herman,M,421
Floyd,M,420
Eugene,M,414
Jack,M,401
Lewis,M,399
Clyde,M,390
Ray,M,385
Tom,M,381
Michael,M,380
Ben,M,361
Martin,M,359
Claude,M,353
Edwin,M,338
Jim,M,334
Guy,M,315
Ed,M,306
Edgar,M,303
Homer,M,301
Harvey,M,298
Luther,M,295
Leonard,M,294
Chester,M,285
Jacob,M,283
Otto,M,275
Russell,M,269
Lloyd,M,268
Hugh,M,265
Anthony,M,255
Jessie,M,251
Clifford,M,240
Lester,M,240
Philip,M,239
Theodore,M,239
Oliver,M,238
Bernard,M,237
Patrick,M,234
Leroy,M,233
Ira,M,231
Allen,M,224
Eddie,M,218
Archie,M,214
Charley,M,210
Leslie,M,207
Isaac,M,203
Alexander,M,202
Bert,M,200
Victor,M,200
Norman,M,191
Julius,M,190
Horace,M,187
Leon,M,187
August,M,181
Stanley,M,181
Stephen,M,178
Everett,M,176
Sidney,M,174
Milton,M,173
Marion,M,166
Alvin,M,164
Alex,M,163
Harrison,M,158
Emil,M,157
Warren,M,157
Dan,M,156
Cecil,M,151
Earnest,M,149
Percy,M,149
Nathan,M,144
Willis,M,143
Wesley,M,142
Glenn,M,139
Dave,M,138
Donald,M,137
Maurice,M,137
Rufus,M,137
Morris,M,136
Mack,M,135
Matthew,M,132
Virgil,M,130
Otis,M,126
Calvin,M,124
Willard,M,121
Gilbert,M,120
Lonnie,M,120
Wallace,M,119
Amos,M,117
Emmett,M,117
Gus,M,117
Jerry,M,117
Jake,M,116
Wilbur,M,116
Adolph,M,115
Ollie,M,115
Melvin,M,114
Jay,M,111
Perry,M,110
Franklin,M,109
Jess,M,108
Vernon,M,108
Johnnie,M,107
Adam,M,106
Glen,M,106
Jose,M,106
Alonzo,M,104
Phillip,M,104
Cornelius,M,103
Kenneth,M,102
Owen,M,102
Christopher,M,100
Abraham,M,99
Nelson,M,98
Sylvester,M,98
Felix,M,96
Manuel,M,96
Roscoe,M,96
Aaron,M,95
Max,M,95
Nicholas,M,95
Rudolph,M,95
Edmund,M,93
Elbert,M,93
Marshall,M,93
Vincent,M,93
Harley,M,91
Bennie,M,90
Ross,M,90
Ellis,M,89
Reuben,M,89
Silas,M,89
Marvin,M,88
Hubert,M,86
Mark,M,86
Moses,M,86
Elijah,M,85
Irvin,M,85
Clinton,M,84
Orville,M,84
Curtis,M,83
Gordon,M,83
Cleveland,M,82
Dennis,M,82
Arnold,M,80
Roland,M,80
Simon,M,80
Noah,M,79
Claud,M,78
Nathaniel,M,78
Levi,M,77
Mike,M,76
Sherman,M,76
Bill,M,75
Alva,M,74
Pete,M,74
Andy,M,73
Anton,M,71
Austin,M,71
Timothy,M,71
Barney,M,70
Jasper,M,70
Byron,M,69
Fredrick,M,69
Wiley,M,69
Clifton,M,68
Don,M,68
Mose,M,68
Steve,M,68
Dock,M,65
Edd,M,65
Grant,M,64
Hiram,M,64
Gerald,M,62
Jeff,M,62
Bob,M,61
Clark,M,61
Emanuel,M,61
Bruce,M,60
Eli,M,60
Clayton,M,59
Irving,M,59
Johnie,M,59
Karl,M,59
Millard,M,59
Asa,M,58
Monroe,M,58
Douglas,M,57
Gustave,M,57
Leland,M,57
Wilson,M,56
Juan,M,55
Mathew,M,55
Roger,M,55
Ivan,M,54
Wade,M,54
Abe,M,53
Ora,M,53
Ervin,M,52
Forrest,M,52
Julian,M,52
Earle,M,51
Ike,M,51
Mary,M,50
Ward,M,50
Chris,M,49
Forest,M,49
Preston,M,49
Scott,M,49
Augustus,M,48
Carroll,M,48
Emery,M,48
Louie,M,48
Columbus,M,47
Cyrus,M,47
Miles,M,47
Tony,M,47
Newton,M,46
Fletcher,M,45
Jerome,M,45
Laurence,M,45
Wilfred,M,45
Anderson,M,44
Ezra,M,44
Marcus,M,44
Ruben,M,44
Conrad,M,43
Dee,M,43
Delbert,M,43
Solomon,M,43
Wilbert,M,43
Christian,M,42
Dewitt,M,42
Lon,M,42
Luke,M,42
Royal,M,42
Foster,M,41
Joshua,M,41
Loyd,M,41
Major,M,41
Vern,M,41
Edmond,M,40
Elwood,M,40
Jefferson,M,40
Bud,M,39
Clem,M,39
Joel,M,39
Lynn,M,39
Pearl,M,39
Riley,M,39
Chauncey,M,38
Elias,M,38
Emory,M,38
Jimmie,M,38
Merle,M,38
Archibald,M,37
Boyd,M,37
Grady,M,37
Hugo,M,37
Isiah,M,37
Nick,M,37
Mitchell,M,36
Neil,M,36
Randolph,M,36
Aubrey,M,35
Cleve,M,35
Milo,M,35
Neal,M,35
Porter,M,35
Van,M,35
Wayne,M,35
Lucius,M,34
Allan,M,33
Ferdinand,M,33
General,M,33
Jeremiah,M,33
Johnny,M,33
Lemuel,M,33
Myron,M,33
Olin,M,33
Spencer,M,33
Alton,M,32
Arch,M,32
Burton,M,32
Erwin,M,32
Jackson,M,32
Walker,M,32
Ambrose,M,31
Antonio,M,31
Benjiman,M,31
Cyril,M,31
Gust,M,31
Orval,M,31
Clement,M,30
Dallas,M,30
Granville,M,30
Malcolm,M,30
Matt,M,30
Noble,M,30
Winfield,M,30
Allie,M,29
Elliott,M,29
Junius,M,29
Loren,M,29
Lorenzo,M,29
Lyle,M,29
Seth,M,29
Taylor,M,29
Troy,M,29
Abner,M,28
Clair,M,28
Dwight,M,28
Elisha,M,28
Ellsworth,M,28
Emile,M,28
Green,M,28
Hans,M,28
Harris,M,28
Lyman,M,28
Pedro,M,28
Rex,M,28
Stewart,M,28
Wilmer,M,28
Dudley,M,27
Enoch,M,27
Morton,M,27
Ulysses,M,27
Aloysius,M,26
Chas,M,26
Garfield,M,26
King,M,26
Sanford,M,26
Abram,M,25
Gustav,M,25
Ned,M,25
Sandy,M,25
Berry,M,24
Carlos,M,24
Dick,M,24
Elvin,M,24
Isaiah,M,24
Jonas,M,24
Murray,M,24
Pat,M,24
Reginald,M,24
Warner,M,24
Clay,M,23
Corbett,M,23
Dean,M,23
Fritz,M,23
Gene,M,23
Herschel,M,23
Irwin,M,23
Lem,M,23
Omer,M,23
Sterling,M,23
Al,M,22
Alphonse,M,22
Basil,M,22
Dale,M,22
Josh,M,22
Lawson,M,22
Napoleon,M,22
Otho,M,22
Pierce,M,22
Smith,M,22
Waldo,M,22
Carlton,M,21
Coleman,M,21
Henderson,M,21
Morgan,M,21
Steven,M,21
Tommie,M,21
Wendell,M,21
Alford,M,20
Anna,M,20
Arther,M,20
Casper,M,20
Christ,M,20
Davis,M,20
Evan,M,20
Fay,M,20
Hardy,M,20
Israel,M,20
Johnson,M,20
Judge,M,20
Judson,M,20
Jules,M,20
Madison,M,20
Mason,M,20
Perley,M,20
Phil,M,20
Raleigh,M,20
Russel,M,20
Sol,M,20
Thurman,M,20
Verne,M,20
Adolphus,M,19
Carey,M,19
Cloyd,M,19
Duncan,M,19
Emerson,M,19
Emmet,M,19
Freeman,M,19
Jean,M,19
Larry,M,19
Merton,M,19
Nels,M,19
Prince,M,19
Shelby,M,19
Adrian,M,18
Arlie,M,18
Avery,M,18
Bertram,M,18
Blaine,M,18
Bryant,M,18
Carter,M,18
Elton,M,18
Eric,M,18
Ezekiel,M,18
Garland,M,18
Ivy,M,18
Kelly,M,18
Lacy,M,18
Lafayette,M,18
Milford,M,18
Oral,M,18
Rollie,M,18
Valentine,M,18
Vance,M,18
Walton,M,18
Wilber,M,18
Adlai,M,17
Alan,M,17
Buck,M,17
Elza,M,17
Ethel,M,17
Francisco,M,17
Garrett,M,17
Hal,M,17
Isadore,M,17
Lincoln,M,17
Lucian,M,17
Merritt,M,17
Minor,M,17
Ronald,M,17
Stuart,M,17
Washington,M,17
Wm,M,17
Burl,M,16
Cleo,M,16
Doc,M,16
Early,M,16
Elzie,M,16
Emmitt,M,16
Florence,M,16
Hamp,M,16
Harmon,M,16
Jason,M,16
Leander,M,16
Lige,M,16
Miguel,M,16
Murphy,M,16
Nat,M,16
Noel,M,16
Ole,M,16
Omar,M,16
Oren,M,16
Rodney,M,16
Rose,M,16
Rupert,M,16
Sim,M,16
Tommy,M,16
Truman,M,16
Wash,M,16
Watson,M,16
Williams,M,16
Artie,M,15
Barton,M,15
Bertie,M,15
Beverly,M,15
Evans,M,15
Gary,M,15
Hector,M,15
Hoyt,M,15
Josiah,M,15
Lonzo,M,15
Orlando,M,15
Reed,M,15
Rolland,M,15
Shirley,M,15
Sydney,M,15
Ted,M,15
Tomas,M,15
Tracy,M,15
Turner,M,15
Vernie,M,15
Wilford,M,15
Zack,M,15
Alberto,M,14
Albin,M,14
Angus,M,14
Bruno,M,14
Buford,M,14
Burt,M,14
Cicero,M,14
Clarance,M,14
Elmo,M,14
Elmore,M,14
Enos,M,14
Geo,M,14
Haywood,M,14
Hollis,M,14
Houston,M,14
Levy,M,14
Logan,M,14
Melville,M,14
Norris,M,14
Orin,M,14
Pink,M,14
Ransom,M,14
Rolla,M,14
Roswell,M,14
Unknown,M,14
Angelo,M,13
Axel,M,13
Bernie,M,13
Butler,M,13
Cliff,M,13
Clint,M,13
Crawford,M,13
Dell,M,13
Everette,M,13
Evert,M,13
Grace,M,13
Graham,M,13
Heber,M,13
Hezekiah,M,13
Isom,M,13
Issac,M,13
Jonathan,M,13
Otha,M,13
Pierre,M,13
Raphael,M,13
Sid,M,13
Simeon,M,13
Travis,M,13
Willam,M,13
Wright,M,13
Addison,M,12
Alma,M,12
Alois,M,12
Antone,M,12
Ashley,M,12
Bart,M,12
Benjaman,M,12
Bertha,M,12
Bessie,M,12
Bonnie,M,12
Burley,M,12
Carson,M,12
Clara,M,12
Dillard,M,12
Doctor,M,12
Eldridge,M,12
Emma,M,12
Felipe,M,12
Ford,M,12
Guss,M,12
Harlan,M,12
Harve,M,12
Hazel,M,12
Hollie,M,12
Jordan,M,12
Kirk,M,12
Lonie,M,12
Ludwig,M,12
Mannie,M,12
Margaret,M,12
Maynard,M,12
Ocie,M,12
Octave,M,12
Olaf,M,12
Ramon,M,12
Ruth,M,12
Sammie,M,12
Spurgeon,M,12
Terry,M,12
Tim,M,12
Verner,M,12
Vivian,M,12
Webster,M,12
West,M,12
Alonza,M,11
Alvah,M,11
Aron,M,11
Bishop,M,11
Brown,M,11
Caleb,M,11
Carleton,M,11
Cary,M,11
Connie,M,11
Coy,M,11
Damon,M,11
Dominick,M,11
Edna,M,11
Ennis,M,11
Gail,M,11
Helmer,M,11
Hosea,M,11
Hunter,M,11
Irl,M,11
Jesus,M,11
Joesph,M,11
Junior,M,11
Lew,M,11
Lindsey,M,11
Lowell,M,11
Loyal,M,11
Lum,M,11
Mckinley,M,11
Merrill,M,11
Micheal,M,11
Mitchel,M,11
Norbert,M,11
Orrin,M,11
Oswald,M,11
Paris,M,11
Reese,M,11
Romeo,M,11
Rubin,M,11
Saul,M,11
Sebastian,M,11
Seymour,M,11
Sullivan,M,11
Thaddeus,M,11
Thornton,M,11
Tillman,M,11
Wilburn,M,11
Wyatt,M,11
Alf,M,10
Alfonso,M,10
Alpha,M,10
Bailey,M,10
Billy,M,10
Bryan,M,10
Cal,M,10
Clare,M,10
Colonel,M,10
Dana,M,10
Denis,M,10
Dominic,M,10
Dorsey,M,10
Doss,M,10
Edmon,M,10
Edson,M,10
Elliot,M,10
Frances,M,10
Frederic,M,10
Gabriel,M,10
Hampton,M,10
Handy,M,10
Hermon,M,10
Hillard,M,10
Hilliard,M,10
Ida,M,10
Irven,M,10
Jewel,M,10
Jewell,M,10
Jodie,M,10
June,M,10
Kirby,M,10
Lamar,M,10
Lemon,M,10
Leopold,M,10
Lillian,M,10
Lucas,M,10
Lucien,M,10
Lucious,M,10
Luis,M,10
Mahlon,M,10
Mathias,M,10
Mattie,M,10
Maxwell,M,10
May,M,10
Mervin,M,10
Miller,M,10
Nolan,M,10
Odie,M,10
Oran,M,10
Ottis,M,10
Pablo,M,10
Palmer,M,10
Parker,M,10
Pleas,M,10
Price,M,10
Selmer,M,10
Tobe,M,10
Tomie,M,10
Weldon,M,10
Alden,M,9
Alphonso,M,9
Alphonsus,M,9
Alvis,M,9
Arley,M,9
Bartholomew,M,9
Benedict,M,9
Benjamine,M,9
Benny,M,9
Benton,M,9
Bertrand,M,9
Billie,M,9
Boss,M,9
Brooks,M,9
Burr,M,9
Buster,M,9
Eber,M,9
Elsie,M,9
Gregory,M,9
Howell,M,9
Hurley,M,9
Ivey,M,9
Ivory,M,9
Jimmy,M,9
Landon,M,9
Leigh,M,9
Lenard,M,9
Lillie,M,9
Lionel,M,9
Lora,M,9
Lou,M,9
Mart,M,9
Nellie,M,9
Page,M,9
Percival,M,9
Reid,M,9
Richmond,M,9
Rollin,M,9
Rube,M,9
Rush,M,9
Sheldon,M,9
Theo,M,9
Tolbert,M,9
Weaver,M,9
Abel,M,8
Ace,M,8
Adelbert,M,8
Adolfo,M,8
Alcide,M,8
Alice,M,8
Allison,M,8
Alvie,M,8
Asberry,M,8
Ballard,M,8
Baxter,M,8
Bennett,M,8
Blair,M,8
Blake,M,8
Brady,M,8
Brice,M,8
Burney,M,8
Callie,M,8
Cassius,M,8
Clell,M,8
Creed,M,8
Dempsey,M,8
Dewey,M,8
Edison,M,8
Eldred,M,8
Elizabeth,M,8
Ephraim,M,8
Fidel,M,8
Finley,M,8
Freddie,M,8
Garnett,M,8
Gaston,M,8
Gerhard,M,8
Guillermo,M,8
Hayden,M,8
Hershel,M,8
Humphrey,M,8
Ignatius,M,8
Isidor,M,8
Isidore,M,8
Jonah,M,8
Jones,M,8
Lambert,M,8
Leonidas,M,8
Manley,M,8
Manson,M,8
Minnie,M,8
Mont,M,8
Murry,M,8
Newell,M,8
Newman,M,8
Ossie,M,8
Park,M,8
Peyton,M,8
Reubin,M,8
Rocco,M,8
Rogers,M,8
Ruby,M,8
Rudy,M,8
Sampson,M,8
Samson,M,8
Santiago,M,8
Seaborn,M,8
Squire,M,8
Stacy,M,8
Theron,M,8
Westley,M,8
Winfred,M,8
Winston,M,8
Alba,M,7
Annie,M,7
Armand,M,7
Arno,M,7
Art,M,7
Arvid,M,7
Asbury,M,7
Augustin,M,7
Barry,M,7
Bedford,M,7
Bernhard,M,7
Byrd,M,7
Casey,M,7
Conley,M,7
Danial,M,7
Delmar,M,7
Donnie,M,7
Eldon,M,7
Ellie,M,7
Elvis,M,7
Emmit,M,7
Enrique,M,7
Ernst,M,7
Ewell,M,7
Fate,M,7
Fernando,M,7
Franklyn,M,7
French,M,7
Furman,M,7
Gabe,M,7
Garry,M,7
Gertrude,M,7
Giles,M,7
Godfrey,M,7
Hallie,M,7
Hamilton,M,7
Haskell,M,7
Hattie,M,7
Hayes,M,7
Helen,M,7
Henery,M,7
Hubbard,M,7
Hudson,M,7
Irene,M,7
Iver,M,7
Jarvis,M,7
Jennie,M,7
Jere,M,7
Justin,M,7
Keith,M,7
Larkin,M,7
Lavern,M,7
Len,M,7
Little,M,7
Louise,M,7
Mae,M,7
Marcel,M,7
Marcellus,M,7
Marshal,M,7
Mat,M,7
Meyer,M,7
Michel,M,7
Miner,M,7
Murdock,M,7
Nolen,M,7
Nora,M,7
Oakley,M,7
Okey,M,7
Olen,M,7
Olive,M,7
Orange,M,7
Orson,M,7
Quincy,M,7
Rafael,M,7
Reinhold,M,7
Rene,M,7
Roderick,M,7
Roe,M,7
Rollo,M,7
Royce,M,7
Ruel,M,7
Seldon,M,7
Shade,M,7
Steward,M,7
Talmadge,M,7
Talmage,M,7
Toney,M,7
Vester,M,7
Wayman,M,7
Webb,M,7
Willaim,M,7
Woodie,M,7
Wylie,M,7
Young,M,7
Zeb,M,7
Ada,M,6
Add,M,6
Albion,M,6
Alto,M,6
Andres,M,6
Anson,M,6
Arden,M,6
Ashton,M,6
Audie,M,6
Augustine,M,6
Bee,M,6
Benito,M,6
Benson,M,6
Berton,M,6
Beryl,M,6
Beulah,M,6
Bluford,M,6
Buell,M,6
Burleigh,M,6
Carol,M,6
Carrol,M,6
Charls,M,6
Cleave,M,6
Cleon,M,6
Clive,M,6
Clovis,M,6
Con,M,6
Dayton,M,6
Dexter,M,6
Dillon,M,6
Dink,M,6
Doyle,M,6
Dozier,M,6
Drew,M,6
Duke,M,6
Eben,M,6
Ebert,M,6
Edith,M,6
Elden,M,6
Elige,M,6
Ella,M,6
Elwin,M,6
Elzy,M,6
Encarnacion,M,6
Erick,M,6
Ernie,M,6
Ewald,M,6
Florian,M,6
Gay,M,6
Gaylord,M,6
Gideon,M,6
Gregorio,M,6
Guadalupe,M,6
Harlow,M,6
Hartley,M,6
Harvie,M,6
Hjalmar,M,6
Hobart,M,6
Holly,M,6
Huston,M,6
Isac,M,6
Isreal,M,6
Jens,M,6
Jessee,M,6
Jiles,M,6
Josephine,M,6
Joy,M,6
Knute,M,6
Kyle,M,6
Lake,M,6
Lannie,M,6
Laverne,M,6
Lawyer,M,6
Lennie,M,6
Linwood,M,6
Llewellyn,M,6
Mac,M,6
Mamie,M,6
Marie,M,6
Melton,M,6
Meredith,M,6
Merl,M,6
Milburn,M,6
Monte,M,6
Namon,M,6
Obie,M,6
Odell,M,6
Odis,M,6
Orlo,M,6
Orren,M,6
Pleasant,M,6
Ples,M,6
Posey,M,6
Randall,M,6
Ras,M,6
Salomon,M,6
Sarah,M,6
Stokes,M,6
Stonewall,M,6
Sumner,M,6
Terrence,M,6
Theodor,M,6
Urban,M,6
Vane,M,6
Vaughn,M,6
Watt,M,6
Waverly,M,6
Wellington,M,6
Weston,M,6
Worth,M,6
Adolf,M,5
Agnes,M,5
Alec,M,5
Alfredo,M,5
Algie,M,5
Alvy,M,5
Amiel,M,5
Amzie,M,5
Andre,M,5
Ansel,M,5
Antoine,M,5
Arvil,M,5
Author,M,5
Authur,M,5
Barnie,M,5
Beatrice,M,5
Bernice,M,5
Bethel,M,5
Booker,M,5
Boyce,M,5
Bun,M,5
Cam,M,5
Cameron,M,5
Cap,M,5
Carlyle,M,5
Carrie,M,5
Ceasar,M,5
Champ,M,5
Chancey,M,5
Charlton,M,5
Clemmie,M,5
Cletus,M,5
Coley,M,5
Colon,M,5
Commodore,M,5
Cora,M,5
Craig,M,5
Dalton,M,5
Darius,M,5
Dennie,M,5
Doris,M,5
Dossie,M,5
Douglass,M,5
Durward,M,5
Earley,M,5
Effie,M,5
Egbert,M,5
Elba,M,5
Elder,M,5
Elick,M,5
Elie,M,5
Eliga,M,5
Eligah,M,5
Elihu,M,5
Ellwood,M,5
Elroy,M,5
Elva,M,5
Emit,M,5
Esther,M,5
Ethelbert,M,5
Eunice,M,5
Ewing,M,5
Felton,M,5
Ferd,M,5
Festus,M,5
Flem,M,5
Fleming,M,5
Fountain,M,5
Fulton,M,5
Georgia,M,5
Gerard,M,5
Glover,M,5
Goldie,M,5
Gottlieb,M,5
Governor,M,5
Griffin,M,5
Gurley,M,5
Hale,M,5
Hammond,M,5
Harland,M,5
Harlie,M,5
Harper,M,5
Hayward,M,5
Helmuth,M,5
Henrietta,M,5
Hermann,M,5
Hervey,M,5
Hilario,M,5
Hilding,M,5
Hill,M,5
Hjalmer,M,5
Hosie,M,5
Huey,M,5
Isador,M,5
Isham,M,5
Ishmael,M,5
Jennings,M,5
Jett,M,5
Jule,M,5
Junious,M,5
Katie,M,5
Kit,M,5
Laura,M,5
Lazarus,M,5
Lehman,M,5
Lemmie,M,5
Lenwood,M,5
Leonce,M,5
Levin,M,5
Lex,M,5
Lillard,M,5
Lindsay,M,5
Lois,M,5
Lorin,M,5
Lottie,M,5
Lovie,M,5
Luciano,M,5
Ludie,M,5
Maggie,M,5
Malachi,M,5
Mallie,M,5
Mance,M,5
Manly,M,5
Mansfield,M,5
Marcelino,M,5
Marian,M,5
Marko,M,5
Maud,M,5
Maude,M,5
Maxie,M,5
Merwin,M,5
Milan,M,5
Montie,M,5
Murel,M,5
Myrtle,M,5
Norwood,M,5
Oather,M,5
Ogden,M,5
Olie,M,5
Oneil,M,5
Orrie,M,5
Ott,M,5
Ottie,M,5
Parks,M,5
Pascal,M,5
Perl,M,5
Pervis,M,5
Plez,M,5
Polk,M,5
Powell,M,5
Press,M,5
Radford,M,5
Reece,M,5
Rexford,M,5
Robie,M,5
Romanus,M,5
Rome,M,5
Romie,M,5
Rosa,M,5
Rossie,M,5
Rowland,M,5
Rudolf,M,5
Ruffus,M,5
Sanders,M,5
Santos,M,5
Schuyler,M,5
Seward,M,5
Sigurd,M,5
Simpson,M,5
Sonny,M,5
Stanton,M,5
Sumpter,M,5
Susie,M,5
Sylvan,M,5
Thad,M,5
Tip,M,5
Titus,M,5
Tobias,M,5
Tollie,M,5
Tyler,M,5
Vergil,M,5
Virgle,M,5
Waymon,M,5
Whit,M,5
Whitelaw,M,5
Wilhelm,M,5
Willian,M,5
Wilton,M,5
Wing,M,5
Winnie,M,5
Wint,M,5
Winton,M,5
Worley,M,5
York,M,5
Zachariah,M,5
