name,gender,count
Mary,F,13447
Anna,F,5950
Helen,F,4023
Margaret,F,3931
Elizabeth,F,3603
Ruth,F,3551
Florence,F,3471
Ethel,F,3391
Marie,F,3011
Emma,F,2952
Bertha,F,2626
Clara,F,2613
Minnie,F,2567
Edna,F,2560
Bessie,F,2542
Lillian,F,2495
Alice,F,2457
Grace,F,2448
Annie,F,2390
Mabel,F,2359
Rose,F,2262
Hazel,F,2252
Ida,F,2170
Gertrude,F,2129
Martha,F,2096
Pearl,F,1958
Edith,F,1940
Myrtle,F,1938
Frances,F,1833
Nellie,F,1833
Esther,F,1803
Elsie,F,1795
Sarah,F,1777
Eva,F,1767
Ella,F,1692
Laura,F,1643
Louise,F,1582
Catherine,F,1514
Mildred,F,1474
Agnes,F,1466
Gladys,F,1464
Carrie,F,1463
Irene,F,1428
Lillie,F,1414
Julia,F,1380
Hattie,F,1338
Josephine,F,1334
Jessie,F,1300
Cora,F,1295
Lena,F,1289
Mattie,F,1276
Mae,F,1193
Jennie,F,1177
Blanche,F,1156
Alma,F,1144
Maude,F,1136
Dorothy,F,1127
Ada,F,1124
Mamie,F,1119
Stella,F,1026
Lucy,F,1016
Fannie,F,1012
Viola,F,1010
Lula,F,987
Katherine,F,968
Ruby,F,954
Maggie,F,890
Dora,F,884
Marion,F,856
Nora,F,846
Rosa,F,832
Sadie,F,829
Beatrice,F,814
Beulah,F,760
Ellen,F,746
Pauline,F,734
Vera,F,729
Willie,F,724
Effie,F,708
May,F,691
Marguerite,F,680
Nettie,F,677
Susie,F,674
Daisy,F,665
Lydia,F,656
Della,F,648
Evelyn,F,630
Virginia,F,628
Emily,F,605
Kathryn,F,585
Olive,F,577
Sallie,F,573
Nancy,F,566
Georgia,F,562
Lottie,F,553
Flora,F,552
Ann,F,551
Eleanor,F,544
Lizzie,F,543
Katie,F,536
Lucille,F,532
Leona,F,520
Theresa,F,515
Hilda,F,513
Caroline,F,484
Charlotte,F,472
Addie,F,471
Anne,F,462
Bernice,F,447
Lola,F,446
Ollie,F,446
Etta,F,445
Harriet,F,435
Iva,F,435
Amanda,F,431
Henrietta,F,420
Ora,F,416
Inez,F,403
Jane,F,394
Susan,F,393
Lela,F,388
Rebecca,F,386
Mollie,F,382
Estelle,F,381
Amelia,F,379
Loretta,F,365
Sara,F,363
Goldie,F,358
Nannie,F,355
Rachel,F,351
Betty,F,350
Marjorie,F,349
Nina,F,348
Eula,F,342
Matilda,F,339
Essie,F,335
Eunice,F,334
Mable,F,331
Olga,F,329
Verna,F,326
Rosie,F,322
Violet,F,316
Genevieve,F,313
Lois,F,311
Maud,F,305
Estella,F,304
Amy,F,303
Hannah,F,301
Frieda,F,299
Barbara,F,298
Christine,F,295
Flossie,F,295
Maria,F,295
Augusta,F,288
Belle,F,283
Alta,F,277
Sylvia,F,276
Celia,F,273
Eliza,F,273
Victoria,F,269
Marian,F,265
Kate,F,262
Ola,F,261
Sophia,F,259
Lulu,F,258
Allie,F,252
Freda,F,250
Naomi,F,249
Lucile,F,248
Irma,F,247
Nell,F,247
Alberta,F,242
Sophie,F,240
Madeline,F,237
Josie,F,234
Winifred,F,234
Jean,F,232
Luella,F,227
Ina,F,220
Janie,F,220
Norma,F,219
Elva,F,218
Vivian,F,216
Isabel,F,212
Tillie,F,212
Callie,F,211
Mayme,F,209
Selma,F,208
Velma,F,208
Isabelle,F,205
Erma,F,203
Leah,F,203
Doris,F,198
Winnie,F,196
Delia,F,193
Kathleen,F,192
Virgie,F,191
Rena,F,189
Birdie,F,184
Fern,F,184
Millie,F,181
Adeline,F,180
Geneva,F,180
Lila,F,175
Thelma,F,173
Miriam,F,169
Hulda,F,167
Jeanette,F,167
Teresa,F,167
Adele,F,166
Lora,F,166
Hester,F,164
Cecelia,F,163
Sally,F,162
Elsa,F,160
Opal,F,158
Dollie,F,157
Lelia,F,157
Sue,F,157
Bertie,F,154
Juanita,F,154
Veronica,F,153
Johanna,F,151
Bess,F,150
Gussie,F,150
Jeannette,F,150
Carolyn,F,148
Leila,F,147
Katharine,F,145
Adelaide,F,142
Roxie,F,141
Cecilia,F,138
Regina,F,138
Elma,F,137
Zella,F,137
Gertie,F,136
Rhoda,F,136
Leola,F,135
Bettie,F,133
Lessie,F,133
Hallie,F,130
Roberta,F,130
Bonnie,F,129
Cornelia,F,127
Harriett,F,127
Mathilda,F,127
Myra,F,127
Anita,F,126
Christina,F,126
Francis,F,126
Madge,F,126
Cleo,F,125
Lou,F,125
Hettie,F,124
Meta,F,122
Neva,F,122
Fay,F,121
Maudie,F,120
Claire,F,118
Faye,F,118
Letha,F,117
Olivia,F,117
Louisa,F,112
Nelle,F,112
Lorena,F,111
Nola,F,111
Cecile,F,109
Pearlie,F,109
Corinne,F,108
Gracie,F,108
Lilly,F,108
Muriel,F,108
Helena,F,107
Lettie,F,107
Rita,F,105
Erna,F,103
Johnnie,F,103
Lenora,F,103
Audrey,F,102
Lily,F,101
Wilma,F,99
Dessie,F,98
Lee,F,98
Lucinda,F,98
Margie,F,98
Ila,F,97
Wilhelmina,F,97
Antoinette,F,96
Claudia,F,96
Linda,F,96
Linnie,F,96
Vesta,F,96
Cecil,F,95
Elnora,F,94
Elvira,F,94
Fanny,F,94
Mina,F,94
Alvina,F,93
Dovie,F,93
Lura,F,93
Abbie,F,92
Janet,F,92
Merle,F,91
Ophelia,F,91
Constance,F,90
Isabella,F,90
Phoebe,F,90
Catharine,F,89
Annette,F,88
Edythe,F,88
Myrtie,F,88
Helene,F,87
Reba,F,87
Rosalie,F,86
Oma,F,85
Orpha,F,85
Rosetta,F,84
Eugenia,F,83
Angeline,F,82
Geraldine,F,81
Rae,F,81
Zelma,F,80
Lona,F,78
Vida,F,78
Jewell,F,77
June,F,77
Dorothea,F,76
Floy,F,76
Polly,F,76
Alpha,F,75
Cassie,F,75
Ivy,F,75
Minerva,F,75
Chloe,F,73
Leta,F,73
Blanch,F,72
Emilie,F,72
Marcella,F,71
Mittie,F,71
Nona,F,71
Pansy,F,71
Angela,F,70
Dolly,F,70
Ernestine,F,70
Georgie,F,67
Leota,F,66
Maybelle,F,66
Ona,F,66
Golda,F,65
Phyllis,F,65
Artie,F,64
Priscilla,F,63
Frankie,F,62
Lenore,F,62
Mazie,F,62
Wanda,F,62
Alva,F,61
Isabell,F,61
Jewel,F,61
John,F,61
Lina,F,61
Tessie,F,61
Aline,F,60
Malinda,F,60
Zola,F,60
Angie,F,59
Evie,F,59
Idella,F,59
Jannie,F,59
Nan,F,59
Cynthia,F,58
Eloise,F,57
Lyda,F,57
Leora,F,56
Vada,F,56
Lauretta,F,55
Zora,F,55
Zula,F,55
Ava,F,54
Cordelia,F,54
Elda,F,54
Lida,F,54
Mabelle,F,54
Angelina,F,53
Antonia,F,53
Ione,F,53
Lennie,F,53
Mona,F,53
Rosella,F,53
Willa,F,53
Madeleine,F,52
Mandy,F,52
Clarice,F,51
Jeanne,F,51
Lorene,F,51
Odessa,F,51
Eddie,F,50
Elise,F,50
Hortense,F,50
Iona,F,50
Louella,F,50
Susanna,F,50
Clyde,F,49
Carol,F,48
Iola,F,48
Lorraine,F,48
Mellie,F,48
Minna,F,48
Verda,F,48
Vina,F,48
Agatha,F,47
Clare,F,47
Era,F,47
Leone,F,47
Lilla,F,47
Pearle,F,47
Bell,F,46
George,F,46
Peggy,F,46
Una,F,46
Aurelia,F,45
Molly,F,45
Tena,F,45
Tennie,F,45
Tina,F,45
Dona,F,44
Donna,F,44
Eileen,F,44
Esta,F,44
Hilma,F,44
Iris,F,44
Nita,F,44
Eda,F,43
Elisabeth,F,43
Jimmie,F,43
Shirley,F,43
Albina,F,42
Annabelle,F,42
Lilian,F,42
Adelia,F,41
Corine,F,41
Dolores,F,41
Donnie,F,41
Ester,F,41
Hedwig,F,41
Leonora,F,41
Lue,F,41
Melissa,F,41
Pattie,F,41
Rhea,F,41
Rowena,F,41
Sudie,F,41
Veda,F,41
Vernie,F,41
Aileen,F,40
Bernadette,F,40
Beryl,F,40
Charity,F,40
Connie,F,40
Elmira,F,40
Florida,F,40
Pinkie,F,40
Rilla,F,40
William,F,40
Bella,F,39
Hope,F,39
Margery,F,39
Melvina,F,39
Natalie,F,39
Ursula,F,39
Avis,F,38
Emmie,F,38
Glenna,F,38
Lovie,F,38
Marietta,F,38
Octavia,F,38
Tommie,F,38
Yvonne,F,38
Zona,F,38
Berta,F,37
Carmela,F,37
Ellie,F,37
Hanna,F,37
Jettie,F,37
Paula,F,37
Savannah,F,37
Vinnie,F,37
Belva,F,36
Dena,F,36
Margret,F,36
Maybell,F,36
Viva,F,36
Carolina,F,35
Gretchen,F,35
Inga,F,35
Lenna,F,35
Mallie,F,35
Patricia,F,35
Adela,F,34
Cordie,F,34
Corrie,F,34
Eulalia,F,34
Georgiana,F,34
Harriette,F,34
Imogene,F,34
James,F,34
Leatha,F,34
Queen,F,34
Retta,F,34
Sadye,F,34
Tressie,F,34
Zoe,F,34
Adah,F,33
Alda,F,33
Camille,F,33
Kittie,F,33
Lavina,F,33
Mertie,F,33
Therese,F,33
Althea,F,32
Celeste,F,32
Claudie,F,32
Dixie,F,32
Gail,F,32
Judith,F,32
Lavinia,F,32
Ludie,F,32
Philomena,F,32
Winnifred,F,32
Besse,F,31
Bridget,F,31
Ethyl,F,31
Ettie,F,31
Magdalena,F,31
Magnolia,F,31
Marcia,F,31
Wilda,F,31
Adella,F,30
Camilla,F,30
Easter,F,30
Florine,F,30
Hildur,F,30
Kitty,F,30
Mathilde,F,30
Maye,F,30
Rosina,F,30
Altha,F,29
Carmen,F,29
Dottie,F,29
Icie,F,29
Joanna,F,29
Johnie,F,29
Joyce,F,29
Julie,F,29
Letitia,F,29
Louie,F,29
Lucretia,F,29
Magdalene,F,29
Mariah,F,29
Onie,F,29
Ramona,F,29
Sybil,F,29
Valeria,F,29
Vallie,F,29
Enid,F,28
Gwendolyn,F,28
Ima,F,28
Ivah,F,28
Joan,F,28
Josefa,F,28
Magdalen,F,28
Maurine,F,28
Ray,F,28
Reta,F,28
Rosanna,F,28
Theodora,F,28
Zelda,F,28
Charles,F,27
Emelia,F,27
Ethelyn,F,27
Frank,F,27
Georgianna,F,27
Joe,F,27
Lelah,F,27
Madie,F,27
Meda,F,27
Mercedes,F,27
Mettie,F,27
Petra,F,27
Queenie,F,27
Robbie,F,27
Ruthie,F,27
Tilda,F,27
Vena,F,27
Zetta,F,27
Alida,F,26
Annetta,F,26
Bennie,F,26
Bobbie,F,26
Eve,F,26
Freida,F,26
Loraine,F,26
Rachael,F,26
Selina,F,26
Sophronia,F,26
Thea,F,26
Almeda,F,25
Alyce,F,25
Arline,F,25
Delphia,F,25
Donie,F,25
Elena,F,25
Elenora,F,25
Evalyn,F,25
Felicia,F,25
Lonie,F,25
Lucia,F,25
Oda,F,25
Rossie,F,25
Theo,F,25
Vergie,F,25
Anastasia,F,24
Cathrine,F,24
Cathryn,F,24
Clemmie,F,24
Dagmar,F,24
Eleanora,F,24
Elinor,F,24
Emilia,F,24
Evangeline,F,24
Ferne,F,24
Joy,F,24
Juana,F,24
Juliette,F,24
Leda,F,24
Malissa,F,24
Verdie,F,24
Albertine,F,23
Arlene,F,23
Berenice,F,23
Billie,F,23
Celestine,F,23
Corrine,F,23
Diana,F,23
Elvie,F,23
Estell,F,23
Glenn,F,23
Huldah,F,23
Ira,F,23
Jenny,F,23
Joseph,F,23
Lonnie,F,23
Luna,F,23
Ocie,F,23
Paralee,F,23
Rosemary,F,23
Signe,F,23
Ara,F,22
Arrie,F,22
Beth,F,22
Clarissa,F,22
Clementine,F,22
Clora,F,22
Eleanore,F,22
Elvina,F,22
Eugenie,F,22
Garnet,F,22
Hassie,F,22
Idell,F,22
India,F,22
Kattie,F,22
Leslie,F,22
Libbie,F,22
Lucie,F,22
Luvenia,F,22
Margarita,F,22
Melinda,F,22
Odie,F,22
Phebe,F,22
Sena,F,22
Sibyl,F,22
Sigrid,F,22
Verla,F,22
Zettie,F,22
Allene,F,21
Amie,F,21
Audra,F,21
Berdie,F,21
Bulah,F,21
Dicie,F,21
Elaine,F,21
Eulah,F,21
Faith,F,21
Kathrine,F,21
Mammie,F,21
Metta,F,21
Neta,F,21
Patsy,F,21
Rosia,F,21
Sabina,F,21
Tressa,F,21
Veva,F,21
Alene,F,20
Cordia,F,20
Elizebeth,F,20
Exie,F,20
Florrie,F,20
Greta,F,20
Guadalupe,F,20
Hertha,F,20
Juliet,F,20
Laverne,F,20
Liddie,F,20
Liza,F,20
Louvenia,F,20
Manda,F,20
Manuela,F,20
Marvel,F,20
Monica,F,20
Nova,F,20
Ova,F,20
Robert,F,20
Rosamond,F,20
Winona,F,20
Alvena,F,19
Amalia,F,19
Bernadine,F,19
Dorcas,F,19
Elfrieda,F,19
Flo,F,19
Frona,F,19
Helga,F,19
Jessica,F,19
Lorna,F,19
Melba,F,19
Myrtis,F,19
Novella,F,19
Palma,F,19
Rella,F,19
Rubye,F,19
Tempie,F,19
Theodosia,F,19
Valerie,F,19
Verona,F,19
Wilhelmine,F,19
Arvilla,F,18
Clifford,F,18
Coral,F,18
Dell,F,18
Ebba,F,18
Edyth,F,18
Elna,F,18
Elta,F,18
Hellen,F,18
Hildred,F,18
Kathryne,F,18
Leonie,F,18
Lilah,F,18
Matie,F,18
Nella,F,18
Norah,F,18
Ottie,F,18
Roma,F,18
Rosalia,F,18
Rosalind,F,18
Salome,F,18
Serena,F,18
Sidney,F,18
Yetta,F,18
Adaline,F,17
Annis,F,17
Arlie,F,17
Augustine,F,17
Betsy,F,17
Charlie,F,17
Christena,F,17
Crystal,F,17
Eura,F,17
Gusta,F,17
Katy,F,17
Lacy,F,17
Lala,F,17
Leanna,F,17
Nadine,F,17
Olevia,F,17
Retha,F,17
Vertie,F,17
Adda,F,16
Amber,F,16
Annabell,F,16
Antonette,F,16
Arizona,F,16
Consuelo,F,16
Delma,F,16
Edwina,F,16
Eveline,F,16
Freddie,F,16
Gena,F,16
Golden,F,16
Gretta,F,16
Hermina,F,16
Justine,F,16
Kizzie,F,16
Lillia,F,16
Lovina,F,16
Mannie,F,16
Margaretta,F,16
Melva,F,16
Missouri,F,16
Myrle,F,16
Ottilia,F,16
Pollie,F,16
Reva,F,16
Samantha,F,16
Abigail,F,15
Adell,F,15
Alicia,F,15
Annabel,F,15
Aurora,F,15
Beaulah,F,15
Beula,F,15
Birtie,F,15
Delilah,F,15
Drusilla,F,15
Eldora,F,15
Elvera,F,15
Enola,F,15
Fae,F,15
Fred,F,15
Gertha,F,15
Glennie,F,15
Goldia,F,15
Grayce,F,15
Harry,F,15
Hazle,F,15
Helma,F,15
Henriette,F,15
Henry,F,15
Hessie,F,15
Hildegarde,F,15
Honora,F,15
Izetta,F,15
Janette,F,15
Jennette,F,15
Lella,F,15
Leontine,F,15
Lollie,F,15
Lorine,F,15
Lular,F,15
Lutie,F,15
Madelyn,F,15
Martina,F,15
Myrl,F,15
Ossie,F,15
Paulina,F,15
Ura,F,15
Venus,F,15
Aida,F,14
Aletha,F,14
Almira,F,14
Audie,F,14
Aurore,F,14
Berniece,F,14
Bethel,F,14
Buna,F,14
Carl,F,14
Clarence,F,14
Cleora,F,14
Docia,F,14
Emeline,F,14
Emmer,F,14
Etha,F,14
Eulalie,F,14
Filomena,F,14
Gene,F,14
Genoveva,F,14
Leva,F,14
Libby,F,14
Lissie,F,14
Loretto,F,14
Macie,F,14
Madaline,F,14
Mahala,F,14
Malvina,F,14
Maryann,F,14
Mozelle,F,14
Prudence,F,14
Rubie,F,14
Sina,F,14
Thomas,F,14
Vella,F,14
Zita,F,14
Adelina,F,13
Adline,F,13
Aimee,F,13
Alfreda,F,13
Altie,F,13
Christie,F,13
Claude,F,13
Deborah,F,13
Delphine,F,13
Drucilla,F,13
Edward,F,13
Electa,F,13
Elisa,F,13
Francisca,F,13
Garnett,F,13
Georgina,F,13
Hasel,F,13
Hildegard,F,13
Icy,F,13
Imo,F,13
Ivory,F,13
Jossie,F,13
Katheryn,F,13
Luetta,F,13
Lupe,F,13
Maxie,F,13
Mossie,F,13
Noma,F,13
Olinda,F,13
Omie,F,13
Ressie,F,13
Thora,F,13
Twila,F,13
Velva,F,13
Vessie,F,13
Virgia,F,13
Willia,F,13
Zena,F,13
Zilpha,F,13
Albertha,F,12
Alleen,F,12
America,F,12
Andrea,F,12
Blossom,F,12
Cara,F,12
Classie,F,12
Corene,F,12
Daisey,F,12
Daphne,F,12
Dean,F,12
Dee,F,12
Delila,F,12
Dillie,F,12
Dinah,F,12
Doshia,F,12
Dulcie,F,12
Else,F,12
Emaline,F,12
Ena,F,12
Euna,F,12
Evelina,F,12
Freeda,F,12
Fronie,F,12
Gennie,F,12
Gerda,F,12
Isa,F,12
Laurie,F,12
Leonore,F,12
Lorenza,F,12
Maida,F,12
Mavis,F,12
Maxine,F,12
Maymie,F,12
Monnie,F,12
Montie,F,12
Nelda,F,12
Nena,F,12
Nevada,F,12
Odelia,F,12
Osa,F,12
Rosalee,F,12
Sister,F,12
Sofia,F,12
Sula,F,12
Theresia,F,12
Trilby,F,12
Vashti,F,12
Vassie,F,12
Verena,F,12
Verlie,F,12
Villa,F,12
Vinie,F,12
Vivien,F,12
Adel,F,11
Alba,F,11
Anner,F,11
Arie,F,11
Atha,F,11
Attie,F,11
Bernardine,F,11
Bula,F,11
Calla,F,11
Carry,F,11
Celina,F,11
Concetta,F,11
Dale,F,11
Dellie,F,11
Delpha,F,11
Dessa,F,11
Dola,F,11
Doretta,F,11
Dorthy,F,11
Dove,F,11
Eloisa,F,11
Emelie,F,11
Erin,F,11
Ernest,F,11
Euphemia,F,11
Evaline,F,11
Evelena,F,11
Fairy,F,11
Fronnie,F,11
Izora,F,11
Jesse,F,11
Jo,F,11
Josefina,F,11
Judy,F,11
Lassie,F,11
Lavada,F,11
Lea,F,11
Leafy,F,11
Leonia,F,11
Lera,F,11
Lexie,F,11
Loma,F,11
Lydie,F,11
Lyla,F,11
Margarete,F,11
Marjory,F,11
Millicent,F,11
Minta,F,11
Myrna,F,11
Myrtice,F,11
Nana,F,11
Nonie,F,11
Norine,F,11
Odette,F,11
Permelia,F,11
Philomene,F,11
Rene,F,11
Selena,F,11
Sweetie,F,11
Treva,F,11
Trudie,F,11
Vara,F,11
Vernon,F,11
Vola,F,11
Walter,F,11
Wava,F,11
Zada,F,11
Aggie,F,10
Alcie,F,10
Ana,F,10
Arabella,F,10
Ardella,F,10
Beadie,F,10
Beckie,F,10
Buelah,F,10
Byrd,F,10
Byrdie,F,10
Caldonia,F,10
Carlie,F,10
Carmelita,F,10
Claribel,F,10
Clarinda,F,10
Claudine,F,10
Cloe,F,10
Cola,F,10
Coletta,F,10
Corda,F,10
Delta,F,10
Earl,F,10
Elmire,F,10
Elodie,F,10
Eugene,F,10
Evalena,F,10
Fannye,F,10
Fleta,F,10
Flonnie,F,10
Gay,F,10
Gloria,F,10
Ilah,F,10
Ilo,F,10
Isobel,F,10
Jamie,F,10
Kay,F,10
Laurette,F,10
Laverna,F,10
Letty,F,10
Littie,F,10
Loda,F,10
Lurline,F,10
Malissie,F,10
Manie,F,10
Margarett,F,10
Margarette,F,10
Margueritte,F,10
Medora,F,10
Milda,F,10
Missie,F,10
Odile,F,10
Opha,F,10
Osie,F,10
Otelia,F,10
Otillia,F,10
Ouida,F,10
Phillis,F,10
Prudie,F,10
Roy,F,10
Signa,F,10
Tennessee,F,10
Vannie,F,10
Venie,F,10
Victorine,F,10
Vira,F,10
Willetta,F,10
Zadie,F,10
Zelia,F,10
Zilla,F,10
Zuma,F,10
Albert,F,9
Almena,F,9
Alzina,F,9
Augustina,F,9
Aura,F,9
Azzie,F,9
Beda,F,9
Birtha,F,9
Cammie,F,9
Capitola,F,9
Carmella,F,9
Carolyne,F,9
Celesta,F,9
Celie,F,9
Cleda,F,9
Concepcion,F,9
Cornie,F,9
Coy,F,9
Dana,F,9
Debbie,F,9
Delfina,F,9
Dennie,F,9
Dorthea,F,9
Earline,F,9
Earnestine,F,9
Eathel,F,9
Edmonia,F,9
Eleonora,F,9
Eleonore,F,9
Ellena,F,9
Ema,F,9
Emogene,F,9
Florice,F,9
Florina,F,9
Gaynell,F,9
Harold,F,9
Henretta,F,9
Hermine,F,9
Hollie,F,9
Josiephine,F,9
Juliana,F,9
Lady,F,9
Larue,F,9
Lavera,F,9
Leana,F,9
Lema,F,9
Lethia,F,9
Lilie,F,9
Loula,F,9
Luda,F,9
Mada,F,9
Maebelle,F,9
Mame,F,9
Margurite,F,9
Marye,F,9
Modena,F,9
Myrta,F,9
Nanie,F,9
Naoma,F,9
Nealie,F,9
Neoma,F,9
Octavie,F,9
Orelia,F,9
Pallie,F,9
Patience,F,9
Roselle,F,9
Roxy,F,9
Sammie,F,9
Sedonia,F,9
Shellie,F,9
Suzanne,F,9
Thekla,F,9
Thresa,F,9
Tinnie,F,9
Tracy,F,9
Trula,F,9
Tula,F,9
Zenobia,F,9
Zeta,F,9
Alexandra,F,8
Alexina,F,8
Alverta,F,8
Arminta,F,8
Arthur,F,8
Audry,F,8
Aurilla,F,8
Averil,F,8
Beatriz,F,8
Bonita,F,8
Carlotta,F,8
Cherry,F,8
Clella,F,8
Clemence,F,8
Courtney,F,8
Dorathy,F,8
Dot,F,8
Elenor,F,8
Elfreda,F,8
Elia,F,8
Elida,F,8
Elvia,F,8
Eppie,F,8
Ermine,F,8
Ernie,F,8
Ether,F,8
Etna,F,8
Eular,F,8
Everline,F,8
Florance,F,8
Florie,F,8
Fredda,F,8
Frederica,F,8
Fredericka,F,8
Fronia,F,8
Garnette,F,8
Genie,F,8
Gregoria,F,8
Gunda,F,8
Haley,F,8
Hazelle,F,8
Ilma,F,8
Isadora,F,8
Isla,F,8
Jemima,F,8
Jodie,F,8
Johannah,F,8
Jule,F,8
Justina,F,8
Leaner,F,8
Lemma,F,8
Lillis,F,8
Lolita,F,8
Louis,F,8
Lovenia,F,8
Lucina,F,8
Luisa,F,8
Macy,F,8
Marceline,F,8
Marge,F,8
Marinda,F,8
Media,F,8
Merl,F,8
Metha,F,8
Mima,F,8
Mirtie,F,8
Nathalie,F,8
Nelia,F,8
Netta,F,8
Noelie,F,8
Orah,F,8
Otha,F,8
Ottilie,F,8
Ozella,F,8
Parlee,F,8
Paul,F,8
Persis,F,8
Pinkey,F,8
Pinky,F,8
Reka,F,8
Romaine,F,8
Rutha,F,8
Sarrah,F,8
Stephanie,F,8
Susannah,F,8
Susanne,F,8
Trannie,F,8
Ula,F,8
Vadie,F,8
Vennie,F,8
Verne,F,8
Vernia,F,8
Vester,F,8
Violette,F,8
Zillah,F,8
Zina,F,8
Zoa,F,8
Achsa,F,7
Adelle,F,7
Aleta,F,7
Alla,F,7
Allean,F,7
Alline,F,7
Almedia,F,7
Alverda,F,7
Anabel,F,7
Angelita,F,7
Anice,F,7
Ardell,F,7
Arena,F,7
Aubrey,F,7
Bee,F,7
Bera,F,7
Bert,F,7
Bettye,F,7
Bina,F,7
Borghild,F,7
Calista,F,7
Catarina,F,7
Celestia,F,7
Cena,F,7
Charlene,F,7
Chloie,F,7
Cinda,F,7
Clair,F,7
Clela,F,7
Cleta,F,7
Cressie,F,7
Cuba,F,7
Delcie,F,7
Delsie,F,7
Dina,F,7
Dorotha,F,7
Dortha,F,7
Elenore,F,7
Elizbeth,F,7
Elpha,F,7
Erie,F,7
Ethyle,F,7
Etter,F,7
Eudora,F,7
Ever,F,7
Faustina,F,7
Forrest,F,7
Francesca,F,7
Gillie,F,7
Glendora,F,7
Gola,F,7
Hattye,F,7
Herma,F,7
Hetty,F,7
Hila,F,7
Imelda,F,7
Indiana,F,7
Ines,F,7
Inger,F,7
Isal,F,7
Jeane,F,7
Jeanetta,F,7
Jeannie,F,7
Jinnie,F,7
Jonnie,F,7
Lalla,F,7
Lana,F,7
Launa,F,7
Laurena,F,7
Lelar,F,7
Leo,F,7
Letta,F,7
Lidia,F,7
Lilia,F,7
Lindy,F,7
Lockie,F,7
Lotta,F,7
Louetta,F,7
Lu,F,7
Lynda,F,7
Madgie,F,7
Mahalia,F,7
Malisia,F,7
Margart,F,7
Marguerita,F,7
Marilla,F,7
Melanie,F,7
Micaela,F,7
Mignon,F,7
Minda,F,7
Minetta,F,7
Mintie,F,7
Nada,F,7
Nannette,F,7
Nila,F,7
Norene,F,7
Olla,F,7
Orva,F,7
Othelia,F,7
Pairlee,F,7
Pearley,F,7
Pluma,F,7
Portia,F,7
Ragna,F,7
Rebekah,F,7
Refugia,F,7
Refugio,F,7
Renee,F,7
Richard,F,7
Roselee,F,7
Rosena,F,7
Rozella,F,7
Ruie,F,7
Sonia,F,7
Sylvania,F,7
Tekla,F,7
Texie,F,7
Thecla,F,7
Trella,F,7
Valentine,F,7
Venice,F,7
Verle,F,7
Versie,F,7
Verta,F,7
Veta,F,7
Vlasta,F,7
Zelpha,F,7
Adelene,F,6
Adrienne,F,6
Afton,F,6
Aldea,F,6
Aleda,F,6
Alina,F,6
Alvie,F,6
Amada,F,6
Amey,F,6
Apollonia,F,6
Appolonia,F,6
Arlena,F,6
Arra,F,6
Artha,F,6
Bama,F,6
Bannie,F,6
Beatrix,F,6
Belvia,F,6
Bena,F,6
Candace,F,6
Cannie,F,6
Carlota,F,6
Carra,F,6
Cary,F,6
Ceola,F,6
Chaney,F,6
Charlcie,F,6
Christiana,F,6
Chrystal,F,6
Cliffie,F,6
Clyda,F,6
Colette,F,6
Coralee,F,6
Corean,F,6
Cyrilla,F,6
Dannie,F,6
Deane,F,6
Dezzie,F,6
Docie,F,6
Doll,F,6
Dura,F,6
Earle,F,6
Eather,F,6
Ebbie,F,6
Edda,F,6
Editha,F,6
Edrie,F,6
Elberta,F,6
Elease,F,6
Elgie,F,6
Emmaline,F,6
Estie,F,6
Evah,F,6
Evalina,F,6
Everlena,F,6
Exa,F,6
Fayette,F,6
Gayle,F,6
Genevia,F,6
Genora,F,6
Georgeanna,F,6
Georgena,F,6
Georgette,F,6
Germaine,F,6
Gisella,F,6
Gracia,F,6
Gudrun,F,6
Hollis,F,6
Honor,F,6
Ilda,F,6
Ilene,F,6
Irine,F,6
Ivey,F,6
Jack,F,6
Jeannetta,F,6
Josefita,F,6
Junie,F,6
Katherin,F,6
Katherina,F,6
Lalia,F,6
Laurine,F,6
Leathie,F,6
Leeta,F,6
Leoda,F,6
Lesta,F,6
Lillain,F,6
Liller,F,6
Lilyan,F,6
Lodie,F,6
Lota,F,6
Louisiana,F,6
Love,F,6
Lovey,F,6
Luanna,F,6
Luberta,F,6
Lucetta,F,6
Luz,F,6
Madelene,F,6
Mai,F,6
Maidie,F,6
Manuelita,F,6
Maranda,F,6
Marcelle,F,6
Marea,F,6
Mariana,F,6
Marybelle,F,6
Marzella,F,6
Melda,F,6
Melina,F,6
Meredith,F,6
Miranda,F,6
Monie,F,6
Monta,F,6
Mora,F,6
Mozella,F,6
Murl,F,6
Myrtte,F,6
Nelly,F,6
Nolia,F,6
Nonnie,F,6
Ocia,F,6
Oline,F,6
Oneita,F,6
Onnie,F,6
Oral,F,6
Orie,F,6
Orilla,F,6
Orlena,F,6
Orra,F,6
Otillie,F,6
Ovie,F,6
Ozzie,F,6
Paulyne,F,6
Princess,F,6
Radie,F,6
Rafaela,F,6
Rilda,F,6
Rissie,F,6
Roena,F,6
Sada,F,6
Savanah,F,6
Sevilla,F,6
Silvia,F,6
Susana,F,6
Sylva,F,6
Tenie,F,6
Tess,F,6
Texanna,F,6
Theola,F,6
Thirza,F,6
Thresia,F,6
Tishie,F,6
Tom,F,6
Velda,F,6
Veola,F,6
Verdia,F,6
Vere,F,6
Vernice,F,6
Virdie,F,6
Virgil,F,6
Virgin,F,6
Vonnie,F,6
Walburga,F,6
Waneta,F,6
Will,F,6
Zera,F,6
Adalia,F,5
Adine,F,5
Adna,F,5
Albertina,F,5
Albie,F,5
Alease,F,5
Alexandrine,F,5
Alfa,F,5
Algie,F,5
Almeta,F,5
Alvira,F,5
Ama,F,5
Ammie,F,5
Angella,F,5
Annice,F,5
Antonina,F,5
Arkie,F,5
Arletta,F,5
Arminda,F,5
Arta,F,5
Artelia,F,5
Assunta,F,5
Astrid,F,5
Atlanta,F,5
Auda,F,5
Austie,F,5
Bamma,F,5
Becky,F,5
Belma,F,5
Berna,F,5
Bernetta,F,5
Blonnie,F,5
Bruce,F,5
Buena,F,5
Bular,F,5
Burnice,F,5
Carey,F,5
Carlene,F,5
Carola,F,5
Catalina,F,5
Cathern,F,5
Charlotta,F,5
Charmion,F,5
Chessie,F,5
Chloa,F,5
Chlora,F,5
Cindy,F,5
Clarita,F,5
Clem,F,5
Clemie,F,5
Cleona,F,5
Cloie,F,5
Clotilda,F,5
Columbia,F,5
Coralie,F,5
Corina,F,5
Cornelius,F,5
Cruz,F,5
Daisie,F,5
Dasie,F,5
David,F,5
Deetta,F,5
Dellar,F,5
Dema,F,5
Dorathea,F,5
Dosha,F,5
Doshie,F,5
Dossie,F,5
Earlie,F,5
Echo,F,5
Ednah,F,5
Effa,F,5
Elba,F,5
Elfie,F,5
Elizzie,F,5
Eller,F,5
Elmer,F,5
Elmyra,F,5
Elois,F,5
Elouise,F,5
Elvena,F,5
Elzina,F,5
Epsie,F,5
Erminia,F,5
Ersie,F,5
Estellar,F,5
Ethelle,F,5
Ethlyn,F,5
Eulala,F,5
Eunie,F,5
Evia,F,5
Evy,F,5
Fabiola,F,5
Fedora,F,5
Fidelia,F,5
Fleeta,F,5
Florinda,F,5
Floyd,F,5
Francies,F,5
Frida,F,5
Gabrielle,F,5
Gina,F,5
Girlie,F,5
Gladyce,F,5
Gwen,F,5
Gwladys,F,5
Henretter,F,5
Herlinda,F,5
Hermie,F,5
Hildreth,F,5
Icia,F,5
Idelle,F,5
Ileen,F,5
Isma,F,5
Isola,F,5
Janetta,F,5
Jayne,F,5
Jeanie,F,5
Jim,F,5
Joanne,F,5
Johanne,F,5
Josepha,F,5
Katrina,F,5
Keturah,F,5
Lael,F,5
Lalah,F,5
Lannie,F,5
Laurel,F,5
Lavenia,F,5
Leonarda,F,5
Lester,F,5
Lestie,F,5
Levada,F,5
Lewis,F,5
Lilliam,F,5
Linna,F,5
Loy,F,5
Lulie,F,5
Lulla,F,5
Lurena,F,5
Luttie,F,5
Madalene,F,5
Malissia,F,5
Mamye,F,5
Mandie,F,5
Marcelina,F,5
Margarite,F,5
Margrett,F,5
Marianne,F,5
Mark,F,5
Marry,F,5
Maryellen,F,5
Maudy,F,5
Meadie,F,5
Melvin,F,5
Merna,F,5
Minie,F,5
Natividad,F,5
Nicie,F,5
Nolie,F,5
Ocea,F,5
Odell,F,5
Okla,F,5
Olie,F,5
Oliva,F,5
Orena,F,5
Otie,F,5
Ozie,F,5
Pablita,F,5
Pamela,F,5
Patty,F,5
Pearline,F,5
Penelope,F,5
Pennie,F,5
Percy,F,5
Pheba,F,5
Phila,F,5
Pruda,F,5
Ralph,F,5
Reine,F,5
Rhetta,F,5
Rillie,F,5
Roxanna,F,5
Sabra,F,5
Salina,F,5
Sam,F,5
Sannie,F,5
Saphronia,F,5
Sarepta,F,5
Sidonia,F,5
Silla,F,5
Syble,F,5
Tabitha,F,5
Teckla,F,5
Tera,F,5
Terese,F,5
Teresita,F,5
Tessa,F,5
Texas,F,5
Tomasa,F,5
Tommy,F,5
Toy,F,5
Trinidad,F,5
Trixie,F,5
Vela,F,5
Vianna,F,5
Vicie,F,5
Vila,F,5
Violetta,F,5
Virlie,F,5
Vista,F,5
Vivia,F,5
Vivienne,F,5
Weltha,F,5
Xenia,F,5
Zaidee,F,5
Zylpha,F,5
John,M,8320
William,M,7277
James,M,5335
George,M,4289
Charles,M,3633
Frank,M,3012
Joseph,M,2992
Robert,M,2635
Henry,M,2221
Edward,M,2203
Thomas,M,2153
Harry,M,2128
Walter,M,2015
Arthur,M,1666
Fred,M,1483
Albert,M,1391
Clarence,M,1325
Willie,M,1071
Roy,M,1028
Paul,M,933
Louis,M,913
Carl,M,851
Earl,M,851
Ernest,M,834
Samuel,M,814
Raymond,M,806
Charlie,M,767
Joe,M,763
Harold,M,753
Ralph,M,736
Richard,M,727
David,M,707
Howard,M,641
Elmer,M,610
Jesse,M,577
Herbert,M,569
Andrew,M,562
Alfred,M,551
Oscar,M,549
Daniel,M,516
Lawrence,M,509
Leo,M,509
Sam,M,487
Will,M,485
Francis,M,480
Jack,M,479
Lee,M,478
Benjamin,M,452
Herman,M,439
Eugene,M,430
Floyd,M,427
Michael,M,413
Peter,M,412
Frederick,M,406
Claude,M,389
Ray,M,380
Chester,M,377
Lewis,M,377
Clyde,M,370
Edwin,M,346
Leonard,M,342
Tom,M,335
Ben,M,324
Edgar,M,323
Martin,M,317
Russell,M,300
Homer,M,296
Lester,M,295
Otto,M,283
Harvey,M,282
Jim,M,279
Clifford,M,272
Luther,M,269
Jacob,M,266
Lloyd,M,263
Guy,M,261
Bernard,M,259
Leroy,M,249
Jessie,M,245
Hugh,M,243
Leslie,M,235
Patrick,M,233
Stanley,M,233
Ed,M,229
Eddie,M,228
Anthony,M,221
Leon,M,219
Oliver,M,216
Archie,M,212
Horace,M,211
Norman,M,211
Philip,M,211
Theodore,M,208
Everett,M,207
Ira,M,207
Donald,M,203
Alexander,M,199
Allen,M,196
Victor,M,196
Cecil,M,192
August,M,190
Milton,M,188
Alvin,M,179
Stephen,M,179
Charley,M,178
Sidney,M,178
Isaac,M,172
Julius,M,165
Percy,M,164
Warren,M,160
Melvin,M,158
Wesley,M,156
Glenn,M,150
Bert,M,149
Marion,M,148
Virgil,M,146
Alex,M,143
Earnest,M,143
Mack,M,140
Dave,M,139
Emmett,M,138
Emil,M,136
Maurice,M,136
Rufus,M,135
Willis,M,135
Vincent,M,134
Otis,M,133
Gilbert,M,132
Vernon,M,131
Calvin,M,130
Kenneth,M,127
Morris,M,125
Wilbur,M,125
Johnnie,M,120
Lonnie,M,120
Nathan,M,119
Wallace,M,119
Willard,M,113
Matthew,M,112
Irving,M,110
Felix,M,109
Dennis,M,108
Nelson,M,108
Marvin,M,107
Elbert,M,106
Hubert,M,106
Rudolph,M,106
Gordon,M,104
Jose,M,104
Franklin,M,103
Glen,M,102
Jerry,M,102
Jess,M,102
Mark,M,102
Reuben,M,102
Ellis,M,100
Marshall,M,100
Sylvester,M,99
Manuel,M,98
Perry,M,97
Roland,M,97
Amos,M,96
Arnold,M,96
Dan,M,96
Max,M,95
Aaron,M,94
Abraham,M,94
Grover,M,93
Clifton,M,92
Orville,M,92
Clinton,M,91
Jake,M,91
Jay,M,91
Roscoe,M,91
Bill,M,90
Edmund,M,90
Ollie,M,90
Phillip,M,90
Curtis,M,89
Claud,M,88
Forrest,M,88
Adolph,M,86
Clayton,M,86
Cornelius,M,86
Alonzo,M,85
Mike,M,85
Nicholas,M,84
Bennie,M,82
Harrison,M,81
Adam,M,78
Don,M,78
Grant,M,77
Gerald,M,76
Elijah,M,75
Owen,M,75
Sherman,M,75
Alva,M,74
Ross,M,73
Gus,M,72
Levi,M,72
Nathaniel,M,72
Noah,M,72
Jasper,M,71
Steve,M,71
Wilson,M,71
Moses,M,70
Roger,M,69
Dock,M,68
Harley,M,68
Silas,M,68
Karl,M,67
Bruce,M,66
Pete,M,66
Irvin,M,65
Jeff,M,65
Jimmie,M,65
Emanuel,M,64
Anton,M,63
Monroe,M,63
Fredrick,M,62
Hiram,M,62
Mose,M,62
Carroll,M,61
Douglas,M,61
Juan,M,61
Wiley,M,61
Christopher,M,60
Timothy,M,60
Grady,M,59
Jerome,M,58
Johnie,M,58
Laurence,M,58
Preston,M,58
Simon,M,57
Byron,M,56
Wayne,M,56
Austin,M,55
Barney,M,55
Eli,M,55
Julian,M,55
Loyd,M,55
Abe,M,54
Bob,M,54
Leland,M,54
Christian,M,53
Clark,M,53
Earle,M,53
Luke,M,53
Forest,M,52
Ora,M,52
Cleveland,M,51
Ervin,M,51
Solomon,M,51
Augustus,M,50
Edmond,M,50
Millard,M,50
Gustave,M,49
Ivan,M,49
Riley,M,49
Ward,M,48
Mary,M,47
Erwin,M,46
Louie,M,46
Lynn,M,46
Merle,M,46
Ezra,M,45
Pearl,M,45
Ike,M,44
Elwood,M,43
Scott,M,43
Tony,M,43
Ulysses,M,43
Vern,M,43
Columbus,M,42
Emory,M,42
Chris,M,41
Edd,M,41
Wilfred,M,41
Asa,M,40
Dewitt,M,40
Lyle,M,40
Andy,M,39
Enoch,M,39
Hugo,M,39
Irwin,M,39
Murray,M,39
Stewart,M,39
Wade,M,39
Ambrose,M,38
Ferdinand,M,38
Fletcher,M,38
Neal,M,38
Ned,M,38
Tommie,M,38
Aubrey,M,37
Ellsworth,M,37
Emery,M,37
Joel,M,37
Larry,M,37
Ruben,M,37
Antonio,M,36
Marcus,M,36
Pat,M,36
Walker,M,36
Isiah,M,35
Johnny,M,35
Spencer,M,35
Sterling,M,35
Wilbert,M,35
Conrad,M,34
Major,M,34
Mckinley,M,34
Myron,M,34
Rex,M,34
Van,M,34
Allie,M,33
Bud,M,33
Clay,M,33
Dallas,M,33
Delbert,M,33
Elisha,M,33
Malcolm,M,33
Mathew,M,33
Miles,M,33
Newton,M,33
Dee,M,32
Jackson,M,32
Royal,M,32
Anderson,M,31
Boyd,M,31
Clair,M,31
Elliott,M,31
Emmet,M,31
Lon,M,31
Mitchell,M,31
Neil,M,31
Bertram,M,30
Garland,M,30
Loren,M,30
Chauncey,M,29
Elias,M,29
Granville,M,29
Joshua,M,29
Nick,M,29
Randolph,M,29
Troy,M,29
Clem,M,28
Clement,M,28
Dewey,M,28
Gene,M,28
Jefferson,M,28
Jeremiah,M,28
Lowell,M,28
Lucius,M,28
Noble,M,28
Oren,M,28
Shirley,M,28
Aloysius,M,27
Bryan,M,27
Burton,M,27
Carlton,M,27
Foster,M,27
Freeman,M,27
Josh,M,27
Napoleon,M,27
Ramon,M,27
Wilmer,M,27
Alton,M,26
Archibald,M,26
Bradley,M,26
Dale,M,26
Elmo,M,26
Jonas,M,26
Jordan,M,26
Lincoln,M,26
Lorenzo,M,26
Matt,M,26
Morgan,M,26
Omer,M,26
Reginald,M,26
Taylor,M,26
Vance,M,26
Alphonse,M,25
Cyrus,M,25
Elvin,M,25
Henderson,M,25
Merrill,M,25
Porter,M,25
Ronald,M,25
Arther,M,24
Early,M,24
Freddie,M,24
Hollis,M,24
Isaiah,M,24
King,M,24
Sol,M,24
Sydney,M,24
Ted,M,24
Al,M,23
Dudley,M,23
Fay,M,23
Herschel,M,23
Jason,M,23
Judson,M,23
Junius,M,23
Kelly,M,23
Lafayette,M,23
Lemuel,M,23
Morton,M,23
Pedro,M,23
Sanford,M,23
Valentine,M,23
Wendell,M,23
Adolphus,M,22
Allan,M,22
Basil,M,22
Burt,M,22
Dick,M,22
Dwight,M,22
Hans,M,22
Harris,M,22
Houston,M,22
Judge,M,22
Omar,M,22
Winfield,M,22
Alan,M,21
Arlie,M,21
Cliff,M,21
Cyril,M,21
Emerson,M,21
Emile,M,21
Haywood,M,21
Lyman,M,21
Rollie,M,21
Wilber,M,21
Zack,M,21
Avery,M,20
Axel,M,20
Buford,M,20
Carlos,M,20
Dean,M,20
Eric,M,20
Francisco,M,20
General,M,20
Gust,M,20
Hal,M,20
Lenard,M,20
Lucious,M,20
Nels,M,20
Ole,M,20
Sandy,M,20
Stuart,M,20
Tommy,M,20
Verne,M,20
Waldo,M,20
Addison,M,19
Cleo,M,19
Coy,M,19
Elmore,M,19
Elza,M,19
Florence,M,19
Garrett,M,19
Gustav,M,19
Isadore,M,19
Jean,M,19
Lionel,M,19
Mason,M,19
Maynard,M,19
Melville,M,19
Olin,M,19
Reed,M,19
Rodney,M,19
Roman,M,19
Ruby,M,19
Washington,M,19
Abram,M,18
Adrian,M,18
Anna,M,18
Benjiman,M,18
Berry,M,18
Hardy,M,18
Ivy,M,18
Lige,M,18
Milo,M,18
Norbert,M,18
Prince,M,18
Russel,M,18
Seth,M,18
Wilford,M,18
Wylie,M,18
Carey,M,17
Christ,M,17
Delmar,M,17
Elizabeth,M,17
Green,M,17
Helen,M,17
Jesus,M,17
Jules,M,17
Noel,M,17
Thurman,M,17
Abner,M,16
Adelard,M,16
Alma,M,16
Artie,M,16
Buster,M,16
Chas,M,16
Cleve,M,16
Connie,M,16
Dorsey,M,16
Elton,M,16
Emmitt,M,16
Esther,M,16
Frances,M,16
Hezekiah,M,16
Hobart,M,16
Howell,M,16
Ivory,M,16
Lonzo,M,16
Miguel,M,16
Obie,M,16
Pablo,M,16
Raleigh,M,16
Sammie,M,16
Shelby,M,16
Smith,M,16
Steven,M,16
Vivian,M,16
Webster,M,16
Angus,M,15
Annie,M,15
Arch,M,15
Clint,M,15
Dominick,M,15
Ethel,M,15
Evert,M,15
Fritz,M,15
Garfield,M,15
Guss,M,15
Hamilton,M,15
Harmon,M,15
Israel,M,15
Levy,M,15
Logan,M,15
Lucian,M,15
Ludwig,M,15
Madison,M,15
Milford,M,15
Otho,M,15
Parker,M,15
Phil,M,15
Pink,M,15
Rupert,M,15
Talmage,M,15
Tim,M,15
Truman,M,15
Albin,M,14
Alvah,M,14
Bernie,M,14
Bruno,M,14
Casper,M,14
Davis,M,14
Duncan,M,14
Eldridge,M,14
Frederic,M,14
Gabriel,M,14
Gerard,M,14
Graham,M,14
Jule,M,14
Mathias,M,14
Merritt,M,14
Mervin,M,14
Norris,M,14
Odie,M,14
Orval,M,14
Otha,M,14
Pierce,M,14
Theo,M,14
Wm,M,14
Alvis,M,13
Angelo,M,13
Bertha,M,13
Billie,M,13
Ernst,M,13
Evan,M,13
Evans,M,13
Gail,M,13
Hazel,M,13
Heber,M,13
Johnson,M,13
Lem,M,13
Leopold,M,13
Linwood,M,13
Lucien,M,13
Maxwell,M,13
Newman,M,13
Oral,M,13
Orlando,M,13
Oswald,M,13
Palmer,M,13
Paris,M,13
Ransom,M,13
Rogers,M,13
Santiago,M,13
Saul,M,13
Terry,M,13
Turner,M,13
Warner,M,13
Winfred,M,13
Bonnie,M,12
Buck,M,12
Cal,M,12
Coleman,M,12
Dana,M,12
Denis,M,12
Denver,M,12
Emma,M,12
Gary,M,12
Gaston,M,12
Gertrude,M,12
Hallie,M,12
Harlan,M,12
Harper,M,12
Hosea,M,12
Hoyt,M,12
Hyman,M,12
Jimmy,M,12
Lacy,M,12
Lillian,M,12
Lonie,M,12
Mahlon,M,12
Merton,M,12
Meyer,M,12
Myrtle,M,12
Olen,M,12
Oran,M,12
Roosevelt,M,12
Thornton,M,12
Tillman,M,12
Watson,M,12
Benton,M,11
Billy,M,11
Bradford,M,11
Brady,M,11
Cary,M,11
Clara,M,11
Colonel,M,11
Corbett,M,11
Crawford,M,11
Dalton,M,11
Egbert,M,11
Fate,M,11
Golden,M,11
Isom,M,11
Issac,M,11
Jewel,M,11
Jewell,M,11
Lambert,M,11
Lindsay,M,11
Lindsey,M,11
Mattie,M,11
Murphy,M,11
Murry,M,11
Nat,M,11
Olaf,M,11
Orrin,M,11
Ottis,M,11
Quincy,M,11
Rafael,M,11
Reid,M,11
Roe,M,11
Seymour,M,11
Sim,M,11
Simeon,M,11
Son,M,11
Talmadge,M,11
Thad,M,11
Theron,M,11
Tracy,M,11
Vernie,M,11
Walton,M,11
West,M,11
Wyatt,M,11
Zeb,M,11
Zollie,M,11
Alfonso,M,10
Alfredo,M,10
Armand,M,10
Aron,M,10
Ashley,M,10
Bailey,M,10
Bart,M,10
Benny,M,10
Bishop,M,10
Brooks,M,10
Byrd,M,10
Caleb,M,10
Carleton,M,10
Carlyle,M,10
Carson,M,10
Cletus,M,10
Cloyd,M,10
Collie,M,10
Dayton,M,10
Dominic,M,10
Earlie,M,10
Elie,M,10
Ely,M,10
Elzie,M,10
Enos,M,10
Enrique,M,10
Ephraim,M,10
Ewing,M,10
Finis,M,10
Geo,M,10
Godfrey,M,10
Harland,M,10
Hartley,M,10
Hayward,M,10
Helmer,M,10
Henery,M,10
Ida,M,10
Isham,M,10
Jodie,M,10
Jonathan,M,10
June,M,10
Lamar,M,10
Larkin,M,10
Llewellyn,M,10
Louise,M,10
Mat,M,10
Merlin,M,10
Miller,M,10
Mitchel,M,10
Richmond,M,10
Sampson,M,10
Travis,M,10
Virgle,M,10
Williams,M,10
Acie,M,9
Ada,M,9
Alta,M,9
Ansel,M,9
Bennett,M,9
Bertie,M,9
Burley,M,9
Butler,M,9
Carter,M,9
Clarance,M,9
Clare,M,9
Cora,M,9
Doc,M,9
Eldon,M,9
Ellwood,M,9
Elsie,M,9
Emmit,M,9
Essie,M,9
Everette,M,9
Ezekiel,M,9
Fenton,M,9
Grace,M,9
Gregory,M,9
Hamp,M,9
Hershel,M,9
Hubbard,M,9
Isreal,M,9
Ivey,M,9
Jennings,M,9
Joesph,M,9
Jonnie,M,9
Lawerence,M,9
Lawson,M,9
Leander,M,9
Lew,M,9
Lou,M,9
Loy,M,9
Luis,M,9
Margaret,M,9
Marie,M,9
Martha,M,9
Minnie,M,9
Nellie,M,9
Orie,M,9
Orlo,M,9
Pleas,M,9
Raphael,M,9
Rolla,M,9
Rolland,M,9
Rollin,M,9
Tobe,M,9
Unknown,M,9
Wash,M,9
Waverly,M,9
Wilburn,M,9
Wilton,M,9
Alden,M,8
Alice,M,8
Allison,M,8
Alpheus,M,8
Alphonsus,M,8
Alto,M,8
Andres,M,8
Antone,M,8
Augusta,M,8
Belton,M,8
Benedict,M,8
Blaine,M,8
Burl,M,8
Curley,M,8
Damon,M,8
Dell,M,8
Delos,M,8
Dexter,M,8
Einar,M,8
Elder,M,8
Eliga,M,8
Elwin,M,8
Ephriam,M,8
Felipe,M,8
Ferd,M,8
Ford,M,8
French,M,8
Gabe,M,8
Galen,M,8
Garnett,M,8
Giles,M,8
Hattie,M,8
Hayes,M,8
Hilton,M,8
Hobert,M,8
Hosie,M,8
Hurley,M,8
Ignatius,M,8
Irl,M,8
Isidore,M,8
Jones,M,8
Junious,M,8
Kirby,M,8
Leigh,M,8
Lillie,M,8
Maxie,M,8
Mayo,M,8
Melton,M,8
Micheal,M,8
Mont,M,8
Montie,M,8
Mortimer,M,8
Myles,M,8
Newell,M,8
Nolan,M,8
Ocie,M,8
Okey,M,8
Orion,M,8
Osie,M,8
Rae,M,8
Randall,M,8
Reese,M,8
Rocco,M,8
Rose,M,8
Salvatore,M,8
Sarah,M,8
Sebastian,M,8
Shellie,M,8
Sheridan,M,8
Sid,M,8
Sigurd,M,8
Spurgeon,M,8
Thompson,M,8
Vester,M,8
Vicente,M,8
Worth,M,8
Young,M,8
Addie,M,7
Adelbert,M,7
Alford,M,7
Alonza,M,7
Alvie,M,7
Arley,M,7
Art,M,7
Arvil,M,7
Augustine,M,7
Baxter,M,7
Bee,M,7
Benjaman,M,7
Bessie,M,7
Blair,M,7
Brown,M,7
Bryant,M,7
Burrell,M,7
Cameron,M,7
Casimer,M,7
Chalmers,M,7
Christy,M,7
Clemens,M,7
Clive,M,7
Coley,M,7
Collins,M,7
Courtney,M,7
Cullen,M,7
Danial,M,7
Dannie,M,7
Doctor,M,7
Doyle,M,7
Duke,M,7
Eben,M,7
Edmon,M,7
Effie,M,7
Eldred,M,7
Eligah,M,7
Ellie,M,7
Elliot,M,7
Elroy,M,7
Elwyn,M,7
Elzy,M,7
Emilio,M,7
Encarnacion,M,7
Ernie,M,7
Estel,M,7
Evander,M,7
Ewell,M,7
Gaither,M,7
Gerhard,M,7
Gottlieb,M,7
Grafton,M,7
Guthrie,M,7
Hampton,M,7
Harlow,M,7
Hayden,M,7
Hector,M,7
Horton,M,7
Hosteen,M,7
Hunter,M,7
Huston,M,7
Jacques,M,7
Jettie,M,7
Jonah,M,7
Josiah,M,7
Kyle,M,7
Lannie,M,7
Lea,M,7
Lennie,M,7
Leonce,M,7
Loran,M,7
Lucy,M,7
Lum,M,7
Mamie,M,7
Minor,M,7
Moe,M,7
Nestor,M,7
Norval,M,7
Norwood,M,7
Oakley,M,7
Odell,M,7
Odis,M,7
Orin,M,7
Orland,M,7
Orson,M,7
Ovila,M,7
Park,M,7
Pierre,M,7
Pinkney,M,7
Price,M,7
Reynold,M,7
Reynolds,M,7
Royce,M,7
Rubin,M,7
Ruth,M,7
Shelley,M,7
Susie,M,7
Toy,M,7
True,M,7
Urban,M,7
Vaughn,M,7
Willam,M,7
Winford,M,7
Winston,M,7
Woodie,M,7
Zeke,M,7
Abel,M,6
Alf,M,6
Alois,M,6
Alwin,M,6
Anson,M,6
Arvel,M,6
Ashby,M,6
Asher,M,6
Audie,M,6
Barnie,M,6
Bartholomew,M,6
Bedford,M,6
Benson,M,6
Bernardo,M,6
Bernice,M,6
Burnie,M,6
Burns,M,6
Carlie,M,6
Carol,M,6
Casimir,M,6
Cassius,M,6
Cephus,M,6
Chalmer,M,6
Charlton,M,6
Claudius,M,6
Claus,M,6
Clell,M,6
Dillard,M,6
Dillon,M,6
Donnie,M,6
Douglass,M,6
Edson,M,6
Eduardo,M,6
Emit,M,6
Ennis,M,6
Eunice,M,6
Ferris,M,6
Frazier,M,6
Furman,M,6
Gale,M,6
Gardner,M,6
Gladys,M,6
Gustaf,M,6
Hall,M,6
Harvie,M,6
Hermon,M,6
Hillard,M,6
Holland,M,6
Hudson,M,6
Ignacio,M,6
Irven,M,6
Junior,M,6
Justin,M,6
Keith,M,6
Kent,M,6
Landon,M,6
Lauren,M,6
Laverne,M,6
Lawyer,M,6
Lemon,M,6
Lindley,M,6
Loyal,M,6
Lucas,M,6
Marcel,M,6
Maude,M,6
Milburn,M,6
Mildred,M,6
Nora,M,6
Olan,M,6
Olie,M,6
Orley,M,6
Ossie,M,6
Ottie,M,6
Overton,M,6
Pasquale,M,6
Patsy,M,6
Peyton,M,6
Prentiss,M,6
Raymon,M,6
Reinhard,M,6
Reinhold,M,6
Rene,M,6
Rob,M,6
Roby,M,6
Rosco,M,6
Rube,M,6
Rueben,M,6
Rush,M,6
Shelly,M,6
Shelton,M,6
Sonny,M,6
Stanford,M,6
Terrence,M,6
Tex,M,6
Titus,M,6
Toby,M,6
Tomas,M,6
Verl,M,6
Verner,M,6
Wayman,M,6
Worley,M,6
Ace,M,5
Albertus,M,5
Albion,M,5
Alec,M,5
Alexis,M,5
Algie,M,5
Alphonzo,M,5
Ancil,M,5
Arden,M,5
Asberry,M,5
Audrey,M,5
Auther,M,5
Babe,M,5
Baker,M,5
Ballard,M,5
Bernhard,M,5
Beverly,M,5
Birdie,M,5
Blake,M,5
Booker,M,5
Boss,M,5
Boyce,M,5
Callie,M,5
Carmen,M,5
Carrol,M,5
Casey,M,5
Cedric,M,5
Charly,M,5
Chin,M,5
Christie,M,5
Cicero,M,5
Claudie,M,5
Clovis,M,5
Colbert,M,5
Colin,M,5
Collin,M,5
Conley,M,5
Cooper,M,5
Cornelious,M,5
Daisy,M,5
Darrell,M,5
Della,M,5
Dorothy,M,5
Dow,M,5
Drew,M,5
Durward,M,5
Earley,M,5
Edison,M,5
Elgie,M,5
Elgin,M,5
Ellen,M,5
Elva,M,5
Elvis,M,5
Erich,M,5
Erick,M,5
Erving,M,5
Euel,M,5
Eva,M,5
Federico,M,5
Felton,M,5
Fernando,M,5
Fidel,M,5
Fillmore,M,5
Florian,M,5
Franz,M,5
Frederich,M,5
Gaines,M,5
Garret,M,5
Gaylord,M,5
Geoffrey,M,5
Georgia,M,5
Glover,M,5
Gorden,M,5
Gray,M,5
Gurney,M,5
Gussie,M,5
Harless,M,5
Harlie,M,5
Harm,M,5
Hartford,M,5
Hartwell,M,5
Herb,M,5
Hilding,M,5
Hjalmar,M,5
Hjalmer,M,5
Hollie,M,5
Horatio,M,5
Huey,M,5
Hurbert,M,5
Irene,M,5
Jennie,M,5
Josephus,M,5
Julious,M,5
Kirk,M,5
Lafe,M,5
Laura,M,5
Laurel,M,5
Layton,M,5
Lazarus,M,5
Leighton,M,5
Lenord,M,5
Leonidas,M,5
Less,M,5
Linus,M,5
Linzy,M,5
Lisle,M,5
Lola,M,5
Loney,M,5
Loranzo,M,5
Love,M,5
Macy,M,5
Mae,M,5
Manly,M,5
Mannie,M,5
Manning,M,5
Marquis,M,5
Mart,M,5
Matthias,M,5
Mell,M,5
Meredith,M,5
Merl,M,5
Monte,M,5
Needham,M,5
Nile,M,5
Nina,M,5
Norton,M,5
Obert,M,5
Odus,M,5
Orange,M,5
Perley,M,5
Press,M,5
Reece,M,5
Reuel,M,5
Rosie,M,5
Roswell,M,5
Rudy,M,5
Sadie,M,5
Sebron,M,5
Selmer,M,5
Seward,M,5
Sigmund,M,5
Stclair,M,5
Stephan,M,5
Sumpter,M,5
Terrance,M,5
Theresa,M,5
Thurston,M,5
Tilden,M,5
Tyler,M,5
Vere,M,5
Virginia,M,5
Volney,M,5
Waymon,M,5
Weldon,M,5
Wellington,M,5
Wells,M,5
Wess,M,5
Westley,M,5
Whit,M,5
Wilfrid,M,5
Wilhelm,M,5
Wong,M,5
Yee,M,5
