name,gender,count
Mary,F,9128
Anna,F,3994
Emma,F,2728
Elizabeth,F,2582
Margaret,F,2204
Minnie,F,2178
Clara,F,1910
Bertha,F,1860
Ida,F,1854
Annie,F,1703
Alice,F,1681
Florence,F,1667
Bessie,F,1588
Grace,F,1575
Ethel,F,1495
Nellie,F,1432
Martha,F,1425
Sarah,F,1424
Ella,F,1395
Mabel,F,1349
Laura,F,1325
Carrie,F,1283
Cora,F,1253
Maude,F,1222
Rose,F,1164
Pearl,F,1146
Lillian,F,1143
Helen,F,1134
Gertrude,F,1086
Edna,F,1077
Edith,F,1071
Julia,F,1062
Jennie,F,1045
Myrtle,F,1026
Mattie,F,1014
Hattie,F,1008
Lillie,F,979
Eva,F,971
Louise,F,956
Jessie,F,952
Lula,F,949
Marie,F,885
Ada,F,876
Lena,F,876
Catherine,F,846
Frances,F,844
Fannie,F,783
Josephine,F,783
Dora,F,776
Katherine,F,751
Maggie,F,716
Lucy,F,711
Blanche,F,710
Agnes,F,695
Elsie,F,685
Nora,F,670
Stella,F,649
Rosa,F,623
Effie,F,613
Daisy,F,607
May,F,607
Mamie,F,606
Mae,F,578
Ellen,F,555
Lizzie,F,537
Nettie,F,536
Nancy,F,527
Alma,F,515
Sadie,F,514
Ruth,F,506
Della,F,500
Susie,F,477
Sallie,F,457
Flora,F,445
Maud,F,429
Addie,F,406
Lydia,F,404
Caroline,F,399
Mollie,F,396
Lottie,F,393
Katie,F,388
Irene,F,376
Etta,F,372
Georgia,F,371
Lulu,F,360
Olive,F,349
Emily,F,346
Viola,F,345
Harriet,F,342
Amanda,F,339
Jane,F,330
Esther,F,320
Kathryn,F,320
Charlotte,F,317
Willie,F,312
Beulah,F,309
Kate,F,309
Ollie,F,305
Rebecca,F,302
Susan,F,302
Eliza,F,300
Amelia,F,298
Virginia,F,289
Nannie,F,285
Hazel,F,281
Ruby,F,272
Matilda,F,260
Belle,F,255
Pauline,F,254
Estella,F,246
Mildred,F,245
Amy,F,240
Hannah,F,236
Theresa,F,232
Leona,F,231
Iva,F,229
Henrietta,F,225
Augusta,F,223
Eleanor,F,222
Ora,F,218
Sara,F,215
Rachel,F,212
Josie,F,211
Ann,F,208
Anne,F,203
Marion,F,198
Mayme,F,198
Dorothy,F,196
Barbara,F,195
Nina,F,193
Evelyn,F,191
Lola,F,191
Beatrice,F,188
Sophia,F,185
Estelle,F,183
Mable,F,180
Allie,F,176
Maria,F,175
Lela,F,168
Goldie,F,167
Victoria,F,163
Eula,F,158
Callie,F,157
Alta,F,155
Betty,F,155
Delia,F,155
Janie,F,155
Celia,F,153
Essie,F,153
Millie,F,152
Nell,F,151
Inez,F,150
Rena,F,148
Rosie,F,142
Ola,F,139
Louisa,F,138
Eunice,F,136
Lou,F,135
Christine,F,132
Birdie,F,131
Luella,F,131
Bettie,F,127
Bertie,F,126
Ina,F,126
Sophie,F,125
Vera,F,124
Leila,F,123
Hilda,F,121
Olga,F,121
Winifred,F,120
Hulda,F,113
Lora,F,113
Sylvia,F,112
Dollie,F,110
Nelle,F,109
Elva,F,108
Verna,F,108
Christina,F,107
Sally,F,107
Hettie,F,106
Rhoda,F,106
Isabelle,F,105
Lois,F,105
Lelia,F,104
Isabel,F,102
Mathilda,F,102
Tillie,F,101
Lucille,F,100
Jean,F,99
Cornelia,F,98
Alberta,F,97
Bess,F,97
Bernice,F,96
Adelaide,F,94
Sue,F,94
Violet,F,92
Gladys,F,91
Loretta,F,91
Frieda,F,90
Abbie,F,88
Lily,F,88
Lura,F,88
Roxie,F,88
Genevieve,F,87
Gertie,F,87
Gussie,F,87
Johanna,F,87
Adeline,F,86
Carolyn,F,86
Helena,F,86
Marguerite,F,86
Fanny,F,85
Hester,F,85
Leah,F,85
Cecelia,F,84
Lucinda,F,84
Myra,F,84
Mina,F,82
Jeannette,F,81
Lilly,F,80
Winnie,F,80
Harriett,F,78
Katharine,F,78
Lucile,F,78
Minerva,F,77
Virgie,F,77
Elma,F,76
Jeanette,F,76
Wilhelmina,F,76
Hallie,F,75
Flossie,F,73
Lenora,F,73
Dessie,F,72
Meta,F,72
Phoebe,F,72
Adele,F,71
Cecilia,F,71
Regina,F,71
Lettie,F,70
Mabelle,F,70
Irma,F,69
Eugenia,F,68
Lida,F,68
Naomi,F,68
Selma,F,68
Blanch,F,67
Claudia,F,67
Freda,F,67
Elsa,F,66
Francis,F,66
Teresa,F,66
Marian,F,64
Mittie,F,63
Lila,F,62
Cassie,F,60
Emilie,F,60
Linda,F,60
Myrtie,F,60
Cynthia,F,59
Marjorie,F,59
Olivia,F,59
Cordelia,F,58
Orpha,F,57
Catharine,F,56
Zella,F,56
Elnora,F,55
Erma,F,55
Linnie,F,55
Madge,F,55
Mandy,F,55
Maudie,F,54
Bonnie,F,53
Elvira,F,53
Leola,F,53
Alvina,F,51
Juanita,F,51
Norma,F,51
Ophelia,F,51
Vivian,F,51
Artie,F,50
Geneva,F,50
Ivy,F,50
Annette,F,49
Claire,F,49
Kittie,F,49
Lorena,F,49
Lyda,F,49
Margie,F,49
Rosalie,F,49
Fay,F,48
Isabella,F,48
Louella,F,48
Zora,F,48
Janet,F,46
Lee,F,46
Bell,F,45
John,F,45
Malinda,F,45
Melissa,F,45
Pearle,F,45
Pearlie,F,45
Roberta,F,45
Dolly,F,44
Fern,F,44
Melvina,F,44
Dona,F,43
Floy,F,43
Letha,F,43
Lilla,F,43
Lina,F,43
Polly,F,43
Vina,F,43
Eda,F,42
Ila,F,42
Leota,F,42
Miriam,F,42
Antoinette,F,41
Dovie,F,41
Madeline,F,41
Rosetta,F,41
Gracie,F,40
Joanna,F,40
Neva,F,40
Edythe,F,39
Isabell,F,39
Margret,F,39
Mertie,F,39
Nola,F,39
Bridget,F,38
Evie,F,38
Georgie,F,38
Golda,F,38
Kathleen,F,38
Lessie,F,38
Nona,F,38
Zula,F,38
Alpha,F,35
Berta,F,35
Corinne,F,35
Frankie,F,35
Anita,F,34
Chloe,F,34
Dorothea,F,34
Hilma,F,34
June,F,34
Lucretia,F,34
Veronica,F,34
Antonia,F,33
Lavina,F,33
Ona,F,33
Pansy,F,33
Sudie,F,33
William,F,33
Adah,F,32
Cecile,F,32
Cleo,F,32
Elisabeth,F,32
Leta,F,32
Lona,F,32
Magdalena,F,32
Phebe,F,32
Priscilla,F,32
Tina,F,32
Velma,F,32
Cecil,F,31
Constance,F,31
Ettie,F,31
Johnnie,F,31
Maybelle,F,31
Nan,F,31
Opal,F,31
Rita,F,31
Belva,F,30
Doris,F,30
Eloise,F,30
Faye,F,30
Lue,F,30
Molly,F,30
Rilla,F,30
Angie,F,29
Audrey,F,29
Clementine,F,29
Emelia,F,29
George,F,29
Rosella,F,29
Helene,F,28
Inga,F,28
Jimmie,F,28
Lennie,F,28
Mazie,F,28
Retta,F,28
Una,F,28
Vinnie,F,28
Angeline,F,27
Annabelle,F,27
Clare,F,27
Dena,F,27
Leonora,F,27
Marcella,F,27
Oma,F,27
Susanna,F,27
Tennie,F,27
Vesta,F,27
Zoe,F,27
Adella,F,26
Donna,F,26
Ernestine,F,26
James,F,26
Mariah,F,26
Muriel,F,26
Savannah,F,26
Tena,F,26
Aline,F,25
Bella,F,25
Clyde,F,25
Eddie,F,25
Elise,F,25
Ellie,F,25
Harriette,F,25
Kathrine,F,25
Lenna,F,25
Lovie,F,25
Malissa,F,25
Meda,F,25
Ray,F,25
Vida,F,25
Willa,F,25
Albina,F,24
Avis,F,24
Carmen,F,24
Charles,F,24
Dixie,F,24
Georgiana,F,24
Georgianna,F,24
Jannie,F,24
Missouri,F,24
Octavia,F,24
Adelia,F,23
Besse,F,23
Christena,F,23
Emmer,F,23
Iona,F,23
Lucia,F,23
Marcia,F,23
Wilma,F,23
Adda,F,22
Connie,F,22
Corrie,F,22
Donie,F,22
Elizebeth,F,22
Glenna,F,22
Lavinia,F,22
Lenore,F,22
Lilian,F,22
Reba,F,22
Tommie,F,22
Vernie,F,22
Winnifred,F,22
Charity,F,21
Donnie,F,21
Era,F,21
Leora,F,21
Mallie,F,21
Manda,F,21
Mellie,F,21
Patsy,F,21
Rosanna,F,21
Vada,F,21
Vallie,F,21
Annetta,F,20
Cordie,F,20
Florida,F,20
Hope,F,20
Hortense,F,20
Iola,F,20
Ione,F,20
Lotta,F,20
Ludie,F,20
Luvenia,F,20
Magdalene,F,20
Minna,F,20
Pattie,F,20
Rowena,F,20
Adaline,F,19
Agatha,F,19
Amalia,F,19
Clarice,F,19
Easter,F,19
Eleanora,F,19
Eugenie,F,19
Geraldine,F,19
Henry,F,19
Julie,F,19
Liza,F,19
Louie,F,19
Myrta,F,19
Pinkie,F,19
Tessie,F,19
Ursula,F,19
America,F,18
Angela,F,18
Angelina,F,18
Ava,F,18
Carolina,F,18
Cathrine,F,18
Clora,F,18
Corine,F,18
Elinor,F,18
Frank,F,18
Idella,F,18
Kitty,F,18
Lelah,F,18
Letitia,F,18
Libbie,F,18
Marietta,F,18
Mathilde,F,18
Sena,F,18
Theodora,F,18
Zelma,F,18
Aimee,F,17
Almeda,F,17
Alva,F,17
Ara,F,17
Aurelia,F,17
Camille,F,17
Docia,F,17
Elda,F,17
Gail,F,17
Jenny,F,17
Mahala,F,17
Mame,F,17
Maybell,F,17
Mona,F,17
Natalie,F,17
Odessa,F,17
Queen,F,17
Rae,F,17
Samantha,F,17
Tilda,F,17
Veda,F,17
Verda,F,17
Alida,F,16
Altha,F,16
Celeste,F,16
Celina,F,16
Delphia,F,16
Ethyl,F,16
Evalyn,F,16
Lea,F,16
Maye,F,16
Merle,F,16
Mintie,F,16
Onie,F,16
Paula,F,16
Shirley,F,16
Sophronia,F,16
Alda,F,15
Anastasia,F,15
Camilla,F,15
Elmira,F,15
Erna,F,15
Ethelyn,F,15
Iris,F,15
Jesse,F,15
Lonnie,F,15
Louvenia,F,15
Luna,F,15
Neta,F,15
Norah,F,15
Ottilie,F,15
Petra,F,15
Selena,F,15
Tressa,F,15
Vella,F,15
Vena,F,15
Althea,F,14
Amie,F,14
Arrie,F,14
Bennie,F,14
Bulah,F,14
Cordia,F,14
Dicie,F,14
Effa,F,14
Emilia,F,14
Esta,F,14
Estell,F,14
Etha,F,14
Hanna,F,14
India,F,14
Ira,F,14
Isa,F,14
Johnie,F,14
Joseph,F,14
Judith,F,14
Lonie,F,14
Lutie,F,14
Margaretta,F,14
Matie,F,14
Maymie,F,14
Mettie,F,14
Minta,F,14
Paralee,F,14
Philomena,F,14
Prudence,F,14
Viva,F,14
Winona,F,14
Zona,F,14
Adela,F,13
Adline,F,13
Almira,F,13
Arie,F,13
Betsy,F,13
Clotilde,F,13
Diana,F,13
Edyth,F,13
Emmie,F,13
Jeanne,F,13
Kathryne,F,13
Lauretta,F,13
Lucie,F,13
Philomene,F,13
Pollie,F,13
Serena,F,13
Tempie,F,13
Therese,F,13
Tressie,F,13
Valeria,F,13
Zetta,F,13
Beryl,F,12
Birtie,F,12
Cara,F,12
Claudie,F,12
Clemmie,F,12
Corda,F,12
Delilah,F,12
Dinah,F,12
Eleanore,F,12
Exie,F,12
Frona,F,12
Genie,F,12
Icie,F,12
Joe,F,12
Katheryn,F,12
Kattie,F,12
Leone,F,12
Loula,F,12
Lular,F,12
Malissie,F,12
Manie,F,12
Metta,F,12
Nanie,F,12
Nova,F,12
Rosina,F,12
Tracy,F,12
Verdie,F,12
Wanda,F,12
Zola,F,12
Adell,F,11
Arabella,F,11
Bina,F,11
Carol,F,11
Clarissa,F,11
Coral,F,11
Delila,F,11
Dellar,F,11
Dolores,F,11
Drucilla,F,11
Eldora,F,11
Ester,F,11
Gena,F,11
Guadalupe,F,11
Harry,F,11
Hedwig,F,11
Huldah,F,11
Jennette,F,11
Jo,F,11
Josefa,F,11
Juana,F,11
Leo,F,11
Liddie,F,11
Mima,F,11
Myrna,F,11
Nonie,F,11
Ocie,F,11
Ottie,F,11
Ottilia,F,11
Patience,F,11
Peggy,F,11
Phyllis,F,11
Queenie,F,11
Rhea,F,11
Robert,F,11
Selina,F,11
Theo,F,11
Albertha,F,10
Albertine,F,10
Annabel,F,10
Arizona,F,10
Arthur,F,10
Cherry,F,10
Deborah,F,10
Dottie,F,10
Edwina,F,10
Elenora,F,10
Emeline,F,10
Etna,F,10
Eve,F,10
Faith,F,10
Gina,F,10
Hetty,F,10
Ivah,F,10
Izora,F,10
Jemima,F,10
Jettie,F,10
Karen,F,10
Lavenia,F,10
Leatha,F,10
Leonie,F,10
Leslie,F,10
Libby,F,10
Lissie,F,10
Loretto,F,10
Lovina,F,10
Madie,F,10
Medora,F,10
Melinda,F,10
Mignon,F,10
Monica,F,10
Nella,F,10
Oda,F,10
Osie,F,10
Rella,F,10
Rossie,F,10
Roxy,F,10
Sabina,F,10
Sabra,F,10
Sidney,F,10
Sybil,F,10
Tennessee,F,10
Theodosia,F,10
Theresia,F,10
Ula,F,10
Valentine,F,10
Wilda,F,10
Abigail,F,9
Aggie,F,9
Annabell,F,9
Arvilla,F,9
Bernadine,F,9
Beth,F,9
Bobbie,F,9
Cathryn,F,9
Charlie,F,9
Christie,F,9
Dessa,F,9
Electa,F,9
Elmer,F,9
Elvina,F,9
Eulalie,F,9
Evaline,F,9
Evangeline,F,9
Florine,F,9
Freida,F,9
Georgina,F,9
Glenn,F,9
Golden,F,9
Gusta,F,9
Hildur,F,9
Imo,F,9
Jewel,F,9
Jewell,F,9
Joan,F,9
Jossie,F,9
Joy,F,9
Juliet,F,9
Juliette,F,9
Kizzie,F,9
Leanna,F,9
Letta,F,9
Manuela,F,9
Millicent,F,9
Missie,F,9
Nealie,F,9
Nelly,F,9
Pennie,F,9
Ragna,F,9
Rosalee,F,9
Santos,F,9
Thea,F,9
Thomas,F,9
Thora,F,9
Vinie,F,9
Aletha,F,8
Alicia,F,8
Calla,F,8
Classie,F,8
Cleora,F,8
Cleva,F,8
Clevie,F,8
Courtney,F,8
Dagmar,F,8
Dee,F,8
Doshie,F,8
Edmonia,F,8
Eleonora,F,8
Elisa,F,8
Elvie,F,8
Emmaline,F,8
Emmy,F,8
Eudora,F,8
Fairy,F,8
Francisca,F,8
Fred,F,8
Fronia,F,8
Garnet,F,8
Grayce,F,8
Hassie,F,8
Helma,F,8
Hildegarde,F,8
Jeannie,F,8
Leonore,F,8
Lillia,F,8
Lollie,F,8
Love,F,8
Luetta,F,8
Macie,F,8
Madeleine,F,8
Malvina,F,8
Margery,F,8
Media,F,8
Norine,F,8
Novella,F,8
Octa,F,8
Rachael,F,8
Rosia,F,8
Sarrah,F,8
Vertie,F,8
Victorine,F,8
Wilhelmine,F,8
Zaida,F,8
Zilpha,F,8
Adelina,F,7
Albertina,F,7
Almedia,F,7
Alphonsine,F,7
Ama,F,7
Anabel,F,7
Annis,F,7
Arlie,F,7
Aurilla,F,7
Berenice,F,7
Bernadette,F,7
Beula,F,7
Buena,F,7
Byrdie,F,7
Claribel,F,7
Claude,F,7
Daisie,F,7
Dorcas,F,7
Dosha,F,7
Elena,F,7
Elfrieda,F,7
Elna,F,7
Elta,F,7
Emelie,F,7
Euna,F,7
Eveline,F,7
Florrie,F,7
Hellen,F,7
Hermina,F,7
Honora,F,7
Imogene,F,7
Irena,F,7
Janette,F,7
Joyce,F,7
Katharina,F,7
Katy,F,7
Lacy,F,7
Laverne,F,7
Lella,F,7
Lera,F,7
Lillis,F,7
Lisette,F,7
Litha,F,7
Lugenia,F,7
Mabell,F,7
Macy,F,7
Maebelle,F,7
Magdalen,F,7
Margarette,F,7
Margarita,F,7
Margrett,F,7
Marinda,F,7
Martina,F,7
Maryann,F,7
Melina,F,7
Mirtie,F,7
Montie,F,7
Odie,F,7
Odile,F,7
Omie,F,7
Parlee,F,7
Pheobe,F,7
Rennie,F,7
Rettie,F,7
Rinda,F,7
Roma,F,7
Rosamond,F,7
Roseanna,F,7
Rosena,F,7
Ruthie,F,7
Sadye,F,7
Sula,F,7
Susannah,F,7
Tinie,F,7
Trudie,F,7
Walter,F,7
Yetta,F,7
Zada,F,7
Zadie,F,7
Agness,F,6
Albert,F,6
Alvira,F,6
Alyce,F,6
Ana,F,6
Andrea,F,6
Ardella,F,6
Arminta,F,6
Arra,F,6
Atha,F,6
Avie,F,6
Bama,F,6
Berdie,F,6
Biddie,F,6
Bula,F,6
Cammie,F,6
Capitola,F,6
Carra,F,6
Celestine,F,6
Channie,F,6
Cinda,F,6
Clella,F,6
Cornie,F,6
Corrine,F,6
Crystal,F,6
Dana,F,6
Delpha,F,6
Delta,F,6
Dillie,F,6
Dina,F,6
Donia,F,6
Dorotha,F,6
Dorthy,F,6
Dosia,F,6
Dossie,F,6
Dulcie,F,6
Eileen,F,6
Emaline,F,6
Enid,F,6
Enola,F,6
Erie,F,6
Essa,F,6
Etter,F,6
Eulah,F,6
Euphemia,F,6
Eura,F,6
Evelena,F,6
Ferne,F,6
Florance,F,6
Genoveva,F,6
Goldia,F,6
Greta,F,6
Grover,F,6
Helga,F,6
Hermine,F,6
Ica,F,6
Icy,F,6
Ilma,F,6
Ines,F,6
Jeanie,F,6
Jessica,F,6
Johannah,F,6
Judy,F,6
Justine,F,6
Katharyn,F,6
Kathern,F,6
Kay,F,6
Lala,F,6
Lalla,F,6
Lana,F,6
Lanie,F,6
Leda,F,6
Leonor,F,6
Lilie,F,6
Liller,F,6
Lockie,F,6
Lolla,F,6
Lorna,F,6
Lota,F,6
Luisa,F,6
Luta,F,6
Magnolia,F,6
Malisa,F,6
Mata,F,6
Maxine,F,6
Mella,F,6
Mercedes,F,6
Miranda,F,6
Mora,F,6
Myrtice,F,6
Naoma,F,6
Nathalie,F,6
Nelia,F,6
Nicy,F,6
Nita,F,6
Octavie,F,6
Olevia,F,6
Olie,F,6
Orah,F,6
Ossie,F,6
Ota,F,6
Ozella,F,6
Paul,F,6
Pearley,F,6
Persis,F,6
Rosey,F,6
Roxanna,F,6
Ruey,F,6
Sammie,F,6
Scottie,F,6
Siddie,F,6
Sina,F,6
Sinda,F,6
Sister,F,6
Susanne,F,6
Thursa,F,6
Tinnie,F,6
Vannie,F,6
Venia,F,6
Vergie,F,6
Verne,F,6
Villa,F,6
Virgia,F,6
Zelda,F,6
Zenobia,F,6
Zoa,F,6
Abby,F,5
Alcie,F,5
Alexina,F,5
Allene,F,5
Amalie,F,5
Anice,F,5
Apolonia,F,5
Appolonia,F,5
Arlena,F,5
Arline,F,5
Arminda,F,5
Aurore,F,5
Axie,F,5
Beckie,F,5
Becky,F,5
Belvia,F,5
Betsey,F,5
Bird,F,5
Caddie,F,5
Carl,F,5
Carlotta,F,5
Carry,F,5
Charlotta,F,5
China,F,5
Chlora,F,5
Christiana,F,5
Claudine,F,5
Cleta,F,5
Cliffie,F,5
Clifford,F,5
Coila,F,5
Daisey,F,5
Dannie,F,5
David,F,5
Dellie,F,5
Delma,F,5
Delphine,F,5
Dicy,F,5
Eathel,F,5
Edward,F,5
Elodie,F,5
Eltha,F,5
Elzie,F,5
Ema,F,5
Ermina,F,5
Ethie,F,5
Evalina,F,5
Fannye,F,5
Felicia,F,5
Felicita,F,5
Filomena,F,5
Flavia,F,5
Floss,F,5
Floyd,F,5
Francies,F,5
Frederica,F,5
Fronie,F,5
Gene,F,5
Georgeanna,F,5
Gertha,F,5
Gertude,F,5
Glen,F,5
Gretchen,F,5
Gretta,F,5
Henretta,F,5
Henriette,F,5
Hessie,F,5
Isadora,F,5
Isadore,F,5
Iza,F,5
Jeffie,F,5
Jess,F,5
Jinnie,F,5
Judie,F,5
Juliana,F,5
Laurel,F,5
Laurena,F,5
Laurie,F,5
Lavada,F,5
Leana,F,5
Lelar,F,5
Lelie,F,5
Lemma,F,5
Leonia,F,5
Levina,F,5
Lilah,F,5
Lindy,F,5
Lorraine,F,5
Louis,F,5
Lucina,F,5
Lumina,F,5
Lupe,F,5
Luvena,F,5
Lyla,F,5
Lynn,F,5
Madaline,F,5
Maidie,F,5
Maie,F,5
Mandie,F,5
Margarete,F,5
Margaretha,F,5
Margretta,F,5
Mida,F,5
Mimie,F,5
Minda,F,5
Minervia,F,5
Minnette,F,5
Mozelle,F,5
Murl,F,5
Nana,F,5
Necie,F,5
Neoma,F,5
Nevada,F,5
Oliva,F,5
Orra,F,5
Osa,F,5
Pairlee,F,5
Patricia,F,5
Paulina,F,5
Pinkey,F,5
Prudie,F,5
Rene,F,5
Reta,F,5
Retha,F,5
Rittie,F,5
Rosabel,F,5
Rosabelle,F,5
Rosalia,F,5
Rosana,F,5
Rosemary,F,5
Roy,F,5
Rozella,F,5
Rubie,F,5
Rutha,F,5
Savanah,F,5
Shellie,F,5
Suzanne,F,5
Tera,F,5
Texas,F,5
Thalia,F,5
Tilla,F,5
Timmie,F,5
Tishie,F,5
Vennie,F,5
Vernia,F,5
Vernon,F,5
Verona,F,5
Vira,F,5
Vivien,F,5
Will,F,5
Zettie,F,5
John,M,8756
William,M,8044
James,M,5175
George,M,4674
Charles,M,4599
Frank,M,3067
Joseph,M,2540
Henry,M,2406
Robert,M,2322
Thomas,M,2266
Edward,M,2220
Harry,M,2198
Walter,M,1808
Fred,M,1562
Arthur,M,1516
Albert,M,1429
Clarence,M,906
Samuel,M,888
Louis,M,809
Grover,M,768
Ernest,M,718
David,M,712
Charlie,M,705
Roy,M,691
Joe,M,681
Richard,M,672
Will,M,625
Oscar,M,623
Willie,M,614
Andrew,M,599
Jesse,M,556
Daniel,M,535
Peter,M,516
Carl,M,494
Sam,M,492
Earl,M,481
Frederick,M,466
Benjamin,M,464
Alfred,M,446
Elmer,M,443
Howard,M,438
Lewis,M,437
Paul,M,428
Ralph,M,422
Herbert,M,388
Jim,M,370
Michael,M,370
Tom,M,361
Martin,M,357
Lee,M,348
Eugene,M,345
Claude,M,343
Jacob,M,343
Ed,M,328
Herman,M,326
Francis,M,319
Clyde,M,318
Raymond,M,308
Harvey,M,304
Edgar,M,303
Jack,M,295
Ben,M,292
Edwin,M,289
Lawrence,M,288
Charley,M,285
Bert,M,276
Chester,M,273
Guy,M,266
Otto,M,263
Floyd,M,259
Luther,M,259
Oliver,M,258
Hugh,M,257
Ray,M,237
Ira,M,235
Homer,M,228
Patrick,M,217
Alexander,M,205
Isaac,M,204
Leonard,M,204
Jessie,M,202
Harold,M,201
Leo,M,199
Theodore,M,199
Archie,M,196
August,M,193
Allen,M,184
Sidney,M,170
Philip,M,163
Leroy,M,162
Bernard,M,160
Alex,M,159
Stephen,M,158
Horace,M,155
Anthony,M,153
Warren,M,151
Julius,M,150
Cleveland,M,147
Leon,M,146
Victor,M,143
Eddie,M,141
Lester,M,141
Marion,M,141
Clifford,M,139
Emil,M,138
Willis,M,133
Milton,M,130
Dan,M,129
Dave,M,128
Everett,M,128
Alvin,M,125
Leslie,M,122
Earnest,M,120
Calvin,M,119
Jess,M,119
Norman,M,118
Rufus,M,118
Franklin,M,117
Jerry,M,115
Perry,M,115
Amos,M,114
Dennis,M,112
Jose,M,111
Matthew,M,111
Melvin,M,110
Lloyd,M,109
Ross,M,109
Wesley,M,108
Wallace,M,107
Alonzo,M,104
Mack,M,104
Nathan,M,103
Adolph,M,102
Emmett,M,101
Jake,M,100
Morris,M,99
Percy,M,98
Roscoe,M,98
Claud,M,97
Stanley,M,97
Adam,M,96
Cornelius,M,96
Maurice,M,96
Willard,M,95
Russell,M,94
Elbert,M,92
Hiram,M,92
Wilbur,M,92
Irvin,M,91
Jay,M,91
Manuel,M,90
Otis,M,89
Aaron,M,88
Cecil,M,87
Gus,M,87
Jasper,M,87
Phillip,M,87
Abraham,M,86
Mike,M,84
Nelson,M,83
Simon,M,83
Clinton,M,82
Elijah,M,82
Sylvester,M,82
Virgil,M,82
Felix,M,80
Levi,M,79
Orville,M,79
Ellis,M,78
Irving,M,78
Marshall,M,78
Gilbert,M,77
Ollie,M,77
Noah,M,76
Wiley,M,76
Anton,M,74
Lonnie,M,74
Mark,M,74
Moses,M,74
Silas,M,73
Hubert,M,72
Reuben,M,72
Christopher,M,71
Johnnie,M,71
Max,M,71
Vernon,M,71
Curtis,M,70
Owen,M,70
Rudolph,M,70
Augustus,M,69
Cleve,M,69
Clayton,M,68
Edmund,M,68
Glenn,M,68
Bill,M,66
Nicholas,M,66
Marvin,M,65
Sherman,M,65
Timothy,M,64
Jeff,M,63
Millard,M,63
Fredrick,M,62
Newton,M,61
Elias,M,60
Steve,M,60
Dock,M,59
Grant,M,59
Wilson,M,59
Ora,M,58
Riley,M,58
Solomon,M,58
Pearl,M,57
Bruce,M,56
Eli,M,56
Joel,M,56
Pete,M,56
Andy,M,55
Christian,M,55
Gustave,M,55
Austin,M,54
Clifton,M,54
Juan,M,54
Monroe,M,54
Nathaniel,M,54
Wade,M,54
Jerome,M,53
Bob,M,52
Miles,M,52
Scott,M,52
Bennie,M,51
Edd,M,51
Harley,M,51
Chris,M,50
Luke,M,50
Mose,M,50
Julian,M,49
Gordon,M,48
Preston,M,48
Roland,M,48
Vincent,M,48
Abe,M,47
Donald,M,47
Alva,M,46
Byron,M,46
Clark,M,45
Glen,M,45
Harrison,M,45
Bud,M,44
Karl,M,44
Marcus,M,44
Asa,M,43
Barney,M,43
Enoch,M,43
Joshua,M,43
Louie,M,43
Anderson,M,42
Delbert,M,42
Columbus,M,41
Emery,M,41
Ike,M,41
Kenneth,M,41
Matt,M,41
Boyd,M,40
Cyrus,M,40
Jeremiah,M,40
Conrad,M,39
Lucius,M,39
Elisha,M,38
Jefferson,M,38
Lon,M,38
Mary,M,38
Nick,M,38
Van,M,38
Chas,M,37
Major,M,37
Wilfred,M,37
Edmond,M,36
Ferdinand,M,36
Forrest,M,36
General,M,36
Porter,M,36
Don,M,35
Ervin,M,35
Clem,M,34
Emory,M,34
Garfield,M,34
Hugo,M,34
Mathew,M,34
Seth,M,34
Arnold,M,33
Hans,M,33
Johnie,M,33
Laurence,M,33
Neal,M,33
Tony,M,33
Ulysses,M,33
Winfield,M,33
Abner,M,32
Ambrose,M,32
Burton,M,32
Emanuel,M,32
Frederic,M,32
Green,M,32
Logan,M,32
Lemuel,M,31
Ole,M,31
Arch,M,30
Douglas,M,30
Dwight,M,30
Forest,M,30
Jonathan,M,30
Alton,M,29
Isaiah,M,29
Jackson,M,29
Lyman,M,29
Mitchell,M,29
Vern,M,29
Carlos,M,28
Dee,M,28
Dudley,M,28
Elwood,M,28
Francisco,M,28
Gustav,M,28
Royal,M,28
Ruben,M,28
Smith,M,28
Antonio,M,27
Dick,M,27
Freeman,M,27
Lorenzo,M,27
Roger,M,27
Benjiman,M,26
Carroll,M,26
Erwin,M,26
Isiah,M,26
Ivan,M,26
Merle,M,26
Morgan,M,26
Napoleon,M,26
Ned,M,26
Neil,M,26
Sol,M,26
Taylor,M,26
Alphonse,M,25
Archibald,M,25
Chauncey,M,25
Dale,M,25
Foster,M,25
Jimmie,M,25
King,M,25
Lucian,M,25
Lynn,M,25
Pink,M,25
Sydney,M,25
Adolphus,M,24
Berry,M,24
Enos,M,24
Ezra,M,24
Fletcher,M,24
Hosea,M,24
Loyd,M,24
Wayne,M,24
Wilbert,M,24
Alvah,M,23
Christ,M,23
Earle,M,23
Evan,M,23
Gerald,M,23
Granville,M,23
Jonas,M,23
Josh,M,23
Lafayette,M,23
Leland,M,23
Pat,M,23
Pedro,M,23
Spencer,M,23
Walker,M,23
Ward,M,23
Wm,M,23
Arther,M,22
Casper,M,22
Israel,M,22
Raleigh,M,22
Sanford,M,22
Sim,M,22
Stewart,M,22
Wilber,M,22
Davis,M,21
Johnny,M,21
Milo,M,21
Murray,M,21
Myron,M,21
Olaf,M,21
Prince,M,21
Randolph,M,21
Rollie,M,21
Steven,M,21
Washington,M,21
Anna,M,20
Blaine,M,20
Burt,M,20
Dallas,M,20
Emmet,M,20
Gene,M,20
Loren,M,20
Madison,M,20
Nels,M,20
Orin,M,20
Wilford,M,20
Zack,M,20
Allan,M,19
Allie,M,19
Bertram,M,19
Clint,M,19
Dewitt,M,19
Emile,M,19
Ernst,M,19
Harmon,M,19
Larry,M,19
Merritt,M,19
Sandy,M,19
Bryant,M,18
Buck,M,18
Carlton,M,18
Clay,M,18
Elmore,M,18
Fay,M,18
Guss,M,18
Judson,M,18
Lem,M,18
Lew,M,18
Olin,M,18
Omer,M,18
Otho,M,18
Ramon,M,18
Sterling,M,18
Troy,M,18
Wash,M,18
Abram,M,17
Addison,M,17
Al,M,17
Burl,M,17
Cary,M,17
Coleman,M,17
Elzie,M,17
Emerson,M,17
Fritz,M,17
Gerhard,M,17
Isom,M,17
Issac,M,17
Jean,M,17
Jordan,M,17
Josiah,M,17
Noble,M,17
Orval,M,17
Rex,M,17
Shirley,M,17
Tomas,M,17
Truman,M,17
Waldo,M,17
Warner,M,17
Adelbert,M,16
Albin,M,16
Axel,M,16
Caleb,M,16
Ellsworth,M,16
Eric,M,16
Jason,M,16
Jonah,M,16
Judge,M,16
Leander,M,16
Lenard,M,16
Lige,M,16
Orlando,M,16
Pablo,M,16
Reginald,M,16
Tim,M,16
Valentine,M,16
Wilmer,M,16
Aloysius,M,15
Bartholomew,M,15
Benjaman,M,15
Billie,M,15
Cicero,M,15
Early,M,15
Elza,M,15
Erastus,M,15
Giles,M,15
Gust,M,15
Hal,M,15
Hardy,M,15
Kelly,M,15
Mason,M,15
Nat,M,15
Omar,M,15
Pierce,M,15
Verne,M,15
Angus,M,14
Antone,M,14
Basil,M,14
Bennett,M,14
Buster,M,14
Clair,M,14
Cliff,M,14
Dell,M,14
Dolphus,M,14
Duncan,M,14
Elmo,M,14
Emma,M,14
Harris,M,14
Jesus,M,14
Kirby,M,14
Lamar,M,14
Len,M,14
Lucien,M,14
Malcolm,M,14
Oren,M,14
Phil,M,14
Thaddeus,M,14
Webster,M,14
Ashley,M,13
Bertha,M,13
Beverly,M,13
Carey,M,13
Elliott,M,13
Ethel,M,13
Everette,M,13
Evert,M,13
Gideon,M,13
Hayes,M,13
Henderson,M,13
Henery,M,13
Houston,M,13
Johnson,M,13
Jones,M,13
Jules,M,13
Lou,M,13
Lyle,M,13
Mat,M,13
Mathias,M,13
Pleasant,M,13
Rodney,M,13
Stuart,M,13
Turner,M,13
Wilburn,M,13
Wylie,M,13
Adrian,M,12
Alpha,M,12
Augustine,M,12
Avery,M,12
Benedict,M,12
Bishop,M,12
Brown,M,12
Butler,M,12
Cyril,M,12
Doc,M,12
Elvin,M,12
Florence,M,12
Frances,M,12
Garland,M,12
Heber,M,12
Helmer,M,12
Irwin,M,12
Lacy,M,12
Lawson,M,12
Lonzo,M,12
Merton,M,12
Mervin,M,12
Mont,M,12
Norris,M,12
Perley,M,12
Ransom,M,12
Santiago,M,12
Tommie,M,12
Tracy,M,12
Vance,M,12
Alford,M,11
Aron,M,11
Artie,M,11
Aubrey,M,11
Bertie,M,11
Brooks,M,11
Colonel,M,11
Emmitt,M,11
Ephraim,M,11
Freddie,M,11
Gabriel,M,11
Junius,M,11
Lincoln,M,11
Lucious,M,11
Luis,M,11
Marcellus,M,11
Margaret,M,11
Micheal,M,11
Mortimer,M,11
Price,M,11
Rolla,M,11
Rowland,M,11
Rupert,M,11
Saul,M,11
Travis,M,11
Wellington,M,11
Williams,M,11
Alan,M,10
Allison,M,10
Alma,M,10
Almon,M,10
Ashby,M,10
Bart,M,10
Benton,M,10
Birt,M,10
Byrd,M,10
Carter,M,10
Dean,M,10
Ewing,M,10
Ezekiel,M,10
Godfrey,M,10
Harlan,M,10
Haywood,M,10
Herschel,M,10
Hunter,M,10
Isadore,M,10
Lafe,M,10
Larkin,M,10
Melville,M,10
Merrill,M,10
Miguel,M,10
Octave,M,10
Olen,M,10
Orrin,M,10
Quincy,M,10
Seymour,M,10
Shelby,M,10
Simeon,M,10
Ted,M,10
Thad,M,10
Tobe,M,10
West,M,10
Worley,M,10
Young,M,10
Alec,M,9
Alice,M,9
Angelo,M,9
Annie,M,9
Anson,M,9
Arley,M,9
Arlie,M,9
Art,M,9
Benny,M,9
Bradley,M,9
Budd,M,9
Cap,M,9
Carleton,M,9
Carson,M,9
Clement,M,9
Dana,M,9
Dayton,M,9
Denis,M,9
Eldon,M,9
Elige,M,9
Elizabeth,M,9
Fernando,M,9
Finis,M,9
Ford,M,9
Garrett,M,9
Hampton,M,9
Harper,M,9
Harvy,M,9
Hector,M,9
Hezekiah,M,9
Hollis,M,9
Jodie,M,9
Jule,M,9
Justin,M,9
Kirk,M,9
Leopold,M,9
Lowell,M,9
Manley,M,9
Milford,M,9
Minor,M,9
Nicolas,M,9
Okey,M,9
Pierre,M,9
Pleas,M,9
Reece,M,9
Richmond,M,9
Rome,M,9
Rose,M,9
Rubin,M,9
Terence,M,9
Terry,M,9
Tillman,M,9
Tolbert,M,9
Toney,M,9
Wendell,M,9
Willam,M,9
Winfred,M,9
Wright,M,9
Wyatt,M,9
Alonza,M,8
Alvie,M,8
Andres,M,8
Barry,M,8
Barton,M,8
Baxter,M,8
Billy,M,8
Brice,M,8
Burley,M,8
Burr,M,8
Campbell,M,8
Claire,M,8
Clare,M,8
Cleo,M,8
Cooper,M,8
Coy,M,8
Crawford,M,8
Dalton,M,8
Danial,M,8
Dorsey,M,8
Earley,M,8
Egbert,M,8
Eldridge,M,8
Elzy,M,8
Fate,M,8
Ferd,M,8
Fielding,M,8
Finley,M,8
Gaston,M,8
Gertrude,M,8
Guadalupe,M,8
Hamilton,M,8
Harve,M,8
Hermon,M,8
Howell,M,8
Ivory,M,8
June,M,8
Lemon,M,8
Levy,M,8
Llewellyn,M,8
Ludwig,M,8
Matthias,M,8
Maxwell,M,8
Miller,M,8
Morton,M,8
Noel,M,8
Nora,M,8
Norton,M,8
Orange,M,8
Palmer,M,8
Park,M,8
Reese,M,8
Roderick,M,8
Rolland,M,8
Sampson,M,8
Sanders,M,8
Shelton,M,8
Spurgeon,M,8
Sumner,M,8
Theo,M,8
Thurman,M,8
Verner,M,8
Wayman,M,8
Webb,M,8
Wilton,M,8
Adolf,M,7
Alois,M,7
Bailey,M,7
Bascom,M,7
Benjamine,M,7
Bessie,M,7
Bonnie,M,7
Brady,M,7
Bruno,M,7
Burney,M,7
Burrell,M,7
Cassius,M,7
Clemens,M,7
Cloyd,M,7
Connie,M,7
Cornelious,M,7
Davie,M,7
Dillard,M,7
Earlie,M,7
Elie,M,7
Ellen,M,7
Enrique,M,7
Ephriam,M,7
Epifanio,M,7
Erick,M,7
Essie,M,7
Eustace,M,7
Fayette,M,7
Garner,M,7
Gary,M,7
Gee,M,7
Geo,M,7
Glover,M,7
Hallie,M,7
Hamp,M,7
Hosteen,M,7
Hyrum,M,7
Isidor,M,7
Julia,M,7
Junior,M,7
Junious,M,7
Lark,M,7
Laurance,M,7
Leigh,M,7
Lindsey,M,7
Love,M,7
Lum,M,7
Mabel,M,7
Malachi,M,7
Marshal,M,7
Newell,M,7
Newt,M,7
Obie,M,7
Odie,M,7
Orley,M,7
Ossie,M,7
Percival,M,7
Purl,M,7
Roman,M,7
Sarah,M,7
Shade,M,7
Soloman,M,7
Squire,M,7
Starling,M,7
Tommy,M,7
Unknown,M,7
Vernie,M,7
Watt,M,7
Wilhelm,M,7
Wong,M,7
Woodie,M,7
Ab,M,6
Abel,M,6
Algie,M,6
Almond,M,6
Alpheus,M,6
Antoine,M,6
Asbury,M,6
Asher,M,6
Authur,M,6
Berton,M,6
Braxton,M,6
Burnett,M,6
Chancy,M,6
Chesley,M,6
Clara,M,6
Cleave,M,6
Clell,M,6
Colin,M,6
Colon,M,6
Constantine,M,6
Curt,M,6
Delmar,M,6
Dempsey,M,6
Dennie,M,6
Dominic,M,6
Dominick,M,6
Eben,M,6
Eber,M,6
Eliga,M,6
Ella,M,6
Ellie,M,6
Emiliano,M,6
Ernie,M,6
Fleet,M,6
Fleming,M,6
Franklyn,M,6
Garnett,M,6
Hayden,M,6
Helen,M,6
Hervey,M,6
Hobart,M,6
Holly,M,6
Hoyt,M,6
Ida,M,6
Ivey,M,6
Josephine,M,6
Josephus,M,6
Justus,M,6
Lambert,M,6
Laverne,M,6
Lillard,M,6
Lillie,M,6
Lim,M,6
Lindsay,M,6
Linton,M,6
Lonie,M,6
Lucas,M,6
Mahlon,M,6
Mannie,M,6
Mart,M,6
Math,M,6
Maude,M,6
Merlin,M,6
Milan,M,6
Mills,M,6
Minnie,M,6
Nellie,M,6
Newman,M,6
Nim,M,6
Norbert,M,6
North,M,6
Orla,M,6
Orland,M,6
Orlo,M,6
Orson,M,6
Orvis,M,6
Osborne,M,6
Ottis,M,6
Paris,M,6
Parker,M,6
Ples,M,6
Rafael,M,6
Reason,M,6
Reed,M,6
Rob,M,6
Roe,M,6
Rogers,M,6
Rube,M,6
Shannon,M,6
Stacy,M,6
Stonewall,M,6
Sylvanus,M,6
Theophile,M,6
Thos,M,6
Virge,M,6
Vivian,M,6
Watson,M,6
Wheeler,M,6
Zenas,M,6
Zollie,M,6
Ada,M,5
Albion,M,5
Alcide,M,5
Alden,M,5
Alejandro,M,5
Alf,M,5
Ammon,M,5
Ancel,M,5
Archer,M,5
Armand,M,5
Atha,M,5
Audie,M,5
Ballard,M,5
Bee,M,5
Bernie,M,5
Bertrand,M,5
Blair,M,5
Boyce,M,5
Bradford,M,5
Brent,M,5
Burdette,M,5
Cal,M,5
Cameron,M,5
Carrie,M,5
Cash,M,5
Chancey,M,5
Chase,M,5
Clarance,M,5
Claus,M,5
Cleon,M,5
Clive,M,5
Collins,M,5
Conley,M,5
Cora,M,5
Courtney,M,5
Cris,M,5
Dawson,M,5
Delmer,M,5
Dexter,M,5
Doctor,M,5
Domingo,M,5
Drury,M,5
Duane,M,5
Ebb,M,5
Edith,M,5
Elon,M,5
Elsie,M,5
Erle,M,5
Estevan,M,5
Evans,M,5
Ewell,M,5
Festus,M,5
Fitzhugh,M,5
Fount,M,5
Fredric,M,5
French,M,5
Gabe,M,5
Gaines,M,5
Garry,M,5
Gaylord,M,5
Grace,M,5
Graham,M,5
Gray,M,5
Gregory,M,5
Griffin,M,5
Guilford,M,5
Guillermo,M,5
Gustaf,M,5
Hannibal,M,5
Harlow,M,5
Harrie,M,5
Hendrix,M,5
Henri,M,5
Hershel,M,5
Hilario,M,5
Hilliard,M,5
Hollie,M,5
Horatio,M,5
Huey,M,5
Ignatius,M,5
Isidro,M,5
Jas,M,5
Jeffrey,M,5
Joeseph,M,5
Kent,M,5
Landon,M,5
Lennie,M,5
Lenord,M,5
Leonardo,M,5
Leonidas,M,5
Linus,M,5
Linzy,M,5
Lionel,M,5
Lisle,M,5
Mae,M,5
Malcom,M,5
Marian,M,5
Marie,M,5
Martha,M,5
Mathis,M,5
Matilda,M,5
Mattie,M,5
Mauricio,M,5
May,M,5
Meyer,M,5
Miner,M,5
Murphy,M,5
Myrtle,M,5
Nestor,M,5
Nettie,M,5
Ng,M,5
Nickolas,M,5
Nina,M,5
Norval,M,5
Oakley,M,5
Ocie,M,5
Olden,M,5
Olie,M,5
Olive,M,5
Ona,M,5
Onnie,M,5
Orie,M,5
Orion,M,5
Orlie,M,5
Osborn,M,5
Oswald,M,5
Ottie,M,5
Ova,M,5
Perle,M,5
Radford,M,5
Randle,M,5
Refugio,M,5
Reinhold,M,5
Rene,M,5
Rennie,M,5
Rich,M,5
Rolley,M,5
Rosendo,M,5
Ruby,M,5
Russel,M,5
Ruth,M,5
Sammie,M,5
Samual,M,5
Sebastian,M,5
Sheldon,M,5
Sip,M,5
Sloan,M,5
Solon,M,5
Stella,M,5
Terrell,M,5
Theadore,M,5
Theophilus,M,5
Thornton,M,5
Toby,M,5
Val,M,5
Vicente,M,5
Voyle,M,5
Wallie,M,5
Willian,M,5
Wirt,M,5
Yee,M,5
Zeb,M,5
