name,gender,count
Mary,F,9888
Anna,F,4227
Elizabeth,F,2681
Emma,F,2647
Margaret,F,2419
Minnie,F,2215
Bertha,F,2037
Clara,F,1984
Florence,F,1964
Ida,F,1929
Ethel,F,1907
Annie,F,1844
Bessie,F,1838
Alice,F,1819
Grace,F,1692
Ella,F,1521
Martha,F,1504
Mabel,F,1494
Nellie,F,1457
Sarah,F,1436
Helen,F,1405
Laura,F,1364
Carrie,F,1344
Edna,F,1339
Pearl,F,1316
Lillian,F,1308
Cora,F,1257
Gertrude,F,1251
Edith,F,1243
Rose,F,1242
Maude,F,1162
Hattie,F,1135
Eva,F,1125
Frances,F,1105
Louise,F,1088
Myrtle,F,1087
Lillie,F,1072
Jennie,F,1047
Julia,F,1043
Mattie,F,1031
Jessie,F,1012
Lena,F,1004
Marie,F,994
Catherine,F,967
Ada,F,910
Agnes,F,896
Lula,F,891
Dora,F,842
Elsie,F,833
Josephine,F,815
Lucy,F,811
Fannie,F,798
Katherine,F,794
Blanche,F,763
Maggie,F,740
Nora,F,735
Mamie,F,716
Mae,F,680
Stella,F,664
Rosa,F,659
May,F,648
Ruth,F,627
Alma,F,623
Effie,F,615
Nettie,F,595
Ellen,F,579
Daisy,F,532
Lizzie,F,525
Sallie,F,525
Sadie,F,519
Nancy,F,511
Hazel,F,504
Irene,F,504
Della,F,496
Susie,F,485
Lydia,F,448
Katie,F,440
Etta,F,437
Esther,F,431
Viola,F,420
Lottie,F,414
Flora,F,408
Maud,F,402
Caroline,F,398
Olive,F,394
Addie,F,393
Kathryn,F,384
Willie,F,379
Mildred,F,373
Beulah,F,355
Charlotte,F,351
Georgia,F,351
Amelia,F,344
Harriet,F,342
Nannie,F,340
Amanda,F,338
Ollie,F,338
Emily,F,335
Susan,F,335
Mollie,F,333
Virginia,F,332
Kate,F,331
Lulu,F,322
Pauline,F,314
Ruby,F,309
Eliza,F,290
Jane,F,288
Theresa,F,284
Hannah,F,279
Rebecca,F,275
Belle,F,272
Dorothy,F,272
Henrietta,F,269
Matilda,F,266
Nina,F,266
Beatrice,F,262
Estella,F,260
Marion,F,254
Iva,F,253
Amy,F,251
Anne,F,249
Eleanor,F,247
Lola,F,246
Ann,F,239
Ora,F,231
Rachel,F,226
Augusta,F,221
Mayme,F,214
Sara,F,214
Leona,F,208
Lela,F,207
Barbara,F,204
Maria,F,203
Gladys,F,201
Evelyn,F,194
Josie,F,192
Sophia,F,192
Eula,F,188
Alta,F,187
Essie,F,185
Allie,F,183
Mable,F,182
Inez,F,180
Betty,F,178
Ina,F,178
Marguerite,F,178
Estelle,F,170
Ola,F,170
Millie,F,168
Callie,F,167
Vera,F,167
Rosie,F,162
Christine,F,161
Goldie,F,159
Victoria,F,157
Hilda,F,156
Bess,F,155
Janie,F,155
Rena,F,155
Celia,F,154
Winifred,F,154
Olga,F,153
Delia,F,150
Genevieve,F,149
Lucille,F,149
Sophie,F,149
Lou,F,147
Nell,F,146
Tillie,F,140
Louisa,F,138
Mathilda,F,138
Eunice,F,136
Sylvia,F,135
Loretta,F,134
Birdie,F,133
Lois,F,129
Verna,F,129
Bernice,F,127
Luella,F,127
Flossie,F,123
Frieda,F,123
Sue,F,123
Bettie,F,117
Alberta,F,116
Winnie,F,114
Cornelia,F,112
Jean,F,112
Leila,F,112
Sally,F,112
Roxie,F,111
Katharine,F,110
Isabel,F,109
Bertie,F,108
Hulda,F,108
Isabelle,F,108
Teresa,F,107
Abbie,F,104
Adelaide,F,104
Rhoda,F,104
Adeline,F,103
Dollie,F,103
Lelia,F,102
Nelle,F,100
Virgie,F,100
Elva,F,99
Lenora,F,98
Lettie,F,98
Carolyn,F,97
Selma,F,97
Violet,F,97
Geneva,F,95
Gertie,F,95
Jeannette,F,95
Myra,F,95
Hallie,F,93
Cecelia,F,92
Christina,F,92
Lucinda,F,92
Irma,F,90
Lora,F,90
Harriett,F,89
Hester,F,89
Lura,F,87
Johanna,F,86
Jeanette,F,85
Lucile,F,85
Marian,F,85
Cecilia,F,83
Fanny,F,83
Hettie,F,83
Leah,F,83
Lilly,F,83
Myrtie,F,83
Francis,F,82
Gussie,F,82
Linnie,F,82
Adele,F,80
Freda,F,80
Helena,F,78
Norma,F,77
Wilhelmina,F,77
Naomi,F,76
Claudia,F,74
Lila,F,74
Maudie,F,74
Elma,F,73
Marjorie,F,73
Lida,F,72
Elnora,F,71
Meta,F,71
Ophelia,F,70
Fern,F,69
Olivia,F,69
Lorena,F,68
Emilie,F,67
Lessie,F,67
Mittie,F,67
Zella,F,67
Alvina,F,66
Regina,F,66
Vivian,F,66
Madge,F,65
Pearlie,F,65
Minerva,F,64
Roberta,F,64
Eugenia,F,63
Phoebe,F,63
Dorothea,F,62
Erma,F,62
Elsa,F,61
Juanita,F,61
Mina,F,61
Lee,F,60
Bonnie,F,59
Lily,F,59
Louella,F,59
Velma,F,59
Claire,F,58
Cordelia,F,58
Isabella,F,58
Janet,F,58
Margie,F,58
Mabelle,F,57
Rosalie,F,57
Ivy,F,56
John,F,56
Cynthia,F,55
Nola,F,55
Pansy,F,55
Dovie,F,54
Floy,F,54
Ernestine,F,53
Kittie,F,53
Madeline,F,53
Angeline,F,52
Cassie,F,52
Edythe,F,51
Elvira,F,51
Georgie,F,51
Pearle,F,51
Priscilla,F,51
Kathleen,F,50
Lina,F,50
Linda,F,50
Malinda,F,50
Orpha,F,50
Blanch,F,49
Frankie,F,48
Polly,F,48
Annette,F,47
Antoinette,F,47
Fay,F,47
Ona,F,47
Artie,F,46
Miriam,F,46
Oma,F,46
Vina,F,46
Zora,F,46
Evie,F,45
Letha,F,45
Neva,F,45
Bell,F,44
William,F,44
Angie,F,43
Dessie,F,43
Ila,F,43
Leota,F,43
Alpha,F,42
Corinne,F,42
Faye,F,42
Rosetta,F,42
Anita,F,41
Chloe,F,41
Dona,F,41
Lona,F,41
Maybelle,F,41
Adelia,F,40
Cecil,F,40
Charity,F,40
Gracie,F,40
Opal,F,40
Rita,F,40
Vida,F,40
Audrey,F,39
Dena,F,39
Donna,F,39
Ellie,F,39
Nan,F,39
Catharine,F,38
Doris,F,38
Leola,F,38
Melvina,F,38
Rae,F,38
Cleo,F,37
Constance,F,37
Lenore,F,37
Mandy,F,37
Sudie,F,37
Tena,F,37
Ava,F,36
Lyda,F,36
Mertie,F,36
Nona,F,36
Isabell,F,35
Lennie,F,35
Veronica,F,35
Bridget,F,34
Cecile,F,34
George,F,34
Melissa,F,34
Zoe,F,34
Angela,F,33
Charles,F,33
Elisabeth,F,33
Kitty,F,33
Savannah,F,33
Zula,F,33
Adah,F,32
Alva,F,32
Dolly,F,32
Elise,F,32
Jimmie,F,32
Joanna,F,32
Johnnie,F,32
Leta,F,32
Mazie,F,32
Minna,F,32
Molly,F,32
Tessie,F,32
Clare,F,31
Clyde,F,31
Elmira,F,31
Eloise,F,31
Helene,F,31
Susanna,F,31
Una,F,31
Willa,F,31
Ettie,F,30
Leora,F,30
Mariah,F,30
Pinkie,F,30
Retta,F,30
Dixie,F,29
Lenna,F,29
Letitia,F,29
Margery,F,29
Missouri,F,29
Muriel,F,29
Octavia,F,29
Reba,F,29
Wanda,F,29
Erna,F,28
Eugenie,F,28
Georgiana,F,28
Inga,F,28
Louie,F,28
Marietta,F,28
Mellie,F,28
Odessa,F,28
Rosella,F,28
Tennie,F,28
Vesta,F,28
Zona,F,28
Belva,F,27
Beryl,F,27
Emelia,F,27
Georgianna,F,27
Hanna,F,27
Lilla,F,27
Lucretia,F,27
Mathilde,F,27
Rowena,F,27
Vada,F,27
Zelma,F,27
Antonia,F,26
Bella,F,26
Hilma,F,26
Iola,F,26
Liza,F,26
Lucie,F,26
Lue,F,26
Magdalena,F,26
Pattie,F,26
Paula,F,26
Vallie,F,26
Agatha,F,25
Aurelia,F,25
Besse,F,25
Eda,F,25
Emmie,F,25
Golda,F,25
Harriette,F,25
Hedwig,F,25
June,F,25
Marcella,F,25
Rilla,F,25
Tina,F,25
Vinnie,F,25
Berta,F,24
Esta,F,24
Ione,F,24
Jannie,F,24
Leonora,F,24
Alda,F,23
Idella,F,23
Jewel,F,23
Kathrine,F,23
Ludie,F,23
Mallie,F,23
Zola,F,23
Adaline,F,22
Adda,F,22
Albina,F,22
Anastasia,F,22
Annabelle,F,22
Christena,F,22
Docia,F,22
Eddie,F,22
Iona,F,22
Ira,F,22
Lonie,F,22
Lovie,F,22
Luna,F,22
Margret,F,22
Meda,F,22
Mona,F,22
Ray,F,22
Wilma,F,22
Almeda,F,21
Connie,F,21
Cordie,F,21
Era,F,21
Florida,F,21
Libbie,F,21
Madeleine,F,21
Queen,F,21
Tommie,F,21
Winnifred,F,21
Amalia,F,20
Angelina,F,20
Celeste,F,20
Jettie,F,20
Lavinia,F,20
Leatha,F,20
Luvenia,F,20
Magdalen,F,20
Patsy,F,20
Phebe,F,20
Shirley,F,20
Ursula,F,20
Vernie,F,20
Aline,F,19
Betsy,F,19
Carolina,F,19
Frank,F,19
Hassie,F,19
Hortense,F,19
James,F,19
Judith,F,19
Julie,F,19
Manda,F,19
Theo,F,19
Verda,F,19
Aimee,F,18
Althea,F,18
Arrie,F,18
Camilla,F,18
Evelina,F,18
Jenny,F,18
Lavina,F,18
Marcia,F,18
Ocie,F,18
Phyllis,F,18
Rosanna,F,18
Sena,F,18
Tilda,F,18
Adela,F,17
Avis,F,17
Clarissa,F,17
Corine,F,17
Elenora,F,17
Elizebeth,F,17
Imogene,F,17
Jeanne,F,17
Kizzie,F,17
Lauretta,F,17
Lelah,F,17
Leone,F,17
Mahala,F,17
Malissa,F,17
Minta,F,17
Myrta,F,17
Ossie,F,17
Ottilie,F,17
Peggy,F,17
Petra,F,17
Rosina,F,17
Sadye,F,17
Sophronia,F,17
Alida,F,16
Ara,F,16
Clementine,F,16
Coral,F,16
Diana,F,16
Donnie,F,16
Easter,F,16
Elisa,F,16
Genie,F,16
Geraldine,F,16
Glenna,F,16
Gretchen,F,16
Hope,F,16
Lilian,F,16
Lotta,F,16
Lutie,F,16
Magdalene,F,16
Malvina,F,16
Mame,F,16
Mammie,F,16
Maye,F,16
Mettie,F,16
Natalie,F,16
Samantha,F,16
Serena,F,16
Veda,F,16
Albertine,F,15
Alvena,F,15
America,F,15
Aurora,F,15
Carol,F,15
Deborah,F,15
Dottie,F,15
Eileen,F,15
Elda,F,15
Eleanore,F,15
Emmer,F,15
Estell,F,15
Evalyn,F,15
Huldah,F,15
Joan,F,15
Kathryne,F,15
Lonnie,F,15
Lucia,F,15
Margaretha,F,15
Selina,F,15
Valeria,F,15
Zetta,F,15
Arie,F,14
Arlie,F,14
Bulah,F,14
Cathrine,F,14
Claudie,F,14
Delilah,F,14
Dolores,F,14
Edyth,F,14
Ethelyn,F,14
Ethyl,F,14
Frona,F,14
Gena,F,14
Isa,F,14
Ivah,F,14
Kattie,F,14
Liddie,F,14
Mintie,F,14
Ottie,F,14
Rhea,F,14
Roma,F,14
Rossie,F,14
Selena,F,14
Tressa,F,14
Tressie,F,14
Winona,F,14
Abigail,F,13
Adella,F,13
Altha,F,13
Anabel,F,13
Annabel,F,13
Delila,F,13
Delphia,F,13
Donie,F,13
Edwina,F,13
Eleanora,F,13
Eulah,F,13
Evalena,F,13
Evangeline,F,13
Grayce,F,13
Harry,F,13
Icie,F,13
Joseph,F,13
Justine,F,13
Madie,F,13
Monica,F,13
Nita,F,13
Onie,F,13
Rachael,F,13
Sabina,F,13
Sabra,F,13
Vena,F,13
Verlie,F,13
Wilda,F,13
Ammie,F,12
Annetta,F,12
Berenice,F,12
Bernadette,F,12
Birtie,F,12
Carmen,F,12
Corrine,F,12
Dagmar,F,12
Delphine,F,12
Eldora,F,12
Elfrieda,F,12
Flo,F,12
Hertha,F,12
Honora,F,12
Idell,F,12
Jeanie,F,12
Leonie,F,12
Leslie,F,12
Loula,F,12
Louvenia,F,12
Merle,F,12
Nella,F,12
Oda,F,12
Paralee,F,12
Paulina,F,12
Queenie,F,12
Rosalia,F,12
Sula,F,12
Theodora,F,12
Viva,F,12
Wilhelmine,F,12
Zada,F,12
Adline,F,11
Amie,F,11
Beth,F,11
Charlie,F,11
Corda,F,11
Cornie,F,11
Corrie,F,11
Dicie,F,11
Dorcas,F,11
Edmonia,F,11
Edward,F,11
Elinor,F,11
Emeline,F,11
Ester,F,11
Etha,F,11
Etna,F,11
Eulalie,F,11
Florrie,F,11
Fred,F,11
Freddie,F,11
Isla,F,11
Josefa,F,11
Juliet,F,11
Leontine,F,11
Martina,F,11
Mima,F,11
Nathalie,F,11
Odelia,F,11
Osie,F,11
Rosamond,F,11
Rosemary,F,11
Rosia,F,11
Salome,F,11
Tennessee,F,11
Theresia,F,11
Verdie,F,11
Vergie,F,11
Villa,F,11
Zelia,F,11
Zita,F,11
Alyce,F,10
Annis,F,10
Bennie,F,10
Bobbie,F,10
Buna,F,10
Cammie,F,10
Cara,F,10
Clarice,F,10
Clemmie,F,10
Dell,F,10
Dina,F,10
Electa,F,10
Elta,F,10
Elvina,F,10
Ema,F,10
Emilia,F,10
Eve,F,10
Florine,F,10
Francisca,F,10
Frederica,F,10
Fredericka,F,10
Fronia,F,10
Garnet,F,10
Gay,F,10
Glennie,F,10
Gracia,F,10
Gunda,F,10
Gusta,F,10
Henry,F,10
India,F,10
Iris,F,10
Jesse,F,10
Joe,F,10
Katheryn,F,10
Katy,F,10
Leda,F,10
Lelar,F,10
Leonore,F,10
Loretto,F,10
Louetta,F,10
Magnolia,F,10
Maybell,F,10
Mercedes,F,10
Millicent,F,10
Miranda,F,10
Mora,F,10
Myrtis,F,10
Olie,F,10
Patricia,F,10
Pollie,F,10
Prudence,F,10
Robbie,F,10
Rubie,F,10
Tempie,F,10
Veva,F,10
Adelina,F,9
Adell,F,9
Aggie,F,9
Aletha,F,9
Alfreda,F,9
Amber,F,9
Annabell,F,9
Arminta,F,9
Arthur,F,9
Arvilla,F,9
Audra,F,9
Bert,F,9
Calla,F,9
Capitola,F,9
Carlotta,F,9
Charlottie,F,9
Christie,F,9
Classie,F,9
David,F,9
Dee,F,9
Doshie,F,9
Elvie,F,9
Enola,F,9
Eulalia,F,9
Evaline,F,9
Felicia,F,9
Gail,F,9
Helga,F,9
Henriette,F,9
Hermine,F,9
Hetty,F,9
Icy,F,9
Irena,F,9
Jemima,F,9
Karen,F,9
Laurie,F,9
Lavada,F,9
Lea,F,9
Letta,F,9
Leva,F,9
Lorene,F,9
Luisa,F,9
Margarette,F,9
Maxie,F,9
Nelly,F,9
Neta,F,9
Norah,F,9
Octavie,F,9
Odie,F,9
Odile,F,9
Omie,F,9
Orelia,F,9
Philomena,F,9
Ramona,F,9
Retha,F,9
Roseanna,F,9
Rosy,F,9
Ruthie,F,9
Savanah,F,9
Signe,F,9
Suzanne,F,9
Sybil,F,9
Tabitha,F,9
Theda,F,9
Thekla,F,9
Therese,F,9
Trudie,F,9
Vella,F,9
Vertie,F,9
Victorine,F,9
Will,F,9
Zoa,F,9
Adelle,F,8
Aileen,F,8
Alicia,F,8
Almira,F,8
Amelie,F,8
Anice,F,8
Arizona,F,8
Audie,F,8
Berdie,F,8
Bina,F,8
Camille,F,8
Carlota,F,8
Carra,F,8
Cathryn,F,8
Christiana,F,8
Claude,F,8
Clifford,F,8
Cordia,F,8
Dicy,F,8
Dove,F,8
Ednah,F,8
Eleonore,F,8
Ellar,F,8
Ena,F,8
Erie,F,8
Freida,F,8
Fronie,F,8
Georgina,F,8
Gillie,F,8
Golden,F,8
Greta,F,8
Gwendolyn,F,8
Hellen,F,8
Henretta,F,8
Hildegarde,F,8
Hollie,F,8
Imo,F,8
Indiana,F,8
Jessica,F,8
Jewell,F,8
Jodie,F,8
Juana,F,8
Judie,F,8
Juliana,F,8
Juliette,F,8
Lanie,F,8
Libby,F,8
Lockie,F,8
Lular,F,8
Lurline,F,8
Luz,F,8
Macie,F,8
Manuela,F,8
Margaretta,F,8
Margarita,F,8
Melinda,F,8
Melva,F,8
Mena,F,8
Metta,F,8
Nanie,F,8
Nena,F,8
Netta,F,8
Nonie,F,8
Novella,F,8
Opha,F,8
Ottilia,F,8
Parlee,F,8
Patience,F,8
Robert,F,8
Roxy,F,8
Sidney,F,8
Sina,F,8
Theodosia,F,8
Ura,F,8
Vennie,F,8
Vicie,F,8
Zettie,F,8
Alba,F,7
Albert,F,7
Albertina,F,7
Alverda,F,7
Alwine,F,7
Amma,F,7
Andrea,F,7
Angelita,F,7
Anner,F,7
Antonette,F,7
Arabella,F,7
Atha,F,7
Augustine,F,7
Beaulah,F,7
Becky,F,7
Beda,F,7
Bena,F,7
Beula,F,7
Biddie,F,7
Billie,F,7
Birtha,F,7
Caddie,F,7
Carl,F,7
Carmelita,F,7
Celesta,F,7
Celestine,F,7
Celie,F,7
Clemma,F,7
Clora,F,7
Daisie,F,7
Dale,F,7
Delma,F,7
Dessa,F,7
Dosha,F,7
Elena,F,7
Eleonora,F,7
Elia,F,7
Eloisa,F,7
Emmaline,F,7
Eppie,F,7
Ernest,F,7
Exie,F,7
Ferne,F,7
Fleta,F,7
Florance,F,7
Gene,F,7
Gina,F,7
Gretta,F,7
Gustie,F,7
Hazle,F,7
Ivory,F,7
Izora,F,7
Joy,F,7
Joyce,F,7
Junie,F,7
Justina,F,7
Lillia,F,7
Lissie,F,7
Loma,F,7
Louis,F,7
Lu,F,7
Lulie,F,7
Mabell,F,7
Macy,F,7
Margarete,F,7
Margarett,F,7
Marjory,F,7
Marry,F,7
Medora,F,7
Minda,F,7
Mozelle,F,7
Nadine,F,7
Nelda,F,7
Nevada,F,7
Nonnie,F,7
Onnie,F,7
Orrie,F,7
Osa,F,7
Ouida,F,7
Ova,F,7
Parthenia,F,7
Portia,F,7
Prudie,F,7
Refugia,F,7
Richard,F,7
Roy,F,7
Shellie,F,7
Silvia,F,7
Susannah,F,7
Thelma,F,7
Thomas,F,7
Tiny,F,7
Ula,F,7
Valerie,F,7
Wealthy,F,7
Weltha,F,7
Yetta,F,7
Zadie,F,7
Zelpha,F,7
Alla,F,6
Alverta,F,6
Anie,F,6
Annice,F,6
Antionette,F,6
Arletta,F,6
Avie,F,6
Axie,F,6
Bernadine,F,6
Buena,F,6
Bula,F,6
Byrde,F,6
Byrdie,F,6
Candace,F,6
Carrye,F,6
Cathern,F,6
Celestia,F,6
Celina,F,6
Chaney,F,6
Chlora,F,6
Cinda,F,6
Clarinda,F,6
Claudine,F,6
Clella,F,6
Courtney,F,6
Daphne,F,6
Dellie,F,6
Delora,F,6
Dorthy,F,6
Drucilla,F,6
Drusilla,F,6
Dulcie,F,6
Elaine,F,6
Elfreda,F,6
Eller,F,6
Elmina,F,6
Elvera,F,6
Evah,F,6
Flavia,F,6
Fronnie,F,6
Georgene,F,6
Georgetta,F,6
Gerda,F,6
Goldia,F,6
Gregoria,F,6
Herma,F,6
Hila,F,6
Jennette,F,6
Jetta,F,6
Johnie,F,6
Josefina,F,6
Jossie,F,6
Katharina,F,6
Kay,F,6
Lacy,F,6
Lala,F,6
Lana,F,6
Laurel,F,6
Leo,F,6
Lera,F,6
Letty,F,6
Lillis,F,6
Litha,F,6
Lollie,F,6
Lorraine,F,6
Mada,F,6
Madgie,F,6
Maebelle,F,6
Mahaley,F,6
Maida,F,6
Marianna,F,6
Marianne,F,6
Marinda,F,6
Matie,F,6
Maymie,F,6
Melanie,F,6
Mercy,F,6
Mignon,F,6
Monnie,F,6
Myrle,F,6
Myrna,F,6
Myrtice,F,6
Naoma,F,6
Nealie,F,6
Nelia,F,6
Norine,F,6
Nova,F,6
Orah,F,6
Oral,F,6
Orra,F,6
Ota,F,6
Otha,F,6
Ozella,F,6
Percy,F,6
Peter,F,6
Pinkey,F,6
Pluma,F,6
Rafaela,F,6
Ragna,F,6
Sammie,F,6
Sarrah,F,6
Sibyl,F,6
Thea,F,6
Thirza,F,6
Thresa,F,6
Tomasa,F,6
Tura,F,6
Vannie,F,6
Violette,F,6
Zena,F,6
Zillah,F,6
Abby,F,5
Adalene,F,5
Adrienne,F,5
Aida,F,5
Albertha,F,5
Allene,F,5
Alline,F,5
Altie,F,5
Anaise,F,5
Anis,F,5
Annye,F,5
Archie,F,5
Arlena,F,5
Armenia,F,5
Arvella,F,5
Auda,F,5
Bama,F,5
Belvia,F,5
Bird,F,5
Bitha,F,5
Brittie,F,5
Cena,F,5
Christy,F,5
Cindy,F,5
Clarabelle,F,5
Clarence,F,5
Clemie,F,5
Cleora,F,5
Clorinda,F,5
Coila,F,5
Concetta,F,5
Creola,F,5
Cyntha,F,5
Delina,F,5
Dellar,F,5
Dillie,F,5
Dinah,F,5
Docie,F,5
Dola,F,5
Dot,F,5
Ela,F,5
Elenore,F,5
Elinore,F,5
Elmire,F,5
Else,F,5
Elzora,F,5
Emmy,F,5
Ermine,F,5
Estie,F,5
Etter,F,5
Eudora,F,5
Eugene,F,5
Eura,F,5
Faith,F,5
Florentine,F,5
Floride,F,5
Forrest,F,5
Georgeanna,F,5
Gertha,F,5
Glen,F,5
Glenn,F,5
Hala,F,5
Helma,F,5
Hermina,F,5
Hessie,F,5
Hilaria,F,5
Hildur,F,5
Howard,F,5
Ica,F,5
Ilma,F,5
Ima,F,5
Ivie,F,5
Iza,F,5
Jamie,F,5
Jeffie,F,5
Jo,F,5
Josiephine,F,5
Jule,F,5
Katharyn,F,5
Lara,F,5
Lassie,F,5
Launa,F,5
Leafy,F,5
Leanna,F,5
Lesta,F,5
Levy,F,5
Lidie,F,5
Lilah,F,5
Lilia,F,5
Lilie,F,5
Loda,F,5
Lucina,F,5
Luvina,F,5
Mahalie,F,5
Maie,F,5
Malissia,F,5
Malissie,F,5
Manie,F,5
Margretta,F,5
Mariette,F,5
Martin,F,5
Maryann,F,5
Melda,F,5
Mira,F,5
Mirtie,F,5
Montie,F,5
Myrl,F,5
Nancie,F,5
Nanna,F,5
Neoma,F,5
Neppie,F,5
Nezzie,F,5
Nolia,F,5
Nolie,F,5
Nollie,F,5
Olevia,F,5
Oline,F,5
Oneida,F,5
Orie,F,5
Orlena,F,5
Otelia,F,5
Otillie,F,5
Ozzie,F,5
Pallie,F,5
Pearly,F,5
Perle,F,5
Persis,F,5
Philomene,F,5
Rebekah,F,5
Ressie,F,5
Romaine,F,5
Rosabelle,F,5
Rubye,F,5
Saddie,F,5
Senie,F,5
Sidonia,F,5
Sigrid,F,5
Sofia,F,5
Stasia,F,5
Susana,F,5
Tacie,F,5
Tacy,F,5
Texana,F,5
Texas,F,5
Thora,F,5
Tinnie,F,5
Tisha,F,5
Tracy,F,5
Trinidad,F,5
Valentine,F,5
Vara,F,5
Vassie,F,5
Venus,F,5
Vernice,F,5
Verta,F,5
Vessie,F,5
Vivia,F,5
Willis,F,5
Zelda,F,5
Zilpha,F,5
John,M,8110
William,M,7470
James,M,4768
George,M,4284
Charles,M,4031
Frank,M,2883
Joseph,M,2456
Henry,M,2228
Thomas,M,2151
Edward,M,2125
Robert,M,2125
Harry,M,2057
Walter,M,1704
Arthur,M,1489
Fred,M,1454
Albert,M,1294
Clarence,M,892
Samuel,M,802
Louis,M,791
Roy,M,726
Joe,M,685
David,M,673
Ernest,M,653
Charlie,M,642
Richard,M,622
Jesse,M,601
Willie,M,590
Carl,M,588
Oscar,M,574
Will,M,561
Daniel,M,556
Earl,M,537
Andrew,M,520
Benjamin,M,473
Alfred,M,468
Elmer,M,467
Frederick,M,464
Ralph,M,463
Sam,M,463
Paul,M,449
Herbert,M,445
Howard,M,429
Peter,M,421
Lee,M,400
Herman,M,394
Claude,M,375
Raymond,M,372
Michael,M,344
Lewis,M,343
Jim,M,339
Martin,M,331
Tom,M,329
Eugene,M,327
Francis,M,327
Clyde,M,320
Jacob,M,317
Edwin,M,310
Ben,M,305
Grover,M,290
Lawrence,M,283
Harold,M,279
Ed,M,275
Luther,M,267
Edgar,M,266
Harvey,M,262
Ray,M,258
Otto,M,253
Jack,M,251
Hugh,M,250
Homer,M,248
Guy,M,238
Bert,M,237
Floyd,M,232
Leo,M,232
Charley,M,221
Patrick,M,218
Ira,M,215
Chester,M,207
Leonard,M,207
Oliver,M,203
Allen,M,202
Theodore,M,201
August,M,194
Isaac,M,194
Archie,M,184
Jessie,M,182
Alexander,M,180
Leroy,M,177
Lester,M,168
Leslie,M,166
Clifford,M,165
Stephen,M,165
Julius,M,164
Warren,M,163
Philip,M,161
Horace,M,160
Bernard,M,159
Anthony,M,153
Leon,M,147
Emil,M,146
Sidney,M,144
Dan,M,140
Everett,M,140
Alex,M,136
Marion,M,131
Eddie,M,129
Alvin,M,128
Lloyd,M,127
Jess,M,124
Percy,M,123
Calvin,M,122
Milton,M,122
Norman,M,119
Rufus,M,119
Victor,M,119
Wesley,M,115
Willis,M,113
Perry,M,112
Wilbur,M,112
Dave,M,111
Stanley,M,110
Mack,M,109
Matthew,M,108
Jay,M,106
Nathan,M,106
Amos,M,104
Gilbert,M,102
Roscoe,M,102
Earnest,M,99
Harrison,M,99
Jerry,M,98
Otis,M,97
Russell,M,96
Jose,M,95
Melvin,M,95
Morris,M,95
Willard,M,95
Noah,M,94
Dennis,M,93
Adolph,M,90
Emmett,M,90
Jake,M,90
Franklin,M,89
Alonzo,M,88
Maurice,M,88
Wallace,M,88
Moses,M,87
Glenn,M,86
Ross,M,85
Adam,M,84
Elbert,M,82
Felix,M,82
Fredrick,M,82
Gus,M,82
Cecil,M,80
Phillip,M,80
Cornelius,M,79
Nicholas,M,79
Vernon,M,79
Aaron,M,78
Hubert,M,78
Sherman,M,78
Claud,M,77
Harley,M,77
Virgil,M,77
Lonnie,M,76
Mark,M,76
Abraham,M,75
Elijah,M,75
Hiram,M,75
Levi,M,75
Bob,M,74
Clayton,M,74
Max,M,73
Mike,M,73
Manuel,M,72
Clinton,M,71
Rudolph,M,71
Sylvester,M,71
Jeff,M,70
Marvin,M,70
Marshall,M,69
Ollie,M,68
Owen,M,68
Anton,M,67
Millard,M,67
Simon,M,67
Ellis,M,66
Wiley,M,66
Jasper,M,65
Pearl,M,64
Silas,M,64
Bill,M,63
Ora,M,63
Nelson,M,62
Curtis,M,61
Edmund,M,61
Donald,M,60
Edd,M,60
Johnnie,M,59
Alva,M,58
Barney,M,58
Juan,M,57
Nathaniel,M,57
Christopher,M,56
Monroe,M,56
Irvin,M,55
Irving,M,55
Mose,M,55
Andy,M,54
Clark,M,54
Cleveland,M,54
Orville,M,54
Reuben,M,54
Steve,M,54
Timothy,M,54
Dock,M,53
Glen,M,52
Vincent,M,52
Wilson,M,52
Asa,M,51
Augustus,M,51
Eli,M,51
Karl,M,49
Lon,M,49
Roland,M,49
Bennie,M,48
Grant,M,48
Joel,M,48
Arch,M,47
Austin,M,47
Byron,M,47
Christian,M,47
Gordon,M,47
Gustave,M,47
Luke,M,47
Mary,M,47
Pete,M,47
Chris,M,46
Riley,M,46
Bruce,M,44
Ike,M,44
Preston,M,44
Clifton,M,43
Ferdinand,M,43
Emanuel,M,42
Joshua,M,41
Newton,M,41
Spencer,M,41
Columbus,M,40
Julian,M,40
Major,M,40
Tony,M,40
Anderson,M,39
Dee,M,39
Don,M,39
Earle,M,39
Lemuel,M,39
Roger,M,39
Wade,M,39
Antonio,M,38
Arnold,M,38
Chas,M,38
Conrad,M,38
Cyrus,M,38
Jeremiah,M,38
Scott,M,38
Abe,M,37
Neal,M,37
Bud,M,36
Edmond,M,36
Ervin,M,35
Kenneth,M,35
Miles,M,35
Winfield,M,35
Aubrey,M,34
Carroll,M,34
Clement,M,34
Cleve,M,34
Douglas,M,34
Elias,M,34
Forrest,M,34
Gustav,M,34
Isaiah,M,34
Jerome,M,34
Matt,M,34
Murray,M,34
Ruben,M,34
Emery,M,33
Emory,M,33
Ezra,M,33
Jimmie,M,33
Solomon,M,33
Clem,M,32
Isiah,M,32
Jefferson,M,32
Napoleon,M,32
Van,M,32
Dewitt,M,31
Green,M,31
Jackson,M,31
Johnny,M,31
Louie,M,31
Mathew,M,31
Wilfred,M,31
Hugo,M,30
Ambrose,M,29
Logan,M,29
Nick,M,29
Wayne,M,29
Chauncey,M,28
Delbert,M,28
Forest,M,28
Johnie,M,28
Laurence,M,28
Mitchell,M,28
Myron,M,28
Ned,M,28
Rex,M,28
Vern,M,28
Dick,M,27
General,M,27
Otho,M,27
Ulysses,M,27
Boyd,M,26
Francisco,M,26
Freeman,M,26
Garfield,M,26
Ivan,M,26
Gust,M,25
Lorenzo,M,25
Walker,M,25
Elwood,M,24
Erwin,M,24
Jonas,M,24
Lafayette,M,24
Lucius,M,24
Merle,M,24
Royal,M,24
Burton,M,23
Clay,M,23
Dudley,M,23
Enoch,M,23
Hal,M,23
Hans,M,23
Loren,M,23
Lyman,M,23
Lynn,M,23
Marcus,M,23
Milo,M,23
Ward,M,23
Gerald,M,22
Omer,M,22
Sanford,M,22
Wilber,M,22
Allan,M,21
Emile,M,21
Evan,M,21
Fletcher,M,21
Granville,M,21
Harmon,M,21
Irwin,M,21
Jean,M,21
Malcolm,M,21
Neil,M,21
Allie,M,20
Carlos,M,20
Elisha,M,20
Elton,M,20
Frederic,M,20
Judson,M,20
Leland,M,20
Loyd,M,20
Stewart,M,20
Taylor,M,20
Ted,M,20
Abram,M,19
Adolphus,M,19
Archibald,M,19
Berry,M,19
Burl,M,19
Dwight,M,19
Gene,M,19
Lucian,M,19
Nels,M,19
Ole,M,19
Pat,M,19
Pedro,M,19
Sandy,M,19
Sterling,M,19
Wilbert,M,19
Abner,M,18
Alphonse,M,18
Axel,M,18
Coleman,M,18
Duncan,M,18
Gabriel,M,18
Herschel,M,18
Judge,M,18
Madison,M,18
Morton,M,18
Prince,M,18
Seth,M,18
Smith,M,18
Stuart,M,18
Tim,M,18
Tommie,M,18
Tommy,M,18
Bennett,M,17
Bertram,M,17
Burt,M,17
Cliff,M,17
Fay,M,17
Foster,M,17
Garland,M,17
Larry,M,17
Lyle,M,17
Morgan,M,17
Pink,M,17
Al,M,16
Angus,M,16
Benjiman,M,16
Benton,M,16
Carey,M,16
Dallas,M,16
Ellsworth,M,16
Elza,M,16
Emerson,M,16
Florence,M,16
Fritz,M,16
Hosea,M,16
Houston,M,16
Lawson,M,16
Phil,M,16
Rollie,M,16
Roman,M,16
Terry,M,16
Alton,M,15
Early,M,15
Isom,M,15
Israel,M,15
Jesus,M,15
Josh,M,15
Josiah,M,15
Junius,M,15
Lucious,M,15
Merton,M,15
Noble,M,15
Oren,M,15
Orin,M,15
Pierce,M,15
Raleigh,M,15
Randolph,M,15
Santiago,M,15
Steven,M,15
Thad,M,15
Valentine,M,15
Wilmer,M,15
Wm,M,15
Wylie,M,15
Avery,M,14
Buck,M,14
Carson,M,14
Christ,M,14
Crawford,M,14
Elizabeth,M,14
Emma,M,14
Garrett,M,14
Geo,M,14
Haywood,M,14
Henderson,M,14
Jason,M,14
Lonzo,M,14
Merritt,M,14
Minor,M,14
Olaf,M,14
Olin,M,14
Parker,M,14
Porter,M,14
Ransom,M,14
Rolla,M,14
Shelby,M,14
Sol,M,14
Sydney,M,14
Thurman,M,14
Waldo,M,14
Zack,M,14
Adrian,M,13
Anna,M,13
Annie,M,13
Basil,M,13
Benjaman,M,13
Caleb,M,13
Carlton,M,13
Carter,M,13
Clint,M,13
Elliott,M,13
Elzie,M,13
Hezekiah,M,13
Kelly,M,13
King,M,13
Lew,M,13
Lionel,M,13
Margaret,M,13
Mason,M,13
Newt,M,13
Orval,M,13
Palmer,M,13
Ramon,M,13
Richmond,M,13
Roderick,M,13
Turner,M,13
Vivian,M,13
Wilford,M,13
Williams,M,13
Addison,M,12
Albin,M,12
Baxter,M,12
Billie,M,12
Blaine,M,12
Bruno,M,12
Clair,M,12
Clare,M,12
Davis,M,12
Enos,M,12
Frances,M,12
Hamp,M,12
Harris,M,12
Hollis,M,12
Isadore,M,12
Jordan,M,12
June,M,12
Louise,M,12
Merrill,M,12
Orrin,M,12
Pablo,M,12
Perley,M,12
Rupert,M,12
Troy,M,12
Warner,M,12
Washington,M,12
Wilburn,M,12
Young,M,12
Abel,M,11
Aloysius,M,11
Aron,M,11
Arvid,M,11
Benjamine,M,11
Bertha,M,11
Bonnie,M,11
Brown,M,11
Casper,M,11
Connie,M,11
Cyril,M,11
Dale,M,11
Dorsey,M,11
Emmitt,M,11
Erastus,M,11
Eric,M,11
Ezekiel,M,11
Finis,M,11
Giles,M,11
Hamilton,M,11
Harve,M,11
Issac,M,11
Johnson,M,11
Jonah,M,11
Jules,M,11
Lem,M,11
Lucien,M,11
Mathias,M,11
Minnie,M,11
Myles,M,11
Orlando,M,11
Ottis,M,11
Reginald,M,11
Rollin,M,11
Saul,M,11
Tracy,M,11
Wash,M,11
Webster,M,11
Wyatt,M,11
Alice,M,10
Alma,M,10
Alonza,M,10
Alvah,M,10
Antone,M,10
Art,M,10
Ashley,M,10
Benny,M,10
Bernhard,M,10
Bertie,M,10
Buster,M,10
Cicero,M,10
Colonel,M,10
Dillard,M,10
Doc,M,10
Eldridge,M,10
Elmore,M,10
Ennis,M,10
Ephraim,M,10
Ernie,M,10
Ernst,M,10
Ethel,M,10
Fate,M,10
Ford,M,10
Fulton,M,10
Henery,M,10
Hoyt,M,10
Irl,M,10
Ivy,M,10
Jonathan,M,10
Lemon,M,10
Lindsey,M,10
Lou,M,10
Maynard,M,10
Melville,M,10
Micheal,M,10
Nellie,M,10
Omar,M,10
Pinkney,M,10
Pleasant,M,10
Rube,M,10
Shelton,M,10
Sid,M,10
Sim,M,10
Theo,M,10
Thornton,M,10
Toney,M,10
Vance,M,10
Alford,M,9
Archer,M,9
Armand,M,9
Arther,M,9
Bart,M,9
Benson,M,9
Buford,M,9
Burnett,M,9
Burr,M,9
Butler,M,9
Cary,M,9
Clara,M,9
Dean,M,9
Dexter,M,9
Edson,M,9
Egbert,M,9
Elvin,M,9
Emmet,M,9
Evert,M,9
Gaylord,M,9
Graham,M,9
Gustaf,M,9
Hillard,M,9
Howell,M,9
Ida,M,9
Ignacio,M,9
Lenard,M,9
Lige,M,9
Linwood,M,9
Lowell,M,9
Luis,M,9
Manley,M,9
Marcellus,M,9
Mervin,M,9
Nolan,M,9
Norval,M,9
Oran,M,9
Pierre,M,9
Randall,M,9
Reece,M,9
Rodney,M,9
Rolland,M,9
Ruby,M,9
Shirley,M,9
Thaddeus,M,9
Tobe,M,9
West,M,9
Willian,M,9
Ace,M,8
Adelbert,M,8
Alberto,M,8
Alf,M,8
Almer,M,8
Alois,M,8
Alvie,M,8
Andres,M,8
Angelo,M,8
Arlie,M,8
Armond,M,8
Banks,M,8
Barton,M,8
Bedford,M,8
Beverly,M,8
Boss,M,8
Captain,M,8
Clarance,M,8
Cloyd,M,8
Dawson,M,8
Dayton,M,8
Denis,M,8
Doctor,M,8
Eldon,M,8
Elmo,M,8
Elsworth,M,8
Frazier,M,8
Furman,M,8
Gideon,M,8
Godfrey,M,8
Guss,M,8
Hallie,M,8
Harlan,M,8
Helmer,M,8
Junious,M,8
Lacy,M,8
Leander,M,8
Len,M,8
Lincoln,M,8
Lora,M,8
Lum,M,8
Mat,M,8
Merl,M,8
Merlin,M,8
Moody,M,8
Mortimer,M,8
Nat,M,8
Nora,M,8
Norris,M,8
Orla,M,8
Oswald,M,8
Otha,M,8
Ples,M,8
Price,M,8
Rafael,M,8
Rich,M,8
Ronald,M,8
Rubin,M,8
Russel,M,8
Seaborn,M,8
Seymour,M,8
Soloman,M,8
Theron,M,8
Thompson,M,8
Truman,M,8
Vander,M,8
Verne,M,8
Vicente,M,8
Watson,M,8
Wendell,M,8
Willam,M,8
Winfred,M,8
Zeb,M,8
Alden,M,7
Alfredo,M,7
Almon,M,7
Bartholomew,M,7
Berton,M,7
Bird,M,7
Burley,M,7
Byrd,M,7
Cash,M,7
Chalmer,M,7
Collie,M,7
Cornelious,M,7
Dana,M,7
Delmar,M,7
Dolph,M,7
Dominick,M,7
Donnie,M,7
Edith,M,7
Elie,M,7
Eliseo,M,7
Elwin,M,7
Ethan,M,7
Ewing,M,7
Finley,M,7
Freddie,M,7
Gardner,M,7
Gary,M,7
Gerhard,M,7
Glover,M,7
Golden,M,7
Grady,M,7
Hardy,M,7
Haskell,M,7
Heber,M,7
Hector,M,7
Hilary,M,7
Hilton,M,7
Hosteen,M,7
Ivory,M,7
Jule,M,7
Kirby,M,7
Lamar,M,7
Lambert,M,7
Landon,M,7
Leopold,M,7
Levy,M,7
Llewellyn,M,7
Lorenz,M,7
Love,M,7
Malachi,M,7
Maxwell,M,7
Mont,M,7
Myrtle,M,7
Newman,M,7
Obie,M,7
Odie,M,7
Orley,M,7
Peyton,M,7
Sanders,M,7
Seldon,M,7
Simpson,M,7
Squire,M,7
Theophile,M,7
Tillman,M,7
Tomas,M,7
Verner,M,7
Webb,M,7
Addie,M,6
Ah,M,6
Aleck,M,6
Alphonsus,M,6
Amon,M,6
Anson,M,6
Arley,M,6
Asher,M,6
Author,M,6
Bailey,M,6
Bascom,M,6
Bernie,M,6
Billy,M,6
Birt,M,6
Brad,M,6
Brice,M,6
Brooks,M,6
Bryant,M,6
Burrell,M,6
Champ,M,6
Cleo,M,6
Colin,M,6
Creed,M,6
Curt,M,6
Delos,M,6
Denver,M,6
Dolphus,M,6
Eben,M,6
Elam,M,6
Eliga,M,6
Ellwood,M,6
Ely,M,6
Ephram,M,6
Ephriam,M,6
Ethelbert,M,6
Eva,M,6
Evans,M,6
Everette,M,6
Ewald,M,6
Ewell,M,6
Fayette,M,6
Ferd,M,6
Gale,M,6
Gilman,M,6
Gregorio,M,6
Hattie,M,6
Hayes,M,6
Henri,M,6
Hermon,M,6
Horatio,M,6
Hyrum,M,6
Isidore,M,6
Iver,M,6
Jobe,M,6
Joeseph,M,6
Joesph,M,6
Julia,M,6
Kelley,M,6
Lafe,M,6
Laura,M,6
Lawyer,M,6
Leigh,M,6
Lennie,M,6
Leonce,M,6
Leonidas,M,6
Lillian,M,6
Loy,M,6
Mahlon,M,6
Mamie,M,6
Manford,M,6
Milford,M,6
Miller,M,6
Orion,M,6
Orson,M,6
Ottie,M,6
Prentice,M,6
Quincy,M,6
Rollo,M,6
Rose,M,6
Rowland,M,6
Rudolf,M,6
Rudy,M,6
Rush,M,6
Sampson,M,6
Selmer,M,6
Shade,M,6
Sheldon,M,6
Shepherd,M,6
Silvester,M,6
Simeon,M,6
Stanford,M,6
Talmage,M,6
Urban,M,6
Vernie,M,6
Volney,M,6
Wes,M,6
Wilton,M,6
Winston,M,6
Wong,M,6
Woodie,M,6
Wright,M,6
Yancy,M,6
Ab,M,5
Abbie,M,5
Ada,M,5
Adolfo,M,5
Agnes,M,5
Alan,M,5
Alcide,M,5
Alec,M,5
Alejandro,M,5
Alexis,M,5
Alpha,M,5
Alpheus,M,5
Alto,M,5
Alvia,M,5
Arden,M,5
Arlington,M,5
Arnie,M,5
Arvin,M,5
Ballard,M,5
Bee,M,5
Benito,M,5
Benjamen,M,5
Bessie,M,5
Blair,M,5
Blanche,M,5
Bliss,M,5
Bradley,M,5
Brady,M,5
Cal,M,5
Camille,M,5
Cassie,M,5
Cassius,M,5
Catherine,M,5
Charly,M,5
Chin,M,5
Clarke,M,5
Claus,M,5
Cleon,M,5
Cooper,M,5
Cullen,M,5
Dell,M,5
Delmer,M,5
Dennie,M,5
Dewey,M,5
Diego,M,5
Dionicio,M,5
Dixie,M,5
Dominic,M,5
Dora,M,5
Dorr,M,5
Dow,M,5
Duane,M,5
Ebb,M,5
Eber,M,5
Edmon,M,5
Effie,M,5
Ellie,M,5
Elroy,M,5
Elvis,M,5
Estes,M,5
Gabe,M,5
Gilford,M,5
Gottlieb,M,5
Graves,M,5
Gray,M,5
Griffin,M,5
Gussie,M,5
Hardin,M,5
Harlow,M,5
Harman,M,5
Hazel,M,5
Hillery,M,5
Humphrey,M,5
Hurley,M,5
Ignatius,M,5
Jessee,M,5
Jewel,M,5
Jodie,M,5
Lars,M,5
Laurel,M,5
Leeroy,M,5
Lillard,M,5
Lim,M,5
Linton,M,5
Ludwig,M,5
Mabel,M,5
Mac,M,5
Mannie,M,5
Mart,M,5
Martha,M,5
May,M,5
Meyer,M,5
Miner,M,5
Montgomery,M,5
Newell,M,5
Noel,M,5
Norbert,M,5
Norwood,M,5
Ocie,M,5
Odis,M,5
Okey,M,5
Ola,M,5
Olen,M,5
Olie,M,5
Orie,M,5
Orr,M,5
Osborn,M,5
Ott,M,5
Page,M,5
Park,M,5
Pembroke,M,5
Perl,M,5
Pleas,M,5
Polk,M,5
Prentiss,M,5
Ran,M,5
Raphael,M,5
Rastus,M,5
Reed,M,5
Reinhold,M,5
Robin,M,5
Roe,M,5
Rome,M,5
Rosa,M,5
Ruel,M,5
Ruth,M,5
Sammie,M,5
Shed,M,5
Solon,M,5
Stacy,M,5
Stonewall,M,5
Sumner,M,5
Tandy,M,5
Terence,M,5
Theodor,M,5
Tip,M,5
Todd,M,5
Tolbert,M,5
Unknown,M,5
Walton,M,5
Weaver,M,5
Westley,M,5
Wheeler,M,5
Wilfrid,M,5
Wilhelm,M,5
Wirt,M,5
Zed,M,5
