name,gender,count
Mary,F,16067
Helen,F,6811
Margaret,F,5690
Anna,F,5424
Ruth,F,5068
Elizabeth,F,4121
Dorothy,F,3937
Mildred,F,3758
Marie,F,3643
Alice,F,3610
Florence,F,3478
Ethel,F,3401
Lillian,F,3185
Gladys,F,2996
Edna,F,2953
Frances,F,2887
Annie,F,2793
Rose,F,2724
Grace,F,2630
Bessie,F,2446
Bertha,F,2434
Clara,F,2397
Louise,F,2367
Irene,F,2357
Hazel,F,2351
Emma,F,2298
Gertrude,F,2276
Catherine,F,2198
Mabel,F,2178
Edith,F,2137
Pearl,F,2108
Martha,F,2091
Myrtle,F,2026
Esther,F,1993
Minnie,F,1950
Thelma,F,1945
Josephine,F,1894
Ruby,F,1885
Eva,F,1815
Elsie,F,1811
Sarah,F,1762
Ida,F,1757
Agnes,F,1718
Viola,F,1697
Beatrice,F,1661
Evelyn,F,1661
Julia,F,1642
Nellie,F,1626
Laura,F,1566
Lucille,F,1533
Lillie,F,1481
Ella,F,1438
Virginia,F,1394
Pauline,F,1381
Mattie,F,1371
Alma,F,1333
Jessie,F,1315
Carrie,F,1288
Willie,F,1285
Mae,F,1284
Lena,F,1258
Hattie,F,1197
Blanche,F,1190
Katherine,F,1190
Marion,F,1141
Lucy,F,1132
Stella,F,1097
Fannie,F,1085
Leona,F,1083
Mamie,F,1068
Vera,F,1053
Cora,F,1044
Eleanor,F,1041
Bernice,F,1032
Ann,F,996
Jennie,F,981
Beulah,F,968
Lula,F,963
Rosa,F,922
Ada,F,873
Ellen,F,845
Violet,F,831
Doris,F,812
Maggie,F,809
Betty,F,807
Kathryn,F,788
Daisy,F,776
Lois,F,763
Dora,F,757
Marguerite,F,753
Sadie,F,750
Nora,F,742
Susie,F,739
Georgia,F,722
Velma,F,722
Marjorie,F,712
Maude,F,709
Anne,F,708
Opal,F,702
Emily,F,683
Hilda,F,655
Flora,F,628
Lola,F,624
Charlotte,F,614
Sallie,F,607
Inez,F,601
Olive,F,598
Theresa,F,598
Della,F,593
Alberta,F,577
Nettie,F,573
Mable,F,562
Katie,F,553
Goldie,F,548
Jean,F,548
Lottie,F,547
Effie,F,542
Nancy,F,535
May,F,530
Sylvia,F,528
Loretta,F,527
Eunice,F,525
Lydia,F,518
Estelle,F,510
Genevieve,F,508
Eula,F,502
Rosie,F,500
Vivian,F,492
Verna,F,488
Ollie,F,486
Lucile,F,479
Essie,F,476
Lizzie,F,476
Addie,F,465
Lela,F,465
Marian,F,455
Sara,F,437
Ora,F,431
Maria,F,430
Henrietta,F,428
Irma,F,428
Iva,F,422
Rachel,F,421
Harriet,F,413
Madeline,F,412
Caroline,F,407
Flossie,F,406
Rebecca,F,402
Geneva,F,398
Etta,F,397
Jane,F,393
Kathleen,F,386
Sophie,F,374
Barbara,F,366
Amelia,F,365
Naomi,F,361
Juanita,F,360
Wilma,F,357
Nina,F,354
Christine,F,344
Mollie,F,344
Ola,F,344
Victoria,F,343
Erma,F,330
Susan,F,320
Leola,F,319
Alta,F,316
Amanda,F,311
Norma,F,311
Freda,F,310
Janie,F,306
Nannie,F,303
Sally,F,303
Allie,F,298
Cecelia,F,293
Isabel,F,292
Olga,F,288
Luella,F,287
Ina,F,283
Winifred,F,276
Estella,F,275
Frieda,F,275
Fern,F,273
Audrey,F,272
Celia,F,270
Amy,F,269
Matilda,F,268
Bonnie,F,264
Elva,F,261
Geraldine,F,259
Isabelle,F,253
Jewell,F,253
Cleo,F,248
Virgie,F,244
Jeanette,F,243
Roberta,F,243
Cecilia,F,237
Sophia,F,237
Adeline,F,236
Miriam,F,234
Nell,F,229
Selma,F,224
Regina,F,223
Eliza,F,222
Hannah,F,219
Callie,F,217
Dorothea,F,217
Josie,F,217
Veronica,F,217
Augusta,F,216
Fay,F,215
Lila,F,211
Carolyn,F,210
Anita,F,209
Winnie,F,207
Belle,F,205
Gussie,F,205
Jeannette,F,205
Rena,F,204
Jewel,F,201
Adele,F,200
Dollie,F,200
Millie,F,193
Maud,F,192
Sue,F,191
Margie,F,190
Elnora,F,189
Faye,F,189
Rita,F,188
Muriel,F,186
Lora,F,185
Claire,F,184
Madge,F,184
Kate,F,183
Phyllis,F,183
Antoinette,F,181
Johnnie,F,181
Teresa,F,178
Marcella,F,175
Letha,F,174
Roxie,F,174
Tillie,F,172
Angelina,F,171
Delia,F,171
Elma,F,171
Lorene,F,171
Gracie,F,168
Leah,F,168
Lessie,F,168
Ila,F,166
Bertie,F,165
Cornelia,F,165
Lee,F,165
Maudie,F,164
Constance,F,163
Reba,F,162
Shirley,F,162
Cecile,F,161
Zelma,F,161
Hester,F,160
Lenora,F,160
Angeline,F,154
Janet,F,154
Leila,F,154
Olivia,F,153
Rosalie,F,152
Eloise,F,151
Francis,F,149
Lorraine,F,149
Angela,F,148
Birdie,F,148
June,F,148
Helene,F,146
Lorena,F,145
Rhoda,F,145
Lou,F,143
Dolores,F,142
Dovie,F,141
Neva,F,141
Corinne,F,139
Lelia,F,139
Elvira,F,138
Mayme,F,136
Pearlie,F,136
Catharine,F,135
Maxine,F,135
Lily,F,134
Oma,F,133
Rosetta,F,133
Dessie,F,131
Adelaide,F,130
Hallie,F,130
Lilly,F,130
Bettie,F,128
Frankie,F,128
Nola,F,127
Lulu,F,126
Myra,F,126
Ophelia,F,125
Wanda,F,125
Eileen,F,124
Annette,F,123
Ernestine,F,123
Claudia,F,122
Jeanne,F,122
Katharine,F,121
Patricia,F,121
Christina,F,118
Cecil,F,117
Edythe,F,117
Erna,F,117
Eugenia,F,116
Harriett,F,116
Gertie,F,115
Clarice,F,114
Linnie,F,114
Lenore,F,113
Odessa,F,113
Billie,F,112
Wilhelmina,F,112
Aline,F,110
Merle,F,110
Zella,F,110
Corine,F,107
Lucinda,F,107
Helena,F,106
Jimmie,F,106
Peggy,F,106
Isabella,F,105
Linda,F,105
Nona,F,105
Joan,F,104
Vesta,F,103
Dolly,F,102
Johanna,F,102
Leone,F,102
Melba,F,102
Cassie,F,101
Iris,F,100
Isabell,F,100
Jannie,F,100
Alvina,F,98
Leta,F,98
Lettie,F,98
Lura,F,98
Hulda,F,97
Leota,F,96
Blanch,F,94
Willa,F,92
Yvonne,F,92
Carol,F,91
Annabelle,F,90
Hettie,F,90
Carmen,F,89
Ione,F,89
Vida,F,89
Carmela,F,88
Elisabeth,F,88
Iona,F,88
Minerva,F,88
Priscilla,F,88
Bess,F,87
Louella,F,87
Pansy,F,87
Phoebe,F,87
Artie,F,86
Eddie,F,85
Ester,F,85
Lona,F,85
Nelle,F,85
Tessie,F,85
Mathilda,F,84
Maybelle,F,84
Louisa,F,83
Rosella,F,83
Golda,F,81
Mittie,F,81
Iola,F,80
Joyce,F,80
Mona,F,80
Elaine,F,79
Georgie,F,79
Avis,F,78
Beryl,F,78
Evie,F,78
Arlene,F,77
Ona,F,76
Zelda,F,76
Elsa,F,75
Ivy,F,75
Connie,F,74
Floy,F,74
Abbie,F,73
Alpha,F,73
Arline,F,73
Philomena,F,73
Cordelia,F,72
Meta,F,72
Mina,F,72
Tommie,F,72
Fanny,F,71
Molly,F,71
Orpha,F,71
Polly,F,71
Verda,F,71
Mazie,F,70
Queen,F,70
Maurine,F,69
Alyce,F,68
Gwendolyn,F,68
Paula,F,68
Vada,F,68
Aileen,F,67
Antonia,F,67
Clare,F,67
Era,F,67
Mandy,F,67
Natalie,F,67
Rubye,F,67
Agatha,F,66
Berniece,F,66
Zola,F,66
Idella,F,64
Rosemary,F,64
Wilda,F,64
Crystal,F,63
Cynthia,F,63
Hortense,F,63
Leora,F,62
Elinor,F,61
Florine,F,61
Zula,F,61
Loraine,F,60
Malinda,F,60
Mercedes,F,60
Robbie,F,60
Sybil,F,60
Verona,F,60
Belva,F,59
Donna,F,59
Rae,F,59
Alva,F,58
Angie,F,58
Myrtie,F,58
Pinkie,F,58
Tina,F,58
Bernadine,F,57
Clyde,F,57
Julie,F,57
Concetta,F,56
Elda,F,56
Eleanore,F,56
Leatha,F,56
Reva,F,56
Savannah,F,55
Tressie,F,55
Zora,F,55
Bobbie,F,54
Elise,F,54
Ellie,F,54
Guadalupe,F,54
Lilla,F,54
Veda,F,54
Ava,F,53
Dixie,F,53
Imogene,F,53
Lauretta,F,53
Laverne,F,53
Lennie,F,53
Monica,F,53
Octavia,F,53
Ramona,F,53
Bella,F,52
Bulah,F,52
Ocie,F,52
Dona,F,51
Emilie,F,51
Garnet,F,51
Harriette,F,51
Margret,F,51
Adell,F,50
Celeste,F,50
Sudie,F,50
Ursula,F,50
Kay,F,49
Myrtis,F,49
Rhea,F,49
Corrine,F,48
Lue,F,48
Aurelia,F,47
Lida,F,47
Lyda,F,47
Magnolia,F,47
Novella,F,47
Una,F,47
Vergie,F,47
Althea,F,46
Bernadette,F,46
Charity,F,46
Filomena,F,46
Glenna,F,46
Lavina,F,46
Lovie,F,46
Melvina,F,46
Vina,F,46
Bell,F,45
Evangeline,F,45
Ima,F,45
Melva,F,45
Albertha,F,44
Donnie,F,44
Easter,F,44
Estell,F,44
Eve,F,44
Ferne,F,44
Lina,F,44
Mozelle,F,44
Valeria,F,44
Aurora,F,43
Ira,F,43
John,F,43
Kattie,F,43
Ludie,F,43
Mabelle,F,43
Nadine,F,43
Petra,F,43
Ray,F,43
Albina,F,42
Carmella,F,42
Chloe,F,42
Eleanora,F,42
Esta,F,42
Gretchen,F,42
Janice,F,42
Lucia,F,42
Adelia,F,41
Francisca,F,41
Gloria,F,41
Joanna,F,41
Luvenia,F,41
Madeleine,F,41
Nan,F,41
Patsy,F,41
Pearle,F,41
Queenie,F,41
Tennie,F,41
Earline,F,40
Elmira,F,40
Florida,F,40
Freida,F,40
Margarita,F,40
Maybell,F,40
Nita,F,40
Theodora,F,40
Yetta,F,40
Allene,F,39
Charlie,F,39
Delma,F,39
Edwina,F,39
Elenora,F,39
Vallie,F,39
Velva,F,39
Viva,F,39
Clementine,F,38
Evalyn,F,38
Greta,F,38
Joy,F,38
Judith,F,38
Roma,F,38
Alda,F,37
Camilla,F,37
Dena,F,37
Georgiana,F,37
Jettie,F,37
Mallie,F,37
Manuela,F,37
Marietta,F,37
Reta,F,37
Adela,F,36
Audie,F,36
Hope,F,36
Johnie,F,36
Lucretia,F,36
Marcia,F,36
Stephanie,F,36
Susanna,F,36
Altha,F,35
Berta,F,35
Idell,F,35
James,F,35
Leslie,F,35
Lonnie,F,35
Lorine,F,35
Lupe,F,35
Magdalene,F,35
Margery,F,35
Rosalind,F,35
Vernie,F,35
Winona,F,35
Adella,F,34
Camille,F,34
Cathrine,F,34
Celestine,F,34
Elena,F,34
Icie,F,34
Jo,F,34
Madelyn,F,34
Theo,F,34
Dottie,F,33
Emilia,F,33
Ethelyn,F,33
Hildegarde,F,33
Hildred,F,33
Kitty,F,33
Lera,F,33
Myrtice,F,33
Rosalee,F,33
Rosia,F,33
Violette,F,33
Anastasia,F,32
Bennie,F,32
Bridget,F,32
Emmer,F,32
Emmie,F,32
Fairy,F,32
George,F,32
Hilma,F,32
Magdalena,F,32
Norine,F,32
Odell,F,32
Vena,F,32
Cordie,F,31
Diana,F,31
Edrie,F,31
Lorna,F,31
Maxie,F,31
Mellie,F,31
Retha,F,31
Ruthie,F,31
Tena,F,31
Vernice,F,31
Alene,F,30
Carolina,F,30
Delphia,F,30
Elvie,F,30
Hellen,F,30
Juliette,F,30
Luna,F,30
Maye,F,30
Melissa,F,30
Minna,F,30
Nova,F,30
Onie,F,30
Ossie,F,30
Verdie,F,30
Aletha,F,29
Eda,F,29
Ethyl,F,29
Jacqueline,F,29
Libbie,F,29
Macie,F,29
Neta,F,29
Tressa,F,29
Adah,F,28
Arvilla,F,28
Claudie,F,28
Claudine,F,28
Dorris,F,28
Dorthy,F,28
Euna,F,28
Flo,F,28
Freddie,F,28
Grayce,F,28
Hedwig,F,28
Joe,F,28
Lilian,F,28
Marvel,F,28
Mertie,F,28
Rosamond,F,28
Rubie,F,28
Therese,F,28
William,F,28
Almeda,F,27
Annabel,F,27
Ardella,F,27
Clemmie,F,27
Delphine,F,27
Goldia,F,27
Juana,F,27
Kathrine,F,27
Letitia,F,27
Madie,F,27
Myrl,F,27
Rosina,F,27
Rowena,F,27
Sadye,F,27
Signe,F,27
Twila,F,27
Adaline,F,26
Ana,F,26
Cathryn,F,26
Eulah,F,26
Exie,F,26
Katheryn,F,26
Mozell,F,26
Ottie,F,26
Ozella,F,26
Ressie,F,26
Retta,F,26
Treva,F,26
Vincenza,F,26
Willia,F,26
Albertine,F,25
Alverta,F,25
Amie,F,25
Annabell,F,25
Arizona,F,25
Bethel,F,25
Inga,F,25
Justine,F,25
Leonora,F,25
Loma,F,25
Louvenia,F,25
Magdalen,F,25
Mariah,F,25
Nelda,F,25
Rilla,F,25
Rosalia,F,25
Sibyl,F,25
Valerie,F,25
Verla,F,25
Winnifred,F,25
Yolanda,F,25
Alfreda,F,24
Alida,F,24
Annis,F,24
Carmel,F,24
Delores,F,24
Dorcas,F,24
Dorotha,F,24
Edyth,F,24
Eldora,F,24
Elouise,F,24
Eulalia,F,24
Felicia,F,24
Florrie,F,24
Freeda,F,24
Garnett,F,24
Gene,F,24
Janette,F,24
Lavinia,F,24
Libby,F,24
Meda,F,24
Millicent,F,24
Missouri,F,24
Velda,F,24
Vertie,F,24
Vinnie,F,24
Zoe,F,24
Zona,F,24
Birtie,F,23
Corene,F,23
Elvina,F,23
Eugenie,F,23
Golden,F,23
Icy,F,23
Irine,F,23
Jamie,F,23
Jesse,F,23
Lea,F,23
Malissa,F,23
Mammie,F,23
Martina,F,23
Rachael,F,23
Tilda,F,23
Verlie,F,23
Adrienne,F,22
Anona,F,22
Audra,F,22
Beth,F,22
Charles,F,22
Cleora,F,22
Coral,F,22
Delilah,F,22
Dortha,F,22
Eura,F,22
Frank,F,22
Hassie,F,22
Josefa,F,22
Joseph,F,22
Kittie,F,22
Lonie,F,22
Mossie,F,22
Myrle,F,22
Nella,F,22
Trudie,F,22
Annetta,F,21
Augustine,F,21
Beaulah,F,21
Berenice,F,21
Berneice,F,21
Cleta,F,21
Edra,F,21
Elmer,F,21
Elta,F,21
Elvera,F,21
Ettie,F,21
Georgianna,F,21
Helga,F,21
Hildegard,F,21
Ines,F,21
Jossie,F,21
Lavada,F,21
Liza,F,21
Lucie,F,21
Margaretta,F,21
Margarette,F,21
Marjory,F,21
Odie,F,21
Robert,F,21
Sammie,F,21
Sydney,F,21
Versie,F,21
Zena,F,21
Angelita,F,20
Concepcion,F,20
Corean,F,20
Corrie,F,20
Dulcie,F,20
Elberta,F,20
Enid,F,20
Gayle,F,20
Germaine,F,20
Ivory,F,20
Lelah,F,20
Lenna,F,20
Liddie,F,20
Louie,F,20
Manda,F,20
Myrna,F,20
Neoma,F,20
Nevada,F,20
Odette,F,20
Orma,F,20
Otelia,F,20
Serena,F,20
Zetta,F,20
Alvena,F,19
Arrie,F,19
Aurore,F,19
Ceil,F,19
Earnestine,F,19
Elizebeth,F,19
Elna,F,19
Enola,F,19
Faith,F,19
Gertha,F,19
Henry,F,19
Ilda,F,19
Leda,F,19
Leva,F,19
Naoma,F,19
Odelia,F,19
Oleta,F,19
Ozie,F,19
Selina,F,19
Thora,F,19
Thyra,F,19
Tomasa,F,19
Vassie,F,19
Zettie,F,19
Amber,F,18
America,F,18
Ardath,F,18
Birtha,F,18
Buelah,F,18
Clora,F,18
Cordia,F,18
Deborah,F,18
Delpha,F,18
Delsie,F,18
Dillie,F,18
Etha,F,18
Georgina,F,18
Huldah,F,18
Jenny,F,18
Lester,F,18
Lolita,F,18
Luisa,F,18
Mavis,F,18
Monnie,F,18
Ova,F,18
Pattie,F,18
Pollie,F,18
Rosanna,F,18
Salome,F,18
Sena,F,18
Thomas,F,18
Vella,F,18
Almira,F,17
Amalia,F,17
Antonette,F,17
Ara,F,17
Betsy,F,17
Eloisa,F,17
Emelia,F,17
Glennie,F,17
Ilene,F,17
India,F,17
Isobel,F,17
Jessica,F,17
Lavon,F,17
Leanna,F,17
Macy,F,17
Madaline,F,17
Odile,F,17
Pearline,F,17
Prudence,F,17
Renee,F,17
Sidney,F,17
Trinidad,F,17
Vennie,F,17
Zada,F,17
Zelpha,F,17
Zita,F,17
Adelle,F,16
Adline,F,16
Aimee,F,16
Alicia,F,16
Alvira,F,16
Astrid,F,16
Beadie,F,16
Beverly,F,16
Ceola,F,16
Doretha,F,16
Earl,F,16
Eathel,F,16
Electa,F,16
Elfrieda,F,16
Ena,F,16
Fae,F,16
Fronie,F,16
Gwen,F,16
Hazle,F,16
Henretta,F,16
Hessie,F,16
Isla,F,16
Josefina,F,16
Jule,F,16
Juliet,F,16
Leonia,F,16
Neola,F,16
Norene,F,16
Olevia,F,16
Palma,F,16
Roslyn,F,16
Sabina,F,16
Santos,F,16
Sigrid,F,16
Sula,F,16
Suzanne,F,16
Syble,F,16
Tiny,F,16
Vela,F,16
Veva,F,16
Vira,F,16
Wava,F,16
Almeta,F,15
Arlena,F,15
Bernardine,F,15
Bonita,F,15
Celina,F,15
Clarissa,F,15
Delta,F,15
Dicie,F,15
Dinah,F,15
Doshie,F,15
Elisa,F,15
Ellar,F,15
Erie,F,15
Florance,F,15
Gay,F,15
Gena,F,15
Gusta,F,15
Hildur,F,15
Ingeborg,F,15
Jeane,F,15
Katy,F,15
Lacy,F,15
Leana,F,15
Leontine,F,15
Letty,F,15
Lollie,F,15
Maida,F,15
Malvina,F,15
Maymie,F,15
Mozella,F,15
Nanie,F,15
Onnie,F,15
Osie,F,15
Ottilie,F,15
Reatha,F,15
Rozella,F,15
Selena,F,15
Tempie,F,15
Veola,F,15
Veta,F,15
Vicie,F,15
Virgil,F,15
Zenobia,F,15
Adelina,F,14
Aida,F,14
Ardelia,F,14
Ardis,F,14
Arie,F,14
Arlie,F,14
Arthur,F,14
Atha,F,14
Benita,F,14
Blanchie,F,14
Cleone,F,14
Dominga,F,14
Donie,F,14
Ebba,F,14
Elease,F,14
Etna,F,14
Eudora,F,14
Eveline,F,14
Fleeta,F,14
Gail,F,14
Glenn,F,14
Hermina,F,14
Hildreth,F,14
Izetta,F,14
Jaunita,F,14
Joanne,F,14
Kathryne,F,14
Lady,F,14
Lana,F,14
Larue,F,14
Lattie,F,14
Leo,F,14
Lissie,F,14
Lorenza,F,14
Louis,F,14
Lynn,F,14
Maryann,F,14
Omie,F,14
Otha,F,14
Rosabelle,F,14
Rosaline,F,14
Rossie,F,14
Vernon,F,14
Virgia,F,14
Willard,F,14
Zadie,F,14
Aggie,F,13
Ammie,F,13
Anner,F,13
Bea,F,13
Berdie,F,13
Buena,F,13
Bula,F,13
Carmelita,F,13
Charlene,F,13
Christena,F,13
Clair,F,13
Coletta,F,13
Consuelo,F,13
Fleta,F,13
Flonnie,F,13
Gretta,F,13
Hanna,F,13
Hertha,F,13
Jeffie,F,13
Jesusa,F,13
Jonnie,F,13
Judy,F,13
Lutie,F,13
Mabell,F,13
Mahala,F,13
Marcelle,F,13
Marianne,F,13
Melda,F,13
Nathalie,F,13
Oda,F,13
Ouida,F,13
Patty,F,13
Pennie,F,13
Refugia,F,13
Tess,F,13
Venus,F,13
Albertina,F,12
Alline,F,12
Altie,F,12
Alyne,F,12
Arletta,F,12
Bettye,F,12
Buna,F,12
Carry,F,12
Claribel,F,12
Cleda,F,12
Clella,F,12
Clotilde,F,12
Dallas,F,12
Delora,F,12
Deloris,F,12
Docia,F,12
Doll,F,12
Dossie,F,12
Drucilla,F,12
Emeline,F,12
Eola,F,12
Ether,F,12
Florene,F,12
Genoveva,F,12
Gillie,F,12
Gladis,F,12
Harry,F,12
Helmi,F,12
Hetty,F,12
Ilah,F,12
Imelda,F,12
Isa,F,12
Ivah,F,12
Jerry,F,12
Jodie,F,12
Lala,F,12
Lallie,F,12
Lassie,F,12
Lelar,F,12
Lexie,F,12
Lilah,F,12
Lilie,F,12
Linnea,F,12
Lorinda,F,12
Lossie,F,12
Louetta,F,12
Luz,F,12
Marge,F,12
Mathilde,F,12
Maurice,F,12
Mettie,F,12
Milda,F,12
Nealie,F,12
Noma,F,12
Odella,F,12
Olinda,F,12
Oneta,F,12
Opha,F,12
Pluma,F,12
Romaine,F,12
Rosalyn,F,12
Samantha,F,12
Stasia,F,12
Sweetie,F,12
Sylva,F,12
Vannie,F,12
Vester,F,12
Vivien,F,12
Wilhelmine,F,12
Abigail,F,11
Alleen,F,11
Alverda,F,11
Andrea,F,11
Arietta,F,11
Arvella,F,11
Bama,F,11
Bernetta,F,11
Beula,F,11
Carl,F,11
Carlotta,F,11
Cathleen,F,11
Chrystal,F,11
Cleva,F,11
Corena,F,11
Courtney,F,11
Creola,F,11
Dale,F,11
Dannie,F,11
Debbie,F,11
Dola,F,11
Earlie,F,11
Edmonia,F,11
Edward,F,11
Elenore,F,11
Eleonora,F,11
Elinore,F,11
Emmaline,F,11
Erline,F,11
Etter,F,11
Euphemia,F,11
Evelina,F,11
Everlena,F,11
Evia,F,11
Fannye,F,11
Floretta,F,11
Floyd,F,11
Francies,F,11
Francine,F,11
Girtie,F,11
Gladyce,F,11
Glenda,F,11
Glendora,F,11
Helyn,F,11
Hermine,F,11
Howard,F,11
Inza,F,11
Irena,F,11
Isadora,F,11
Justina,F,11
Karen,F,11
Kathern,F,11
Kizzie,F,11
Leanora,F,11
Lilia,F,11
Lilyan,F,11
Loretto,F,11
Luetta,F,11
Lurline,F,11
Maebelle,F,11
Marianna,F,11
Netta,F,11
Oliva,F,11
Oneita,F,11
Orelia,F,11
Parthenia,F,11
Sina,F,11
Sister,F,11
Sophronia,F,11
Tinnie,F,11
Tishie,F,11
Unknown,F,11
Vara,F,11
Verta,F,11
Virdie,F,11
Zell,F,11
Adel,F,10
Alba,F,10
Albirta,F,10
Allean,F,10
Alvera,F,10
Ardell,F,10
Aura,F,10
Azalee,F,10
Beatriz,F,10
Caldonia,F,10
Calla,F,10
Catalina,F,10
Chanie,F,10
Clydie,F,10
Concha,F,10
Daphne,F,10
Dellie,F,10
Earlene,F,10
Elgie,F,10
Elmina,F,10
Elzie,F,10
Erva,F,10
Evalena,F,10
Exa,F,10
Flavia,F,10
Florena,F,10
Helma,F,10
Henriette,F,10
Jeanetta,F,10
Laurette,F,10
Leonie,F,10
Lockie,F,10
Lota,F,10
Lular,F,10
Lyla,F,10
Lyle,F,10
Malissia,F,10
Malissie,F,10
Marilyn,F,10
Meredith,F,10
Minta,F,10
Nelia,F,10
Nolia,F,10
Nonnie,F,10
Norah,F,10
Ovie,F,10
Paralee,F,10
Paulina,F,10
Phebe,F,10
Portia,F,10
Rosena,F,10
Rutha,F,10
Silvia,F,10
Stephania,F,10
Theola,F,10
Vashti,F,10
Vessie,F,10
Vita,F,10
Vonnie,F,10
Willetta,F,10
Adelaida,F,9
Agness,F,9
Albert,F,9
Alease,F,9
Alexandra,F,9
Alvie,F,9
Anabel,F,9
Apolonia,F,9
Arabella,F,9
Arleen,F,9
Arminta,F,9
Aubrey,F,9
Audrie,F,9
Babe,F,9
Bernie,F,9
Beryle,F,9
Bettina,F,9
Blossom,F,9
Byrd,F,9
Capitola,F,9
Carlie,F,9
Celesta,F,9
Cellie,F,9
Chaney,F,9
Coralee,F,9
Corina,F,9
Daisey,F,9
Dee,F,9
Delila,F,9
Dell,F,9
Dellar,F,9
Dimple,F,9
Dina,F,9
Domenica,F,9
Dove,F,9
Ebbie,F,9
Elfie,F,9
Ellamae,F,9
Elmire,F,9
Emaline,F,9
Erin,F,9
Ermal,F,9
Ermine,F,9
Evah,F,9
Evaline,F,9
Felipa,F,9
Fleda,F,9
Fronia,F,9
Gaynell,F,9
Genie,F,9
Gennie,F,9
Georgine,F,9
Gerda,F,9
Gudrun,F,9
Herminia,F,9
Hollie,F,9
Illa,F,9
Jackie,F,9
Joella,F,9
Juliana,F,9
Junie,F,9
Katharyn,F,9
Katrina,F,9
Laurene,F,9
Laurine,F,9
Lavenia,F,9
Laverna,F,9
Leaner,F,9
Leon,F,9
Lorretta,F,9
Louanna,F,9
Love,F,9
Lovenia,F,9
Luevenia,F,9
Luretta,F,9
Madalyn,F,9
Madelon,F,9
Madonna,F,9
Maebell,F,9
Manie,F,9
Maple,F,9
Margeret,F,9
Margrett,F,9
Margurite,F,9
Marquerite,F,9
Marrie,F,9
Marry,F,9
Marta,F,9
Matilde,F,9
Missie,F,9
Nada,F,9
Nannette,F,9
Nonie,F,9
Obie,F,9
Oliver,F,9
Olivette,F,9
Orene,F,9
Pearley,F,9
Pinkey,F,9
Rene,F,9
Roselle,F,9
Roy,F,9
Sarrah,F,9
Sofia,F,9
Susana,F,9
Terry,F,9
Theora,F,9
Tommy,F,9
Trula,F,9
Tula,F,9
Ula,F,9
Valda,F,9
Valentine,F,9
Veatrice,F,9
Velna,F,9
Venie,F,9
Venita,F,9
Vinia,F,9
Vivienne,F,9
Walter,F,9
Weltha,F,9
Will,F,9
Afton,F,8
Aili,F,8
Alfaretta,F,8
Algie,F,8
Anice,F,8
Annice,F,8
Antionette,F,8
Antonetta,F,8
Arilla,F,8
Assunta,F,8
Attie,F,8
Avie,F,8
Azzie,F,8
Belinda,F,8
Bert,F,8
Brenda,F,8
Carlota,F,8
Carmon,F,8
Cary,F,8
Cecille,F,8
Clarence,F,8
Clarinda,F,8
Clarine,F,8
Clyda,F,8
Columbia,F,8
Corrinne,F,8
Cuba,F,8
Dagmar,F,8
Dagny,F,8
Delcie,F,8
Delfina,F,8
Eather,F,8
Edla,F,8
Edris,F,8
Elba,F,8
Elenor,F,8
Elida,F,8
Elvia,F,8
Elza,F,8
Epsie,F,8
Ernest,F,8
Estellar,F,8
Ethlyn,F,8
Ethyle,F,8
Eugene,F,8
Eulalie,F,8
Ferol,F,8
Florentina,F,8
Florentine,F,8
Francesca,F,8
Harold,F,8
Honor,F,8
Honora,F,8
Idamae,F,8
Idamay,F,8
Idelle,F,8
Inell,F,8
Ivie,F,8
Josiephine,F,8
Kathlyn,F,8
Lannie,F,8
Laurel,F,8
Laurena,F,8
Laurina,F,8
Lavern,F,8
Lawrence,F,8
Lorean,F,8
Loula,F,8
Luanna,F,8
Lucetta,F,8
Lugenia,F,8
Madgie,F,8
Manuelita,F,8
Margarett,F,8
Margueritte,F,8
Marybelle,F,8
Marye,F,8
Mazzie,F,8
Meryl,F,8
Mima,F,8
Modesta,F,8
Murl,F,8
Myrta,F,8
Nena,F,8
Nila,F,8
Olean,F,8
Omega,F,8
Orena,F,8
Peggie,F,8
Penny,F,8
Persis,F,8
Quinnie,F,8
Rafaela,F,8
Reather,F,8
Reda,F,8
Roosevelt,F,8
Rosebud,F,8
Roxy,F,8
Sam,F,8
Santa,F,8
Sidonia,F,8
Tabitha,F,8
Thera,F,8
Thresa,F,8
Tracy,F,8
Ura,F,8
Vadie,F,8
Verba,F,8
Verle,F,8
Vernal,F,8
Vernell,F,8
Versa,F,8
Victory,F,8
Vila,F,8
Villa,F,8
Violetta,F,8
Willye,F,8
Wynona,F,8
Adda,F,7
Adelene,F,7
Agusta,F,7
Aleda,F,7
Alethia,F,7
Aliene,F,7
Alison,F,7
Allyne,F,7
Alverna,F,7
Alvia,F,7
Arabelle,F,7
Archie,F,7
Argie,F,7
Armella,F,7
Artelia,F,7
Beatrix,F,7
Bee,F,7
Brownie,F,7
Burnice,F,7
Camelia,F,7
Cammie,F,7
Cannie,F,7
Cara,F,7
Carey,F,7
Caryl,F,7
Celestia,F,7
Celie,F,7
Charline,F,7
Chessie,F,7
China,F,7
Clemence,F,7
Clifford,F,7
Cruz,F,7
Dana,F,7
David,F,7
Dean,F,7
Dema,F,7
Denise,F,7
Dorathea,F,7
Doretta,F,7
Editha,F,7
Elfreda,F,7
Emogene,F,7
Ercie,F,7
Estel,F,7
Evalina,F,7
Evlyn,F,7
Felice,F,7
Felicita,F,7
Florie,F,7
Florinda,F,7
Floye,F,7
Frona,F,7
Gale,F,7
Garnette,F,7
Genevive,F,7
Girlie,F,7
Glenola,F,7
Gracia,F,7
Grady,F,7
Hasel,F,7
Hazelle,F,7
Henritta,F,7
Herbert,F,7
Ignacia,F,7
Irean,F,7
Izola,F,7
Izora,F,7
Janey,F,7
Jay,F,7
Jennette,F,7
Lanie,F,7
Lavena,F,7
Lavona,F,7
Lavonne,F,7
Lealer,F,7
Leita,F,7
Leitha,F,7
Lella,F,7
Lema,F,7
Lempi,F,7
Leoda,F,7
Leoma,F,7
Leonor,F,7
Leonore,F,7
Lesta,F,7
Liller,F,7
Lillia,F,7
Lita,F,7
Loreen,F,7
Lovey,F,7
Lovina,F,7
Loyce,F,7
Lu,F,7
Lucyle,F,7
Mackie,F,7
Madalene,F,7
Madelene,F,7
Madlyn,F,7
Marceline,F,7
Margarete,F,7
Margrette,F,7
Mariam,F,7
Maryan,F,7
Matty,F,7
Mattye,F,7
Maureen,F,7
Mayola,F,7
Media,F,7
Melanie,F,7
Michelina,F,7
Mineola,F,7
Montie,F,7
Necie,F,7
Nida,F,7
Nolie,F,7
Olympia,F,7
Oral,F,7
Orlena,F,7
Ottilia,F,7
Patience,F,7
Pearlena,F,7
Perlie,F,7
Raquel,F,7
Rella,F,7
Rettie,F,7
Rheba,F,7
Roena,F,7
Roselee,F,7
Roselyn,F,7
Rosemarie,F,7
Rosemond,F,7
Rosy,F,7
Saimi,F,7
Samuel,F,7
Savilla,F,7
Serafina,F,7
Sonia,F,7
Susanne,F,7
Talitha,F,7
Tennessee,F,7
Texie,F,7
Theresia,F,7
Theressa,F,7
Toy,F,7
Trannie,F,7
Trudy,F,7
Vangie,F,7
Velta,F,7
Veneta,F,7
Verena,F,7
Vernetta,F,7
Vianna,F,7
Vicenta,F,7
Wavie,F,7
Ysabel,F,7
Zeffie,F,7
Zilla,F,7
Ader,F,6
Adlena,F,6
Albirda,F,6
Albirtha,F,6
Aldonia,F,6
Aleta,F,6
Alfrieda,F,6
Almer,F,6
Alvaretta,F,6
Alveda,F,6
Annamae,F,6
Anniemae,F,6
Antonina,F,6
Arcola,F,6
Ardie,F,6
Aretha,F,6
Arlean,F,6
Armanda,F,6
Armer,F,6
Arnetta,F,6
Arta,F,6
Arzella,F,6
Autie,F,6
Averil,F,6
Azalea,F,6
Azalia,F,6
Azilee,F,6
Bannie,F,6
Bebe,F,6
Belvia,F,6
Bernece,F,6
Bina,F,6
Birdia,F,6
Carie,F,6
Carline,F,6
Carma,F,6
Carra,F,6
Celine,F,6
Chattie,F,6
Cherry,F,6
Chlora,F,6
Christene,F,6
Cinda,F,6
Clarabell,F,6
Claris,F,6
Clela,F,6
Clelia,F,6
Cleona,F,6
Cliffie,F,6
Climmie,F,6
Colleen,F,6
Collie,F,6
Corda,F,6
Corinthia,F,6
Cornie,F,6
Coy,F,6
Curtis,F,6
Daisie,F,6
Dallie,F,6
Dara,F,6
Darlene,F,6
Darline,F,6
Dela,F,6
Dellia,F,6
Dorathy,F,6
Doreen,F,6
Dorthey,F,6
Ela,F,6
Elia,F,6
Ellanora,F,6
Elmyra,F,6
Eltha,F,6
Elvena,F,6
Elzada,F,6
Elzora,F,6
Emelie,F,6
Esma,F,6
Esperanza,F,6
Estela,F,6
Evelyne,F,6
Everline,F,6
Evon,F,6
Floe,F,6
Fredonia,F,6
Georgeana,F,6
Georgeanna,F,6
Georgette,F,6
Gizella,F,6
Glen,F,6
Gradie,F,6
Gregoria,F,6
Gunhild,F,6
Hennie,F,6
Herlinda,F,6
Herma,F,6
Hermie,F,6
Hila,F,6
Hollis,F,6
Hyacinth,F,6
Ica,F,6
Impi,F,6
Ingrid,F,6
Inis,F,6
Isola,F,6
Jack,F,6
Jeanie,F,6
Jeannetta,F,6
Jemima,F,6
Jim,F,6
Jinnie,F,6
Jocie,F,6
Johnsie,F,6
Josephene,F,6
Juda,F,6
Kathyrn,F,6
Lakie,F,6
Larena,F,6
Launa,F,6
Laurie,F,6
Leafy,F,6
Leeta,F,6
Leland,F,6
Leonarda,F,6
Levina,F,6
Lewis,F,6
Lima,F,6
Littie,F,6
Loney,F,6
Lorain,F,6
Louisiana,F,6
Louva,F,6
Lovella,F,6
Lubertha,F,6
Luciel,F,6
Lucienne,F,6
Lucina,F,6
Lurlene,F,6
Maddie,F,6
Magdaline,F,6
Mahalia,F,6
Maisie,F,6
Marcelina,F,6
Margarite,F,6
Margot,F,6
Mariana,F,6
Marina,F,6
Maryetta,F,6
Maryland,F,6
Marylou,F,6
Maudy,F,6
Mayo,F,6
Melinda,F,6
Mena,F,6
Metta,F,6
Mimie,F,6
Minnette,F,6
Mintie,F,6
Miranda,F,6
Misao,F,6
Monta,F,6
Mora,F,6
Nana,F,6
Naomie,F,6
Natividad,F,6
Nezzie,F,6
Nicie,F,6
Noelie,F,6
Noreen,F,6
Ocia,F,6
Odessie,F,6
Ofelia,F,6
Olar,F,6
Olie,F,6
Orilla,F,6
Orlean,F,6
Orvilla,F,6
Ozell,F,6
Ozzie,F,6
Pallie,F,6
Parlee,F,6
Pat,F,6
Paul,F,6
Pernella,F,6
Perry,F,6
Pina,F,6
Pricilla,F,6
Prince,F,6
Ragna,F,6
Raymond,F,6
Refugio,F,6
Rennie,F,6
Robertha,F,6
Romana,F,6
Romilda,F,6
Rona,F,6
Rosana,F,6
Roseanna,F,6
Rosey,F,6
Russell,F,6
Saima,F,6
Savanah,F,6
Scottie,F,6
Silva,F,6
Stacy,F,6
Svea,F,6
Teckla,F,6
Thea,F,6
Theda,F,6
Thena,F,6
Theodosia,F,6
Tilla,F,6
True,F,6
Tura,F,6
Twyla,F,6
Vanna,F,6
Vee,F,6
Venia,F,6
Venice,F,6
Verdia,F,6
Vern,F,6
Verne,F,6
Vernelle,F,6
Virgina,F,6
Vlasta,F,6
Vola,F,6
Vona,F,6
Waunita,F,6
Wilhelmena,F,6
Wilmer,F,6
Wreatha,F,6
Zana,F,6
Zara,F,6
Zelphia,F,6
Zeta,F,6
Zilpha,F,6
Adalene,F,5
Adlene,F,5
Ailene,F,5
Aldea,F,5
Aldona,F,5
Alee,F,5
Alena,F,5
Alexandria,F,5
Alexina,F,5
Alfretta,F,5
Alka,F,5
Allice,F,5
Alliene,F,5
Ama,F,5
Amilia,F,5
Anie,F,5
Anniebell,F,5
Antha,F,5
Aquilla,F,5
Ardelle,F,5
Aria,F,5
Ariel,F,5
Artee,F,5
Artha,F,5
Arvie,F,5
Ary,F,5
Aslee,F,5
Auda,F,5
Audry,F,5
Austa,F,5
Axie,F,5
Barbarita,F,5
Belma,F,5
Bernita,F,5
Bernyce,F,5
Besse,F,5
Betha,F,5
Betrice,F,5
Beuna,F,5
Bianca,F,5
Biddie,F,5
Bird,F,5
Bitha,F,5
Borghild,F,5
Brookie,F,5
Brooksie,F,5
Burlie,F,5
Burma,F,5
Byrdie,F,5
Candida,F,5
Candis,F,5
Carla,F,5
Carmie,F,5
Carola,F,5
Carolyne,F,5
Catherene,F,5
Charlsie,F,5
Chloie,F,5
Christie,F,5
Clarabelle,F,5
Clarisse,F,5
Classie,F,5
Clem,F,5
Clema,F,5
Clementina,F,5
Cleon,F,5
Cleopatra,F,5
Clio,F,5
Clothilde,F,5
Clova,F,5
Conception,F,5
Cornelius,F,5
Cozie,F,5
Dahlia,F,5
Daniel,F,5
Dawn,F,5
Deana,F,5
Delcia,F,5
Deliah,F,5
Desta,F,5
Dexter,F,5
Diane,F,5
Doreatha,F,5
Dorsey,F,5
Dorsie,F,5
Dosha,F,5
Doshia,F,5
Dot,F,5
Dott,F,5
Eartha,F,5
Edia,F,5
Eithel,F,5
Elah,F,5
Eleonore,F,5
Eller,F,5
Elodie,F,5
Elois,F,5
Emerald,F,5
Emile,F,5
Emmeline,F,5
Enna,F,5
Enriqueta,F,5
Equilla,F,5
Erminia,F,5
Ernie,F,5
Ersie,F,5
Estefana,F,5
Estha,F,5
Etoile,F,5
Euda,F,5
Eular,F,5
Ever,F,5
Everlean,F,5
Evy,F,5
Ezma,F,5
Fabiola,F,5
Faustina,F,5
Felicie,F,5
Felma,F,5
Flara,F,5
Forest,F,5
Fred,F,5
Frederica,F,5
Fredericka,F,5
Fredricka,F,5
Gaynelle,F,5
Genia,F,5
Genola,F,5
Gertrue,F,5
Girtha,F,5
Gola,F,5
Goldye,F,5
Gwendolyne,F,5
Gyneth,F,5
Gypsy,F,5
Hagar,F,5
Havana,F,5
Herman,F,5
Hilaria,F,5
Hildagarde,F,5
Icel,F,5
Ileen,F,5
Ilo,F,5
Ionia,F,5
Ita,F,5
Jeannie,F,5
Jenette,F,5
Jeneva,F,5
Jetta,F,5
Joann,F,5
Jose,F,5
Josefita,F,5
Junia,F,5
Katye,F,5
Lacie,F,5
Lake,F,5
Lanora,F,5
Laurence,F,5
Lavelle,F,5
Lavera,F,5
Lavine,F,5
Lavonia,F,5
Lecie,F,5
Lemma,F,5
Lethia,F,5
Levonia,F,5
Lidie,F,5
Lidwina,F,5
Lilliemae,F,5
Lisa,F,5
Lisette,F,5
Lodema,F,5
Loreta,F,5
Lorette,F,5
Lorina,F,5
Lotta,F,5
Lova,F,5
Loyola,F,5
Luberta,F,5
Luceil,F,5
Luciana,F,5
Lucillie,F,5
Luda,F,5
Luddie,F,5
Lulia,F,5
Lummie,F,5
Lunette,F,5
Macel,F,5
Madalin,F,5
Madolin,F,5
Madolyn,F,5
Mai,F,5
Majorie,F,5
Mamye,F,5
Marea,F,5
Margherita,F,5
Margo,F,5
Margrete,F,5
Mariette,F,5
Marsella,F,5
Marvin,F,5
Maybel,F,5
Maysel,F,5
Medora,F,5
Mela,F,5
Melvin,F,5
Mercy,F,5
Merrill,F,5
Merry,F,5
Mignon,F,5
Minola,F,5
Mintha,F,5
Nanette,F,5
Naomia,F,5
Natalia,F,5
Nealy,F,5
Nelie,F,5
Nelly,F,5
Nervie,F,5
Nieves,F,5
Nobie,F,5
Norman,F,5
Obera,F,5
Odeal,F,5
Odia,F,5
Olla,F,5
Orrie,F,5
Ota,F,5
Othello,F,5
Otila,F,5
Otilia,F,5
Otis,F,5
Ottis,F,5
Pascuala,F,5
Paulyne,F,5
Pearlee,F,5
Pearly,F,5
Pencie,F,5
Permelia,F,5
Piccola,F,5
Precious,F,5
Princess,F,5
Providence,F,5
Rebeca,F,5
Rebie,F,5
Relda,F,5
Renda,F,5
Reola,F,5
Rhetta,F,5
Rochelle,F,5
Rosabell,F,5
Roseann,F,5
Rosita,F,5
Rozelia,F,5
Rufina,F,5
Sabra,F,5
Salina,F,5
Sallye,F,5
Sandra,F,5
Seraphine,F,5
Sevilla,F,5
Siller,F,5
Simona,F,5
Snow,F,5
Sonya,F,5
Stefania,F,5
Sunshine,F,5
Susannah,F,5
Suzanna,F,5
Ted,F,5
Teddy,F,5
Tellie,F,5
Teodora,F,5
Tera,F,5
Terese,F,5
Thekla,F,5
Thula,F,5
Tommye,F,5
Tresa,F,5
Troy,F,5
Vader,F,5
Valeda,F,5
Valeska,F,5
Vastie,F,5
Vergil,F,5
Versia,F,5
Vicy,F,5
Vilma,F,5
Vonda,F,5
Wallace,F,5
Wealthy,F,5
Wilhelmenia,F,5
Willene,F,5
Willette,F,5
Williemae,F,5
Wilna,F,5
Wretha,F,5
Zelia,F,5
Zephyr,F,5
Zera,F,5
Zilda,F,5
Zilphia,F,5
Zoie,F,5
Zulema,F,5
John,M,8059
William,M,6495
James,M,6042
George,M,4256
Charles,M,3608
Robert,M,3410
Joseph,M,3302
Frank,M,2837
Edward,M,2366
Thomas,M,2135
Henry,M,2126
Walter,M,1902
Willie,M,1782
Harry,M,1619
Albert,M,1532
Arthur,M,1505
Clarence,M,1377
Fred,M,1284
Paul,M,1262
Harold,M,1258
Raymond,M,1159
Richard,M,1033
Joe,M,1024
Roy,M,1016
Louis,M,981
Carl,M,959
Ralph,M,938
Jack,M,907
Earl,M,904
Samuel,M,856
Ernest,M,845
David,M,838
Theodore,M,834
Charlie,M,801
Howard,M,735
Francis,M,685
Herbert,M,681
Lawrence,M,669
Andrew,M,620
Sam,M,620
Elmer,M,602
Eugene,M,593
Alfred,M,591
Floyd,M,523
Michael,M,513
Leo,M,512
Leonard,M,495
Anthony,M,490
Lee,M,486
Daniel,M,484
Herman,M,475
Clyde,M,474
Kenneth,M,474
Jesse,M,443
Leroy,M,441
Oscar,M,436
Lester,M,432
Russell,M,432
Donald,M,426
Ray,M,424
Clifford,M,420
Peter,M,409
Claude,M,399
Chester,M,388
Lewis,M,384
Stanley,M,384
Frederick,M,381
Benjamin,M,379
Lloyd,M,369
Edwin,M,357
Norman,M,350
Cecil,M,347
Eddie,M,346
Jessie,M,338
Martin,M,332
Homer,M,318
Tom,M,317
Edgar,M,315
Luther,M,308
Milton,M,299
Johnnie,M,297
Bernard,M,292
Melvin,M,291
Ben,M,290
Harvey,M,286
Will,M,286
Leon,M,274
Allen,M,272
Everett,M,270
Victor,M,268
Roosevelt,M,264
Alvin,M,258
Stephen,M,246
Leslie,M,237
Jim,M,236
Philip,M,234
Virgil,M,226
Jacob,M,220
Otis,M,216
Marvin,M,215
Horace,M,212
Oliver,M,211
Alexander,M,210
Vernon,M,208
Guy,M,203
Maurice,M,202
Hugh,M,200
Jose,M,200
Sidney,M,196
Patrick,M,193
Ed,M,190
Julius,M,190
Gerald,M,189
Glenn,M,189
Morris,M,188
Archie,M,184
Gilbert,M,183
Curtis,M,182
Willard,M,180
Lonnie,M,179
Jerry,M,177
Vincent,M,176
Wesley,M,174
Earnest,M,172
Otto,M,172
Warren,M,172
Marion,M,170
Ira,M,169
Percy,M,169
Charley,M,168
Nathan,M,168
Wilbur,M,167
Alex,M,166
Gordon,M,165
Alton,M,164
Hubert,M,163
Wallace,M,162
Manuel,M,157
Rufus,M,157
Dan,M,152
Mack,M,151
Irving,M,148
Johnie,M,148
Bill,M,147
Isaac,M,147
Arnold,M,144
Roland,M,143
Calvin,M,141
Max,M,140
Dave,M,137
Bennie,M,136
Jimmie,M,136
Willis,M,136
Bert,M,134
Elbert,M,132
Rudolph,M,132
Emmett,M,128
Glen,M,128
Phillip,M,127
Nelson,M,126
Steve,M,126
Sylvester,M,126
Orville,M,125
Emil,M,122
Clifton,M,121
Marshall,M,119
Mike,M,117
Nathaniel,M,117
Felix,M,115
Ted,M,115
Abraham,M,112
Ervin,M,112
Nicholas,M,112
Clayton,M,110
August,M,109
Edmund,M,108
Matthew,M,107
Wayne,M,107
Dennis,M,106
Perry,M,104
Ellis,M,103
Amos,M,102
Adam,M,101
Dewey,M,99
Ollie,M,99
Clinton,M,98
Franklin,M,98
Aaron,M,96
Mark,M,94
Alonzo,M,93
Booker,M,93
Juan,M,93
Jake,M,92
Jay,M,92
Claud,M,90
Owen,M,89
Reuben,M,88
Irvin,M,87
Jerome,M,87
Roscoe,M,87
Adolph,M,86
Cornelius,M,86
Pete,M,86
Tony,M,86
Bruce,M,85
Don,M,85
Douglas,M,85
Jess,M,85
Ivan,M,83
Johnny,M,83
Preston,M,82
Elijah,M,81
Jasper,M,80
Simon,M,80
Monroe,M,79
Julian,M,78
Moses,M,78
Laurence,M,77
Austin,M,76
Gus,M,76
Forrest,M,75
Wilfred,M,75
Ross,M,74
Antonio,M,73
Roger,M,73
Timothy,M,73
Wilson,M,73
Carroll,M,72
Delbert,M,72
Larry,M,72
Sherman,M,72
Louie,M,71
Wilbert,M,71
Barney,M,70
Grady,M,70
Aubrey,M,69
Emanuel,M,69
Harley,M,69
Mary,M,68
Leland,M,66
Abe,M,65
Dale,M,65
Karl,M,65
Malcolm,M,65
Wade,M,64
Grant,M,63
Levi,M,63
Jeff,M,62
Lyle,M,61
Tommie,M,61
Garland,M,60
Murray,M,60
Noah,M,60
Byron,M,59
Jesus,M,59
Merle,M,59
Salvatore,M,59
Troy,M,59
Bob,M,58
Carlos,M,58
Erwin,M,58
Mose,M,58
Alva,M,57
Forest,M,56
Harrison,M,56
Anton,M,55
Lowell,M,55
Cleveland,M,54
Hiram,M,54
Loyd,M,53
Luke,M,53
Marcus,M,53
Reginald,M,53
Buster,M,52
Nick,M,52
Wiley,M,52
Millard,M,51
Pedro,M,51
Ronald,M,51
Christopher,M,50
Cleo,M,49
Fredrick,M,49
Grover,M,49
Allan,M,48
Angelo,M,48
Carlton,M,48
Clark,M,48
Edmond,M,48
Joel,M,48
Freeman,M,47
Ike,M,47
Loren,M,47
Rosevelt,M,47
Solomon,M,47
Freddie,M,46
Mitchell,M,46
Ramon,M,46
Rex,M,46
Anderson,M,45
Augustus,M,45
Emery,M,45
Neal,M,45
Gene,M,44
Herschel,M,44
Major,M,44
Clair,M,43
Edd,M,43
Eli,M,43
Emory,M,43
Silas,M,43
Dean,M,42
Myron,M,42
Neil,M,42
Coy,M,41
Ruben,M,41
Boyd,M,40
Dallas,M,40
Randolph,M,40
Al,M,39
Noel,M,39
Ora,M,39
Andy,M,38
Clement,M,38
Conrad,M,38
Cyril,M,38
Dewitt,M,38
Johnson,M,38
Spencer,M,38
Buford,M,37
Columbus,M,37
Elton,M,37
Kermit,M,37
Lorenzo,M,37
Lucius,M,37
Tommy,M,37
Wilmer,M,37
Alfonso,M,36
Dee,M,36
Dick,M,36
Elwood,M,36
Emerson,M,36
Jackson,M,36
Mathew,M,36
Miles,M,36
Orval,M,36
Dock,M,35
Dwight,M,35
Fletcher,M,35
Isiah,M,35
Keith,M,35
Mckinley,M,35
Merrill,M,35
Pat,M,35
Porter,M,35
Clay,M,34
Hyman,M,34
Riley,M,34
Stuart,M,34
Van,M,34
Adrian,M,33
Bud,M,33
Earle,M,33
Sandy,M,33
Vern,M,33
Elliott,M,32
Ezra,M,32
Francisco,M,32
Newton,M,32
Sammie,M,32
Dominick,M,31
Dudley,M,31
Ellsworth,M,31
Emile,M,31
Ferdinand,M,31
Foster,M,31
Maynard,M,31
Micheal,M,31
Raleigh,M,31
Roman,M,31
Sanford,M,31
Stewart,M,31
Ward,M,31
Wendell,M,31
Basil,M,30
Burton,M,30
Irwin,M,30
Morgan,M,30
Odell,M,30
Royal,M,30
Sterling,M,30
Taylor,M,30
Truman,M,30
Armand,M,29
Dominic,M,29
Elias,M,29
Frederic,M,29
Gabriel,M,29
Noble,M,29
Norbert,M,29
Patsy,M,29
Pearl,M,29
Russel,M,29
Sol,M,29
Fay,M,28
Houston,M,28
Lyman,M,28
Lynn,M,28
Scott,M,28
Sydney,M,28
Abner,M,27
Benny,M,27
Bertram,M,27
Billie,M,27
Buck,M,27
Clem,M,27
Elmo,M,27
Elvin,M,27
Jeremiah,M,27
Ned,M,27
Wilburn,M,27
Aloysius,M,26
Christian,M,26
Eldon,M,26
Emmitt,M,26
Harris,M,26
Helen,M,26
Otho,M,26
Rubin,M,26
Vance,M,26
Alphonse,M,25
Arther,M,25
Chris,M,25
Cyrus,M,25
Elmore,M,25
Gerard,M,25
Granville,M,25
Harlan,M,25
Haywood,M,25
Henderson,M,25
Hollis,M,25
Jimmy,M,25
Lenard,M,25
Lionel,M,25
Miguel,M,25
Morton,M,25
Napoleon,M,25
Olin,M,25
Steven,M,25
Turner,M,25
Ulysses,M,25
Wilford,M,25
Ambrose,M,24
Enoch,M,24
General,M,24
Gustave,M,24
King,M,24
Laverne,M,24
Lemuel,M,24
Matt,M,24
Prince,M,24
Thurman,M,24
Waldo,M,24
Alan,M,23
Bonnie,M,23
Bruno,M,23
Cliff,M,23
Eric,M,23
Everette,M,23
Frances,M,23
Garfield,M,23
Hershel,M,23
Jewel,M,23
Maxwell,M,23
Odis,M,23
Theo,M,23
Wilton,M,23
Alfredo,M,22
Alvie,M,22
Arlie,M,22
Asa,M,22
Avery,M,22
Gustav,M,22
Harland,M,22
Isaiah,M,22
Jean,M,22
Jefferson,M,22
Junius,M,22
Mason,M,22
Meyer,M,22
Otha,M,22
Anna,M,21
Berry,M,21
Burl,M,21
Coleman,M,21
Davis,M,21
Doyle,M,21
Harmon,M,21
Hilton,M,21
Isadore,M,21
Ivory,M,21
Lucious,M,21
Milford,M,21
Obie,M,21
Phil,M,21
Teddy,M,21
Travis,M,21
Bernice,M,20
Billy,M,20
Crawford,M,20
Evan,M,20
Guadalupe,M,20
Hal,M,20
Hayes,M,20
Hermon,M,20
Hobert,M,20
Hosea,M,20
Lonzo,M,20
Oran,M,20
Reed,M,20
Rodney,M,20
Rupert,M,20
Ruth,M,20
Walker,M,20
Winston,M,20
Adolphus,M,19
Alden,M,19
Alphonso,M,19
Annie,M,19
Carey,M,19
Carmine,M,19
Claire,M,19
Cletus,M,19
Clint,M,19
Elzie,M,19
Ernie,M,19
Israel,M,19
Jewell,M,19
Jonas,M,19
Lincoln,M,19
Logan,M,19
Luis,M,19
Merritt,M,19
Orin,M,19
Palmer,M,19
Rocco,M,19
Tim,M,19
Valentine,M,19
Weldon,M,19
Bernie,M,18
Damon,M,18
Delmar,M,18
Early,M,18
Emmet,M,18
Evert,M,18
Felton,M,18
Florence,M,18
Joshua,M,18
Junior,M,18
Lacy,M,18
Lucien,M,18
Milo,M,18
Odie,M,18
Olen,M,18
Omer,M,18
Rolland,M,18
Shelby,M,18
Sigmund,M,18
Tomas,M,18
Verne,M,18
Webster,M,18
Wilber,M,18
Winfield,M,18
Winfred,M,18
Alford,M,17
Allie,M,17
Chauncey,M,17
Clarance,M,17
Gladys,M,17
Hans,M,17
Josh,M,17
Jules,M,17
Mildred,M,17
Murphy,M,17
Nolan,M,17
Ottis,M,17
Rafael,M,17
Rollie,M,17
Rose,M,17
Seth,M,17
Theadore,M,17
Warner,M,17
Abram,M,16
Addison,M,16
Beverly,M,16
Carter,M,16
Casper,M,16
Cleve,M,16
Dorsey,M,16
Elisha,M,16
Elza,M,16
Gary,M,16
Hazel,M,16
Hugo,M,16
Judge,M,16
Lawson,M,16
Lucian,M,16
Merton,M,16
Omar,M,16
Oral,M,16
Price,M,16
Shirley,M,16
Vaughn,M,16
Wm,M,16
Wylie,M,16
Alice,M,15
Andres,M,15
Archibald,M,15
Bishop,M,15
Cicero,M,15
Connie,M,15
Dana,M,15
Golden,M,15
Green,M,15
Hampton,M,15
Justin,M,15
Lamar,M,15
Ludwig,M,15
Pasquale,M,15
Pierce,M,15
Quincy,M,15
Raymon,M,15
Ruby,M,15
Sim,M,15
Terry,M,15
Vivian,M,15
Artie,M,14
Bennett,M,14
Carleton,M,14
Clare,M,14
Denver,M,14
Eldred,M,14
Eldridge,M,14
Elroy,M,14
Estel,M,14
Ethel,M,14
Foy,M,14
Guss,M,14
Hobart,M,14
Howell,M,14
Hunter,M,14
Jonathan,M,14
Lillie,M,14
Lindsey,M,14
Louise,M,14
Mario,M,14
Mervin,M,14
Nels,M,14
Parker,M,14
Seymour,M,14
Shelton,M,14
Thad,M,14
Vester,M,14
Walton,M,14
Wash,M,14
Washington,M,14
Anson,M,13
Augustine,M,13
Bart,M,13
Benedict,M,13
Benton,M,13
Cary,M,13
Chas,M,13
Domenick,M,13
Edna,M,13
Elizabeth,M,13
Enrique,M,13
Evans,M,13
Garnett,M,13
Geo,M,13
Godfrey,M,13
Grace,M,13
Gregory,M,13
Harper,M,13
Hilliard,M,13
Hoyt,M,13
Lavern,M,13
Linwood,M,13
Lou,M,13
Madison,M,13
Margaret,M,13
Oren,M,13
Oswald,M,13
Raphael,M,13
Reese,M,13
Smith,M,13
Verner,M,13
West,M,13
Zack,M,13
Albin,M,12
Alec,M,12
Aron,M,12
Arturo,M,12
Blaine,M,12
Carmen,M,12
Carson,M,12
Casimir,M,12
Clemens,M,12
Cloyd,M,12
Conley,M,12
Cruz,M,12
Dexter,M,12
Donovan,M,12
Duncan,M,12
Eino,M,12
Elgin,M,12
Elvis,M,12
Ford,M,12
Fritz,M,12
Garrett,M,12
Gaston,M,12
Graham,M,12
Hayward,M,12
Hector,M,12
Hezekiah,M,12
Jason,M,12
Jodie,M,12
Johny,M,12
Larkin,M,12
Mortimer,M,12
Norris,M,12
Pablo,M,12
Sampson,M,12
Saul,M,12
Sid,M,12
Titus,M,12
Toney,M,12
Vernie,M,12
Virgle,M,12
Watson,M,12
Williams,M,12
Adolfo,M,11
Agnes,M,11
Angus,M,11
Arch,M,11
Arden,M,11
Bobby,M,11
Bradford,M,11
Bryant,M,11
Burt,M,11
Chin,M,11
Dalton,M,11
Darrel,M,11
Darrell,M,11
Dillard,M,11
Domingo,M,11
Dorothy,M,11
Elie,M,11
Emmit,M,11
Ezekiel,M,11
Finley,M,11
Gale,M,11
Gaylord,M,11
Graydon,M,11
Hamilton,M,11
Henery,M,11
Hill,M,11
Ida,M,11
Ignatius,M,11
Isom,M,11
Jennie,M,11
Kelly,M,11
Lawyer,M,11
Leander,M,11
Len,M,11
Lennie,M,11
Lillian,M,11
Nora,M,11
Ocie,M,11
Okey,M,11
Reinhold,M,11
Rube,M,11
Santos,M,11
Thedore,M,11
Theron,M,11
Wyatt,M,11
Alberto,M,10
Alma,M,10
Alonza,M,10
Art,M,10
Artis,M,10
Ashley,M,10
Augusta,M,10
Bailey,M,10
Beatrice,M,10
Bertha,M,10
Brady,M,10
Brown,M,10
Bryan,M,10
Burrell,M,10
Eddy,M,10
Edison,M,10
Ella,M,10
Elliot,M,10
Esther,M,10
Evelyn,M,10
Felipe,M,10
Finis,M,10
Fredie,M,10
Furman,M,10
Gertrude,M,10
Gregorio,M,10
Guillermo,M,10
Hayden,M,10
Hilbert,M,10
Hughie,M,10
Irvine,M,10
Isidore,M,10
Judson,M,10
Kirk,M,10
Lambert,M,10
Lesley,M,10
Loy,M,10
Mae,M,10
Melville,M,10
Merlin,M,10
Murry,M,10
Newman,M,10
Orlando,M,10
Rollin,M,10
Sebastian,M,10
Sing,M,10
Thaddeus,M,10
Thelma,M,10
Vito,M,10
Waverly,M,10
Acie,M,9
Alcide,M,9
Alvis,M,9
Arvel,M,9
Author,M,9
Beecher,M,9
Benjiman,M,9
Beryl,M,9
Bessie,M,9
Boyce,M,9
Bradley,M,9
Caleb,M,9
Chesley,M,9
Claudie,M,9
Clell,M,9
Clovis,M,9
Cullen,M,9
Curt,M,9
Doc,M,9
Donnie,M,9
Durward,M,9
Einar,M,9
Elder,M,9
Eliot,M,9
Enos,M,9
Essie,M,9
Ezell,M,9
Farris,M,9
Gerhard,M,9
Giles,M,9
Griffin,M,9
Gustaf,M,9
Hamp,M,9
Haskell,M,9
Heber,M,9
Hillard,M,9
Hoke,M,9
Huston,M,9
Ivy,M,9
Jamie,M,9
Jarvis,M,9
Jones,M,9
Jordan,M,9
Julio,M,9
Kyle,M,9
Lem,M,9
Levy,M,9
Lindsay,M,9
Lon,M,9
Lorin,M,9
Loyal,M,9
Luster,M,9
Marcel,M,9
Marie,M,9
Marlin,M,9
Melton,M,9
Meredith,M,9
Milburn,M,9
Miller,M,9
Minor,M,9
Murl,M,9
Myles,M,9
Oakley,M,9
Ole,M,9
Orie,M,9
Osborne,M,9
Ossie,M,9
Pauline,M,9
Pink,M,9
Richmond,M,9
Rogers,M,9
Romeo,M,9
Romie,M,9
Rosco,M,9
Rutherford,M,9
Sanders,M,9
Son,M,9
Thurston,M,9
Tomie,M,9
Tyree,M,9
Unknown,M,9
Woodie,M,9
Zeno,M,9
Agustin,M,8
Alf,M,8
Alfonzo,M,8
Algie,M,8
Alois,M,8
Antone,M,8
Arley,M,8
Arne,M,8
Arvil,M,8
Audley,M,8
Augustin,M,8
Axel,M,8
Barton,M,8
Baxter,M,8
Bell,M,8
Bertrand,M,8
Brooks,M,8
Buddy,M,8
Cal,M,8
Carlo,M,8
Casimer,M,8
Clara,M,8
Curley,M,8
Denis,M,8
Earlie,M,8
Ellison,M,8
Elwin,M,8
Emilio,M,8
Ernesto,M,8
Ernst,M,8
Everet,M,8
Ewell,M,8
Federico,M,8
Florian,M,8
Franklyn,M,8
Gabe,M,8
Gail,M,8
Gardner,M,8
Gussie,M,8
Hallie,M,8
Hansel,M,8
Hardy,M,8
Hattie,M,8
Huey,M,8
Hurley,M,8
Issac,M,8
Jiles,M,8
Kelley,M,8
Kirby,M,8
Lafayette,M,8
Laura,M,8
Laurance,M,8
Leamon,M,8
Leeroy,M,8
Leonardo,M,8
Leopold,M,8
Lois,M,8
Mahlon,M,8
Mat,M,8
Mathias,M,8
Mattie,M,8
Nile,M,8
Ola,M,8
Olaf,M,8
Orlo,M,8
Orrin,M,8
Osie,M,8
Prentice,M,8
Quentin,M,8
Ransom,M,8
Raoul,M,8
Sonny,M,8
Toby,M,8
Verlin,M,8
Vicente,M,8
Waymon,M,8
Wellington,M,8
Welton,M,8
Winthrop,M,8
Wong,M,8
Worth,M,8
Zeb,M,8
Zollie,M,8
Adelbert,M,7
Alejandro,M,7
Allison,M,7
Alvah,M,7
Amon,M,7
Antoine,M,7
Arie,M,7
Babe,M,7
Banks,M,7
Bernhard,M,7
Bethel,M,7
Blair,M,7
Burdette,M,7
Carrie,M,7
Carrol,M,7
Cephus,M,7
Chalmer,M,7
Cline,M,7
Collie,M,7
Dayton,M,7
Eben,M,7
Effie,M,7
Elden,M,7
Eligah,M,7
Ellie,M,7
Eula,M,7
Ewald,M,7
Fenton,M,7
Ferd,M,7
Harvie,M,7
Horton,M,7
Hubbard,M,7
Jonah,M,7
Jonnie,M,7
Josephine,M,7
Joyce,M,7
June,M,7
Lafe,M,7
Lance,M,7
Lawton,M,7
Lige,M,7
Linus,M,7
Lonie,M,7
Loran,M,7
Love,M,7
Lum,M,7
Mabel,M,7
Mac,M,7
Maceo,M,7
Manford,M,7
Mannie,M,7
Manny,M,7
Marcos,M,7
Montgomery,M,7
Myer,M,7
Nellie,M,7
Neville,M,7
Nevin,M,7
Newell,M,7
Nicolas,M,7
Olan,M,7
Percival,M,7
Perley,M,7
Pleas,M,7
Presley,M,7
Purvis,M,7
Quince,M,7
Rene,M,7
Reynold,M,7
Rodger,M,7
Royce,M,7
Rueben,M,7
Ruel,M,7
Salvador,M,7
Sherwood,M,7
Simeon,M,7
Sollie,M,7
Stanislaus,M,7
Talmadge,M,7
Talmage,M,7
Thornton,M,7
Tillman,M,7
Ulyses,M,7
Verl,M,7
Waldemar,M,7
Werner,M,7
Westley,M,7
Whit,M,7
Wright,M,7
Abel,M,6
Almon,M,6
Ancel,M,6
Ann,M,6
Ansel,M,6
Anthoney,M,6
Arvid,M,6
Asbury,M,6
Audrey,M,6
Authur,M,6
Bartholomew,M,6
Bartley,M,6
Bascom,M,6
Bedford,M,6
Bee,M,6
Belton,M,6
Benito,M,6
Benjaman,M,6
Berton,M,6
Bobbie,M,6
Bolton,M,6
Buddie,M,6
Burney,M,6
Burnie,M,6
Byrd,M,6
Camille,M,6
Campbell,M,6
Carlie,M,6
Carol,M,6
Charlton,M,6
Christ,M,6
Clarke,M,6
Clemon,M,6
Cleon,M,6
Collins,M,6
Colon,M,6
Cornell,M,6
Delma,M,6
Drew,M,6
Duke,M,6
Earley,M,6
Edith,M,6
Eduardo,M,6
Elige,M,6
Elva,M,6
Elvie,M,6
Emma,M,6
Erving,M,6
Eston,M,6
Eunice,M,6
Fabian,M,6
Fate,M,6
Ferman,M,6
Ferris,M,6
Fidel,M,6
Frankie,M,6
Fredric,M,6
French,M,6
Galen,M,6
Garnet,M,6
Genie,M,6
Girard,M,6
Grayson,M,6
Guido,M,6
Gust,M,6
Hall,M,6
Harlow,M,6
Herald,M,6
Hermann,M,6
Hilary,M,6
Hosie,M,6
Hudson,M,6
Humphrey,M,6
Irene,M,6
Iva,M,6
Iver,M,6
Ivey,M,6
Jacques,M,6
Joy,M,6
Kurt,M,6
Lane,M,6
Laurel,M,6
Lauren,M,6
Lawerence,M,6
Layton,M,6
Lemmie,M,6
Lovell,M,6
Luigi,M,6
Maggie,M,6
Magnus,M,6
Malcom,M,6
Manley,M,6
Manson,M,6
Martha,M,6
Mathis,M,6
Maxie,M,6
May,M,6
Mayo,M,6
Merced,M,6
Minnie,M,6
Mitchel,M,6
Moe,M,6
Nat,M,6
Nathanial,M,6
Newt,M,6
Olive,M,6
Orion,M,6
Oris,M,6
Orland,M,6
Orrie,M,6
Orton,M,6
Osker,M,6
Ozie,M,6
Prentiss,M,6
Randall,M,6
Rayfield,M,6
Reece,M,6
Roe,M,6
Roswell,M,6
Rudy,M,6
Samie,M,6
Samual,M,6
Santiago,M,6
Sewell,M,6
Shelley,M,6
Shellie,M,6
Solon,M,6
Stafford,M,6
Stanford,M,6
Sunny,M,6
Therman,M,6
Tyler,M,6
Vergil,M,6
Verna,M,6
Vincenzo,M,6
Viola,M,6
Virginia,M,6
Wheeler,M,6
Williard,M,6
Winton,M,6
York,M,6
Zeke,M,6
Abbie,M,5
Abie,M,5
Albion,M,5
Alexandria,M,5
Alpha,M,5
Alven,M,5
Ambrosio,M,5
Americo,M,5
Amiel,M,5
Arlington,M,5
Arlo,M,5
Arthor,M,5
Audie,M,5
Avon,M,5
Barry,M,5
Beauford,M,5
Beckham,M,5
Benjamine,M,5
Benson,M,5
Bertie,M,5
Betty,M,5
Bliss,M,5
Boston,M,5
Bueford,M,5
Buell,M,5
Burr,M,5
Cameron,M,5
Carlin,M,5
Casey,M,5
Cedric,M,5
Cephas,M,5
Chalmers,M,5
Chancy,M,5
Cleave,M,5
Cleophus,M,5
Clide,M,5
Coley,M,5
Colin,M,5
Collin,M,5
Collis,M,5
Comer,M,5
Cooper,M,5
Danny,M,5
Dawson,M,5
Dell,M,5
Delmer,M,5
Delos,M,5
Dempsey,M,5
Deward,M,5
Domenic,M,5
Dozier,M,5
Duane,M,5
Edie,M,5
Egbert,M,5
Elam,M,5
Elex,M,5
Elic,M,5
Elma,M,5
Elsworth,M,5
Eluterio,M,5
Elwyn,M,5
Esequiel,M,5
Esteban,M,5
Estell,M,5
Estill,M,5
Estus,M,5
Eva,M,5
Evertte,M,5
Fern,M,5
Fisher,M,5
Flora,M,5
Frazier,M,5
Fulton,M,5
Gaetano,M,5
Gennaro,M,5
Gennie,M,5
Georgie,M,5
Gerry,M,5
Giuseppe,M,5
Gobel,M,5
Gordie,M,5
Gurney,M,5
Harvy,M,5
Hays,M,5
Hebert,M,5
Henri,M,5
Holly,M,5
Horatio,M,5
Hoy,M,5
Hurbert,M,5
Idus,M,5
Isac,M,5
Ivery,M,5
Jas,M,5
Jeffie,M,5
Jennings,M,5
Joeseph,M,5
Josiah,M,5
Jule,M,5
Julious,M,5
Junious,M,5
Katie,M,5
Kay,M,5
Killis,M,5
Lawrance,M,5
Leopoldo,M,5
Less,M,5
Lew,M,5
Linton,M,5
Linzy,M,5
Little,M,5
Llewellyn,M,5
Lorenza,M,5
Lorn,M,5
Lorraine,M,5
Lucas,M,5
Lucille,M,5
Luz,M,5
Lyndon,M,5
Macy,M,5
Malachi,M,5
Mallie,M,5
Mamie,M,5
Marc,M,5
Marian,M,5
Marty,M,5
Mccoy,M,5
Merrick,M,5
Mervyn,M,5
Michele,M,5
Monte,M,5
Moody,M,5
Murdock,M,5
Murrell,M,5
Nestor,M,5
Niels,M,5
Norton,M,5
Norval,M,5
Norvell,M,5
Odin,M,5
Ogden,M,5
Olie,M,5
Onie,M,5
Orange,M,5
Orvin,M,5
Osborn,M,5
Overton,M,5
Pearson,M,5
Pioet,M,5
Porfirio,M,5
Redmond,M,5
Regis,M,5
Reid,M,5
Reno,M,5
Rexford,M,5
Robin,M,5
Roderick,M,5
Rollo,M,5
Rosario,M,5
Rowland,M,5
Rubert,M,5
Rudolf,M,5
Rulon,M,5
Sammy,M,5
Sarah,M,5
Seferino,M,5
Selmer,M,5
Serapio,M,5
Shannon,M,5
Shed,M,5
Sheldon,M,5
Shelly,M,5
Sigurd,M,5
Silvio,M,5
Swan,M,5
Teofilo,M,5
Thompson,M,5
Tolbert,M,5
Urban,M,5
Violet,M,5
Waino,M,5
Webb,M,5
Weston,M,5
Whitney,M,5
Wilburt,M,5
Wilfrid,M,5
Willian,M,5
Winifred,M,5
Woodson,M,5
