name,gender,count
Mary,F,36642
Helen,F,18888
Dorothy,F,14674
Margaret,F,14486
Ruth,F,12609
Mildred,F,9921
Anna,F,9687
Elizabeth,F,9505
Frances,F,7694
Marie,F,7353
Alice,F,6934
Evelyn,F,6683
Florence,F,6279
Rose,F,6171
Virginia,F,6036
Lillian,F,6015
Louise,F,5577
Edna,F,5558
Gladys,F,5428
Ethel,F,5369
Irene,F,5335
Catherine,F,5302
Ruby,F,4913
Josephine,F,4822
Grace,F,4669
Thelma,F,4595
Hazel,F,4589
Martha,F,4538
Edith,F,4366
Annie,F,4267
Lucille,F,4098
Esther,F,4090
Gertrude,F,4015
Eleanor,F,3938
Pauline,F,3636
Clara,F,3633
Beatrice,F,3567
Emma,F,3474
Bertha,F,3345
Elsie,F,3209
Agnes,F,3206
Julia,F,3195
Sarah,F,3178
Doris,F,3049
Bernice,F,3036
Ann,F,2998
Bessie,F,2952
Marjorie,F,2922
Ida,F,2916
Eva,F,2891
Marion,F,2854
Viola,F,2847
Myrtle,F,2843
Katherine,F,2794
Pearl,F,2756
Mabel,F,2741
Anne,F,2684
Nellie,F,2645
Lois,F,2561
Jean,F,2545
Jessie,F,2475
Laura,F,2454
Minnie,F,2332
Alma,F,2297
Willie,F,2264
Kathryn,F,2246
Betty,F,2240
Vera,F,2209
Stella,F,2205
Ella,F,2071
Lillie,F,2030
Sylvia,F,2013
Lena,F,1973
Leona,F,1911
Mattie,F,1868
Blanche,F,1856
Lucy,F,1856
Marguerite,F,1822
Mae,F,1814
Jennie,F,1809
Jane,F,1759
Violet,F,1751
Vivian,F,1727
Genevieve,F,1684
Beulah,F,1641
Opal,F,1629
Charlotte,F,1603
Ellen,F,1579
Velma,F,1556
Carrie,F,1517
Fannie,F,1488
Wilma,F,1469
Marian,F,1452
Barbara,F,1451
Juanita,F,1443
Hattie,F,1434
Theresa,F,1403
Inez,F,1395
Emily,F,1386
Georgia,F,1382
Rosa,F,1366
Nancy,F,1290
Cora,F,1288
Ada,F,1282
Hilda,F,1275
Mamie,F,1245
Eunice,F,1214
Alberta,F,1196
Dora,F,1183
Kathleen,F,1179
Lula,F,1179
Estelle,F,1129
Sophie,F,1122
Sara,F,1121
Sadie,F,1112
Rita,F,1096
Madeline,F,1084
Loretta,F,1074
Maxine,F,1073
Geneva,F,1069
Geraldine,F,1058
Phyllis,F,1054
Daisy,F,1052
Christine,F,1045
Harriet,F,1039
Verna,F,1038
Maggie,F,1019
Lucile,F,1003
Olive,F,994
Lola,F,965
Susie,F,965
Flora,F,943
Maria,F,909
Mable,F,907
Nora,F,890
Audrey,F,884
Muriel,F,882
Sally,F,879
Norma,F,878
Erma,F,865
Henrietta,F,865
Naomi,F,840
Lottie,F,837
Irma,F,830
Rachel,F,827
Miriam,F,826
Victoria,F,825
Olga,F,810
Caroline,F,805
Goldie,F,791
Della,F,789
Nettie,F,777
Eula,F,773
Lydia,F,759
Roberta,F,755
Rosie,F,744
Winifred,F,741
Rebecca,F,739
Jeanette,F,734
Lorraine,F,724
Amelia,F,721
Janet,F,712
June,F,710
Effie,F,708
Dolores,F,706
Fern,F,697
May,F,695
Wanda,F,687
Shirley,F,684
Carolyn,F,676
Katie,F,674
Ollie,F,669
Adeline,F,668
Nina,F,668
Essie,F,662
Dorothea,F,658
Isabel,F,657
Sallie,F,656
Maude,F,655
Bonnie,F,648
Antoinette,F,646
Ora,F,622
Veronica,F,615
Eileen,F,614
Freda,F,613
Isabelle,F,606
Addie,F,605
Lela,F,595
Marcella,F,590
Patricia,F,588
Iva,F,577
Jeannette,F,570
Anita,F,562
Faye,F,561
Lorene,F,559
Susan,F,543
Etta,F,542
Cecelia,F,536
Cleo,F,536
Celia,F,532
Lizzie,F,532
Eloise,F,529
Angelina,F,520
Luella,F,519
Leola,F,512
Frieda,F,506
Mollie,F,506
Regina,F,504
Elva,F,496
Adele,F,492
Nell,F,491
Claire,F,490
Alta,F,486
Cecilia,F,485
Sue,F,483
Jewell,F,482
Angeline,F,478
Arlene,F,471
Janie,F,471
Ola,F,471
Ina,F,469
Estella,F,465
Flossie,F,463
Rosalie,F,462
Constance,F,458
Selma,F,455
Jeanne,F,449
Angela,F,447
Johnnie,F,440
Matilda,F,432
Lila,F,430
Sophia,F,429
Fay,F,427
Ernestine,F,425
Helene,F,425
Teresa,F,424
Margie,F,423
Joan,F,412
Elaine,F,411
Reba,F,410
Annette,F,408
Nannie,F,402
Hannah,F,396
Jewel,F,392
Elma,F,388
Rosemary,F,388
Amy,F,387
Leah,F,370
Virgie,F,364
Elnora,F,353
Amanda,F,346
Zelma,F,342
Millie,F,336
Carol,F,332
Winnie,F,328
Elvira,F,327
Adelaide,F,321
Clarice,F,319
Edythe,F,318
Eliza,F,315
Eleanore,F,313
Letha,F,313
Eugenia,F,310
Iris,F,310
Rena,F,306
Myra,F,305
Tillie,F,303
Avis,F,301
Carmen,F,300
Francis,F,299
Gwendolyn,F,298
Lee,F,294
Allie,F,293
Billie,F,289
Lenora,F,289
Neva,F,289
Laverne,F,288
Cornelia,F,287
Olivia,F,287
Cecile,F,282
Elinor,F,279
Ila,F,279
Peggy,F,276
Hester,F,275
Gussie,F,274
Melba,F,274
Belle,F,273
Callie,F,273
Gracie,F,273
Joyce,F,273
Donna,F,266
Madge,F,264
Harriett,F,260
Lorena,F,259
Dollie,F,258
Natalie,F,258
Josie,F,257
Kate,F,257
Odessa,F,255
Augusta,F,253
Lora,F,252
Helena,F,245
Lessie,F,245
Priscilla,F,241
Annabelle,F,240
Carmela,F,238
Linda,F,238
Frankie,F,237
Katharine,F,236
Berniece,F,235
Claudia,F,235
Leila,F,234
Merle,F,232
Aileen,F,231
Bertie,F,230
Connie,F,229
Imogene,F,227
Rosetta,F,227
Maudie,F,226
Rosella,F,225
Corinne,F,223
Erna,F,220
Yvonne,F,220
Alyce,F,218
Bettie,F,216
Christina,F,216
Iola,F,216
Birdie,F,214
Maurine,F,213
Lily,F,212
Roxie,F,212
Lenore,F,210
Aline,F,209
Willa,F,208
Leota,F,207
Nadine,F,206
Nola,F,205
Concetta,F,204
Ione,F,204
Wilhelmina,F,201
Pearlie,F,200
Lou,F,199
Zella,F,199
Delia,F,198
Dessie,F,197
Molly,F,197
Bernadine,F,196
Johanna,F,196
Ramona,F,196
Rhoda,F,189
Arline,F,187
Catharine,F,187
Ophelia,F,187
Tessie,F,187
Carmella,F,186
Jimmie,F,186
Loraine,F,186
Stephanie,F,185
Bernadette,F,183
Dolly,F,183
Eddie,F,183
Elisabeth,F,180
Lilly,F,179
Hallie,F,176
Nona,F,175
Mona,F,174
Mayme,F,173
Corine,F,172
Antonia,F,171
Oma,F,171
Pansy,F,170
Maud,F,168
Leone,F,167
Cynthia,F,165
Isabella,F,165
Lelia,F,165
Sybil,F,165
Monica,F,164
Reva,F,164
Cecil,F,162
Kay,F,159
Louisa,F,159
Lucinda,F,159
Gloria,F,158
Gretchen,F,158
Janice,F,157
Maybelle,F,156
Philomena,F,156
Dixie,F,155
Madelyn,F,155
Zelda,F,155
Agatha,F,153
Dovie,F,153
Vada,F,153
Isabell,F,151
Hortense,F,150
Leora,F,150
Paula,F,150
Beryl,F,149
Louella,F,149
Robbie,F,149
Yetta,F,149
Alpha,F,148
Gertie,F,148
Alvina,F,147
Georgie,F,147
Iona,F,147
Harriette,F,145
Minerva,F,145
Elise,F,144
Verda,F,144
Elda,F,143
Alva,F,142
Lettie,F,142
Tommie,F,142
Althea,F,141
Lona,F,140
Evangeline,F,139
Jannie,F,139
Mozelle,F,139
Polly,F,138
Rubye,F,138
Judith,F,137
Florine,F,136
Linnie,F,135
Vida,F,135
Garnet,F,133
Jacqueline,F,133
Oleta,F,133
Wilda,F,133
Bobbie,F,132
Elsa,F,131
Mercedes,F,131
Leta,F,130
Rae,F,130
Beth,F,129
Allene,F,128
Margery,F,127
Dorthy,F,126
Queen,F,126
Artie,F,125
Bella,F,125
Blanch,F,124
Cassie,F,124
Fanny,F,124
Ona,F,124
Eve,F,123
Valeria,F,123
John,F,122
Vesta,F,122
Abbie,F,121
Ester,F,121
Earline,F,120
Joy,F,120
Mina,F,120
Winona,F,120
Bess,F,119
Julie,F,119
Rowena,F,119
Madeleine,F,118
Golda,F,117
Melva,F,117
Rosalind,F,117
Delma,F,116
Elena,F,116
Lauretta,F,116
Valerie,F,116
Guadalupe,F,115
Rhea,F,115
Angie,F,114
Zola,F,114
Clare,F,113
Delores,F,113
Floy,F,113
Glenna,F,113
Marcia,F,113
Alene,F,112
Ava,F,112
Hettie,F,112
Phoebe,F,112
Freida,F,111
Marietta,F,111
Millicent,F,111
Camille,F,110
Enid,F,110
Lucia,F,110
Lulu,F,110
Lorna,F,109
Orpha,F,109
Yolanda,F,108
Albina,F,107
Ferne,F,107
Juliette,F,107
Veda,F,107
Germaine,F,106
Ivy,F,106
Elvera,F,105
Filomena,F,105
Nelle,F,105
Una,F,105
Hope,F,104
Beverly,F,103
Aurelia,F,102
Lorine,F,102
Retha,F,102
Bennie,F,101
Diana,F,101
Mathilda,F,101
Myrtis,F,101
Margarita,F,100
Ursula,F,99
Emilie,F,98
Evie,F,98
Mittie,F,98
Suzanne,F,98
Belva,F,97
Corrine,F,97
Lura,F,97
Emilia,F,96
Ruthie,F,96
Velva,F,96
Era,F,95
Idella,F,95
James,F,95
Adell,F,94
Cordelia,F,94
Dortha,F,94
Estell,F,94
Joanna,F,94
William,F,94
Mazie,F,93
Hulda,F,92
Meta,F,92
Aurora,F,90
Dorotha,F,90
Edwina,F,90
Zora,F,90
Jo,F,89
Magnolia,F,89
Tina,F,89
Celeste,F,88
Elna,F,88
Tressie,F,88
Almeda,F,87
Clyde,F,87
Eleanora,F,87
Myrtice,F,87
Theodora,F,87
Vernice,F,87
Winnifred,F,87
Georgiana,F,86
Lue,F,86
Marianne,F,86
Ocie,F,86
Odell,F,86
Johnie,F,85
Petra,F,85
Vergie,F,85
Malinda,F,84
Margret,F,84
Albertha,F,83
Clementine,F,83
Esta,F,83
Leatha,F,83
Leonora,F,83
Patsy,F,83
Cathryn,F,81
Ellie,F,81
Evalyn,F,81
Mavis,F,81
Jenny,F,80
Zula,F,80
Crystal,F,79
Faith,F,79
Lovie,F,79
Rosamond,F,79
Felicia,F,78
Gilda,F,78
Alfreda,F,77
Audra,F,77
Berneice,F,77
Dorris,F,77
Ethelyn,F,77
George,F,77
Lupe,F,77
Margarette,F,77
Charlie,F,76
Gene,F,76
Justine,F,76
Lavina,F,76
Lennie,F,76
Lina,F,76
Manuela,F,76
Berta,F,75
Camilla,F,75
Charlene,F,75
Kathrine,F,75
Nelda,F,75
Sudie,F,75
Elmira,F,74
Katheryn,F,74
Magdalene,F,74
Therese,F,74
Velda,F,74
Verla,F,74
Adella,F,73
Easter,F,73
Marjory,F,73
Rosalee,F,73
Vernie,F,73
Vina,F,73
Anastasia,F,72
Diane,F,72
Robert,F,72
Consuelo,F,71
Elouise,F,71
Verona,F,71
Chloe,F,70
Delphia,F,70
Hildegarde,F,70
Juana,F,70
Novella,F,70
Octavia,F,70
Alda,F,69
Viva,F,69
Charity,F,68
Idell,F,68
Celestine,F,67
Eda,F,67
Hedwig,F,67
Ima,F,67
Madie,F,67
Ray,F,67
Roma,F,67
Rosina,F,67
Vincenza,F,67
Aletha,F,66
Delphine,F,66
Grayce,F,66
Lida,F,66
Maryann,F,66
Melvina,F,66
Myrtie,F,65
Roslyn,F,65
Arvilla,F,64
Bethel,F,64
Freddie,F,64
Gwen,F,64
Marvel,F,64
Zona,F,64
Annabel,F,63
Claudie,F,63
Georgianna,F,63
Ilene,F,63
Ira,F,63
Kathryne,F,63
Lilyan,F,63
Nan,F,63
Antonette,F,62
Dena,F,62
Elenora,F,62
Joe,F,62
Luvenia,F,62
Myrna,F,62
Ouida,F,62
Violette,F,62
Adela,F,61
Donnie,F,61
Lyda,F,61
Reta,F,61
Mozell,F,60
Rachael,F,60
Rubie,F,60
Bonita,F,59
Nova,F,59
Rosalia,F,59
Tomasa,F,59
Andrea,F,58
Carolina,F,58
Claudine,F,58
Eulalia,F,58
Florida,F,58
Gail,F,58
Jaunita,F,58
Kitty,F,58
Marilyn,F,58
Renee,F,58
Sibyl,F,58
Adrienne,F,57
Alicia,F,57
Mallie,F,57
Maxie,F,57
Thora,F,57
Annetta,F,56
Dorcas,F,56
Florene,F,56
Hellen,F,56
Macie,F,56
Nedra,F,56
Rosalyn,F,56
Ardis,F,55
Deloris,F,55
Emmie,F,55
Francisca,F,55
Lilian,F,55
Maureen,F,55
Vallie,F,55
Carmel,F,54
Corene,F,54
Savannah,F,54
Tena,F,54
Bette,F,53
Eldora,F,53
Ethyl,F,53
Hildred,F,53
Lavon,F,53
Libby,F,53
Pearle,F,53
Pinkie,F,53
Rosemarie,F,53
Adelle,F,52
Berenice,F,52
Earnestine,F,52
Elvie,F,52
Evelyne,F,52
Greta,F,52
Janette,F,52
Jettie,F,52
Joanne,F,52
Josefina,F,52
Judy,F,52
Leslie,F,52
Lilla,F,52
Mandy,F,52
Nita,F,52
Norine,F,52
Susanna,F,52
Altha,F,51
Bulah,F,51
Rosanna,F,51
Audie,F,50
Cleta,F,50
Darlene,F,50
Lurline,F,50
Madaline,F,50
Theo,F,50
Yvette,F,50
Alvera,F,49
Betsy,F,49
Charles,F,49
Delilah,F,49
Dona,F,49
Jayne,F,49
Juliet,F,49
Letitia,F,49
Lucretia,F,49
Magdalena,F,49
Ardella,F,48
Bridget,F,48
Emogene,F,48
Glenda,F,48
Lonnie,F,48
Marcelle,F,48
Ossie,F,48
Sabina,F,48
Treva,F,48
Freeda,F,47
Garnett,F,47
Kattie,F,47
Lera,F,47
Mammie,F,47
Melissa,F,47
Pattie,F,47
Sammie,F,47
Verdie,F,47
Hertha,F,46
Lavinia,F,46
Libbie,F,46
Nathalie,F,46
Signe,F,46
Tennie,F,46
Amalia,F,45
Annabell,F,45
Hazle,F,45
Hilma,F,45
Jackie,F,45
Loma,F,45
Ludie,F,45
Mabelle,F,45
Margaretta,F,45
Martina,F,45
Rosia,F,45
Sonia,F,45
Vivienne,F,45
Cathrine,F,44
Eugenie,F,44
Goldia,F,44
Lucie,F,44
Maybell,F,44
Minna,F,44
Neoma,F,44
Pearline,F,44
Adelina,F,43
Annamae,F,43
Elberta,F,43
Jerry,F,43
Lea,F,43
Sidney,F,43
Vita,F,43
Astrid,F,42
Deborah,F,42
Edward,F,42
Georgina,F,42
Laverna,F,42
Linnea,F,42
Margarete,F,42
Maye,F,42
Myrl,F,42
Ozella,F,42
Sofia,F,42
Twila,F,42
Verlie,F,42
Alverta,F,41
Arlie,F,41
Elinore,F,41
Eulah,F,41
Margarett,F,41
Ova,F,41
Willia,F,41
Alida,F,40
Bell,F,40
Elisa,F,40
Ines,F,40
Marge,F,40
Naoma,F,40
Norene,F,40
Prudence,F,40
Santa,F,40
Walter,F,40
Augustine,F,39
Bettye,F,39
Concepcion,F,39
Ena,F,39
Etha,F,39
Exie,F,39
Gayle,F,39
Hildegard,F,39
Madalyn,F,39
Madonna,F,39
Vena,F,39
Versie,F,39
Adelia,F,38
Alba,F,38
Annis,F,38
Clarissa,F,38
Elfrieda,F,38
Enola,F,38
Fae,F,38
Josefa,F,38
Joseph,F,38
Malvina,F,38
Meredith,F,38
Monnie,F,38
Queenie,F,38
Stasia,F,38
Vivien,F,38
Aida,F,37
Amie,F,37
Charline,F,37
Claribel,F,37
Eudora,F,37
Eveline,F,37
Fairy,F,37
Glennie,F,37
Hermina,F,37
Laurette,F,37
Lavada,F,37
Mellie,F,37
Myrle,F,37
Sadye,F,37
Adaline,F,36
Afton,F,36
Clemmie,F,36
Dominga,F,36
Emelia,F,36
Emmer,F,36
Florrie,F,36
Frank,F,36
Henry,F,36
Jamie,F,36
Lavonne,F,36
Lenna,F,36
Louvenia,F,36
Mafalda,F,36
Nella,F,36
Odie,F,36
Ressie,F,36
Romaine,F,36
Sandra,F,36
Thomas,F,36
Amber,F,35
Elease,F,35
Imelda,F,35
Liza,F,35
Louie,F,35
Lyla,F,35
Magdalen,F,35
Mariam,F,35
Maurice,F,35
Olympia,F,35
Onie,F,35
Tempie,F,35
Alline,F,34
Ara,F,34
Bernetta,F,34
Eloisa,F,34
Gay,F,34
Lavern,F,34
Lexie,F,34
Luna,F,34
Masako,F,34
Stacia,F,34
Syble,F,34
Vinnie,F,34
Albertine,F,33
Angelita,F,33
Antonina,F,33
Beaulah,F,33
Bernardine,F,33
Domenica,F,33
Dorathy,F,33
Doretha,F,33
Elenor,F,33
Ingrid,F,33
Larue,F,33
Leonor,F,33
Luz,F,33
Mariah,F,33
Marianna,F,33
Reatha,F,33
Rosaline,F,33
Stephania,F,33
Veola,F,33
Wynona,F,33
Zenobia,F,33
Alease,F,32
Aleen,F,32
Bernita,F,32
Carmelita,F,32
Ceola,F,32
Coletta,F,32
Elizebeth,F,32
Euna,F,32
Ivory,F,32
Lavera,F,32
Leda,F,32
Lynn,F,32
Margarite,F,32
Palma,F,32
Vernon,F,32
Assunta,F,31
Carole,F,31
Delta,F,31
Elenore,F,31
Elmer,F,31
Eura,F,31
Hanna,F,31
Helyn,F,31
Icie,F,31
Jesse,F,31
Joann,F,31
Jule,F,31
Leonore,F,31
Louis,F,31
Noma,F,31
Paul,F,31
Tiny,F,31
Waneta,F,31
Williemae,F,31
Zena,F,31
Adah,F,30
Ardell,F,30
Christena,F,30
Corrie,F,30
Edyth,F,30
Elvina,F,30
Esperanza,F,30
Hermine,F,30
Jonnie,F,30
Jossie,F,30
Laurel,F,30
Lilah,F,30
Lonie,F,30
Madelene,F,30
Margurite,F,30
Neta,F,30
Pat,F,30
Roselyn,F,30
Rozella,F,30
Vella,F,30
Vilma,F,30
Vlasta,F,30
Almeta,F,29
Alvena,F,29
Ardith,F,29
Azalee,F,29
Blanchie,F,29
Carroll,F,29
Coral,F,29
Drusilla,F,29
Ettie,F,29
Georgette,F,29
Helga,F,29
Isobel,F,29
Loree,F,29
Luisa,F,29
Odelia,F,29
Theola,F,29
Tressa,F,29
Buelah,F,28
Catalina,F,28
Cleda,F,28
Clora,F,28
Cordie,F,28
Corean,F,28
Dale,F,28
Daphne,F,28
Dell,F,28
Edra,F,28
Felice,F,28
Gladyce,F,28
Kathlyn,F,28
Katy,F,28
Lacy,F,28
Marybelle,F,28
Merna,F,28
Vernell,F,28
Zada,F,28
Zoe,F,28
Antonetta,F,27
Arizona,F,27
Beula,F,27
Birtha,F,27
Carlotta,F,27
Creola,F,27
Cruz,F,27
Delpha,F,27
Elta,F,27
Eola,F,27
Felipa,F,27
Henretta,F,27
Ilah,F,27
Inga,F,27
Lelah,F,27
Madlyn,F,27
Mayola,F,27
Michelina,F,27
Salome,F,27
Santina,F,27
Selena,F,27
Sonya,F,27
Sula,F,27
Trinidad,F,27
Virgil,F,27
Yoshiko,F,27
Zetta,F,27
America,F,26
Arie,F,26
Arrie,F,26
Benita,F,26
Cleora,F,26
Colleen,F,26
Dicie,F,26
Dottie,F,26
Emeline,F,26
Herminia,F,26
Irine,F,26
Juliana,F,26
Leo,F,26
Loyce,F,26
Mahala,F,26
Margueritte,F,26
Ozie,F,26
Rossie,F,26
Ruthe,F,26
Simone,F,26
Trudie,F,26
Vennie,F,26
Wava,F,26
Alexandria,F,25
Antionette,F,25
Bea,F,25
Blossom,F,25
Buna,F,25
Burnice,F,25
Carl,F,25
Clarine,F,25
Cleone,F,25
Clifford,F,25
Cordia,F,25
Dina,F,25
Harold,F,25
India,F,25
Inell,F,25
Jessica,F,25
Lady,F,25
Leoma,F,25
Leontine,F,25
Liddie,F,25
Loise,F,25
Lolita,F,25
Meda,F,25
Rafaela,F,25
Ralph,F,25
Refugia,F,25
Retta,F,25
Rosaria,F,25
Santos,F,25
Virgia,F,25
Allean,F,24
Almira,F,24
Aretta,F,24
Arleen,F,24
Arlena,F,24
Bettina,F,24
Cathleen,F,24
Elvia,F,24
Flonnie,F,24
Gaynell,F,24
Gennie,F,24
Golden,F,24
Hassie,F,24
Henriette,F,24
Jeane,F,24
Laurene,F,24
Luetta,F,24
Marye,F,24
Maudine,F,24
Nena,F,24
Nila,F,24
Pearly,F,24
Rutha,F,24
Serena,F,24
Sylva,F,24
Terry,F,24
Toby,F,24
Trula,F,24
Tula,F,24
Venus,F,24
Zeola,F,24
Aggie,F,23
Alleen,F,23
Ana,F,23
Celina,F,23
Cleola,F,23
Dorthea,F,23
Earl,F,23
Earlene,F,23
Edrie,F,23
Fleta,F,23
Francine,F,23
Gabrielle,F,23
Gregoria,F,23
Heloise,F,23
Hildreth,F,23
Laurine,F,23
Nevada,F,23
Olevia,F,23
Osie,F,23
Sam,F,23
Shizue,F,23
Sigrid,F,23
Susanne,F,23
Verena,F,23
Zelia,F,23
Albert,F,22
Audry,F,22
Bernie,F,22
Billy,F,22
Clarence,F,22
Classie,F,22
Colette,F,22
Columbia,F,22
Dagmar,F,22
Dana,F,22
Dessa,F,22
Drucilla,F,22
Eleonora,F,22
Elnor,F,22
Erline,F,22
Garnette,F,22
Gerda,F,22
Harry,F,22
Herma,F,22
Hildur,F,22
Honora,F,22
Illa,F,22
Isla,F,22
Izola,F,22
Jacquelyn,F,22
Jesusa,F,22
Justina,F,22
Laurie,F,22
Lorenza,F,22
Loretto,F,22
Maebell,F,22
Maebelle,F,22
Malissa,F,22
Mariana,F,22
Marlene,F,22
Maryellen,F,22
Mignon,F,22
Mozella,F,22
Oletha,F,22
Omie,F,22
Oneta,F,22
Parthenia,F,22
Phebe,F,22
Portia,F,22
Rene,F,22
Richard,F,22
Sophronia,F,22
Vashti,F,22
Vernetta,F,22
Vertie,F,22
Veva,F,22
Willetta,F,22
Zettie,F,22
Adelene,F,21
Aimee,F,21
Altie,F,21
Alvira,F,21
Beatriz,F,21
Cara,F,21
Caryl,F,21
Clarabelle,F,21
Dee,F,21
Dinah,F,21
Doshie,F,21
Elba,F,21
Ellamae,F,21
Eugene,F,21
Evaline,F,21
Floretta,F,21
Floye,F,21
Gladis,F,21
Hortencia,F,21
Idelle,F,21
Izetta,F,21
Julianna,F,21
Kittie,F,21
Lala,F,21
Leanore,F,21
Lucienne,F,21
Lurlene,F,21
Magdaline,F,21
Maida,F,21
Marceline,F,21
Margretta,F,21
Marquerite,F,21
Maryanna,F,21
Maryjane,F,21
Mathilde,F,21
Noreen,F,21
Olene,F,21
Onnie,F,21
Otha,F,21
Patty,F,21
Rosena,F,21
Sydney,F,21
Villa,F,21
Vira,F,21
Zilpha,F,21
Alverda,F,20
Ammie,F,20
Arlean,F,20
Clementina,F,20
Clydie,F,20
Dorathea,F,20
Dulcie,F,20
Erin,F,20
Flo,F,20
Florance,F,20
Fronie,F,20
Genevia,F,20
Giovanna,F,20
Glenn,F,20
Guinevere,F,20
Howard,F,20
Idamae,F,20
Janis,F,20
Kathaleen,F,20
Lissie,F,20
Madalene,F,20
Mardell,F,20
Marylee,F,20
Missouri,F,20
Pennie,F,20
Selina,F,20
Shizuko,F,20
Stefania,F,20
Vernia,F,20
Versa,F,20
Veta,F,20
Vienna,F,20
Willard,F,20
Zadie,F,20
Aili,F,19
Alvie,F,19
Anabel,F,19
Ariel,F,19
Arvella,F,19
Bernyce,F,19
Bula,F,19
Capitola,F,19
Cleona,F,19
Dagny,F,19
Delcie,F,19
Dimple,F,19
Dola,F,19
Doretta,F,19
Eathel,F,19
Ermine,F,19
Evelena,F,19
Evelina,F,19
Evlyn,F,19
Fred,F,19
Gena,F,19
Haruko,F,19
Jack,F,19
Josiephine,F,19
Lavelle,F,19
Lavonia,F,19
Lilia,F,19
Lita,F,19
Lorean,F,19
Margo,F,19
Margot,F,19
Marry,F,19
Marta,F,19
Mossie,F,19
Neola,F,19
Oda,F,19
Odella,F,19
Olivette,F,19
Oneida,F,19
Oretha,F,19
Otelia,F,19
Paralee,F,19
Rebekah,F,19
Roselle,F,19
Susana,F,19
Theodosia,F,19
Venice,F,19
Verta,F,19
Vonda,F,19
Zita,F,19
Adline,F,18
Aleta,F,18
Alyne,F,18
Archie,F,18
Aretha,F,18
Arietta,F,18
Armanda,F,18
Bebe,F,18
Carlota,F,18
Carry,F,18
Celesta,F,18
Charlsie,F,18
Chrystal,F,18
Clotilde,F,18
Corrinne,F,18
Delfina,F,18
Dorothe,F,18
Etna,F,18
Floris,F,18
Floyd,F,18
Francesca,F,18
Frederica,F,18
Hazelle,F,18
Jennette,F,18
Jodie,F,18
Julianne,F,18
Lodema,F,18
Luciel,F,18
Manda,F,18
Marina,F,18
Mertie,F,18
Meryl,F,18
Nanie,F,18
Natalia,F,18
Natividad,F,18
Norah,F,18
Odile,F,18
Rella,F,18
Rilla,F,18
Romana,F,18
Sheila,F,18
Theora,F,18
Tilda,F,18
Violetta,F,18
Virdie,F,18
Wilba,F,18
Wyona,F,18
Alverna,F,17
Alys,F,17
Anice,F,17
Annice,F,17
Atha,F,17
Berdie,F,17
Carlene,F,17
Christeen,F,17
Christene,F,17
Curtis,F,17
Delora,F,17
Delsie,F,17
Denise,F,17
Doreen,F,17
Elmina,F,17
Emmaline,F,17
Emmy,F,17
Erie,F,17
Erlene,F,17
Ethlyn,F,17
Euphemia,F,17
Gearldine,F,17
Genevive,F,17
Gertha,F,17
Glendora,F,17
Hessie,F,17
Izora,F,17
Janina,F,17
Katharyn,F,17
Kaye,F,17
Lawrence,F,17
Leonia,F,17
Lester,F,17
Lilie,F,17
Lollie,F,17
Lota,F,17
Mabell,F,17
Margrett,F,17
Margrette,F,17
Maymie,F,17
Melinda,F,17
Meriam,F,17
Micaela,F,17
Milda,F,17
Minta,F,17
Murl,F,17
Omega,F,17
Oralee,F,17
Ottie,F,17
Ozell,F,17
Paulene,F,17
Pilar,F,17
Raymond,F,17
Roy,F,17
Silvia,F,17
Soledad,F,17
Theda,F,17
Valera,F,17
Vonnie,F,17
Wilna,F,17
Ailene,F,16
Albertina,F,16
Alethea,F,16
Alla,F,16
Arabella,F,16
Ardelia,F,16
Arthur,F,16
Aune,F,16
Besse,F,16
Carmon,F,16
Catarina,F,16
Ceil,F,16
Daisey,F,16
Daisie,F,16
Dallas,F,16
Darline,F,16
Doshia,F,16
Elida,F,16
Elmo,F,16
Elynor,F,16
Estela,F,16
Felicitas,F,16
Flavia,F,16
Foy,F,16
Garland,F,16
Genevie,F,16
Genoveva,F,16
Herlinda,F,16
Icy,F,16
Lavenia,F,16
Leanna,F,16
Leanora,F,16
Leoda,F,16
Leon,F,16
Letty,F,16
Lisa,F,16
Lossie,F,16
Lurene,F,16
Lyle,F,16
Marita,F,16
Melda,F,16
Mettie,F,16
Netta,F,16
Nonnie,F,16
Olinda,F,16
Orene,F,16
Orva,F,16
Otilia,F,16
Pamela,F,16
Pasqualina,F,16
Rochelle,F,16
Roena,F,16
Sina,F,16
Thais,F,16
Theresia,F,16
Thressa,F,16
Trudy,F,16
Ura,F,16
Valda,F,16
Vela,F,16
Veneta,F,16
Venita,F,16
Zelpha,F,16
Adda,F,15
Adel,F,15
Alean,F,15
Alexandra,F,15
Aliene,F,15
Allen,F,15
Ardath,F,15
Ardelle,F,15
Aurore,F,15
Avanelle,F,15
Bernece,F,15
Catheryn,F,15
Celestia,F,15
Concha,F,15
Coralee,F,15
Cristina,F,15
Dannie,F,15
Elois,F,15
Elzie,F,15
Emaline,F,15
Ethelene,F,15
Frona,F,15
Glee,F,15
Gretta,F,15
Gudrun,F,15
Hilaria,F,15
Hollie,F,15
Hollis,F,15
Huldah,F,15
Hyacinth,F,15
Idabelle,F,15
Ilda,F,15
Ilo,F,15
Isadora,F,15
Jay,F,15
Jeanetta,F,15
Jeanie,F,15
Johnny,F,15
Kenneth,F,15
Laveta,F,15
Lella,F,15
Leonie,F,15
Littie,F,15
Lovenia,F,15
Macel,F,15
Madelyne,F,15
Madolyn,F,15
Maple,F,15
Margherita,F,15
Marylouise,F,15
Mazzie,F,15
Mickey,F,15
Nada,F,15
Odessie,F,15
Olar,F,15
Ozelle,F,15
Pernie,F,15
Perry,F,15
Phylis,F,15
Pluma,F,15
Rea,F,15
Romayne,F,15
Roseanna,F,15
Sarrah,F,15
Sister,F,15
Terese,F,15
Thea,F,15
Ula,F,15
Vannie,F,15
Verma,F,15
Wilhelmena,F,15
Willene,F,15
Zera,F,15
Abigail,F,14
Aldea,F,14
Alena,F,14
Allegra,F,14
Angelica,F,14
Aura,F,14
Azzie,F,14
Bert,F,14
Carolyne,F,14
Casimira,F,14
Chester,F,14
Clotilda,F,14
Coy,F,14
Dahlia,F,14
Deane,F,14
Donald,F,14
Donie,F,14
Edris,F,14
Electa,F,14
Ellis,F,14
Emelda,F,14
Evalee,F,14
Ever,F,14
Florinda,F,14
Forrest,F,14
Georgine,F,14
Gina,F,14
Gizella,F,14
Gracia,F,14
Grethel,F,14
Helmi,F,14
Helon,F,14
Indiana,F,14
Inis,F,14
Janey,F,14
Lanie,F,14
Leocadia,F,14
Lethia,F,14
Lorayne,F,14
Lugenia,F,14
Luverne,F,14
Madelon,F,14
Majorie,F,14
Mandie,F,14
Margeret,F,14
Marrie,F,14
Maryelizabeth,F,14
Maryetta,F,14
Maryon,F,14
Melvin,F,14
Montie,F,14
Nelly,F,14
Nicolina,F,14
Nonie,F,14
Odette,F,14
Orma,F,14
Otis,F,14
Paulina,F,14
Petrina,F,14
Petronella,F,14
Pollie,F,14
Reather,F,14
Suzanna,F,14
Texie,F,14
Theressa,F,14
Thresa,F,14
Valborg,F,14
Velta,F,14
Wanetta,F,14
Alcie,F,13
Aleda,F,13
Alethia,F,13
Anastacia,F,13
Anner,F,13
Arcola,F,13
Ardys,F,13
Arletta,F,13
Arnetta,F,13
Arta,F,13
Aubrey,F,13
Azalea,F,13
Azilee,F,13
Beadie,F,13
Bobby,F,13
Brownie,F,13
Canary,F,13
Carla,F,13
Carma,F,13
Carola,F,13
Claude,F,13
Cleopatra,F,13
Corina,F,13
David,F,13
Dawn,F,13
Deana,F,13
Delila,F,13
Dellar,F,13
Delois,F,13
Earlean,F,13
Eather,F,13
Edla,F,13
Elene,F,13
Etter,F,13
Evelynne,F,13
Fleda,F,13
Gaetana,F,13
Genora,F,13
Georgene,F,13
Glena,F,13
Hatsuko,F,13
Isa,F,13
Italia,F,13
Joella,F,13
Johnsie,F,13
Kathern,F,13
Kiyoko,F,13
Ladonna,F,13
Lahoma,F,13
Lanora,F,13
Lassie,F,13
Leaner,F,13
Leva,F,13
Lillia,F,13
Lloyd,F,13
Lovella,F,13
Lucilla,F,13
Luevenia,F,13
Lynda,F,13
Macy,F,13
Maisie,F,13
Martine,F,13
Merry,F,13
Mertice,F,13
Nana,F,13
Nealie,F,13
Nelma,F,13
Novie,F,13
Orlean,F,13
Othella,F,13
Para,F,13
Paulette,F,13
Peggie,F,13
Penelope,F,13
Phillis,F,13
Piccola,F,13
Rosabelle,F,13
Rosebud,F,13
Roxanna,F,13
Samantha,F,13
Scottie,F,13
Serafina,F,13
Severa,F,13
Stanley,F,13
Stephany,F,13
Sydelle,F,13
Tekla,F,13
Thyra,F,13
Vara,F,13
Verdell,F,13
Verle,F,13
Verne,F,13
Vinita,F,13
Wilmer,F,13
Yolande,F,13
Zela,F,13
Albena,F,12
Aleene,F,12
Alison,F,12
Almena,F,12
Alwilda,F,12
Annalee,F,12
Antoinetta,F,12
Apolonia,F,12
Argie,F,12
Arva,F,12
Augustina,F,12
Babe,F,12
Bee,F,12
Bernadene,F,12
Billye,F,12
Bina,F,12
Blannie,F,12
Borghild,F,12
Brenda,F,12
Brooksie,F,12
Byrd,F,12
Byrdie,F,12
Caldonia,F,12
Candace,F,12
Cathern,F,12
Cherry,F,12
Chiyoko,F,12
Clair,F,12
Clarisse,F,12
Clover,F,12
Clovis,F,12
Docia,F,12
Earlie,F,12
Ebba,F,12
Edmonia,F,12
Elner,F,12
Elza,F,12
Enes,F,12
Ernie,F,12
Esma,F,12
Ethyle,F,12
Eulalie,F,12
Eular,F,12
Exa,F,12
Faustina,F,12
Felicita,F,12
Florentine,F,12
Floria,F,12
Florice,F,12
Fredericka,F,12
Fumiko,F,12
Georgetta,F,12
Grady,F,12
Hasel,F,12
Imo,F,12
Irean,F,12
Irena,F,12
Ivie,F,12
Jeannie,F,12
Jetta,F,12
Karen,F,12
Katheryne,F,12
Kathyrn,F,12
Laila,F,12
Lattie,F,12
Launa,F,12
Lavona,F,12
Leala,F,12
Lealer,F,12
Leatrice,F,12
Lelar,F,12
Lema,F,12
Lemma,F,12
Lilas,F,12
Lillion,F,12
Lillis,F,12
Lorette,F,12
Lotus,F,12
Louetta,F,12
Love,F,12
Lovina,F,12
Malissie,F,12
Marylou,F,12
Melanie,F,12
Mennie,F,12
Merlie,F,12
Michael,F,12
Modena,F,12
Oral,F,12
Palmina,F,12
Raquel,F,12
Relda,F,12
Reola,F,12
Robena,F,12
Rosario,F,12
Roseline,F,12
Rosita,F,12
Rozelle,F,12
Rushie,F,12
Russell,F,12
Savilla,F,12
Sedonia,F,12
Senia,F,12
Shellie,F,12
Solveig,F,12
Tinnie,F,12
Tresa,F,12
Valentine,F,12
Verner,F,12
Vestal,F,12
Vicie,F,12
Victorine,F,12
Vola,F,12
Wilhelmine,F,12
Willow,F,12
Wylma,F,12
Zell,F,12
Abby,F,11
Adelyn,F,11
Agness,F,11
Aldine,F,11
Aldona,F,11
Alfred,F,11
Allena,F,11
Almer,F,11
Amparo,F,11
Arabelle,F,11
Arbutus,F,11
Armella,F,11
Artis,F,11
Auda,F,11
Avie,F,11
Babette,F,11
Belen,F,11
Berneda,F,11
Bianca,F,11
Bill,F,11
Birtie,F,11
Blonnie,F,11
Bonny,F,11
Bruna,F,11
Carlyn,F,11
Cary,F,11
Cele,F,11
Channie,F,11
Cherrie,F,11
Cinderella,F,11
Clarinda,F,11
Clella,F,11
Clema,F,11
Clemence,F,11
Cleva,F,11
Cloie,F,11
Congetta,F,11
Cuba,F,11
Cyrilla,F,11
Dema,F,11
Dorsey,F,11
Edwin,F,11
Eleonore,F,11
Elia,F,11
Elizbeth,F,11
Ellene,F,11
Elmyra,F,11
Elodie,F,11
Elvena,F,11
Emmeline,F,11
Erla,F,11
Erminia,F,11
Ernest,F,11
Ersie,F,11
Erva,F,11
Ethelyne,F,11
Ether,F,11
Fleeta,F,11
Fletcher,F,11
Florentina,F,11
Florie,F,11
Floyce,F,11
Forest,F,11
Gatha,F,11
Gemma,F,11
Gusta,F,11
Hetty,F,11
Hila,F,11
Holly,F,11
Ignacia,F,11
Inza,F,11
Ivah,F,11
Jeannetta,F,11
Jeffie,F,11
Jimmy,F,11
Jinnie,F,11
Junita,F,11
Katrina,F,11
Kizzie,F,11
Laina,F,11
Lannie,F,11
Leana,F,11
Leather,F,11
Leeta,F,11
Leonard,F,11
Leroy,F,11
Loleta,F,11
Loney,F,11
Loreta,F,11
Lynette,F,11
Lynne,F,11
Maddie,F,11
Manie,F,11
Marget,F,11
Marilla,F,11
Marlys,F,11
Maryalice,F,11
Mercy,F,11
Norman,F,11
Odeal,F,11
Odelle,F,11
Olena,F,11
Olie,F,11
Oliva,F,11
Olla,F,11
Opha,F,11
Ophia,F,11
Ople,F,11
Ottilia,F,11
Ottilie,F,11
Ottis,F,11
Palmira,F,11
Patience,F,11
Patrica,F,11
Penny,F,11
Persis,F,11
Philomene,F,11
Raffaela,F,11
Raye,F,11
Rheta,F,11
Rosabel,F,11
Rosey,F,11
Sabra,F,11
Savanah,F,11
Senora,F,11
Sharon,F,11
Signa,F,11
Stacy,F,11
Svea,F,11
Taimi,F,11
Thomasina,F,11
Tommy,F,11
Tommye,F,11
Tosca,F,11
Toshiko,F,11
Toy,F,11
Tracy,F,11
Unknown,F,11
Velia,F,11
Velna,F,11
Venia,F,11
Vern,F,11
Vernita,F,11
Vona,F,11
Waunita,F,11
Wayne,F,11
Wilhemina,F,11
Will,F,11
Wreatha,F,11
Yola,F,11
Zeta,F,11
Amada,F,10
Anona,F,10
Arlee,F,10
Audria,F,10
Avo,F,10
Bama,F,10
Barbra,F,10
Beatrix,F,10
Berneta,F,10
Beryle,F,10
Buena,F,10
Calla,F,10
Candelaria,F,10
Captola,F,10
Carey,F,10
Carmelite,F,10
Carra,F,10
Celine,F,10
Cindy,F,10
Claris,F,10
Cliffie,F,10
Clifton,F,10
Collette,F,10
Dallie,F,10
Dean,F,10
Delight,F,10
Dellie,F,10
Deola,F,10
Devota,F,10
Dominica,F,10
Dorine,F,10
Dot,F,10
Dove,F,10
Echo,F,10
Ednamae,F,10
Eloyse,F,10
Elynore,F,10
Elzora,F,10
Enis,F,10
Ermal,F,10
Evalena,F,10
Evea,F,10
Evia,F,10
Fannye,F,10
Fortunata,F,10
Francelia,F,10
Fritzi,F,10
Gaynelle,F,10
Georgeanna,F,10
Gertrue,F,10
Girlie,F,10
Gladies,F,10
Gunhild,F,10
Gustava,F,10
Herbert,F,10
Hortensia,F,10
Ica,F,10
Ingeborg,F,10
Irja,F,10
Isola,F,10
Ival,F,10
Ivey,F,10
Josefita,F,10
Lalla,F,10
Leafy,F,10
Leitha,F,10
Leonarda,F,10
Lesley,F,10
Librada,F,10
Lillyan,F,10
Lockie,F,10
Lorina,F,10
Lugene,F,10
Luise,F,10
Lulla,F,10
Luvinia,F,10
Madgie,F,10
Mamye,F,10
Marcelline,F,10
Mardelle,F,10
Maree,F,10
Margaretha,F,10
Marthe,F,10
Martin,F,10
Marvin,F,10
Marvine,F,10
Maryan,F,10
Mattye,F,10
Maysel,F,10
Metta,F,10
Missie,F,10
Monna,F,10
Montana,F,10
Naomia,F,10
Neda,F,10
Ninfa,F,10
Odetta,F,10
Ofelia,F,10
Oneita,F,10
Orlena,F,10
Pearley,F,10
Prince,F,10
Rachelle,F,10
Robin,F,10
Ronnie,F,10
Roxy,F,10
Sena,F,10
Simonne,F,10
Steffie,F,10
Susannah,F,10
Sylvania,F,10
Thalia,F,10
Vadie,F,10
Valentina,F,10
Verl,F,10
Veryl,F,10
Vester,F,10
Vicenta,F,10
Vila,F,10
Virgina,F,10
Weltha,F,10
Wenonah,F,10
Wessie,F,10
Willis,F,10
Woodie,F,10
Woodrow,F,10
Wynema,F,10
Zannie,F,10
Zara,F,10
Zeda,F,10
Adrian,F,9
Agustina,F,9
Aldora,F,9
Algie,F,9
Alzina,F,9
Annemarie,F,9
Anniemae,F,9
Ardie,F,9
Arletha,F,9
Aslee,F,9
Audrie,F,9
Australia,F,9
Ayako,F,9
Bera,F,9
Berna,F,9
Bertice,F,9
Blondell,F,9
Burnell,F,9
Burnette,F,9
Cammie,F,9
Carlie,F,9
Carmelina,F,9
Clarabell,F,9
Clelia,F,9
Cleota,F,9
Clevie,F,9
Cloteal,F,9
Collie,F,9
Concettina,F,9
Courtney,F,9
Cozetta,F,9
Curley,F,9
Devona,F,9
Diamond,F,9
Dorene,F,9
Douglas,F,9
Earma,F,9
Elfreda,F,9
Elina,F,9
Ellar,F,9
Eltis,F,9
Elvin,F,9
Enriqueta,F,9
Epsie,F,9
Ercell,F,9
Eris,F,9
Erlinda,F,9
Ernestina,F,9
Estefana,F,9
Estel,F,9
Eufemia,F,9
Everlena,F,9
Flara,F,9
Floree,F,9
France,F,9
Francies,F,9
Fronia,F,9
Genever,F,9
Georganna,F,9
Glada,F,9
Glen,F,9
Goldye,F,9
Ileen,F,9
Irmgard,F,9
Itha,F,9
Jacoba,F,9
Jeneva,F,9
Jessamine,F,9
Jessye,F,9
Jesus,F,9
Jim,F,9
Jocelyn,F,9
Junie,F,9
Lallie,F,9
Larene,F,9
Lavaughn,F,9
Lavena,F,9
Lavone,F,9
Leanor,F,9
Lear,F,9
Leathia,F,9
Lesta,F,9
Lewis,F,9
Lille,F,9
Lillias,F,9
Llewellyn,F,9
Loreen,F,9
Lorrayne,F,9
Lourine,F,9
Luanna,F,9
Luberta,F,9
Lubertha,F,9
Luceal,F,9
Lucetta,F,9
Lucylle,F,9
Luellen,F,9
Lular,F,9
Lurena,F,9
Luvina,F,9
Malissia,F,9
Mannie,F,9
Marcelina,F,9
Marguerita,F,9
Margy,F,9
Mark,F,9
Marsha,F,9
Maryanne,F,9
Maryland,F,9
Mayo,F,9
Mazelle,F,9
Media,F,9
Melrose,F,9
Mertis,F,9
Mila,F,9
Milton,F,9
Mimi,F,9
Misao,F,9
Mitsuko,F,9
Murrel,F,9
Myrta,F,9
Nadia,F,9
Naomie,F,9
Neita,F,9
Nezzie,F,9
Nollie,F,9
Odessia,F,9
Odis,F,9
Ortha,F,9
Osa,F,9
Othelia,F,9
Pecola,F,9
Peter,F,9
Prudie,F,9
Racheal,F,9
Ragna,F,9
Rebeca,F,9
Reda,F,9
Rheba,F,9
Rina,F,9
Romie,F,9
Rosana,F,9
Roseann,F,9
Roselee,F,9
Roselie,F,9
Rozena,F,9
Rufina,F,9
Ruie,F,9
Sidonia,F,9
Tabitha,F,9
Talitha,F,9
Teckla,F,9
Teddy,F,9
Toni,F,9
Tsuruko,F,9
Veatrice,F,9
Vernelle,F,9
Vessie,F,9
Voncile,F,9
Wallace,F,9
Wendell,F,9
Wesley,F,9
Willamae,F,9
Willena,F,9
Willette,F,9
Wilsie,F,9
Zellie,F,9
Zilla,F,9
Adena,F,8
Aino,F,8
Ala,F,8
Aleatha,F,8
Alliene,F,8
Alsie,F,8
Alton,F,8
Alvis,F,8
Alyse,F,8
Andrew,F,8
Angelena,F,8
Annamarie,F,8
Annamay,F,8
Anniebelle,F,8
Anthony,F,8
Araminta,F,8
Arda,F,8
Armelia,F,8
Armilda,F,8
Atlas,F,8
Audree,F,8
Averil,F,8
Avery,F,8
Baby,F,8
Belvia,F,8
Bena,F,8
Benedetta,F,8
Berdella,F,8
Berdena,F,8
Bernard,F,8
Beuna,F,8
Birdell,F,8
Blodwen,F,8
Bobbye,F,8
Burnetta,F,8
Candis,F,8
Carleen,F,8
Charlcie,F,8
Chessie,F,8
Christiana,F,8
Cinda,F,8
Clarita,F,8
Climmie,F,8
Clorinda,F,8
Clothilde,F,8
Clydia,F,8
Clytie,F,8
Conception,F,8
Corabelle,F,8
Coralie,F,8
Cozy,F,8
Dealie,F,8
Dennie,F,8
Doll,F,8
Doloris,F,8
Eartha,F,8
Eilene,F,8
Elanor,F,8
Elfie,F,8
Elin,F,8
Eline,F,8
Ellenor,F,8
Ellouise,F,8
Elsbeth,F,8
Emerald,F,8
Ercel,F,8
Ermel,F,8
Ermina,F,8
Etoyle,F,8
Eudell,F,8
Euretta,F,8
Evangelina,F,8
Evva,F,8
Ezola,F,8
Fabiola,F,8
Farrie,F,8
Faun,F,8
Faustine,F,8
Ferol,F,8
Fidela,F,8
Fran,F,8
Francys,F,8
Gale,F,8
Garnetta,F,8
Geneveive,F,8
Geneviene,F,8
Genia,F,8
Geraldyne,F,8
Gerry,F,8
Gilberta,F,8
Giovannina,F,8
Girtha,F,8
Glennis,F,8
Gola,F,8
Gwendolyne,F,8
Gweneth,F,8
Helma,F,8
Helvi,F,8
Henryetta,F,8
Herman,F,8
Iler,F,8
Inger,F,8
Ivalee,F,8
Jacquelin,F,8
Jan,F,8
Janelle,F,8
Janett,F,8
Jeanett,F,8
Jerrie,F,8
Johnnye,F,8
Josephina,F,8
Katheleen,F,8
Lanelle,F,8
Lavaun,F,8
Laverta,F,8
Lempi,F,8
Lidia,F,8
Lidwina,F,8
Lindy,F,8
Loie,F,8
Lorain,F,8
Lorinda,F,8
Lourene,F,8
Lovell,F,8
Lovey,F,8
Loyola,F,8
Luceil,F,8
Ludmilla,F,8
Lyndall,F,8
Madelaine,F,8
Madora,F,8
Mahalia,F,8
Manola,F,8
Manuelita,F,8
Mariann,F,8
Maribel,F,8
Marinda,F,8
Massie,F,8
Maydell,F,8
Mazel,F,8
Medora,F,8
Melania,F,8
Melia,F,8
Melita,F,8
Melvia,F,8
Milly,F,8
Minette,F,8
Minnette,F,8
Mitzi,F,8
Monie,F,8
Montez,F,8
Murial,F,8
Nadene,F,8
Naida,F,8
Nathalia,F,8
Nelva,F,8
Nicie,F,8
Nicoletta,F,8
Nobie,F,8
Olean,F,8
Onita,F,8
Otillia,F,8
Parlee,F,8
Paulita,F,8
Pearlee,F,8
Pearlene,F,8
Pebble,F,8
Philip,F,8
Phyliss,F,8
Pierina,F,8
Pola,F,8
Providence,F,8
Robbye,F,8
Roby,F,8
Romona,F,8
Rubbie,F,8
Rudell,F,8
Ruthy,F,8
Samella,F,8
Sarita,F,8
Simona,F,8
Socorro,F,8
Sonja,F,8
Sussie,F,8
Sweetie,F,8
Sylvester,F,8
Thera,F,8
Thomasine,F,8
Thurley,F,8
Thurza,F,8
Trixie,F,8
Uva,F,8
Valarie,F,8
Valeska,F,8
Velvie,F,8
Venna,F,8
Verba,F,8
Verbie,F,8
Vernona,F,8
Vieno,F,8
Vincent,F,8
Viney,F,8
Vinie,F,8
Wanita,F,8
Warren,F,8
Welma,F,8
Wilhelmenia,F,8
Willma,F,8
Zephyr,F,8
Adelaida,F,7
Adelyne,F,7
Ader,F,7
Aiko,F,7
Aileene,F,7
Alfhild,F,7
Alise,F,7
Allison,F,7
Aloha,F,7
Alphia,F,7
Alyda,F,7
Alzada,F,7
Angel,F,7
Angelyn,F,7
Aniela,F,7
Annielee,F,7
Arbie,F,7
Arla,F,7
Arlette,F,7
Arlyne,F,7
Armetta,F,7
Armida,F,7
Arnold,F,7
Artelia,F,7
Asalee,F,7
Asuncion,F,7
Autumn,F,7
Axie,F,7
Beata,F,7
Bernette,F,7
Birda,F,7
Birdia,F,7
Brookie,F,7
Brunetta,F,7
Burma,F,7
Camella,F,7
Carmie,F,7
Carnell,F,7
Caterina,F,7
Cecila,F,7
Cecille,F,7
Celester,F,7
Celestina,F,7
Charleen,F,7
Charlotta,F,7
Chiyeko,F,7
Chloa,F,7
Chloie,F,7
Chloris,F,7
Christie,F,7
Clarise,F,7
Clemie,F,7
Clemma,F,7
Cletus,F,7
Clio,F,7
Clyda,F,7
Cordella,F,7
Coretta,F,7
Cornie,F,7
Cova,F,7
Cyril,F,7
Daniel,F,7
Darcus,F,7
Dasie,F,7
Delmar,F,7
Delvina,F,7
Denver,F,7
Dera,F,7
Derotha,F,7
Dewey,F,7
Dillie,F,7
Dossie,F,7
Drue,F,7
Eara,F,7
Earnest,F,7
Eila,F,7
Elen,F,7
Elgie,F,7
Else,F,7
Elsye,F,7
Elzada,F,7
Ema,F,7
Emanuella,F,7
Ennis,F,7
Ercie,F,7
Estie,F,7
Ethelda,F,7
Etheline,F,7
Eulala,F,7
Eusebia,F,7
Evalene,F,7
Evalyne,F,7
Evamae,F,7
Evelin,F,7
Everett,F,7
Ezella,F,7
Fanchon,F,7
Fawn,F,7
Fidelia,F,7
Florella,F,7
Florencia,F,7
Flornce,F,7
Fredna,F,7
Fredonia,F,7
Georga,F,7
Gertude,F,7
Gillie,F,7
Giuseppina,F,7
Glayds,F,7
Glenora,F,7
Glessie,F,7
Guida,F,7
Hana,F,7
Hazell,F,7
Hedvig,F,7
Hermione,F,7
Hermoine,F,7
Hesper,F,7
Hiawatha,F,7
Hjordis,F,7
Homer,F,7
Honey,F,7
Honor,F,7
Honore,F,7
Idabell,F,7
Ilean,F,7
Iver,F,7
Jacinta,F,7
Jenne,F,7
Jesusita,F,7
Joaquina,F,7
Johannah,F,7
Josepha,F,7
Jovita,F,7
Joye,F,7
Kimiko,F,7
Lana,F,7
Laraine,F,7
Laurena,F,7
Lavilla,F,7
Leita,F,7
Lenice,F,7
Leonette,F,7
Levenia,F,7
Livia,F,7
Lodie,F,7
Lorretta,F,7
Louanna,F,7
Louvina,F,7
Lowell,F,7
Luba,F,7
Lucendia,F,7
Lucil,F,7
Lucillie,F,7
Lucindy,F,7
Ludella,F,7
Lurlean,F,7
Luther,F,7
Lutie,F,7
Lydie,F,7
Mada,F,7
Madeliene,F,7
Mai,F,7
Maie,F,7
Maizie,F,7
Marceil,F,7
Marcille,F,7
Margareta,F,7
Margia,F,7
Margorie,F,7
Mari,F,7
Marvell,F,7
Marybell,F,7
Matilde,F,7
Maurene,F,7
Mayre,F,7
Melina,F,7
Merdis,F,7
Merlyn,F,7
Mickie,F,7
Minda,F,7
Mira,F,7
Mirian,F,7
Modesta,F,7
Mollye,F,7
Montine,F,7
Mora,F,7
Moselle,F,7
Myla,F,7
Nance,F,7
Nanette,F,7
Narcissus,F,7
Nattie,F,7
Nealy,F,7
Necie,F,7
Neomia,F,7
Netha,F,7
Nicy,F,7
Niva,F,7
Noella,F,7
Norberta,F,7
Oakley,F,7
Okie,F,7
Oneal,F,7
Ophie,F,7
Orelia,F,7
Orena,F,7
Orilla,F,7
Orrie,F,7
Orvella,F,7
Oscar,F,7
Osia,F,7
Othel,F,7
Oveda,F,7
Oza,F,7
Palmer,F,7
Parilee,F,7
Pelagia,F,7
Perle,F,7
Pocahontas,F,7
Precious,F,7
Princess,F,7
Quincy,F,7
Rada,F,7
Radie,F,7
Rannie,F,7
Reeva,F,7
Reita,F,7
Reona,F,7
Reyes,F,7
Ricarda,F,7
Rolande,F,7
Ronalda,F,7
Rosabell,F,7
Rosaura,F,7
Rosemond,F,7
Rozell,F,7
Rubena,F,7
Ruble,F,7
Sadako,F,7
Saddie,F,7
Saima,F,7
Salina,F,7
Sunny,F,7
Temple,F,7
Teodora,F,7
Teofila,F,7
Teruko,F,7
Tess,F,7
Thena,F,7
Therma,F,7
Travis,F,7
Trella,F,7
Trini,F,7
Twyla,F,7
Tyne,F,7
Tyyne,F,7
Udell,F,7
Valeda,F,7
Valena,F,7
Valma,F,7
Van,F,7
Vanilla,F,7
Vanita,F,7
Vee,F,7
Verdia,F,7
Vergia,F,7
Verlon,F,7
Verneda,F,7
Verniece,F,7
Vianna,F,7
Vincentia,F,7
Vinetta,F,7
Viona,F,7
Vione,F,7
Virda,F,7
Walburga,F,7
Wauneta,F,7
Wenona,F,7
Wilmoth,F,7
Wynelle,F,7
Yaeko,F,7
Yula,F,7
Zana,F,7
Zenaida,F,7
Zenia,F,7
Zoa,F,7
Adelma,F,6
Adria,F,6
Agapita,F,6
Agnita,F,6
Aina,F,6
Albirda,F,6
Albirta,F,6
Aldina,F,6
Aldonia,F,6
Alfretta,F,6
Alie,F,6
Allee,F,6
Alleta,F,6
Almedia,F,6
Almina,F,6
Almyra,F,6
Amma,F,6
Aneita,F,6
Anie,F,6
Anniebell,F,6
Arah,F,6
Ardeth,F,6
Areatha,F,6
Arleta,F,6
Armenia,F,6
Arminta,F,6
Artha,F,6
Arthella,F,6
Ary,F,6
Arzella,F,6
Attie,F,6
Avanell,F,6
Belma,F,6
Ben,F,6
Berdine,F,6
Berline,F,6
Berma,F,6
Bernadean,F,6
Berthe,F,6
Bertine,F,6
Beverley,F,6
Birdella,F,6
Blasa,F,6
Bluma,F,6
Bobbe,F,6
Brigida,F,6
Bruce,F,6
Buela,F,6
Buford,F,6
Calista,F,6
Camelia,F,6
Carie,F,6
Carita,F,6
Carlee,F,6
Carmine,F,6
Carnelia,F,6
Chaney,F,6
Cherie,F,6
China,F,6
Christa,F,6
Christen,F,6
Claretta,F,6
Clois,F,6
Clotee,F,6
Clytee,F,6
Colene,F,6
Conchetta,F,6
Corena,F,6
Corona,F,6
Cosette,F,6
Cozette,F,6
Cuma,F,6
Curlie,F,6
Dalia,F,6
Datha,F,6
Decie,F,6
Deetta,F,6
Dela,F,6
Delle,F,6
Domitila,F,6
Donis,F,6
Donnabelle,F,6
Doreatha,F,6
Dorethea,F,6
Doria,F,6
Dorie,F,6
Dorothey,F,6
Dorothye,F,6
Dorthey,F,6
Dotty,F,6
Dula,F,6
Earle,F,6
Edithe,F,6
Edmee,F,6
Eithel,F,6
Elcie,F,6
Eldred,F,6
Electra,F,6
Elfa,F,6
Ellanor,F,6
Ellena,F,6
Ellenora,F,6
Eller,F,6
Elmire,F,6
Elnore,F,6
Elon,F,6
Eltha,F,6
Elvenia,F,6
Elverta,F,6
Elvi,F,6
Elyse,F,6
Emil,F,6
Emile,F,6
Emmalee,F,6
Emmalou,F,6
Enice,F,6
Epifania,F,6
Equilla,F,6
Erdine,F,6
Eria,F,6
Ermelinda,F,6
Ernestyne,F,6
Estelene,F,6
Estine,F,6
Etheleen,F,6
Etoile,F,6
Eulene,F,6
Eureka,F,6
Eustolia,F,6
Evergreen,F,6
Eythel,F,6
Felicie,F,6
Felma,F,6
Fermina,F,6
Floreen,F,6
Floreine,F,6
Florena,F,6
Florian,F,6
Floride,F,6
Florina,F,6
Foye,F,6
Freada,F,6
Fredda,F,6
Fredia,F,6
Fredrica,F,6
Frida,F,6
Gae,F,6
Geneive,F,6
Geneve,F,6
Genie,F,6
Genieve,F,6
Genowefa,F,6
Georgana,F,6
Gerald,F,6
Geraldene,F,6
Gilbert,F,6
Glady,F,6
Gladyes,F,6
Gray,F,6
Guila,F,6
Gurtha,F,6
Gwendoline,F,6
Haley,F,6
Harryette,F,6
Henri,F,6
Hildagarde,F,6
Hisako,F,6
Hixie,F,6
Hugh,F,6
Idonia,F,6
Ilona,F,6
Impi,F,6
Ineze,F,6
Inice,F,6
Ivadell,F,6
Izell,F,6
Izella,F,6
Jadwiga,F,6
Janetta,F,6
Janith,F,6
Jannett,F,6
Jannette,F,6
Jemima,F,6
Jerome,F,6
Jestine,F,6
Jocie,F,6
Joetta,F,6
Jose,F,6
Josphine,F,6
Judie,F,6
Julian,F,6
Junia,F,6
Kansas,F,6
Katharina,F,6
Keturah,F,6
Lanore,F,6
Lara,F,6
Laree,F,6
Laurence,F,6
Lavere,F,6
Lavergne,F,6
Leida,F,6
Leland,F,6
Leotha,F,6
Lether,F,6
Levia,F,6
Lilith,F,6
Lillan,F,6
Lilliam,F,6
Litha,F,6
Lizette,F,6
Loa,F,6
Lonia,F,6
Lorane,F,6
Lottye,F,6
Loula,F,6
Lousie,F,6
Louvinia,F,6
Lova,F,6
Lovetta,F,6
Lu,F,6
Lucella,F,6
Luciana,F,6
Luddie,F,6
Ludell,F,6
Ludia,F,6
Luretta,F,6
Lurine,F,6
Mackie,F,6
Maclovia,F,6
Madella,F,6
Magaline,F,6
Magaret,F,6
Majel,F,6
Maribelle,F,6
Marieta,F,6
Mariette,F,6
Marna,F,6
Marveline,F,6
Mata,F,6
Matie,F,6
Maura,F,6
Maysie,F,6
Mell,F,6
Mercides,F,6
Merie,F,6
Merrill,F,6
Michaeline,F,6
Mida,F,6
Mineola,F,6
Monte,F,6
Monteen,F,6
Morene,F,6
Murry,F,6
Nadean,F,6
Nadyne,F,6
Nannette,F,6
Nelia,F,6
Nema,F,6
Netty,F,6
Nicolasa,F,6
Nieves,F,6
Nixola,F,6
Nolie,F,6
Norris,F,6
Norvell,F,6
Novia,F,6
Octa,F,6
Oddie,F,6
Oleane,F,6
Olia,F,6
Oneda,F,6
Opel,F,6
Oris,F,6
Ovella,F,6
Ozzie,F,6
Pankie,F,6
Patsie,F,6
Paulyne,F,6
Pearlean,F,6
Pearlena,F,6
Peg,F,6
Percy,F,6
Perlie,F,6
Plina,F,6
Ramoncita,F,6
Regis,F,6
Renie,F,6
Rennie,F,6
Rilda,F,6
Romilda,F,6
Rona,F,6
Rosamae,F,6
Rosanne,F,6
Roselia,F,6
Rovena,F,6
Rudy,F,6
Rufus,F,6
Ruperta,F,6
Ruthella,F,6
Sada,F,6
Salena,F,6
Sammy,F,6
Sammye,F,6
Sebastiana,F,6
Sherry,F,6
Sibbie,F,6
Silva,F,6
Simon,F,6
Smithie,F,6
Statia,F,6
Stephen,F,6
Sterling,F,6
Sueko,F,6
Susann,F,6
Suzie,F,6
Tennessee,F,6
Theadora,F,6
Thelmer,F,6
Theodore,F,6
Tiney,F,6
Tomie,F,6
Trannie,F,6
Trilby,F,6
Twilla,F,6
Vadna,F,6
Val,F,6
Vanda,F,6
Vangie,F,6
Vashtie,F,6
Vauda,F,6
Velmer,F,6
Velora,F,6
Venetta,F,6
Veora,F,6
Verdis,F,6
Verline,F,6
Vermelle,F,6
Vernette,F,6
Veronia,F,6
Vertice,F,6
Vickie,F,6
Victor,F,6
Vivia,F,6
Vora,F,6
Walterine,F,6
Wanna,F,6
Wavie,F,6
Wilberta,F,6
Willy,F,6
Wilson,F,6
Wincie,F,6
Winfred,F,6
Wyoma,F,6
Ysabel,F,6
Zelphia,F,6
Zenna,F,6
Zoma,F,6
Zuma,F,6
Zylpha,F,6
Adalyn,F,5
Adam,F,5
Adlee,F,5
Adlene,F,5
Adra,F,5
Adriana,F,5
Adrianna,F,5
Affie,F,5
Agda,F,5
Albertia,F,5
Aldena,F,5
Aldia,F,5
Alejandra,F,5
Alexander,F,5
Alfrieda,F,5
Allice,F,5
Allien,F,5
Allyce,F,5
Alto,F,5
Alveda,F,5
Alvern,F,5
Alvine,F,5
Alzena,F,5
Amelie,F,5
Amilia,F,5
Anamae,F,5
Aneta,F,5
Anise,F,5
Annia,F,5
Antonietta,F,5
Antoniette,F,5
Ardalia,F,5
Argentina,F,5
Arguster,F,5
Aria,F,5
Arnie,F,5
Arvie,F,5
Arwilda,F,5
Athalee,F,5
Athlyn,F,5
Audella,F,5
Aurilla,F,5
Ave,F,5
Avy,F,5
Ayano,F,5
Ayleen,F,5
Azalia,F,5
Azena,F,5
Azile,F,5
Azlee,F,5
Balbina,F,5
Barbarita,F,5
Bela,F,5
Benedicta,F,5
Beola,F,5
Bernarda,F,5
Berneita,F,5
Bessye,F,5
Betha,F,5
Bethene,F,5
Biddie,F,5
Blondena,F,5
Bob,F,5
Bridie,F,5
Burdette,F,5
Burlie,F,5
Burnett,F,5
Byrnece,F,5
Carline,F,5
Carlos,F,5
Caro,F,5
Carrol,F,5
Cassandra,F,5
Catherin,F,5
Catheryne,F,5
Cathryne,F,5
Cattie,F,5
Cella,F,5
Chanie,F,5
Charmaine,F,5
Chieko,F,5
Christabel,F,5
Christal,F,5
Christel,F,5
Christy,F,5
Chrystelle,F,5
Clarabel,F,5
Clarie,F,5
Claryce,F,5
Claudene,F,5
Clayton,F,5
Cledith,F,5
Cleoda,F,5
Cleon,F,5
Clesta,F,5
Clova,F,5
Cola,F,5
Coleta,F,5
Commie,F,5
Corinna,F,5
Cula,F,5
Dan,F,5
Dara,F,5
Davie,F,5
Dea,F,5
Dealva,F,5
Delcia,F,5
Dellia,F,5
Delva,F,5
Demetra,F,5
Deon,F,5
Derna,F,5
Deva,F,5
Dezzie,F,5
Dicy,F,5
Dimples,F,5
Dionicia,F,5
Don,F,5
Donelda,F,5
Doratha,F,5
Doreather,F,5
Dorena,F,5
Dorinda,F,5
Dorotea,F,5
Dorothia,F,5
Dorothie,F,5
Dorothymae,F,5
Dosha,F,5
Dosia,F,5
Dovey,F,5
Doyne,F,5
Dwight,F,5
Earie,F,5
Earleen,F,5
Edgar,F,5
Editha,F,5
Elayne,F,5
Elbertha,F,5
Eldena,F,5
Elender,F,5
Elese,F,5
Elinora,F,5
Elizebath,F,5
Ellanora,F,5
Elloise,F,5
Elona,F,5
Eloyce,F,5
Elsia,F,5
Elthea,F,5
Elvis,F,5
Emelie,F,5
Emelyn,F,5
Encarnacion,F,5
Enda,F,5
Ercelle,F,5
Erlean,F,5
Esme,F,5
Estalene,F,5
Estellar,F,5
Estellene,F,5
Estes,F,5
Estoria,F,5
Ethna,F,5
Euda,F,5
Evadna,F,5
Evah,F,5
Evelene,F,5
Everline,F,5
Evon,F,5
Evvie,F,5
Evy,F,5
Fairie,F,5
Fernande,F,5
Ferris,F,5
Floe,F,5
Flois,F,5
Florabel,F,5
Florabell,F,5
Flordia,F,5
Florean,F,5
Florette,F,5
Florita,F,5
Fonda,F,5
Fontella,F,5
Francena,F,5
Fransisca,F,5
Fritzie,F,5
Fronnie,F,5
Fusako,F,5
Gabriel,F,5
Gabriella,F,5
Gartha,F,5
Gaye,F,5
Gelena,F,5
Genell,F,5
Generosa,F,5
Genetta,F,5
Gennett,F,5
Genova,F,5
Gerard,F,5
Gerene,F,5
Gerturde,F,5
Gilma,F,5
Ginevra,F,5
Ginger,F,5
Gisella,F,5
Gladie,F,5
Gladyse,F,5
Glendola,F,5
Glorene,F,5
Goldine,F,5
Griselda,F,5
Guy,F,5
Hannie,F,5
Harue,F,5
Harvey,F,5
Hennie,F,5
Henreitta,F,5
Henretter,F,5
Henrie,F,5
Hermie,F,5
Honoria,F,5
Hopie,F,5
Hortence,F,5
Hula,F,5
Huldia,F,5
Idalee,F,5
Idora,F,5
Ileene,F,5
Inola,F,5
Iolanda,F,5
Ionia,F,5
Isadore,F,5
Ita,F,5
Jacklyn,F,5
Jeannett,F,5
Jennett,F,5
Jerusha,F,5
Jessiemae,F,5
Jill,F,5
Joesphine,F,5
Juel,F,5
Juliann,F,5
Julieta,F,5
Karin,F,5
Karlene,F,5
Karolyn,F,5
Kathlene,F,5
Kellie,F,5
Kikue,F,5
La,F,5
Ladean,F,5
Lalia,F,5
Lamar,F,5
Lanita,F,5
Larena,F,5
Laretta,F,5
Latha,F,5
Laurabelle,F,5
Lauramae,F,5
Laurina,F,5
Laurinda,F,5
Laveda,F,5
Lavell,F,5
Lavella,F,5
Lavetta,F,5
Leandra,F,5
Ledora,F,5
Leetta,F,5
Lemmie,F,5
Lemon,F,5
Lenetta,F,5
Leonida,F,5
Leontina,F,5
Leotta,F,5
Leveta,F,5
Levie,F,5
Libera,F,5
Lilliemae,F,5
Lima,F,5
Linna,F,5
Lizabeth,F,5
Loella,F,5
Loris,F,5
Lorrain,F,5
Lotta,F,5
Loucille,F,5
Loudell,F,5
Louida,F,5
Louisiana,F,5
Lovada,F,5
Loveda,F,5
Loveta,F,5
Lovia,F,5
Lovisa,F,5
Loy,F,5
Luana,F,5
Lucelia,F,5
Lucill,F,5
Lucine,F,5
Lucyle,F,5
Ludmila,F,5
Ludwina,F,5
Ludy,F,5
Lumina,F,5
Lummie,F,5
Lurie,F,5
Lurleen,F,5
Luvena,F,5
Macil,F,5
Madalin,F,5
Madell,F,5
Maeola,F,5
Magdalyn,F,5
Magdelene,F,5
Magdeline,F,5
Maire,F,5
Malcolm,F,5
Manette,F,5
Mar,F,5
Maragret,F,5
Maravene,F,5
Marcell,F,5
Marcie,F,5
Marcile,F,5
Margaretmary,F,5
Margert,F,5
Margit,F,5
Margree,F,5
Margrete,F,5
Margrethe,F,5
Margurette,F,5
Marguriete,F,5
Marijane,F,5
Martena,F,5
Marva,F,5
Marvene,F,5
Maryfrances,F,5
Marzella,F,5
Matha,F,5
Mathel,F,5
Maudell,F,5
Maudy,F,5
Maybel,F,5
Merl,F,5
Merlene,F,5
Merriam,F,5
Meryle,F,5
Mintie,F,5
Miranda,F,5
Mirl,F,5
Mitchell,F,5
Miyoko,F,5
Modean,F,5
Modelle,F,5
Moira,F,5
Morine,F,5
Motie,F,5
Murray,F,5
Murriel,F,5
Musette,F,5
Myriam,F,5
Myron,F,5
Myrtha,F,5
Nancie,F,5
Nancye,F,5
Nanna,F,5
Narcissa,F,5
Natsuko,F,5
Nela,F,5
Nelson,F,5
Nelwyn,F,5
Neomi,F,5
Nestora,F,5
Nillie,F,5
Noble,F,5
Noel,F,5
Nolia,F,5
Nondas,F,5
Norena,F,5
Nunziata,F,5
Obie,F,5
Occie,F,5
Oceola,F,5
Olamae,F,5
Oleita,F,5
Oleva,F,5
Oline,F,5
Olivene,F,5
Olivine,F,5
Olwen,F,5
Onia,F,5
Orah,F,5
Orda,F,5
Orella,F,5
Oreta,F,5
Oria,F,5
Orie,F,5
Orine,F,5
Orvetta,F,5
Otta,F,5
Ovie,F,5
Page,F,5
Pairlee,F,5
Pamelia,F,5
Parrie,F,5
Patti,F,5
Pecolia,F,5
Pernella,F,5
Petrona,F,5
Petronilla,F,5
Pheobe,F,5
Philena,F,5
Pina,F,5
Pricilla,F,5
Quinnie,F,5
Rebie,F,5
Refugio,F,5
Reginia,F,5
Reka,F,5
Reo,F,5
Reyna,F,5
Rhetta,F,5
Rhodie,F,5
Robie,F,5
Robina,F,5
Roselind,F,5
Roselma,F,5
Rosette,F,5
Rosezell,F,5
Ross,F,5
Rosy,F,5
Roxanne,F,5
Rozalia,F,5
Rozetta,F,5
Rubylee,F,5
Ruel,F,5
Sallye,F,5
Saloma,F,5
Salvatrice,F,5
Samuel,F,5
Saphronia,F,5
Sarina,F,5
Scott,F,5
Sedalia,F,5
Seferina,F,5
Sella,F,5
Seraphine,F,5
Shelby,F,5
Shigeko,F,5
Signora,F,5
Sofie,F,5
Solange,F,5
Stefanie,F,5
Stell,F,5
Stellar,F,5
Stephie,F,5
Suda,F,5
Suzy,F,5
Sybilla,F,5
Tera,F,5
Teressa,F,5
Texas,F,5
Thecla,F,5
Thelda,F,5
Thirza,F,5
Thordis,F,5
Tishie,F,5
Tom,F,5
Tony,F,5
Toye,F,5
Toyoko,F,5
Tracie,F,5
Trena,F,5
Troy,F,5
True,F,5
Tsuyako,F,5
Twylah,F,5
Uarda,F,5
Vadis,F,5
Vanessa,F,5
Vassie,F,5
Vaughn,F,5
Vava,F,5
Veleta,F,5
Velvia,F,5
Venera,F,5
Venola,F,5
Vercie,F,5
Verina,F,5
Verlee,F,5
Verlin,F,5
Vermell,F,5
Vernis,F,5
Versia,F,5
Verva,F,5
Vineta,F,5
Violar,F,5
Violia,F,5
Vista,F,5
Vivie,F,5
Voda,F,5
Walsie,F,5
Waunetta,F,5
Wealthy,F,5
Wilbur,F,5
Wilcie,F,5
Wilfred,F,5
Willabelle,F,5
Willo,F,5
Wilmina,F,5
Wladyslawa,F,5
Wynell,F,5
Xenia,F,5
Yasuko,F,5
Yukie,F,5
Yukiko,F,5
Zenith,F,5
Zillah,F,5
Zina,F,5
Zura,F,5
John,M,29329
William,M,23538
James,M,20832
Robert,M,15684
Joseph,M,14471
George,M,13874
Charles,M,13190
Edward,M,9474
Frank,M,9237
Thomas,M,7096
Walter,M,6890
Henry,M,6391
Harold,M,6157
Paul,M,5966
Harry,M,5458
Albert,M,5449
Arthur,M,5422
Raymond,M,5310
Richard,M,5107
Louis,M,4258
Clarence,M,4046
Ralph,M,3963
Carl,M,3935
Willie,M,3760
Donald,M,3703
Howard,M,3663
Fred,M,3624
Jack,M,3538
David,M,3282
Francis,M,3205
Earl,M,3110
Roy,M,3090
Kenneth,M,3065
Ernest,M,2940
Lawrence,M,2853
Samuel,M,2850
Joe,M,2806
Anthony,M,2781
Herbert,M,2723
Michael,M,2607
Stanley,M,2595
Alfred,M,2577
Eugene,M,2525
Woodrow,M,2333
Elmer,M,2323
Leonard,M,2276
Andrew,M,2222
Leo,M,2031
Frederick,M,1996
Russell,M,1946
Peter,M,1934
Bernard,M,1916
Herman,M,1905
Daniel,M,1878
Edwin,M,1825
Chester,M,1765
Norman,M,1748
Floyd,M,1740
Lester,M,1736
Theodore,M,1650
Melvin,M,1642
Charlie,M,1618
Leroy,M,1582
Clyde,M,1537
Sam,M,1527
Vincent,M,1527
Lloyd,M,1521
Clifford,M,1520
Philip,M,1484
Benjamin,M,1466
Milton,M,1419
Lewis,M,1384
Ray,M,1328
Cecil,M,1276
Martin,M,1259
Oscar,M,1249
Marvin,M,1236
Lee,M,1228
Jesse,M,1214
Victor,M,1177
Leon,M,1160
Alvin,M,1144
Vernon,M,1143
Gerald,M,1142
Glenn,M,1122
Stephen,M,1097
Edgar,M,1087
Claude,M,1076
Morris,M,1073
Sidney,M,1073
Wilbur,M,1044
Arnold,M,1032
Harvey,M,1028
Gordon,M,1017
Maurice,M,994
Homer,M,987
Everett,M,948
Alexander,M,937
Willard,M,926
Allen,M,903
Max,M,897
Eddie,M,878
Gilbert,M,868
Irving,M,862
Leslie,M,838
Julius,M,835
Virgil,M,819
Ben,M,809
Warren,M,798
Nicholas,M,796
Marion,M,771
Hubert,M,765
Wayne,M,760
Jessie,M,758
Hugh,M,754
Luther,M,747
Jacob,M,744
Johnnie,M,717
Curtis,M,676
Orville,M,676
Steve,M,661
Wilson,M,659
Horace,M,657
Oliver,M,644
Manuel,M,624
Wallace,M,621
Nathan,M,615
Roland,M,611
Glen,M,606
Alex,M,604
Edmund,M,599
Franklin,M,593
Wesley,M,585
Archie,M,583
Tom,M,573
Willis,M,573
Guy,M,566
Roger,M,565
Rudolph,M,565
Otis,M,557
Jerome,M,554
Abraham,M,551
Emil,M,551
Earnest,M,521
Mike,M,520
Otto,M,509
Tony,M,508
Patrick,M,502
Clifton,M,497
Jerry,M,493
Matthew,M,491
Ira,M,479
Angelo,M,478
Jim,M,473
Dale,M,472
Bill,M,466
Sylvester,M,464
Jimmie,M,452
Bennie,M,446
Calvin,M,440
Jose,M,432
Salvatore,M,431
Douglas,M,428
Marshall,M,426
Irvin,M,422
Aaron,M,417
Ronald,M,417
Elbert,M,416
Rufus,M,410
Wilbert,M,405
August,M,401
Isaac,M,398
Forrest,M,395
Ellis,M,391
Bruce,M,390
Don,M,388
Karl,M,387
Clinton,M,386
Adolph,M,385
Wilfred,M,384
Clayton,M,381
Dan,M,374
Alton,M,372
Delbert,M,369
Phillip,M,369
Felix,M,362
Julian,M,360
Nelson,M,357
Percy,M,356
Grady,M,354
Lonnie,M,351
Adam,M,349
Jay,M,349
Mark,M,349
Ervin,M,347
Lyle,M,342
Bert,M,340
Emmett,M,340
Pete,M,340
Leland,M,338
Nathaniel,M,337
Merle,M,331
Johnie,M,326
Dominick,M,325
Dennis,M,324
Elwood,M,322
Lowell,M,322
Ivan,M,316
Laurence,M,314
Amos,M,312
Nick,M,310
Antonio,M,309
Byron,M,303
Roscoe,M,301
Ross,M,300
Owen,M,293
Reuben,M,293
Mack,M,292
Grover,M,288
Malcolm,M,288
Sherman,M,284
Hyman,M,280
Perry,M,280
Will,M,280
Charley,M,278
Cornelius,M,277
Myron,M,276
Erwin,M,275
Murray,M,268
Carroll,M,264
Johnny,M,263
Austin,M,258
Dominic,M,258
Aubrey,M,255
Dave,M,249
Millard,M,249
Gene,M,248
Jasper,M,248
Ted,M,247
Eldon,M,243
Juan,M,243
Rex,M,243
Wendell,M,243
Fredrick,M,241
Roosevelt,M,241
Ed,M,238
Simon,M,238
Loyd,M,235
Allan,M,230
Jake,M,227
Ollie,M,225
Tommie,M,225
Dean,M,224
Emanuel,M,224
Loren,M,223
Preston,M,218
Sol,M,218
Troy,M,218
Anton,M,216
Solomon,M,215
Keith,M,212
Larry,M,212
Louie,M,210
Monroe,M,210
Moses,M,208
Burton,M,207
Kermit,M,207
Dwight,M,206
Harley,M,204
Norbert,M,204
Abe,M,202
Gerard,M,201
Edmond,M,200
Isadore,M,200
Carlton,M,198
Gus,M,198
Alphonse,M,197
Boyd,M,197
Elmo,M,197
Harrison,M,197
Wilmer,M,197
Mitchell,M,196
Russel,M,196
Earle,M,194
Clement,M,193
Garland,M,193
Lynn,M,192
Clair,M,191
Clark,M,191
Grant,M,186
Barney,M,185
Morton,M,185
Alonzo,M,184
Neil,M,184
Bruno,M,180
Jess,M,180
Reginald,M,180
Wade,M,179
Steven,M,177
Forest,M,176
Cleveland,M,173
Cyril,M,172
Dewey,M,172
Marcus,M,172
Emery,M,171
Maynard,M,169
Alva,M,167
Eli,M,167
Freddie,M,167
Joel,M,167
Meyer,M,167
Mario,M,166
Orval,M,165
Bob,M,164
Rocco,M,164
Claud,M,162
Carlos,M,160
Thurman,M,160
Timothy,M,160
Conrad,M,159
Alan,M,158
Christopher,M,157
Seymour,M,157
Stuart,M,157
Alfonso,M,156
Wiley,M,156
Adrian,M,155
Buster,M,155
Elton,M,154
Ruben,M,154
Booker,M,151
Emory,M,151
Andy,M,150
Ward,M,150
Elijah,M,149
Stewart,M,149
Ned,M,148
Randolph,M,148
Saul,M,148
Armand,M,146
Truman,M,146
Cleo,M,145
Jesus,M,145
Sydney,M,145
Jeff,M,143
Neal,M,143
Ramon,M,142
Noah,M,141
Harlan,M,140
Mathew,M,140
Doyle,M,139
Hollis,M,138
Ellsworth,M,137
Herschel,M,137
Levi,M,137
Pasquale,M,137
Buford,M,136
Merrill,M,136
Francisco,M,134
Frederic,M,134
Roman,M,134
Sterling,M,132
Hiram,M,131
Odell,M,131
Rodney,M,131
Weldon,M,130
Elvin,M,129
Lionel,M,129
Patsy,M,129
Milford,M,128
Noel,M,128
Ferdinand,M,127
Pedro,M,127
Dallas,M,126
Mary,M,126
Silas,M,126
Irwin,M,125
Carmen,M,124
Spencer,M,124
Wilford,M,123
Ambrose,M,122
Benny,M,122
Foster,M,122
Vito,M,122
Maxwell,M,121
Vern,M,121
Basil,M,120
Harris,M,120
Tommy,M,120
Laverne,M,119
Miles,M,119
Norris,M,119
Aloysius,M,118
Elias,M,117
Hugo,M,117
Augustus,M,116
Darrell,M,116
Israel,M,116
Scott,M,116
Waldo,M,116
Wilburn,M,116
Isidore,M,115
Luke,M,115
Emerson,M,114
Gabriel,M,114
Carmine,M,113
Shirley,M,113
Milo,M,112
Billy,M,111
Delmar,M,111
Elliott,M,111
Omer,M,110
Eric,M,109
Travis,M,109
Odis,M,108
Olin,M,108
Vance,M,108
Jackson,M,107
Sanford,M,107
Freeman,M,106
Morgan,M,106
Olen,M,106
Columbus,M,103
Dudley,M,103
Newton,M,103
Thaddeus,M,103
Al,M,101
Jean,M,100
Ulysses,M,99
Major,M,98
Micheal,M,98
Randall,M,97
Riley,M,97
Mervin,M,96
Winfred,M,96
Bertram,M,95
Casimir,M,95
Coy,M,95
Emile,M,95
Gustave,M,95
Wilton,M,95
Dick,M,94
Jimmy,M,94
Lorenzo,M,94
Alden,M,93
Noble,M,93
Rubin,M,93
Evan,M,92
Jefferson,M,92
Winston,M,92
Christian,M,91
Linwood,M,91
Lyman,M,91
Mose,M,91
Royal,M,91
Anderson,M,90
Lucius,M,90
Nolan,M,90
Pat,M,90
Bud,M,89
Clay,M,89
Burl,M,86
Cyrus,M,86
Sammie,M,86
Gregory,M,85
Harmon,M,85
Hershel,M,85
Jules,M,85
Mason,M,85
Merlin,M,85
Palmer,M,85
Ezra,M,84
Ora,M,84
Verne,M,84
Billie,M,83
Cletus,M,83
Fay,M,83
Fletcher,M,83
Houston,M,83
Luis,M,83
Winfield,M,83
Van,M,82
Chris,M,81
Hal,M,81
Valentine,M,81
Dewitt,M,80
Duane,M,79
Hoyt,M,79
Jeremiah,M,79
Marlin,M,79
Oren,M,79
Joshua,M,78
Lamar,M,78
Lucien,M,78
Otha,M,78
Sigmund,M,78
Theron,M,78
Augustine,M,76
Orlando,M,76
Porter,M,76
Walker,M,76
Coleman,M,75
Darwin,M,74
Denver,M,74
Napoleon,M,74
Roderick,M,74
Phil,M,73
Taylor,M,73
Hans,M,72
Junius,M,71
Rolland,M,71
Wilber,M,71
Garfield,M,70
Guadalupe,M,70
Gustav,M,70
Haywood,M,70
Pearl,M,70
Raleigh,M,70
Terry,M,69
Antone,M,68
Dock,M,68
Raphael,M,68
Abner,M,67
Enoch,M,67
Guido,M,67
Haskell,M,67
Junior,M,67
Lavern,M,67
Reed,M,67
Vaughn,M,67
Avery,M,66
Delmer,M,66
Jewell,M,66
Rudy,M,66
Rupert,M,66
Seth,M,66
Merritt,M,65
Otho,M,65
Blaine,M,64
Edd,M,64
Elmore,M,64
Isaiah,M,64
Judson,M,64
Oswald,M,64
Arlie,M,63
Florian,M,63
Kelly,M,63
Lincoln,M,63
Sebastian,M,63
Eldred,M,62
Theo,M,62
Dalton,M,61
Domenic,M,61
Elwin,M,61
Gail,M,61
Harland,M,61
Miguel,M,61
Rosario,M,61
Warner,M,61
Emilio,M,60
Justin,M,60
Lacy,M,60
Matt,M,60
Bennett,M,59
Carlo,M,59
Emmet,M,59
Frances,M,59
Gale,M,59
Gaylord,M,59
Lucian,M,59
Newell,M,59
Sheldon,M,59
Alvis,M,58
Asa,M,58
King,M,58
Oran,M,58
Romeo,M,58
Stanford,M,58
Buck,M,57
Casper,M,57
Dee,M,57
Elzie,M,57
Lemuel,M,57
Lenard,M,57
Mortimer,M,57
Albin,M,56
Emmitt,M,56
Isiah,M,56
Joesph,M,56
Merton,M,56
Webster,M,56
Alfredo,M,55
Alphonso,M,55
Connie,M,55
Nickolas,M,55
Salvador,M,55
Alois,M,54
Armando,M,54
Davis,M,54
Eldridge,M,54
Everette,M,54
Ignatius,M,54
Orrin,M,54
Arther,M,53
Dana,M,53
Graham,M,53
Jonathan,M,53
Ottis,M,53
Raul,M,53
Walton,M,53
Abram,M,52
Granville,M,52
Omar,M,52
Parker,M,52
Benedict,M,51
Bernice,M,51
Brooks,M,51
Buddy,M,51
Clem,M,51
Elroy,M,51
Ford,M,51
Hector,M,51
Helen,M,51
Ike,M,51
Jonas,M,51
Rafael,M,51
Reynold,M,51
Sherwood,M,51
Casimer,M,50
Clare,M,50
Dorsey,M,50
Early,M,50
Jewel,M,50
Prince,M,50
Ruby,M,50
Tomas,M,50
Arden,M,49
Arvid,M,49
Ernie,M,49
Ludwig,M,49
Abel,M,48
Carrol,M,48
Hilton,M,48
Hobert,M,48
Jennings,M,48
Lawson,M,48
Sylvan,M,48
Aldo,M,47
Americo,M,47
Boyce,M,47
Brady,M,47
Carson,M,47
Duncan,M,47
Edison,M,47
Elwyn,M,47
Lois,M,47
Orin,M,47
Alvie,M,46
Beverly,M,46
Elden,M,46
Gaetano,M,46
Julio,M,46
Madison,M,46
Miller,M,46
Olaf,M,46
Rogers,M,46
Andres,M,45
Bryan,M,45
Clarance,M,45
Durward,M,45
Elisha,M,45
Erling,M,45
Giles,M,45
Hardy,M,45
Kendall,M,45
Loyal,M,45
Mckinley,M,45
Raymon,M,45
Thurston,M,45
Wm,M,45
Arturo,M,44
Casey,M,44
Cedric,M,44
Fritz,M,44
Jason,M,44
Lorin,M,44
Marcel,M,44
Oral,M,44
Rosevelt,M,44
Royce,M,44
Sandy,M,44
Silvio,M,44
Tracy,M,44
Urban,M,44
Verner,M,44
Bernie,M,43
Clemens,M,43
Constantine,M,43
Dexter,M,43
Dorothy,M,43
Howell,M,43
Leander,M,43
Meredith,M,43
Rollin,M,43
Santiago,M,43
Stanton,M,43
Thornton,M,43
Vernie,M,43
Vivian,M,43
Watson,M,43
Adelbert,M,42
Bonnie,M,42
Bradley,M,42
Chauncey,M,42
Crawford,M,42
Dayton,M,42
Domenick,M,42
Lindsey,M,42
Obie,M,42
Alford,M,41
Berry,M,41
Carleton,M,41
Chas,M,41
Estel,M,41
Galen,M,41
Hamilton,M,41
Ivory,M,41
Jordan,M,41
Lafayette,M,41
Lon,M,41
Lucious,M,41
Ocie,M,41
Reinhold,M,41
Alberto,M,40
Clovis,M,40
Evert,M,40
Franklyn,M,40
Gary,M,40
Henderson,M,40
Leopold,M,40
Mahlon,M,40
Malvin,M,40
Milburn,M,40
Smith,M,40
Archibald,M,39
Audrey,M,39
Bryant,M,39
Carey,M,39
Eino,M,39
General,M,39
Golden,M,39
Hayden,M,39
Nels,M,39
Nunzio,M,39
Odie,M,39
Richmond,M,39
Rowland,M,39
Toivo,M,39
Allie,M,38
Angus,M,38
Benton,M,38
Bradford,M,38
Foy,M,38
Gerhard,M,38
Hazel,M,38
Hermon,M,38
Hobart,M,38
Ignacio,M,38
Judge,M,38
Logan,M,38
Loy,M,38
Margaret,M,38
Merl,M,38
Santo,M,38
Shelby,M,38
Verl,M,38
Alec,M,37
Alma,M,37
Bertrand,M,37
Carter,M,37
Claudie,M,37
Craig,M,37
Elliot,M,37
Josh,M,37
Marie,M,37
Melville,M,37
Teddy,M,37
Tim,M,37
Burt,M,36
Claire,M,36
Clint,M,36
Francesco,M,36
Hunter,M,36
Mitchel,M,36
Nat,M,36
Norval,M,36
Oakley,M,36
Orvil,M,36
Pierce,M,36
Price,M,36
Rene,M,36
Shelton,M,36
Turner,M,36
Worth,M,36
Zack,M,36
Arvel,M,35
Einar,M,35
Ezekiel,M,35
Felipe,M,35
Garnett,M,35
Gregorio,M,35
Hilbert,M,35
Kent,M,35
Lambert,M,35
Pablo,M,35
Woodroe,M,35
Wyatt,M,35
Aron,M,34
Carlyle,M,34
Carol,M,34
Dante,M,34
Ellwood,M,34
Elza,M,34
Ernesto,M,34
Lonzo,M,34
Mac,M,34
Milan,M,34
Myer,M,34
Talmadge,M,34
Vincenzo,M,34
Wayland,M,34
Werner,M,34
Winford,M,34
Wylie,M,34
Addison,M,33
Arno,M,33
Barton,M,33
Caesar,M,33
Danny,M,33
Domingo,M,33
Evans,M,33
Gaston,M,33
Hosea,M,33
Mathias,M,33
Melton,M,33
Moe,M,33
Norton,M,33
Olan,M,33
Regis,M,33
Ruth,M,33
Theadore,M,33
Vester,M,33
Welton,M,33
Whitney,M,33
Ansel,M,32
Armond,M,32
Aurelio,M,32
Carmelo,M,32
Darrel,M,32
Fredric,M,32
Gardner,M,32
Garold,M,32
Garrett,M,32
Green,M,32
Johnson,M,32
Nicolas,M,32
Norwood,M,32
Oris,M,32
Ransom,M,32
Rollie,M,32
Allison,M,31
Alvah,M,31
Anna,M,31
Artis,M,31
Ashley,M,31
Blair,M,31
Cleon,M,31
Collins,M,31
Dillard,M,31
Donnie,M,31
Ennis,M,31
Enrique,M,31
Felton,M,31
Ferris,M,31
Finley,M,31
Garnet,M,31
Godfrey,M,31
Jonnie,M,31
Linus,M,31
Mildred,M,31
Myles,M,31
Reino,M,31
Roberto,M,31
Rodolfo,M,31
Verlin,M,31
Vicente,M,31
Adolphus,M,30
Angel,M,30
Arlo,M,30
Arne,M,30
Cleve,M,30
Cloyd,M,30
Ezell,M,30
Fernando,M,30
Gennaro,M,30
Hampton,M,30
Hayward,M,30
Kirby,M,30
Llewellyn,M,30
Rodger,M,30
Sumner,M,30
Vergil,M,30
Woodie,M,30
Bartholomew,M,29
Benjiman,M,29
Burley,M,29
Elvis,M,29
Ernst,M,29
Ewell,M,29
Finis,M,29
Hezekiah,M,29
Jethro,M,29
Jodie,M,29
Jones,M,29
Marcellus,M,29
Murry,M,29
Rexford,M,29
Thad,M,29
Thelma,M,29
Attilio,M,28
Burnell,M,28
Cary,M,28
Cosmo,M,28
Dell,M,28
Domenico,M,28
Donovan,M,28
Earlie,M,28
Ewald,M,28
Gifford,M,28
Hillard,M,28
Lauren,M,28
Lorenz,M,28
Luigi,M,28
Masao,M,28
Murphy,M,28
Raoul,M,28
Rayford,M,28
Spurgeon,M,28
West,M,28
Baxter,M,27
Bernardo,M,27
Burdette,M,27
Elgin,M,27
Ethel,M,27
Huey,M,27
Hymen,M,27
Ivy,M,27
June,M,27
Lindsay,M,27
Lucas,M,27
Manley,M,27
Maxie,M,27
Orland,M,27
Orvel,M,27
Quentin,M,27
Reese,M,27
Stephan,M,27
Waldemar,M,27
Alcide,M,26
Art,M,26
Artie,M,26
Bernhard,M,26
Christ,M,26
Donato,M,26
Doris,M,26
Egbert,M,26
Ephraim,M,26
Helmer,M,26
Huston,M,26
Joaquin,M,26
Kurt,M,26
Louise,M,26
Luciano,M,26
Melbourne,M,26
Merwin,M,26
Murl,M,26
Ole,M,26
Reid,M,26
Reno,M,26
Toney,M,26
Virgle,M,26
Washington,M,26
Waymon,M,26
Winton,M,26
Almon,M,25
Alpha,M,25
Annie,M,25
Arch,M,25
Arnie,M,25
Arvil,M,25
Beryl,M,25
Emmit,M,25
Enos,M,25
Eston,M,25
Florence,M,25
Glover,M,25
Hayes,M,25
Heber,M,25
Hilliard,M,25
Ivey,M,25
Kyle,M,25
Lawerence,M,25
Layton,M,25
Loran,M,25
Mariano,M,25
Newman,M,25
Orlo,M,25
Orson,M,25
Osborne,M,25
Rolf,M,25
Sid,M,25
Wellington,M,25
Alice,M,24
Arlin,M,24
Bailey,M,24
Caleb,M,24
Cornell,M,24
Denton,M,24
Elizabeth,M,24
Ewing,M,24
Farrell,M,24
Frankie,M,24
Fulton,M,24
Garth,M,24
Glynn,M,24
Guss,M,24
Hudson,M,24
Hurley,M,24
Lynwood,M,24
Reece,M,24
Roswell,M,24
Rueben,M,24
Ruel,M,24
Tillman,M,24
Val,M,24
Vernal,M,24
Vilas,M,24
Weston,M,24
Alfonse,M,23
Alonza,M,23
Buel,M,23
Carmel,M,23
Courtney,M,23
Doc,M,23
Edson,M,23
Eduardo,M,23
Farris,M,23
Gilberto,M,23
Gussie,M,23
Hallie,M,23
Hilary,M,23
Hosey,M,23
Irven,M,23
Ishmael,M,23
Johny,M,23
Kirk,M,23
Niles,M,23
Park,M,23
Powell,M,23
Quincy,M,23
Rush,M,23
Saverio,M,23
Selmer,M,23
Wayman,M,23
Adolf,M,22
Arley,M,22
Audie,M,22
Augusta,M,22
Bart,M,22
Bishop,M,22
Delos,M,22
Dorris,M,22
Douglass,M,22
Enrico,M,22
Essie,M,22
Geo,M,22
Gerhardt,M,22
Gerrit,M,22
Jerald,M,22
Joy,M,22
Junious,M,22
Justus,M,22
Kelley,M,22
Laurel,M,22
Leamon,M,22
Len,M,22
Lesley,M,22
Monte,M,22
Opal,M,22
Paris,M,22
Pascal,M,22
Rayfield,M,22
Sampson,M,22
Stacy,M,22
Stafford,M,22
Taft,M,22
Takeo,M,22
Vinson,M,22
Wardell,M,22
Wilfrid,M,22
Yoshio,M,22
Arlington,M,21
Armin,M,21
Axel,M,21
Bobbie,M,21
Burgess,M,21
Chalmer,M,21
Cicero,M,21
Cullen,M,21
Curley,M,21
Denis,M,21
Drew,M,21
Eligah,M,21
Gayle,M,21
Gorden,M,21
Grace,M,21
Gunnar,M,21
Harlow,M,21
Harvard,M,21
Henery,M,21
Landon,M,21
Levy,M,21
Lillian,M,21
Lovell,M,21
Malachi,M,21
Malcom,M,21
Marco,M,21
Mearl,M,21
Pierre,M,21
Rosco,M,21
Rosendo,M,21
Rudolf,M,21
Talmage,M,21
Thelbert,M,21
Williams,M,21
Alf,M,20
Berton,M,20
Blease,M,20
Bryce,M,20
Burrell,M,20
Butler,M,20
Damon,M,20
Furman,M,20
Gasper,M,20
Glendon,M,20
Hilmer,M,20
Jamie,M,20
Jarvis,M,20
Kay,M,20
Kazuo,M,20
Lemon,M,20
Lige,M,20
Mannie,M,20
Marcelino,M,20
Mervyn,M,20
Mickey,M,20
Murrel,M,20
Myrl,M,20
Refugio,M,20
Reynolds,M,20
Sammy,M,20
Tyrus,M,20
Ballard,M,19
Barnett,M,19
Buell,M,19
Burnett,M,19
Cole,M,19
Dawson,M,19
Dorman,M,19
Duke,M,19
Estill,M,19
Evelyn,M,19
Fenton,M,19
Garner,M,19
Garvin,M,19
Gideon,M,19
Gladys,M,19
Glenwood,M,19
Graydon,M,19
Hiroshi,M,19
Josiah,M,19
Jule,M,19
Laurie,M,19
Leeroy,M,19
Metro,M,19
Orris,M,19
Prentice,M,19
Rolla,M,19
Romie,M,19
Sigurd,M,19
Sim,M,19
Veryl,M,19
Vinton,M,19
Willam,M,19
Acie,M,18
Adolfo,M,18
Adrien,M,18
Aloys,M,18
Andre,M,18
Antoine,M,18
Author,M,18
Buddie,M,18
Burnice,M,18
Chalmers,M,18
Collie,M,18
Colon,M,18
Colonel,M,18
Conley,M,18
Curtiss,M,18
Delmas,M,18
Denzil,M,18
Elbridge,M,18
Erle,M,18
Fermin,M,18
Gilmer,M,18
Guilford,M,18
Irby,M,18
Jonah,M,18
Josef,M,18
Lenwood,M,18
Lew,M,18
Lino,M,18
Lupe,M,18
Marshal,M,18
Masato,M,18
Merril,M,18
Nello,M,18
Nestor,M,18
Normand,M,18
Okey,M,18
Orie,M,18
Ossie,M,18
Ozie,M,18
Simeon,M,18
Stanislaus,M,18
Terrence,M,18
Tomie,M,18
Vernard,M,18
Wilhelm,M,18
Williard,M,18
Winifred,M,18
Woodson,M,18
Wright,M,18
Zachary,M,18
Zeb,M,18
Alger,M,17
Amado,M,17
Ardell,M,17
Belton,M,17
Bertil,M,17
Bethel,M,17
Boleslaus,M,17
Brown,M,17
Cal,M,17
Clarke,M,17
Clemon,M,17
Colin,M,17
Corwin,M,17
Delton,M,17
Dempsey,M,17
Desmond,M,17
Eben,M,17
Elie,M,17
Elsworth,M,17
Ely,M,17
Ferman,M,17
Geno,M,17
Geoffrey,M,17
Gerold,M,17
Hall,M,17
Harlen,M,17
Harlon,M,17
Henri,M,17
Horatio,M,17
Hoyle,M,17
Isidor,M,17
Isreal,M,17
Lawyer,M,17
Leigh,M,17
Leighton,M,17
Lennie,M,17
Leonardo,M,17
Lou,M,17
Macon,M,17
Manford,M,17
Marian,M,17
Mayo,M,17
Merlyn,M,17
Michel,M,17
Minor,M,17
Nevin,M,17
Osie,M,17
Porfirio,M,17
Rayburn,M,17
Ricardo,M,17
Rose,M,17
Salvadore,M,17
Tobe,M,17
Unknown,M,17
Wheeler,M,17
Algie,M,16
Amedeo,M,16
Arnett,M,16
Aubry,M,16
Auther,M,16
Authur,M,16
Bedford,M,16
Benjaman,M,16
Blake,M,16
Brice,M,16
Carlie,M,16
Cliff,M,16
Colie,M,16
Cornelious,M,16
Cruz,M,16
Dillon,M,16
Eliot,M,16
Elsie,M,16
Eunice,M,16
Eusebio,M,16
Fabian,M,16
Felice,M,16
Fiore,M,16
Frazier,M,16
Gilman,M,16
Giovanni,M,16
Guillermo,M,16
Gurney,M,16
Gust,M,16
Hammond,M,16
Harper,M,16
Harrell,M,16
Herald,M,16
Hermann,M,16
Hervey,M,16
Hester,M,16
Hideo,M,16
Holly,M,16
Horton,M,16
Issac,M,16
Julious,M,16
Lawton,M,16
Lewie,M,16
Martha,M,16
Murrell,M,16
Perley,M,16
Quinton,M,16
Reinhardt,M,16
Sanders,M,16
Shannon,M,16
Stonewall,M,16
Toshio,M,16
Virginia,M,16
Wash,M,16
Agustin,M,15
Albion,M,15
Alvan,M,15
Anson,M,15
Ardis,M,15
Arvin,M,15
Ashton,M,15
Atwood,M,15
Augustin,M,15
Bascom,M,15
Bee,M,15
Benson,M,15
Berlin,M,15
Budd,M,15
Camillo,M,15
Carman,M,15
Carmon,M,15
Claudius,M,15
Clell,M,15
Coley,M,15
Dolph,M,15
Dolphus,M,15
Edna,M,15
Erich,M,15
Erman,M,15
Erskine,M,15
Ferrell,M,15
Garry,M,15
Gay,M,15
Geronimo,M,15
Gibson,M,15
Gottlieb,M,15
Grafton,M,15
Grayson,M,15
Gustaf,M,15
Halbert,M,15
Hansel,M,15
Harvie,M,15
Harvy,M,15
Hershell,M,15
Hulon,M,15
Isham,M,15
Ismael,M,15
Isom,M,15
Iver,M,15
Jeffery,M,15
Juluis,M,15
Laddie,M,15
Leno,M,15
Lorenza,M,15
Loring,M,15
Lucille,M,15
Lyndon,M,15
Mae,M,15
Magnus,M,15
Margarito,M,15
Nicola,M,15
Nolen,M,15
Norvel,M,15
Norvin,M,15
Orlin,M,15
Orman,M,15
Orvis,M,15
Roby,M,15
Terrell,M,15
Theophilus,M,15
Tilman,M,15
Titus,M,15
Toy,M,15
Trinidad,M,15
Vince,M,15
Volney,M,15
Von,M,15
Webb,M,15
Wilma,M,15
Yale,M,15
Alejandro,M,14
Arlis,M,14
Arville,M,14
Arvo,M,14
Barry,M,14
Bayard,M,14
Benedetto,M,14
Bernhardt,M,14
Bertha,M,14
Bessie,M,14
Bobby,M,14
Brian,M,14
Burke,M,14
Burney,M,14
Champ,M,14
Charlton,M,14
Clide,M,14
Clive,M,14
Conway,M,14
Davie,M,14
Denny,M,14
Deward,M,14
Doran,M,14
Elgie,M,14
Ellison,M,14
Eloy,M,14
Elva,M,14
Emmanuel,M,14
Fremont,M,14
Gino,M,14
Griffin,M,14
Heyward,M,14
Hughes,M,14
Inez,M,14
Kendrick,M,14
Larkin,M,14
Limmie,M,14
Linden,M,14
Linn,M,14
Manson,M,14
Marlowe,M,14
Merwyn,M,14
Minoru,M,14
Nate,M,14
Norvell,M,14
Oneal,M,14
Orion,M,14
Parley,M,14
Peyton,M,14
Primo,M,14
Reynaldo,M,14
Seward,M,14
Therman,M,14
Velma,M,14
Woodford,M,14
Woody,M,14
Adell,M,13
Almond,M,13
Amadeo,M,13
Amerigo,M,13
Armon,M,13
Astor,M,13
Barnie,M,13
Beatrice,M,13
Berkley,M,13
Blas,M,13
Burns,M,13
Camille,M,13
Candido,M,13
Cleatus,M,13
Cletis,M,13
Conard,M,13
Denzel,M,13
Donal,M,13
Donn,M,13
Durwood,M,13
Edmon,M,13
Elder,M,13
Ellie,M,13
Elma,M,13
Elvie,M,13
Epifanio,M,13
Esau,M,13
Estell,M,13
Estes,M,13
Ethan,M,13
Eugenio,M,13
Faye,M,13
Fidel,M,13
Gerardo,M,13
Gertrude,M,13
Giuseppe,M,13
Glyn,M,13
Hardie,M,13
Harrold,M,13
Haskel,M,13
Hollie,M,13
Hyrum,M,13
Ivery,M,13
Jeffrey,M,13
Josephine,M,13
Josephus,M,13
Julia,M,13
Kalman,M,13
Kennith,M,13
Lamont,M,13
Lance,M,13
Lane,M,13
Laurance,M,13
Leif,M,13
Leonidas,M,13
Lilburn,M,13
Linton,M,13
Lucio,M,13
Manning,M,13
Marcos,M,13
Marty,M,13
Michele,M,13
Myrle,M,13
Nils,M,13
Olie,M,13
Orren,M,13
Ovila,M,13
Ralston,M,13
Rollo,M,13
Rutherford,M,13
Salvator,M,13
Shellie,M,13
Shelly,M,13
Sheridan,M,13
Soloman,M,13
Tadashi,M,13
Thurlow,M,13
Tyler,M,13
Wilmot,M,13
Winslow,M,13
Winthrop,M,13
Zigmond,M,13
Zigmund,M,13
Addie,M,12
Agnes,M,12
Alfonzo,M,12
Allyn,M,12
Almer,M,12
Alwin,M,12
Anastacio,M,12
Ashby,M,12
Autry,M,12
Barnard,M,12
Benito,M,12
Benjamine,M,12
Boleslaw,M,12
Carlisle,M,12
Carmello,M,12
Cash,M,12
Catarino,M,12
Catherine,M,12
Constant,M,12
Cooper,M,12
Cordell,M,12
Curt,M,12
Deforest,M,12
Delma,M,12
Drexel,M,12
Eldor,M,12
Elex,M,12
Encarnacion,M,12
Erick,M,12
Ester,M,12
Estle,M,12
Eva,M,12
Fate,M,12
Florencio,M,12
Franz,M,12
Frederich,M,12
French,M,12
Gilford,M,12
Gomer,M,12
Gustavo,M,12
Hartwell,M,12
Herold,M,12
Hilding,M,12
Hoke,M,12
Hughie,M,12
Humphrey,M,12
Hurshel,M,12
Irene,M,12
Ivar,M,12
Ivo,M,12
Jacques,M,12
Joeseph,M,12
Kline,M,12
Lauro,M,12
Loney,M,12
Lonie,M,12
Loyce,M,12
Lum,M,12
Lysle,M,12
Manfred,M,12
Marino,M,12
Marlow,M,12
Matias,M,12
Mattie,M,12
Melburn,M,12
Morrison,M,12
Neill,M,12
Odus,M,12
Ola,M,12
Onie,M,12
Ormond,M,12
Othel,M,12
Ovid,M,12
Pasco,M,12
Pietro,M,12
Pinkney,M,12
Pleasant,M,12
Reuel,M,12
Sal,M,12
Samie,M,12
Samual,M,12
Santos,M,12
Shelley,M,12
Simuel,M,12
Sinclair,M,12
Son,M,12
Sulo,M,12
Temple,M,12
Theodor,M,12
Verle,M,12
Virgel,M,12
Waino,M,12
Wells,M,12
Wendel,M,12
Willian,M,12
Wilmar,M,12
Adelard,M,11
Adolphe,M,11
Albertus,M,11
Alfons,M,11
Alfonza,M,11
Amiel,M,11
Amon,M,11
Arland,M,11
Avis,M,11
Babe,M,11
Bartley,M,11
Beauford,M,11
Biagio,M,11
Broadus,M,11
Bronislaw,M,11
Buren,M,11
Burr,M,11
Cassius,M,11
Cecilio,M,11
Celestine,M,11
Chesley,M,11
Claiborne,M,11
Clayborn,M,11
Cline,M,11
Cloyce,M,11
Courtland,M,11
Creed,M,11
Creighton,M,11
Dannie,M,11
Darold,M,11
Dayle,M,11
Dennie,M,11
Derwood,M,11
Doss,M,11
Dow,M,11
Eliga,M,11
Elige,M,11
Elihu,M,11
Ella,M,11
Emitt,M,11
Emma,M,11
Esteban,M,11
Ettore,M,11
Euclid,M,11
Fern,M,11
Fleming,M,11
Fuller,M,11
Gaines,M,11
Gaither,M,11
Giacomo,M,11
Gorge,M,11
Gradie,M,11
Hamp,M,11
Hanson,M,11
Hardin,M,11
Harlie,M,11
Hazen,M,11
Hebert,M,11
Helmuth,M,11
Hilmar,M,11
Holger,M,11
Hubbard,M,11
Isamu,M,11
Iven,M,11
Jan,M,11
Johney,M,11
Jon,M,11
Joyce,M,11
Kelsey,M,11
Kenton,M,11
Knute,M,11
Langston,M,11
Lea,M,11
Leandro,M,11
Lem,M,11
Lemmie,M,11
Leonel,M,11
Leopoldo,M,11
Les,M,11
Lillard,M,11
Linford,M,11
Livingston,M,11
Loris,M,11
Luster,M,11
Luverne,M,11
Manny,M,11
Marquis,M,11
Masaji,M,11
Maury,M,11
May,M,11
Melford,M,11
Melvyn,M,11
Menno,M,11
Mills,M,11
Noboru,M,11
Odes,M,11
Ogden,M,11
Orange,M,11
Orton,M,11
Ovie,M,11
Pascual,M,11
Payton,M,11
Percival,M,11
Prentiss,M,11
Ramond,M,11
Robie,M,11
Robin,M,11
Robt,M,11
Roe,M,11
Rube,M,11
Sabino,M,11
Samson,M,11
Solon,M,11
Takashi,M,11
Teodoro,M,11
Thedore,M,11
Theophil,M,11
Thurmon,M,11
Toby,M,11
Todd,M,11
Tolbert,M,11
Valentin,M,11
Vladimir,M,11
Waverly,M,11
Welby,M,11
Young,M,11
Zeno,M,11
Zygmunt,M,11
Albino,M,10
Aleck,M,10
Algernon,M,10
Alphons,M,10
Ammon,M,10
Ananias,M,10
Ancil,M,10
Anne,M,10
Antony,M,10
Atlas,M,10
Aubra,M,10
Baldwin,M,10
Bertie,M,10
Boris,M,10
Brodie,M,10
Bronislaus,M,10
Burnie,M,10
Caldwell,M,10
Calvert,M,10
Cameron,M,10
Carrie,M,10
Caryl,M,10
Casmer,M,10
Ceasar,M,10
Charls,M,10
Christy,M,10
Claron,M,10
Collis,M,10
Comer,M,10
Corbett,M,10
Dario,M,10
Deane,M,10
Delfino,M,10
Demetrio,M,10
Dino,M,10
Donnell,M,10
Dozier,M,10
Earnie,M,10
Eliseo,M,10
Elven,M,10
Errol,M,10
Esther,M,10
Euel,M,10
Euell,M,10
Eustace,M,10
Everet,M,10
Federico,M,10
Fernand,M,10
Floy,M,10
Forney,M,10
Fredie,M,10
Garret,M,10
Gentry,M,10
German,M,10
Gilmore,M,10
Hadley,M,10
Halsey,M,10
Harl,M,10
Harlin,M,10
Harman,M,10
Hartford,M,10
Hartley,M,10
Haven,M,10
Hilario,M,10
Hillary,M,10
Hillis,M,10
Holman,M,10
Hosie,M,10
Hoy,M,10
Ignatz,M,10
Isac,M,10
Jame,M,10
Jeffie,M,10
Jettie,M,10
Juel,M,10
Julien,M,10
Katherine,M,10
Kelsie,M,10
Ken,M,10
Knox,M,10
Lacey,M,10
Ladislaus,M,10
Larue,M,10
Leona,M,10
Levie,M,10
Lex,M,10
Lindell,M,10
Little,M,10
Lula,M,10
Lumir,M,10
Maceo,M,10
Macy,M,10
Marc,M,10
Marius,M,10
Masami,M,10
Mat,M,10
Matteo,M,10
Moody,M,10
Muriel,M,10
Natale,M,10
Octavio,M,10
Oley,M,10
Onnie,M,10
Orbie,M,10
Orvin,M,10
Ova,M,10
Parke,M,10
Paschal,M,10
Pauline,M,10
Pink,M,10
Rainey,M,10
Raynold,M,10
Reeves,M,10
Reyes,M,10
Rinaldo,M,10
Rivers,M,10
Robbie,M,10
Roma,M,10
Rossie,M,10
Royden,M,10
Sarah,M,10
Seferino,M,10
Seldon,M,10
Sewell,M,10
Simmie,M,10
Simpson,M,10
Squire,M,10
Sylvanus,M,10
Sylvio,M,10
Terence,M,10
Truett,M,10
Tyree,M,10
Ulyses,M,10
Umberto,M,10
Verlon,M,10
Vernice,M,10
Viola,M,10
Westley,M,10
Whit,M,10
Wyman,M,10
Zoltan,M,10
Achille,M,9
Afton,M,9
Agustus,M,9
Aime,M,9
Alba,M,9
Aldon,M,9
Alwyn,M,9
Amelio,M,9
Archer,M,9
Arlan,M,9
Arnel,M,9
Atlee,M,9
Auston,M,9
Banks,M,9
Barclay,M,9
Barnet,M,9
Benard,M,9
Bernerd,M,9
Byrd,M,9
Campbell,M,9
Carney,M,9
Ceaser,M,9
Cephus,M,9
Chandler,M,9
Clara,M,9
Claudio,M,9
Clemence,M,9
Clemente,M,9
Cleophus,M,9
Clester,M,9
Cody,M,9
Colman,M,9
Corbin,M,9
Corliss,M,9
Darius,M,9
Del,M,9
Diego,M,9
Dixie,M,9
Dora,M,9
Dwain,M,9
Eddy,M,9
Edith,M,9
Ellard,M,9
Ellery,M,9
Ermon,M,9
Evertt,M,9
Faustino,M,9
Fayette,M,9
Fortunato,M,9
Freeland,M,9
Gabe,M,9
Georgia,M,9
Gerhart,M,9
Geroge,M,9
Guthrie,M,9
Hannibal,M,9
Harm,M,9
Hart,M,9
Hays,M,9
Heath,M,9
Herchel,M,9
Herschell,M,9
Hildred,M,9
Hill,M,9
Holland,M,9
Hope,M,9
Hughey,M,9
Isador,M,9
Jackie,M,9
Jarrell,M,9
Jens,M,9
Jerrold,M,9
Jessee,M,9
Jo,M,9
Justice,M,9
Kevin,M,9
Kingsley,M,9
Landrum,M,9
Lazaro,M,9
Lazarus,M,9
Legrande,M,9
Lehman,M,9
Lemar,M,9
Lenord,M,9
Lenton,M,9
Lindley,M,9
Lofton,M,9
Lorraine,M,9
Lowry,M,9
Mansel,M,9
Manual,M,9
Maria,M,9
Marjorie,M,9
Marvel,M,9
Mateo,M,9
Matthias,M,9
Mcdonald,M,9
Merrell,M,9
Montgomery,M,9
Mordecai,M,9
Nash,M,9
Newt,M,9
Nile,M,9
Norville,M,9
Oather,M,9
Odin,M,9
Olden,M,9
Orlan,M,9
Ottie,M,9
Parnell,M,9
Patricio,M,9
Rae,M,9
Ramiro,M,9
Ras,M,9
Red,M,9
Reinhard,M,9
Remo,M,9
Roberts,M,9
Romain,M,9
Sally,M,9
Sebastiano,M,9
Shigeo,M,9
Sigmond,M,9
Silverio,M,9
Silvester,M,9
Stacey,M,9
Stefan,M,9
Stella,M,9
Sullivan,M,9
Sylvia,M,9
Tauno,M,9
Thermon,M,9
Thor,M,9
Thos,M,9
Tilford,M,9
Tullio,M,9
Tyson,M,9
Ules,M,9
Uriah,M,9
Vernell,M,9
Virgie,M,9
Waller,M,9
Weaver,M,9
Wendall,M,9
Wilho,M,9
Winfrey,M,9
Ysidro,M,9
Ace,M,8
Adron,M,8
Akira,M,8
Alpheus,M,8
Alphonsus,M,8
Alvia,M,8
Ancel,M,8
Andrea,M,8
Apolonio,M,8
Aristide,M,8
Armstead,M,8
Aurel,M,8
Barrett,M,8
Beecher,M,8
Benjamen,M,8
Berman,M,8
Bilbo,M,8
Blanchard,M,8
Boone,M,8
Boston,M,8
Braxton,M,8
Brendan,M,8
Bunyan,M,8
Burnis,M,8
Burtis,M,8
Buryl,M,8
Carnell,M,8
Carrington,M,8
Celestino,M,8
Chancey,M,8
Christie,M,8
Christo,M,8
Clarnce,M,8
Clemmie,M,8
Clenton,M,8
Collin,M,8
Cosimo,M,8
Council,M,8
Cristobal,M,8
Cuthbert,M,8
Damian,M,8
Darl,M,8
Delmont,M,8
Dixon,M,8
Dorse,M,8
Effie,M,8
Elick,M,8
Eligha,M,8
Eligio,M,8
Elzy,M,8
Emmette,M,8
English,M,8
Erie,M,8
Erving,M,8
Esco,M,8
Esmond,M,8
Estil,M,8
Estus,M,8
Eulalio,M,8
Evaristo,M,8
Ferd,M,8
Fidencio,M,8
Florentino,M,8
Fread,M,8
Garrison,M,8
Genie,M,8
Gerson,M,8
Geza,M,8
Gill,M,8
Gillis,M,8
Glennis,M,8
Goldie,M,8
Gottfried,M,8
Guiseppe,M,8
Hale,M,8
Hamlet,M,8
Hersey,M,8
Hiawatha,M,8
Hinton,M,8
Hipolito,M,8
Ignazio,M,8
Italo,M,8
Johannes,M,8
Johnney,M,8
Katsumi,M,8
Lauri,M,8
Lavelle,M,8
Lavon,M,8
Lawrance,M,8
Leeman,M,8
Leonce,M,8
Less,M,8
Lewellyn,M,8
Lillie,M,8
Loomis,M,8
Lora,M,8
Lorence,M,8
Loyed,M,8
Loys,M,8
Lucile,M,8
Lucy,M,8
Luman,M,8
Mabel,M,8
Manly,M,8
Mathews,M,8
Mathis,M,8
Mccoy,M,8
Medford,M,8
Merrel,M,8
Merrick,M,8
Milfred,M,8
Minnie,M,8
Mirl,M,8
Modesto,M,8
Monty,M,8
Moran,M,8
Morey,M,8
Morse,M,8
Murel,M,8
Myrtle,M,8
Narciso,M,8
Nell,M,8
Neville,M,8
Nino,M,8
Nora,M,8
Onis,M,8
Orel,M,8
Orley,M,8
Orrie,M,8
Orvill,M,8
Oval,M,8
Ozell,M,8
Ozzie,M,8
Page,M,8
Parks,M,8
Pleas,M,8
Rance,M,8
Rankin,M,8
Reeder,M,8
Reggie,M,8
Reo,M,8
Rock,M,8
Rosalio,M,8
Rosie,M,8
Ruffus,M,8
Seibert,M,8
Serafino,M,8
Shedrick,M,8
Sollie,M,8
Solly,M,8
Sonny,M,8
Stanislaw,M,8
Stevens,M,8
Steward,M,8
Takeshi,M,8
Talbert,M,8
Tandy,M,8
Terrance,M,8
Thadeus,M,8
Thayer,M,8
Theophile,M,8
Thompson,M,8
Thurmond,M,8
Tilmon,M,8
Tyre,M,8
Uno,M,8
Valentino,M,8
Valmore,M,8
Vasco,M,8
Vearl,M,8
Vera,M,8
Verna,M,8
Waldon,M,8
Wally,M,8
Willmer,M,8
Wilmont,M,8
Wray,M,8
Yancey,M,8
Zebedee,M,8
Zeke,M,8
Zygmund,M,8
Abbie,M,7
Abie,M,7
Algot,M,7
Alison,M,7
Alson,M,7
Alston,M,7
Alto,M,7
Amador,M,7
Amasa,M,7
Ames,M,7
Anders,M,7
Aniello,M,7
Ann,M,7
Anselmo,M,7
Anthoney,M,7
Aram,M,7
Arbie,M,7
Arby,M,7
Arie,M,7
Asher,M,7
Barbara,M,7
Bell,M,7
Belmont,M,7
Belvin,M,7
Berl,M,7
Berthel,M,7
Bertis,M,7
Birch,M,7
Bird,M,7
Boniface,M,7
Brewster,M,7
Bynum,M,7
Candelario,M,7
Cap,M,7
Carlis,M,7
Cephas,M,7
Ciro,M,7
Clearence,M,7
Cleophas,M,7
Cleven,M,7
Clois,M,7
Commodore,M,7
Connor,M,7
Crockett,M,7
Curlee,M,7
Curry,M,7
Dane,M,7
Della,M,7
Doctor,M,7
Donat,M,7
Dossie,M,7
Duilio,M,7
Durand,M,7
Dwayne,M,7
Eastman,M,7
Ebb,M,7
Ebert,M,7
Edwards,M,7
Eilert,M,7
Eldredge,M,7
Eleanor,M,7
Elija,M,7
Eliza,M,7
Elmon,M,7
Elmus,M,7
Elon,M,7
Elston,M,7
Erastus,M,7
Erma,M,7
Ersel,M,7
Erven,M,7
Esequiel,M,7
Eulis,M,7
Evie,M,7
Farrel,M,7
Fillmore,M,7
Finnis,M,7
Firmin,M,7
Gardiner,M,7
Genaro,M,7
Geneva,M,7
Girard,M,7
Gleason,M,7
Glennon,M,7
Gregg,M,7
Gregor,M,7
Grey,M,7
Gustavus,M,7
Hanford,M,7
Hanley,M,7
Hansford,M,7
Harless,M,7
Harrington,M,7
Helmut,M,7
Herb,M,7
Hewitt,M,7
Heywood,M,7
Hillery,M,7
Hillman,M,7
Holmes,M,7
Hulbert,M,7
Humbert,M,7
Ian,M,7
Isidro,M,7
Jane,M,7
Jenkins,M,7
Jhon,M,7
Jolly,M,7
Jorge,M,7
Juanita,M,7
Junie,M,7
Kenny,M,7
Kim,M,7
Kiyoshi,M,7
Ladislav,M,7
Lafe,M,7
Lamon,M,7
Landis,M,7
Laura,M,7
Lawernce,M,7
Le,M,7
Legrand,M,7
Lennart,M,7
Lessie,M,7
Lexie,M,7
Littleton,M,7
Loraine,M,7
Lottie,M,7
Lovett,M,7
Loye,M,7
Ludger,M,7
Ludie,M,7
Mallie,M,7
Man,M,7
Marcell,M,7
Marlyn,M,7
Matthews,M,7
Mauricio,M,7
Meade,M,7
Meliton,M,7
Mell,M,7
Melven,M,7
Melvern,M,7
Mendel,M,7
Merced,M,7
Merrit,M,7
Mieczyslaw,M,7
Milbert,M,7
Minard,M,7
Miner,M,7
Moore,M,7
Mozell,M,7
Murle,M,7
Myers,M,7
Namon,M,7
Nathanial,M,7
Newel,M,7
Niel,M,7
Niels,M,7
Odessa,M,7
Ollis,M,7
Onni,M,7
Orby,M,7
Orien,M,7
Ormand,M,7
Other,M,7
Overton,M,7
Paulo,M,7
Pearlie,M,7
Perl,M,7
Pervis,M,7
Phillips,M,7
Philmore,M,7
Placido,M,7
Prentis,M,7
Prescott,M,7
Pryor,M,7
Quintin,M,7
Quirino,M,7
Ramsey,M,7
Rand,M,7
Renato,M,7
Reubin,M,7
Rob,M,7
Robinson,M,7
Robley,M,7
Rodman,M,7
Rollins,M,7
Rosa,M,7
Rulon,M,7
Russ,M,7
Ryan,M,7
Ryland,M,7
Salomon,M,7
Sandford,M,7
Santino,M,7
Sawyer,M,7
Sebron,M,7
Selden,M,7
Sherrill,M,7
Sherwin,M,7
Shigeru,M,7
Silver,M,7
Stanly,M,7
Sunny,M,7
Sverre,M,7
Teddie,M,7
Tobias,M,7
Udell,M,7
Ulus,M,7
Valdemar,M,7
Veldon,M,7
Veto,M,7
Viggo,M,7
Vollie,M,7
Walfred,M,7
Walther,M,7
Waymond,M,7
Wilbern,M,7
Willford,M,7
Wladyslaw,M,7
Woodruff,M,7
York,M,7
Acel,M,6
Ada,M,6
Addis,M,6
Aden,M,6
Agapito,M,6
Alban,M,6
Aldrich,M,6
Alexis,M,6
Alferd,M,6
Alphonzo,M,6
Alven,M,6
Alvy,M,6
Ambrosio,M,6
Americus,M,6
Ander,M,6
Andreas,M,6
Ara,M,6
Armas,M,6
Armondo,M,6
Arsenio,M,6
Arthor,M,6
Arvis,M,6
Asbury,M,6
Aubery,M,6
Audley,M,6
Audry,M,6
Aulton,M,6
Aurelius,M,6
Avon,M,6
Baron,M,6
Bartolo,M,6
Benigno,M,6
Benno,M,6
Bentley,M,6
Berkeley,M,6
Bernell,M,6
Bernis,M,6
Berthold,M,6
Betty,M,6
Beulah,M,6
Blanton,M,6
Bossie,M,6
Brent,M,6
Bunnie,M,6
Burdell,M,6
Burrel,M,6
Cam,M,6
Capers,M,6
Casmir,M,6
Cato,M,6
Charle,M,6
Clance,M,6
Claudy,M,6
Claus,M,6
Cohen,M,6
Colton,M,6
Colvin,M,6
Constantino,M,6
Corbet,M,6
Cornie,M,6
Corrie,M,6
Cresencio,M,6
Creston,M,6
Curly,M,6
Custer,M,6
Cy,M,6
Danial,M,6
Darby,M,6
Darryl,M,6
Daryl,M,6
Delman,M,6
Delmore,M,6
Delphis,M,6
Deno,M,6
Dionicio,M,6
Dollie,M,6
Donivan,M,6
Dorr,M,6
Doyal,M,6
Duward,M,6
Edie,M,6
Ell,M,6
Elmond,M,6
Elmor,M,6
Elo,M,6
Elson,M,6
Emit,M,6
Ephriam,M,6
Erasmo,M,6
Erhardt,M,6
Erminio,M,6
Erskin,M,6
Ervie,M,6
Estol,M,6
Etienne,M,6
Eual,M,6
Eufracio,M,6
Eulus,M,6
Eura,M,6
Ezel,M,6
Feliciano,M,6
Ferrel,M,6
Fielding,M,6
Firman,M,6
Flavel,M,6
Fleet,M,6
Flint,M,6
Fonzie,M,6
Fount,M,6
Fountain,M,6
Gaillard,M,6
Garald,M,6
Gareld,M,6
Garvice,M,6
Garvis,M,6
Gaspare,M,6
Gennie,M,6
Georgie,M,6
Geraldine,M,6
Glade,M,6
Gordan,M,6
Gordy,M,6
Gorman,M,6
Graves,M,6
Gray,M,6
Greene,M,6
Guerino,M,6
Haig,M,6
Halvor,M,6
Handy,M,6
Happy,M,6
Harald,M,6
Harding,M,6
Harve,M,6
Hatton,M,6
Herve,M,6
Hjalmer,M,6
Hobson,M,6
Huber,M,6
Ignace,M,6
Iris,M,6
Irvine,M,6
Isabel,M,6
Iva,M,6
Jacque,M,6
Jarrett,M,6
Jc,M,6
Jeptha,M,6
Jerold,M,6
Jospeh,M,6
Judd,M,6
Jude,M,6
Julion,M,6
Justo,M,6
Kathryn,M,6
Keller,M,6
Kemper,M,6
Kenith,M,6
Kennard,M,6
Kester,M,6
Konrad,M,6
Laban,M,6
Larence,M,6
Lars,M,6
Lasaro,M,6
Laurent,M,6
Lauris,M,6
Leanord,M,6
Lelan,M,6
Lenn,M,6
Levern,M,6
Levert,M,6
Librado,M,6
Lindon,M,6
Liston,M,6
Lola,M,6
Lonzie,M,6
Lorne,M,6
Lowery,M,6
Lyell,M,6
Mable,M,6
Mabry,M,6
Mace,M,6
Maggie,M,6
Malvern,M,6
Manville,M,6
Marin,M,6
Marinus,M,6
Marland,M,6
Marshell,M,6
Masaru,M,6
Maurie,M,6
Mauro,M,6
Mercer,M,6
Mervil,M,6
Merville,M,6
Milbern,M,6
Millage,M,6
Milledge,M,6
Millerd,M,6
Millie,M,6
Mitsuo,M,6
Moise,M,6
Montford,M,6
Natividad,M,6
Needham,M,6
Nellie,M,6
Nelse,M,6
Nettie,M,6
Nobuo,M,6
Nollie,M,6
Normal,M,6
Obert,M,6
Oda,M,6
Oden,M,6
Oland,M,6
Oneil,M,6
Oniel,M,6
Onofrio,M,6
Oreste,M,6
Orla,M,6
Osborn,M,6
Othmar,M,6
Ovide,M,6
Owens,M,6
Ozro,M,6
Parvin,M,6
Pasqual,M,6
Pelham,M,6
Perfecto,M,6
Pilar,M,6
Plummer,M,6
Policarpio,M,6
Presley,M,6
Pressley,M,6
Quince,M,6
Radford,M,6
Randal,M,6
Randle,M,6
Rastus,M,6
Raymundo,M,6
Reinhart,M,6
Remigio,M,6
Revis,M,6
Rexie,M,6
Rich,M,6
Rocky,M,6
Rolen,M,6
Rollen,M,6
Ronnie,M,6
Rosser,M,6
Roston,M,6
Royle,M,6
Rudie,M,6
Rumsey,M,6
Ruperto,M,6
Rutledge,M,6
Sallie,M,6
Scottie,M,6
Seaborn,M,6
Selig,M,6
Serapio,M,6
Sergio,M,6
Severin,M,6
Severino,M,6
Severo,M,6
Severt,M,6
Seymore,M,6
Sharon,M,6
Shoji,M,6
Sigfred,M,6
Sims,M,6
Smiley,M,6
Sonnie,M,6
Starling,M,6
Stclair,M,6
Stillman,M,6
Talbot,M,6
Tanner,M,6
Telford,M,6
Tennis,M,6
Teofil,M,6
Thedford,M,6
Thelmon,M,6
Thelton,M,6
Tilton,M,6
Tito,M,6
Tully,M,6
Ugo,M,6
Uless,M,6
Ulis,M,6
Ulyess,M,6
Ulys,M,6
Urho,M,6
Vallie,M,6
Vaughan,M,6
Velmer,M,6
Vere,M,6
Vernel,M,6
Vernet,M,6
Wadsworth,M,6
Wallis,M,6
Waring,M,6
Wasil,M,6
Watt,M,6
Weir,M,6
Welford,M,6
Whitfield,M,6
Wilborn,M,6
Wilburt,M,6
Wilferd,M,6
Willaim,M,6
Willett,M,6
Willmar,M,6
Willy,M,6
Wirt,M,6
Woodard,M,6
Woodward,M,6
Worden,M,6
Worley,M,6
Xavier,M,6
Zachariah,M,6
Zaragoza,M,6
Zenon,M,6
Zollie,M,6
Abb,M,5
Abbott,M,5
Abney,M,5
Abron,M,5
Accursio,M,5
Acey,M,5
Adams,M,5
Agee,M,5
Ah,M,5
Alta,M,5
Amando,M,5
Ambros,M,5
Amil,M,5
Amzie,M,5
Ansley,M,5
Anthany,M,5
Antonino,M,5
Ardie,M,5
Argus,M,5
Ariel,M,5
Arlando,M,5
Arleigh,M,5
Arlyn,M,5
Armistead,M,5
Arnet,M,5
Arnulfo,M,5
Arsen,M,5
Artemus,M,5
Arvie,M,5
Arvy,M,5
Arza,M,5
Athol,M,5
Auburn,M,5
Averill,M,5
Baptiste,M,5
Barber,M,5
Barker,M,5
Barnes,M,5
Barron,M,5
Bartow,M,5
Bearl,M,5
Benoit,M,5
Berger,M,5
Bertel,M,5
Beverley,M,5
Birt,M,5
Blain,M,5
Blaise,M,5
Bland,M,5
Bluford,M,5
Boise,M,5
Borden,M,5
Boss,M,5
Bowen,M,5
Brainard,M,5
Brewer,M,5
Bronson,M,5
Brownie,M,5
Bub,M,5
Bueford,M,5
Bunyon,M,5
Burch,M,5
Burwell,M,5
Byrl,M,5
Callie,M,5
Carley,M,5
Carlus,M,5
Carmin,M,5
Carr,M,5
Carrel,M,5
Cass,M,5
Cayetano,M,5
Ceylon,M,5
Chapman,M,5
Chatman,M,5
Chauncy,M,5
Christine,M,5
Cipriano,M,5
Clarice,M,5
Claxton,M,5
Clayburn,M,5
Cleburne,M,5
Clerence,M,5
Cloud,M,5
Coburn,M,5
Coke,M,5
Colbert,M,5
Colen,M,5
Collier,M,5
Colquitt,M,5
Connell,M,5
Constantin,M,5
Corneluis,M,5
Corrado,M,5
Cortland,M,5
Crawley,M,5
Curl,M,5
Currie,M,5
Daisy,M,5
Darnell,M,5
Darvin,M,5
Delford,M,5
Delmus,M,5
Deloss,M,5
Delta,M,5
Delwin,M,5
Demus,M,5
Devere,M,5
Devoe,M,5
Dewain,M,5
Dewayne,M,5
Dionisio,M,5
Donley,M,5
Dorance,M,5
Doroteo,M,5
Dorwin,M,5
Doyl,M,5
Duard,M,5
Dude,M,5
Duffie,M,5
Durell,M,5
Earley,M,5
Earmon,M,5
Edger,M,5
Efton,M,5
Egon,M,5
Elam,M,5
Elba,M,5
Elburn,M,5
Eldo,M,5
Eligh,M,5
Elmar,M,5
Elridge,M,5
Elvan,M,5
Elver,M,5
Elvert,M,5
Elward,M,5
Emanual,M,5
Emerick,M,5
Engelbert,M,5
Ephram,M,5
Erasmus,M,5
Erby,M,5
Erland,M,5
Ervan,M,5
Esker,M,5
Estal,M,5
Estanislado,M,5
Ethridge,M,5
Euclide,M,5
Eulas,M,5
Eulogio,M,5
Eural,M,5
Evart,M,5
Evelio,M,5
Evo,M,5
Evon,M,5
Farley,M,5
Farmer,M,5
Fedele,M,5
Felis,M,5
Fenwick,M,5
Fermon,M,5
Festus,M,5
Filomeno,M,5
Flynn,M,5
Folke,M,5
Fon,M,5
Forbes,M,5
France,M,5
Freemon,M,5
Garcia,M,5
Garlin,M,5
Garlon,M,5
Gaspar,M,5
Gavin,M,5
Gaylon,M,5
Gee,M,5
Genevieve,M,5
Gentle,M,5
Germain,M,5
Glee,M,5
Glenford,M,5
Glennie,M,5
Gonzalo,M,5
Goodwin,M,5
Gunnard,M,5
Guster,M,5
Hajime,M,5
Hamer,M,5
Harden,M,5
Haynes,M,5
Helge,M,5
Hence,M,5
Henning,M,5
Herbie,M,5
Hercules,M,5
Hershal,M,5
Hicks,M,5
Hilda,M,5
Hjalmar,M,5
Hogan,M,5
Holbert,M,5
Holden,M,5
Holley,M,5
Holt,M,5
Hoover,M,5
Hoye,M,5
Hue,M,5
Hurbert,M,5
Hymie,M,5
Ida,M,5
Ines,M,5
Inman,M,5
Ire,M,5
Irvan,M,5
Isaih,M,5
Isidoro,M,5
Iverson,M,5
Ivie,M,5
Ivor,M,5
Jakie,M,5
Jared,M,5
Jed,M,5
Jeronimo,M,5
Jiles,M,5
Jiro,M,5
Jno,M,5
Joachim,M,5
Josie,M,5
Julie,M,5
Karlton,M,5
Katie,M,5
Kemp,M,5
Kenji,M,5
Kerwin,M,5
Kid,M,5
Kimble,M,5
Ladell,M,5
Lalo,M,5
Lander,M,5
Laurier,M,5
Lavell,M,5
Laymon,M,5
Lelon,M,5
Leman,M,5
Lennard,M,5
Lennon,M,5
Lenoard,M,5
Lenzie,M,5
Leverne,M,5
Levon,M,5
Liberato,M,5
Limuel,M,5
Lin,M,5
Linard,M,5
Link,M,5
Linzie,M,5
Linzy,M,5
Lisle,M,5
London,M,5
Lonzy,M,5
Lorain,M,5
Lorrin,M,5
Love,M,5
Lovis,M,5
Lowe,M,5
Lowis,M,5
Lue,M,5
Luellen,M,5
Lunsford,M,5
Lyndal,M,5
Lynford,M,5
Mal,M,5
Mandel,M,5
Mar,M,5
Marcella,M,5
Marcelo,M,5
Marcial,M,5
Marguerite,M,5
Marsh,M,5
Marshel,M,5
Masaaki,M,5
Masaichi,M,5
Masashi,M,5
Maston,M,5
Maxine,M,5
Mel,M,5
Meldon,M,5
Merel,M,5
Michal,M,5
Mikel,M,5
Milam,M,5
Moises,M,5
Mont,M,5
Morry,M,5
Moss,M,5
Napolean,M,5
Neely,M,5
Nehemiah,M,5
Nicanor,M,5
Nieves,M,5
Noland,M,5
Nolton,M,5
Nova,M,5
Numa,M,5
Ode,M,5
Offie,M,5
Ogle,M,5
Oiva,M,5
Okie,M,5
Olander,M,5
Olas,M,5
Oliva,M,5
Olive,M,5
Olney,M,5
Olof,M,5
Oma,M,5
Orazio,M,5
Ordean,M,5
Orian,M,5
Orlie,M,5
Osby,M,5
Othello,M,5
Othor,M,5
Pearley,M,5
Peder,M,5
Pellegrino,M,5
Percell,M,5
Perle,M,5
Perlie,M,5
Philbert,M,5
Philias,M,5
Phill,M,5
Phyllis,M,5
Pincus,M,5
Pius,M,5
Placide,M,5
Ples,M,5
Plez,M,5
President,M,5
Prosper,M,5
Purnell,M,5
Purvis,M,5
Quincey,M,5
Quinten,M,5
Quitman,M,5
Raiford,M,5
Raliegh,M,5
Ramey,M,5
Rassie,M,5
Rawleigh,M,5
Raymer,M,5
Reagan,M,5
Reba,M,5
Rebecca,M,5
Rector,M,5
Redford,M,5
Reeve,M,5
Remer,M,5
Riccardo,M,5
Rita,M,5
Roald,M,5
Rodgers,M,5
Romolo,M,5
Rosaire,M,5
Rual,M,5
Rubie,M,5
Sabatino,M,5
Santa,M,5
Sargent,M,5
Saturnino,M,5
Schuyler,M,5
Seichi,M,5
Sellie,M,5
Selma,M,5
Selwyn,M,5
Shepherd,M,5
Simmons,M,5
Simone,M,5
Spiro,M,5
Square,M,5
Staley,M,5
Stanwood,M,5
Starlin,M,5
Stephens,M,5
Stiles,M,5
Suren,M,5
Tad,M,5
Tadeusz,M,5
Tee,M,5
Tennyson,M,5
Teofilo,M,5
Teruo,M,5
Tex,M,5
Theordore,M,5
Thorval,M,5
Tilden,M,5
Tokio,M,5
Tollie,M,5
Tomy,M,5
Trenton,M,5
Truitt,M,5
Truxton,M,5
Tsutomu,M,5
Tucker,M,5
Tunis,M,5
Ulas,M,5
Ulice,M,5
Ural,M,5
Urbano,M,5
Uri,M,5
Uriel,M,5
Venton,M,5
Verdi,M,5
Verlie,M,5
Vestal,M,5
Vinal,M,5
Viron,M,5
Vivien,M,5
Voyle,M,5
Waco,M,5
Waddell,M,5
Waitman,M,5
Walden,M,5
Wallie,M,5
Welcome,M,5
Wes,M,5
Weymon,M,5
Wilkins,M,5
Wille,M,5
Wilmon,M,5
Wood,M,5
Worthy,M,5
Ygnacio,M,5
Yukio,M,5
Yutaka,M,5
Zach,M,5
Zeddie,M,5
Zenas,M,5
Zenus,M,5
