name,gender,count
Mary,F,14961
Helen,F,6488
Anna,F,5330
Margaret,F,5302
Ruth,F,4900
Elizabeth,F,3833
Marie,F,3595
Florence,F,3572
Mildred,F,3525
Dorothy,F,3477
Ethel,F,3296
Lillian,F,3139
Alice,F,3131
Gladys,F,2976
Edna,F,2762
Frances,F,2657
Annie,F,2631
Rose,F,2631
Grace,F,2513
Bertha,F,2363
Bessie,F,2340
Emma,F,2312
Hazel,F,2301
Clara,F,2281
Gertrude,F,2269
Irene,F,2212
Mabel,F,2172
Louise,F,2136
Martha,F,2019
Pearl,F,2015
Catherine,F,1983
Esther,F,1957
Edith,F,1944
Myrtle,F,1905
Minnie,F,1885
Eva,F,1858
Thelma,F,1757
Ida,F,1751
Elsie,F,1719
Josephine,F,1701
Ruby,F,1701
Agnes,F,1672
Sarah,F,1594
Nellie,F,1560
Beatrice,F,1549
Viola,F,1545
Laura,F,1508
Ella,F,1432
Julia,F,1426
Evelyn,F,1371
Lillie,F,1364
Mattie,F,1362
Lucille,F,1351
Carrie,F,1280
Alma,F,1257
Pauline,F,1243
Lena,F,1228
Mae,F,1214
Virginia,F,1213
Jessie,F,1197
Willie,F,1188
Blanche,F,1142
Katherine,F,1128
Hattie,F,1123
Marion,F,1109
Lucy,F,1086
Mamie,F,1041
Stella,F,1026
Leona,F,998
Cora,F,993
Vera,F,993
Beulah,F,983
Fannie,F,964
Jennie,F,964
Bernice,F,962
Rosa,F,903
Lula,F,894
Ann,F,880
Ada,F,878
Eleanor,F,868
Maggie,F,805
Dora,F,788
Kathryn,F,787
Ellen,F,774
Daisy,F,772
Maude,F,757
Violet,F,755
Doris,F,736
Georgia,F,736
Lois,F,727
Betty,F,707
Sadie,F,703
Nora,F,698
Marguerite,F,684
Susie,F,662
Marjorie,F,639
Anne,F,631
Hilda,F,629
Lola,F,624
Opal,F,621
Velma,F,615
Della,F,607
Emily,F,599
Inez,F,596
Effie,F,578
Olive,F,573
Flora,F,569
Theresa,F,561
May,F,555
Charlotte,F,554
Nettie,F,547
Lydia,F,545
Alberta,F,517
Goldie,F,513
Nancy,F,508
Loretta,F,506
Eunice,F,502
Lottie,F,497
Sylvia,F,497
Katie,F,494
Mable,F,485
Jean,F,483
Sallie,F,483
Genevieve,F,481
Eula,F,480
Vivian,F,470
Rosie,F,468
Estelle,F,464
Essie,F,457
Ollie,F,456
Henrietta,F,449
Harriet,F,448
Lucile,F,433
Addie,F,432
Lela,F,431
Caroline,F,429
Verna,F,429
Iva,F,424
Lizzie,F,420
Ora,F,412
Marian,F,406
Jane,F,395
Madeline,F,393
Maria,F,393
Geneva,F,374
Rebecca,F,371
Kathleen,F,362
Irma,F,360
Sara,F,359
Sophie,F,359
Barbara,F,357
Rachel,F,356
Amelia,F,353
Wilma,F,352
Naomi,F,350
Nina,F,348
Erma,F,345
Estella,F,344
Juanita,F,344
Etta,F,343
Flossie,F,338
Mollie,F,336
Ola,F,335
Alta,F,327
Christine,F,325
Susan,F,324
Victoria,F,320
Olga,F,298
Amanda,F,294
Celia,F,293
Nannie,F,289
Matilda,F,285
Fern,F,281
Norma,F,281
Frieda,F,280
Sally,F,278
Audrey,F,276
Cecelia,F,272
Janie,F,272
Isabel,F,271
Bonnie,F,268
Allie,F,261
Hannah,F,261
Virgie,F,261
Adeline,F,259
Lila,F,259
Freda,F,256
Amy,F,255
Winifred,F,252
Cecilia,F,250
Luella,F,246
Leola,F,244
Elva,F,234
Selma,F,231
Cleo,F,230
Ina,F,230
Sophia,F,230
Jewel,F,229
Miriam,F,227
Nell,F,226
Rena,F,225
Isabelle,F,223
Jeanette,F,221
Geraldine,F,219
Faye,F,214
Muriel,F,214
Kate,F,213
Jeannette,F,212
Roberta,F,211
Josie,F,206
Belle,F,205
Eliza,F,204
Veronica,F,203
Winnie,F,203
Jewell,F,202
Margie,F,199
Regina,F,198
Zelma,F,198
Dollie,F,191
Anita,F,190
Tillie,F,189
Augusta,F,188
Bertie,F,188
Antoinette,F,186
Fay,F,186
Delia,F,184
Carolyn,F,183
Millie,F,181
Phyllis,F,181
Teresa,F,179
Gracie,F,178
Johnnie,F,175
Lessie,F,175
Cecile,F,173
Gussie,F,173
Rosalie,F,173
Callie,F,170
Madge,F,170
Hester,F,169
Dorothea,F,168
Maudie,F,166
Rita,F,166
Adele,F,163
Claire,F,163
Sue,F,163
Angelina,F,161
Mayme,F,161
Elma,F,160
Maud,F,159
Olivia,F,157
Lelia,F,156
Bettie,F,155
Elnora,F,155
Letha,F,155
Roxie,F,153
Angeline,F,151
Birdie,F,151
Lulu,F,151
Leah,F,149
Leila,F,148
Marcella,F,146
Hallie,F,144
Lora,F,144
Ila,F,143
Lorena,F,140
Nola,F,140
Lee,F,139
Cornelia,F,138
Dolores,F,138
Lenora,F,138
Neva,F,138
Shirley,F,138
June,F,133
Lilly,F,133
Lorene,F,133
Cecil,F,130
Dovie,F,129
Janet,F,128
Reba,F,128
Constance,F,127
Corinne,F,127
Lorraine,F,126
Zella,F,126
Dessie,F,125
Johanna,F,125
Angela,F,124
Patricia,F,124
Adelaide,F,123
Annette,F,123
Christina,F,123
Francis,F,122
Ernestine,F,121
Helene,F,121
Eileen,F,120
Eloise,F,120
Myra,F,119
Lou,F,117
Pearlie,F,117
Edythe,F,116
Elvira,F,116
Rhoda,F,116
Wanda,F,116
Eugenia,F,113
Hettie,F,113
Helena,F,112
Oma,F,111
Peggy,F,111
Jeanne,F,109
Katharine,F,109
Ophelia,F,109
Catharine,F,108
Leota,F,108
Yvonne,F,108
Odessa,F,107
Gertie,F,106
Pansy,F,106
Lily,F,105
Rosetta,F,105
Harriett,F,104
Louisa,F,103
Dolly,F,102
Erna,F,102
Linda,F,101
Lucinda,F,101
Mathilda,F,101
Tessie,F,101
Alvina,F,100
Claudia,F,100
Vesta,F,99
Carol,F,98
Clarice,F,98
Wilhelmina,F,98
Alpha,F,97
Corine,F,97
Leone,F,97
Bess,F,96
Lura,F,93
Rosella,F,93
Frankie,F,92
Hulda,F,92
Merle,F,92
Willa,F,91
Blanch,F,90
Iona,F,90
Ione,F,90
Aileen,F,89
Lona,F,89
Isabella,F,88
Era,F,87
Jimmie,F,87
Golda,F,86
Lauretta,F,86
Leta,F,86
Georgie,F,85
Leora,F,85
Linnie,F,85
Nona,F,85
Iris,F,84
Maxine,F,84
Avis,F,83
Floy,F,82
Lenore,F,82
Aline,F,81
Lettie,F,81
Abbie,F,80
Carmen,F,80
Polly,F,80
Priscilla,F,80
Vada,F,80
Verda,F,80
Paula,F,79
Carmela,F,78
Connie,F,78
Jannie,F,77
Louella,F,77
Vida,F,77
Annabelle,F,76
Cassie,F,75
Elsa,F,75
Gwendolyn,F,75
Mina,F,75
Maybelle,F,74
Orpha,F,74
Zula,F,74
Beryl,F,73
Isabell,F,73
Joan,F,73
Mazie,F,73
Mona,F,73
Ona,F,73
Rae,F,73
Molly,F,72
Eddie,F,70
Ivy,F,70
Mittie,F,68
Zelda,F,68
Billie,F,67
Artie,F,66
Bernadine,F,66
Eleanore,F,66
Loraine,F,66
Nelle,F,66
Fanny,F,65
Minerva,F,64
Ocie,F,63
Phoebe,F,63
Lida,F,62
Mercedes,F,62
Meta,F,62
Rubye,F,62
Vina,F,62
Antonia,F,61
Donna,F,61
Evie,F,61
Hortense,F,61
Iola,F,61
Melba,F,61
Arline,F,60
Cynthia,F,60
Wilda,F,60
Arlene,F,59
Clare,F,59
Elise,F,59
Maurine,F,58
Myrtie,F,58
Sybil,F,58
Tommie,F,58
Elaine,F,57
Lyda,F,57
Joyce,F,56
Lennie,F,56
Magdalene,F,56
Nan,F,56
Octavia,F,56
Queen,F,56
Tina,F,56
Clyde,F,55
Cordelia,F,54
Elda,F,54
Ellie,F,54
Monica,F,54
Reva,F,54
Rosemary,F,54
Zora,F,54
Crystal,F,53
Elisabeth,F,53
Estell,F,53
Glenna,F,53
Natalie,F,53
Agatha,F,52
Albina,F,52
Chloe,F,52
Elinor,F,52
Ester,F,52
Malinda,F,52
Berniece,F,51
Idella,F,51
Madeleine,F,51
Mandy,F,51
Margarita,F,51
Pinkie,F,51
Tressie,F,51
Ava,F,50
Camille,F,50
Dixie,F,50
Dona,F,50
Julie,F,50
Una,F,50
Allene,F,49
Alva,F,49
Hope,F,49
Rhea,F,49
Sudie,F,49
Albertha,F,48
Evangeline,F,48
Imogene,F,48
Marietta,F,48
Philomena,F,48
Susanna,F,48
Filomena,F,47
Laverne,F,47
Ludie,F,47
Melvina,F,47
Althea,F,46
Alyce,F,46
Bernadette,F,46
Guadalupe,F,46
Lucia,F,46
Retha,F,46
Zola,F,46
Juana,F,45
Ramona,F,45
Carmella,F,44
Carolina,F,44
Charity,F,44
Esta,F,44
Gretchen,F,44
Pearle,F,44
Robbie,F,44
Bella,F,43
Berta,F,43
Ethelyn,F,43
Garnet,F,43
Lina,F,43
Petra,F,43
Rowena,F,43
Tennie,F,43
Viva,F,43
Lovie,F,42
Magnolia,F,42
Adela,F,41
Anastasia,F,41
Arvilla,F,41
Eleanora,F,41
Eve,F,41
Leda,F,41
Maybell,F,41
Myrtis,F,41
Valeria,F,41
Adell,F,40
Aurelia,F,40
Elena,F,40
Freida,F,40
John,F,40
Lavina,F,40
Nita,F,40
Veda,F,40
Vergie,F,40
Angie,F,39
Dena,F,39
Francisca,F,39
Kay,F,39
Margery,F,39
Melva,F,39
Theodora,F,39
Vernie,F,39
Belva,F,38
Hilma,F,38
Jettie,F,38
Judith,F,38
Lorna,F,38
Maye,F,38
Onie,F,38
Rosalind,F,38
Adelia,F,37
Claudie,F,37
Cordie,F,37
Elna,F,37
Emilie,F,37
Joanna,F,37
Lue,F,37
Madelyn,F,37
Mallie,F,37
Margret,F,37
Novella,F,37
Therese,F,37
Ursula,F,37
Yetta,F,37
Celeste,F,36
Diana,F,36
Donnie,F,36
Ferne,F,36
Florida,F,36
Florine,F,36
Gail,F,36
Janice,F,36
Joy,F,36
Lilla,F,36
Vinnie,F,36
Altha,F,35
Bulah,F,35
Concetta,F,35
Leatha,F,35
Mabelle,F,35
Zona,F,35
Bell,F,34
Bennie,F,34
Camilla,F,34
Corrine,F,34
Easter,F,34
Ethyl,F,34
Georgiana,F,34
Juliette,F,34
Tena,F,34
Winnifred,F,34
Almeda,F,33
Audra,F,33
Grayce,F,33
Harriette,F,33
Hassie,F,33
Hildegarde,F,33
Ima,F,33
Lavinia,F,33
Lucretia,F,33
Madie,F,33
Marvel,F,33
Mozelle,F,33
Nadine,F,33
Verlie,F,33
Aletha,F,32
Clarissa,F,32
Dortha,F,32
Edwina,F,32
Emilia,F,32
Gloria,F,32
Manuela,F,32
Martina,F,32
Rosalee,F,32
Stephanie,F,32
Vallie,F,32
Winona,F,32
Amie,F,31
Aurora,F,31
Clemmie,F,31
Delphia,F,31
Elmira,F,31
Elvera,F,31
Eulalia,F,31
Freddie,F,31
Johnie,F,31
Luvenia,F,31
Neta,F,31
Patsy,F,31
Roma,F,31
Rosina,F,31
Savannah,F,31
Theo,F,31
Vena,F,31
Beth,F,30
Corrie,F,30
Dell,F,30
Eda,F,30
Eldora,F,30
Enid,F,30
Leslie,F,30
Lonie,F,30
Luna,F,30
Pearline,F,30
Ray,F,30
Alda,F,29
Amber,F,29
Annetta,F,29
Bridget,F,29
Dorthy,F,29
Erie,F,29
Garnett,F,29
Hedwig,F,29
Lavada,F,29
Leonora,F,29
Odell,F,29
Sadye,F,29
Sibyl,F,29
Alene,F,28
Audie,F,28
Charlie,F,28
Delores,F,28
Delphine,F,28
Dorotha,F,28
Hanna,F,28
Ira,F,28
Lilian,F,28
Lorine,F,28
Magdalena,F,28
Mertie,F,28
Sammie,F,28
Suzanne,F,28
Verdie,F,28
Annis,F,27
Antonette,F,27
Eulah,F,27
Faith,F,27
Germaine,F,27
Hildred,F,27
Ivory,F,27
James,F,27
Katheryn,F,27
Mellie,F,27
Rilla,F,27
Rosanna,F,27
Valerie,F,27
Zoe,F,27
Adaline,F,26
Alfreda,F,26
Berneice,F,26
Bobbie,F,26
Clementine,F,26
Earline,F,26
Emmie,F,26
George,F,26
Goldia,F,26
Idell,F,26
Jo,F,26
Lelah,F,26
Mammie,F,26
Marcia,F,26
Minna,F,26
Norine,F,26
Treva,F,26
Velva,F,26
Adella,F,25
Alverta,F,25
Berenice,F,25
Exie,F,25
Georgianna,F,25
Kathryne,F,25
Margarette,F,25
Oda,F,25
Ruthie,F,25
William,F,25
Adah,F,24
Ardella,F,24
Celestine,F,24
Charles,F,24
Electa,F,24
Elisa,F,24
Georgina,F,24
Hellen,F,24
Mariah,F,24
Melissa,F,24
Myrle,F,24
Neoma,F,24
Nova,F,24
Rachael,F,24
Retta,F,24
Rosia,F,24
Violette,F,24
Arie,F,23
Deborah,F,23
Delma,F,23
Delta,F,23
Dicie,F,23
Dorris,F,23
Elenora,F,23
Eloisa,F,23
Emmer,F,23
Ettie,F,23
Eura,F,23
Evalyn,F,23
Gene,F,23
Hildegard,F,23
Jacqueline,F,23
Kattie,F,23
Kitty,F,23
Louvenia,F,23
Lucie,F,23
Lupe,F,23
Macie,F,23
Maxie,F,23
Millicent,F,23
Ova,F,23
Reta,F,23
Salome,F,23
Trudie,F,23
Vernice,F,23
Anona,F,22
Elvie,F,22
Enola,F,22
Euna,F,22
Fairy,F,22
Flo,F,22
Frank,F,22
Freeda,F,22
Hertha,F,22
Janette,F,22
Kittie,F,22
Magdalen,F,22
Manda,F,22
Mavis,F,22
Olevia,F,22
Ossie,F,22
Thyra,F,22
Verona,F,22
Adrienne,F,21
Albertine,F,21
Andrea,F,21
Arizona,F,21
Arrie,F,21
Augustine,F,21
Beaulah,F,21
Bethel,F,21
Birtha,F,21
Bonita,F,21
Carmel,F,21
Fleta,F,21
Greta,F,21
Icie,F,21
Ines,F,21
Inga,F,21
Izora,F,21
Josefa,F,21
Juliet,F,21
Lenna,F,21
Letitia,F,21
Marry,F,21
Maymie,F,21
Missouri,F,21
Mozell,F,21
Myrna,F,21
Myrtice,F,21
Odelia,F,21
Rosamond,F,21
Rossie,F,21
Rubie,F,21
Sidney,F,21
Adelina,F,20
Alicia,F,20
Aurore,F,20
Cordia,F,20
Corene,F,20
Delilah,F,20
Elberta,F,20
Elouise,F,20
Elta,F,20
Fae,F,20
Hildur,F,20
Jackie,F,20
Kathrine,F,20
Laurette,F,20
Leana,F,20
Lera,F,20
Lexie,F,20
Luberta,F,20
Malissa,F,20
Maryann,F,20
Odie,F,20
Ouida,F,20
Paralee,F,20
Pattie,F,20
Pollie,F,20
Queenie,F,20
Rozella,F,20
Signe,F,20
Sophronia,F,20
Theresia,F,20
Vella,F,20
Veva,F,20
Annabel,F,19
Annabell,F,19
Claudine,F,19
Edyth,F,19
Evelina,F,19
Helga,F,19
Leo,F,19
Libbie,F,19
Libby,F,19
Naoma,F,19
Nelda,F,19
Nevada,F,19
Prudence,F,19
Syble,F,19
Velda,F,19
Zadie,F,19
Alida,F,18
Ara,F,18
Cathleen,F,18
Cathryn,F,18
Christena,F,18
Daisey,F,18
Elvina,F,18
Felicia,F,18
Gertha,F,18
Golden,F,18
Josefina,F,18
Joseph,F,18
Lilie,F,18
Lolita,F,18
Loma,F,18
Madaline,F,18
Marjory,F,18
Mathilde,F,18
Melinda,F,18
Mossie,F,18
Pluma,F,18
Ressie,F,18
Rosalia,F,18
Tressa,F,18
Vashti,F,18
Versie,F,18
Zelpha,F,18
Aggie,F,17
Almira,F,17
Berdie,F,17
Cathrine,F,17
Celesta,F,17
Cleora,F,17
Clora,F,17
Consuelo,F,17
Emeline,F,17
Eugenie,F,17
Flonnie,F,17
Florrie,F,17
Gaynell,F,17
Gwen,F,17
Icy,F,17
Joe,F,17
Leonie,F,17
Lollie,F,17
Lonnie,F,17
Loretto,F,17
Marcelle,F,17
Osa,F,17
Santos,F,17
Selena,F,17
Tilda,F,17
Tiny,F,17
Twila,F,17
Vennie,F,17
Verla,F,17
Zada,F,17
Alvena,F,16
Arlie,F,16
Claribel,F,16
Delpha,F,16
Dorcas,F,16
Edris,F,16
Emelia,F,16
Eveline,F,16
Gay,F,16
Huldah,F,16
Jenny,F,16
Jessica,F,16
Jossie,F,16
Justine,F,16
Laurel,F,16
Luisa,F,16
Monnie,F,16
Odile,F,16
Otelia,F,16
Ottie,F,16
Ottilie,F,16
Santa,F,16
Selina,F,16
Theola,F,16
Thomas,F,16
Thora,F,16
Vassie,F,16
Veola,F,16
Adelle,F,15
Betsy,F,15
Ceil,F,15
Cherry,F,15
Clifford,F,15
Donie,F,15
Drucilla,F,15
Florene,F,15
Henriette,F,15
Jeane,F,15
Katy,F,15
Lady,F,15
Lavon,F,15
Lea,F,15
Liddie,F,15
Liza,F,15
Louie,F,15
Lurline,F,15
Madlyn,F,15
Malvina,F,15
Myrl,F,15
Onnie,F,15
Sabina,F,15
Sula,F,15
Trula,F,15
Vernia,F,15
Zena,F,15
Almeta,F,14
Alverda,F,14
Dee,F,14
Diane,F,14
Dinah,F,14
Earl,F,14
Ellamae,F,14
Fronie,F,14
Glennie,F,14
Hazle,F,14
Henry,F,14
Ilene,F,14
Irine,F,14
Judy,F,14
Juliana,F,14
Lacy,F,14
Lannie,F,14
Lempi,F,14
Linnea,F,14
Lockie,F,14
Madalyn,F,14
Margarett,F,14
Matie,F,14
Nella,F,14
Nila,F,14
Norene,F,14
Oleta,F,14
Omie,F,14
Pearly,F,14
Roslyn,F,14
Serena,F,14
Tempie,F,14
Vernon,F,14
Vertie,F,14
Willia,F,14
Zetta,F,14
Adline,F,13
Alba,F,13
Aleta,F,13
Ardath,F,13
Arlena,F,13
Avie,F,13
Beula,F,13
Beverly,F,13
Carroll,F,13
Celestia,F,13
Charlene,F,13
Cleta,F,13
Concepcion,F,13
Coral,F,13
Creola,F,13
Dagmar,F,13
Earlean,F,13
Earnestine,F,13
Elease,F,13
Etha,F,13
Genoveva,F,13
Hermine,F,13
Isa,F,13
Jonnie,F,13
Justina,F,13
Kizzie,F,13
Lavera,F,13
Leonia,F,13
Lilia,F,13
Lovina,F,13
Madelene,F,13
Malissie,F,13
Margaretha,F,13
Meda,F,13
Milda,F,13
Nealie,F,13
Odette,F,13
Oliva,F,13
Ozie,F,13
Palma,F,13
Phebe,F,13
Renee,F,13
Robert,F,13
Theodosia,F,13
Ura,F,13
Venice,F,13
Vita,F,13
Walter,F,13
Zettie,F,13
Albertina,F,12
Alline,F,12
Amalia,F,12
Angelita,F,12
Buena,F,12
Bula,F,12
Celina,F,12
Dale,F,12
Daphne,F,12
Delcie,F,12
Dessa,F,12
Docia,F,12
Dola,F,12
Drusilla,F,12
Edra,F,12
Elzie,F,12
Emelie,F,12
Ether,F,12
Euphemia,F,12
Georgetta,F,12
Girtie,F,12
Gusta,F,12
Herma,F,12
Idelle,F,12
Isobel,F,12
Ivah,F,12
Jesse,F,12
Lala,F,12
Leonore,F,12
Lossie,F,12
Luetta,F,12
Marge,F,12
Nena,F,12
Orelia,F,12
Peggie,F,12
Rosabelle,F,12
Roy,F,12
Sena,F,12
Tennessee,F,12
Vadie,F,12
Vester,F,12
Vira,F,12
Alvera,F,11
Arabella,F,11
Ardelia,F,11
Aura,F,11
Azzie,F,11
Beadie,F,11
Birtie,F,11
Buna,F,11
Caldonia,F,11
Cara,F,11
Carlota,F,11
Carlotta,F,11
Carmelita,F,11
Celie,F,11
Cleda,F,11
Clella,F,11
Corda,F,11
Dana,F,11
Darlene,F,11
Dema,F,11
Dimple,F,11
Dorathy,F,11
Dossie,F,11
Ebba,F,11
Edmonia,F,11
Elmer,F,11
Elvia,F,11
Elza,F,11
Eudora,F,11
Everlena,F,11
Exa,F,11
Fred,F,11
Gennie,F,11
Girlie,F,11
Glendora,F,11
Gretta,F,11
Hazelle,F,11
Henretta,F,11
Hermina,F,11
Hessie,F,11
Ivey,F,11
Izola,F,11
Jamie,F,11
Jesusa,F,11
Jule,F,11
Karen,F,11
Kathern,F,11
Lassie,F,11
Laurine,F,11
Lelar,F,11
Lester,F,11
Lethia,F,11
Lissie,F,11
Lorenza,F,11
Louis,F,11
Lular,F,11
Lynn,F,11
Macy,F,11
Margaretta,F,11
Marianne,F,11
Noma,F,11
Nonnie,F,11
Olivette,F,11
Osie,F,11
Ottilia,F,11
Romana,F,11
Rosaline,F,11
Rosebud,F,11
Sigrid,F,11
Sofia,F,11
Sylvester,F,11
Theda,F,11
Trinidad,F,11
Ula,F,11
Vela,F,11
Vernal,F,11
Vlasta,F,11
Zenobia,F,11
America,F,10
Anabel,F,10
Annice,F,10
Arvella,F,10
Bert,F,10
Blossom,F,10
Brooksie,F,10
Brownie,F,10
Burnice,F,10
Capitola,F,10
Carry,F,10
Cecille,F,10
Ceola,F,10
Clemence,F,10
Cleola,F,10
Cleone,F,10
Delfina,F,10
Dellar,F,10
Doshia,F,10
Eleonora,F,10
Elfrieda,F,10
Elizebeth,F,10
Emmy,F,10
Enriqueta,F,10
Fidelia,F,10
Florance,F,10
Francine,F,10
Georgette,F,10
Gerda,F,10
Gladis,F,10
Haley,F,10
Helmi,F,10
Herminia,F,10
Ica,F,10
Ilah,F,10
Ilo,F,10
India,F,10
Izetta,F,10
Jaunita,F,10
Jetta,F,10
Leathia,F,10
Leonor,F,10
Leontine,F,10
Liller,F,10
Lima,F,10
Lurena,F,10
Lyla,F,10
Mabell,F,10
Maebelle,F,10
Maida,F,10
Manuelita,F,10
Margarete,F,10
Maureen,F,10
Mignon,F,10
Nada,F,10
Nathalie,F,10
Ofelia,F,10
Opha,F,10
Orlena,F,10
Ovie,F,10
Ozella,F,10
Parthenia,F,10
Pernie,F,10
Reatha,F,10
Romaine,F,10
Roxanna,F,10
Rutha,F,10
Sedonia,F,10
Senia,F,10
Sonia,F,10
Sylva,F,10
Tess,F,10
Thea,F,10
Thera,F,10
Tomasa,F,10
Unknown,F,10
Vicie,F,10
Virdie,F,10
Vivien,F,10
Vonnie,F,10
Yolanda,F,10
Adelene,F,9
Aimee,F,9
Alcie,F,9
Alease,F,9
Alla,F,9
Ana,F,9
Anner,F,9
Apolonia,F,9
Ardis,F,9
Arletta,F,9
Arminta,F,9
Arnetta,F,9
Arthur,F,9
Astrid,F,9
Aubrey,F,9
Bama,F,9
Beda,F,9
Bee,F,9
Benita,F,9
Bette,F,9
Buelah,F,9
Clair,F,9
Clarence,F,9
Classie,F,9
Claude,F,9
Cleva,F,9
Cloe,F,9
Clyda,F,9
Clydie,F,9
Coletta,F,9
Colleen,F,9
Columbia,F,9
Corean,F,9
Cruz,F,9
Dallas,F,9
Dean,F,9
Delsie,F,9
Dominga,F,9
Dottie,F,9
Dove,F,9
Edrie,F,9
Elenor,F,9
Elida,F,9
Eller,F,9
Ema,F,9
Emmeline,F,9
Ernest,F,9
Ethyle,F,9
Evelena,F,9
Evia,F,9
Felicitas,F,9
Felipa,F,9
Frederica,F,9
Frona,F,9
Gayle,F,9
Gregoria,F,9
Harry,F,9
Helyn,F,9
Irena,F,9
Isla,F,9
Kathlyn,F,9
Larue,F,9
Laverna,F,9
Leita,F,9
Lella,F,9
Leoma,F,9
Letty,F,9
Lilyan,F,9
Lisa,F,9
Littie,F,9
Loreen,F,9
Louetta,F,9
Lutie,F,9
Lydie,F,9
Madalene,F,9
Madonna,F,9
Magdaline,F,9
Mahala,F,9
Manie,F,9
Marcelina,F,9
Margarite,F,9
Marianna,F,9
Marquerite,F,9
Marrie,F,9
Melda,F,9
Mercy,F,9
Metta,F,9
Mettie,F,9
Missie,F,9
Montie,F,9
Neola,F,9
Nolia,F,9
Nonie,F,9
Odelle,F,9
Odessie,F,9
Okla,F,9
Olinda,F,9
Pennie,F,9
Pinkey,F,9
Pricilla,F,9
Rafaela,F,9
Refugio,F,9
Roena,F,9
Roselle,F,9
Stephania,F,9
Thalia,F,9
Tishie,F,9
Vannie,F,9
Venie,F,9
Venus,F,9
Vista,F,9
Vola,F,9
Zita,F,9
Abigail,F,8
Allean,F,8
Alleen,F,8
Alliene,F,8
Almedia,F,8
Alvie,F,8
Anice,F,8
Ardell,F,8
Ardith,F,8
Armella,F,8
Arvie,F,8
Attie,F,8
Audry,F,8
Beatriz,F,8
Bebe,F,8
Bernardine,F,8
Bobby,F,8
Cannie,F,8
Charline,F,8
Cinderella,F,8
Clarabelle,F,8
Cola,F,8
Cressie,F,8
Dollye,F,8
Elenore,F,8
Elgie,F,8
Emaline,F,8
Ena,F,8
Erminia,F,8
Eugene,F,8
Evaline,F,8
Evelyne,F,8
Evon,F,8
Flavia,F,8
Fleeta,F,8
Floris,F,8
Francies,F,8
Gena,F,8
Gertude,F,8
Gilda,F,8
Girtha,F,8
Gladyce,F,8
Glenn,F,8
Gracia,F,8
Gudrun,F,8
Hasel,F,8
Hildreth,F,8
Hyacinth,F,8
Ignacia,F,8
Ilda,F,8
Imo,F,8
Ingrid,F,8
Inis,F,8
Jack,F,8
Jeffie,F,8
Jerry,F,8
Joann,F,8
Joanne,F,8
Josiephine,F,8
Jovita,F,8
Katharyn,F,8
Lanie,F,8
Lattie,F,8
Lavern,F,8
Leanna,F,8
Leva,F,8
Loney,F,8
Loreta,F,8
Lota,F,8
Lovey,F,8
Loyce,F,8
Luretta,F,8
Madgie,F,8
Maebell,F,8
Maree,F,8
Margart,F,8
Margurite,F,8
Marzella,F,8
Mattye,F,8
Maurice,F,8
Medora,F,8
Minnette,F,8
Myrta,F,8
Nanie,F,8
Nobie,F,8
Oletha,F,8
Oline,F,8
Olympia,F,8
Orphia,F,8
Ozell,F,8
Patience,F,8
Paul,F,8
Philomene,F,8
Portia,F,8
Rella,F,8
Richard,F,8
Rosena,F,8
Samantha,F,8
Sandra,F,8
Sina,F,8
Stacia,F,8
Stacy,F,8
Syd,F,8
Thekla,F,8
Thresa,F,8
Tinnie,F,8
Toy,F,8
Valentine,F,8
Valley,F,8
Velta,F,8
Veta,F,8
Vincenza,F,8
Vivienne,F,8
Waunita,F,8
Weltha,F,8
Wilhelmine,F,8
Willard,F,8
Williemae,F,8
Willow,F,8
Zelia,F,8
Zeta,F,8
Zina,F,8
Adel,F,7
Agness,F,7
Aldea,F,7
Aleen,F,7
Alethia,F,7
Alexandria,F,7
Alfred,F,7
Allyne,F,7
Alvira,F,7
Amada,F,7
Ammie,F,7
Anniemae,F,7
Antonetta,F,7
Arabelle,F,7
Arietta,F,7
Arla,F,7
Averil,F,7
Azalee,F,7
Bea,F,7
Bera,F,7
Bettye,F,7
Beuna,F,7
Cammie,F,7
Carl,F,7
Catalina,F,7
Catarina,F,7
Christeen,F,7
Christene,F,7
Clarinda,F,7
Clemie,F,7
Concha,F,7
Corena,F,7
Corrinne,F,7
Cuba,F,7
Daisie,F,7
Deane,F,7
Dicy,F,7
Dillie,F,7
Dina,F,7
Doretta,F,7
Dot,F,7
Edward,F,7
Eleonore,F,7
Elinore,F,7
Elmyra,F,7
Elodia,F,7
Elzina,F,7
Eola,F,7
Erin,F,7
Ermal,F,7
Ermine,F,7
Ersie,F,7
Estefana,F,7
Estel,F,7
Estellar,F,7
Estie,F,7
Eulalie,F,7
Evah,F,7
Evalena,F,7
Fannye,F,7
Faustina,F,7
Fidelis,F,7
Floretta,F,7
Fredericka,F,7
Gabrielle,F,7
Gilbert,F,7
Girtrude,F,7
Glen,F,7
Helia,F,7
Helma,F,7
Henri,F,7
Hila,F,7
Hollis,F,7
Idamae,F,7
Ingeborg,F,7
Jeanie,F,7
Jesusita,F,7
Jodie,F,7
Johnsie,F,7
Josefita,F,7
Laurence,F,7
Laurene,F,7
Lavelle,F,7
Lavenia,F,7
Laveta,F,7
Lavonne,F,7
Leathie,F,7
Leon,F,7
Lidia,F,7
Lilah,F,7
Lillia,F,7
Lillion,F,7
Lillis,F,7
Lorean,F,7
Loree,F,7
Lorinda,F,7
Lucetta,F,7
Lucienne,F,7
Luda,F,7
Luz,F,7
Mackie,F,7
Madelon,F,7
Madolyn,F,7
Maie,F,7
Mannie,F,7
Margrette,F,7
Margueritte,F,7
Maryan,F,7
Maudine,F,7
Maudy,F,7
Maysel,F,7
Melanie,F,7
Melina,F,7
Melita,F,7
Merna,F,7
Micaela,F,7
Mima,F,7
Minta,F,7
Monie,F,7
Mozella,F,7
Nana,F,7
Nannette,F,7
Necie,F,7
Neita,F,7
Nelia,F,7
Nicie,F,7
Norah,F,7
Octa,F,7
Odella,F,7
Olie,F,7
Ota,F,7
Otha,F,7
Ozzie,F,7
Pablita,F,7
Patty,F,7
Paulina,F,7
Pearla,F,7
Penny,F,7
Perlie,F,7
Perry,F,7
Princess,F,7
Radie,F,7
Ragna,F,7
Refugia,F,7
Rosalyn,F,7
Rosana,F,7
Roseanna,F,7
Roselyn,F,7
Rosey,F,7
Savanah,F,7
Shizue,F,7
Signa,F,7
Simona,F,7
Stasia,F,7
Susana,F,7
Susanne,F,7
Suzanna,F,7
Tekla,F,7
Terese,F,7
Teresita,F,7
Valma,F,7
Venita,F,7
Venna,F,7
Verne,F,7
Vila,F,7
Vilma,F,7
Virgil,F,7
Vona,F,7
Wilhelmena,F,7
Will,F,7
Wilna,F,7
Zera,F,7
Zilpha,F,7
Afton,F,6
Aili,F,6
Aleene,F,6
Alethea,F,6
Alton,F,6
Ama,F,6
Amalie,F,6
Amelie,F,6
Archie,F,6
Arcola,F,6
Ariel,F,6
Arlean,F,6
Arta,F,6
Atha,F,6
Audrie,F,6
Azalea,F,6
Becky,F,6
Ben,F,6
Berlie,F,6
Bernyce,F,6
Berthal,F,6
Bertice,F,6
Besse,F,6
Billy,F,6
Blythe,F,6
Brenda,F,6
Calista,F,6
Candelaria,F,6
Carola,F,6
Carra,F,6
Catheryn,F,6
Chaney,F,6
Charlsie,F,6
Chrystal,F,6
Claretta,F,6
Cliffie,F,6
Clotilda,F,6
Clotilde,F,6
Cornelious,F,6
Dallie,F,6
Deanie,F,6
Delight,F,6
Dellie,F,6
Delora,F,6
Deloris,F,6
Denise,F,6
Dennie,F,6
Desdemona,F,6
Donalda,F,6
Dorothe,F,6
Dulcie,F,6
Dura,F,6
Earle,F,6
Earlie,F,6
Eathel,F,6
Edia,F,6
Ela,F,6
Eletha,F,6
Elia,F,6
Elin,F,6
Elodie,F,6
Elon,F,6
Else,F,6
Elvena,F,6
Elverna,F,6
Emmaline,F,6
Ennis,F,6
Epsie,F,6
Ernie,F,6
Ethelene,F,6
Etna,F,6
Eular,F,6
Evarista,F,6
Evva,F,6
Fayetta,F,6
Felicita,F,6
Ferol,F,6
Florena,F,6
Florentine,F,6
Florie,F,6
Forest,F,6
Forrest,F,6
Garnette,F,6
Geneve,F,6
Georgeanna,F,6
Georgian,F,6
Georgine,F,6
Glenda,F,6
Glenora,F,6
Heloise,F,6
Henretter,F,6
Hetty,F,6
Hildagarde,F,6
Hilja,F,6
Holly,F,6
Honor,F,6
Honora,F,6
Howard,F,6
Ilean,F,6
Imelda,F,6
Indiana,F,6
Inell,F,6
Ireta,F,6
Jennette,F,6
Jessamine,F,6
Jessye,F,6
Josepha,F,6
Julian,F,6
Julianna,F,6
Katrina,F,6
Kenneth,F,6
Lana,F,6
Lanora,F,6
Lara,F,6
Laurena,F,6
Leafie,F,6
Leanora,F,6
Lema,F,6
Lemma,F,6
Leoda,F,6
Leonarda,F,6
Litha,F,6
Loise,F,6
Lorayne,F,6
Lucina,F,6
Ludy,F,6
Luvina,F,6
Macel,F,6
Margot,F,6
Marilyn,F,6
Marta,F,6
Marye,F,6
Maryellen,F,6
Maurene,F,6
Maybel,F,6
Mearl,F,6
Merry,F,6
Mintie,F,6
Modesta,F,6
Mollye,F,6
Monta,F,6
Murl,F,6
Nancie,F,6
Narcissus,F,6
Nelly,F,6
Nema,F,6
Novie,F,6
Octavie,F,6
Olean,F,6
Oneida,F,6
Ople,F,6
Orena,F,6
Orrie,F,6
Ortha,F,6
Orva,F,6
Otis,F,6
Pat,F,6
Patrick,F,6
Pearley,F,6
Petrina,F,6
Prudie,F,6
Raye,F,6
Reather,F,6
Rebeca,F,6
Reda,F,6
Reita,F,6
Rene,F,6
Rheba,F,6
Robin,F,6
Roby,F,6
Romayne,F,6
Roosevelt,F,6
Rosario,F,6
Rosemarie,F,6
Rufina,F,6
Rushie,F,6
Sabra,F,6
Saima,F,6
Salena,F,6
Senie,F,6
Sister,F,6
Soledad,F,6
Stellar,F,6
Sweetie,F,6
Sydney,F,6
Sylvania,F,6
Temple,F,6
Tera,F,6
Texanna,F,6
Texie,F,6
Thomasina,F,6
Thressa,F,6
Trudy,F,6
Tula,F,6
Valborg,F,6
Valeska,F,6
Velia,F,6
Venetta,F,6
Vernell,F,6
Versa,F,6
Verta,F,6
Victorine,F,6
Villa,F,6
Vinie,F,6
Violetta,F,6
Virda,F,6
Virgina,F,6
Virlie,F,6
Wava,F,6
Wavie,F,6
Wilhemina,F,6
Wilmer,F,6
Zannie,F,6
Zara,F,6
Zell,F,6
Zellie,F,6
Zelphia,F,6
Zillie,F,6
Adabelle,F,5
Adda,F,5
Adelaida,F,5
Ader,F,5
Adie,F,5
Adriana,F,5
Aida,F,5
Albert,F,5
Albirta,F,5
Aldora,F,5
Alean,F,5
Aleatha,F,5
Aletta,F,5
Alfretta,F,5
Algie,F,5
Allena,F,5
Almer,F,5
Alsie,F,5
Alverna,F,5
Alyne,F,5
Alzina,F,5
Amma,F,5
Angelle,F,5
Annalee,F,5
Annamae,F,5
Antha,F,5
Antonina,F,5
Aquilla,F,5
Arah,F,5
Ardys,F,5
Aretta,F,5
Arleen,F,5
Arminda,F,5
Artelia,F,5
Artha,F,5
Ary,F,5
Aslee,F,5
Auda,F,5
Audree,F,5
Aurie,F,5
Avanelle,F,5
Babe,F,5
Berma,F,5
Bernetta,F,5
Bertina,F,5
Blanchie,F,5
Byrdie,F,5
Canary,F,5
Carlene,F,5
Carlie,F,5
Carlyn,F,5
Carmie,F,5
Carrye,F,5
Cary,F,5
Caterina,F,5
Celestial,F,5
Celestina,F,5
Channie,F,5
Charlottie,F,5
China,F,5
Claris,F,5
Clementina,F,5
Clemma,F,5
Cleona,F,5
Cleopatra,F,5
Cleophas,F,5
Colletta,F,5
Consuela,F,5
Cordella,F,5
Cornie,F,5
Coy,F,5
Curley,F,5
Curtis,F,5
Dagny,F,5
Dannie,F,5
Dawn,F,5
Delfinia,F,5
Delila,F,5
Delina,F,5
Delle,F,5
Dera,F,5
Domenica,F,5
Doreen,F,5
Doretha,F,5
Dorsie,F,5
Dosha,F,5
Doshie,F,5
Douglas,F,5
Early,F,5
Edda,F,5
Edla,F,5
Edwin,F,5
Elba,F,5
Elner,F,5
Elnor,F,5
Elois,F,5
Emerald,F,5
Enda,F,5
Ercie,F,5
Erline,F,5
Ernestina,F,5
Ersa,F,5
Erva,F,5
Ethal,F,5
Etoile,F,5
Everleaner,F,5
Fanie,F,5
Feliciana,F,5
Florabelle,F,5
Florella,F,5
Floria,F,5
Flornce,F,5
Floyd,F,5
Foy,F,5
Fronia,F,5
Gabrella,F,5
Gabriela,F,5
Gaetana,F,5
Gaynelle,F,5
Gemma,F,5
Genelle,F,5
Genie,F,5
Gertrud,F,5
Gilma,F,5
Giovanna,F,5
Gola,F,5
Grady,F,5
Grethel,F,5
Gretna,F,5
Gustava,F,5
Gustie,F,5
Hermia,F,5
Hollie,F,5
Hortensia,F,5
Hyla,F,5
Idora,F,5
Impi,F,5
Iowa,F,5
Isadora,F,5
Isadore,F,5
Ivie,F,5
Jeanetta,F,5
Juel,F,5
Kathaleen,F,5
Kathyrn,F,5
Kikuyo,F,5
Ladonna,F,5
Lalla,F,5
Laurie,F,5
Lavona,F,5
Lavonia,F,5
Lawrence,F,5
Leafy,F,5
Lealer,F,5
Leaner,F,5
Leeta,F,5
Lemmie,F,5
Lesta,F,5
Lindy,F,5
Loa,F,5
Lodema,F,5
Lodie,F,5
Lorenia,F,5
Lorette,F,5
Lorretta,F,5
Lotta,F,5
Louanna,F,5
Love,F,5
Lovena,F,5
Luanna,F,5
Luciel,F,5
Lucyle,F,5
Ludmila,F,5
Luevenia,F,5
Lugenia,F,5
Lulla,F,5
Lurene,F,5
Lutisha,F,5
Mada,F,5
Madell,F,5
Malissia,F,5
Malzie,F,5
Mandie,F,5
Maple,F,5
Marea,F,5
Margrett,F,5
Marguerita,F,5
Mariam,F,5
Mariette,F,5
Marina,F,5
Marlene,F,5
Maryjane,F,5
Marylou,F,5
Matilde,F,5
Matty,F,5
Maudell,F,5
Mayola,F,5
Media,F,5
Meredith,F,5
Michelina,F,5
Mila,F,5
Minda,F,5
Minie,F,5
Mirtie,F,5
Moselle,F,5
Murray,F,5
Naomie,F,5
Natividad,F,5
Neda,F,5
Netha,F,5
Netta,F,5
Nollie,F,5
Noreen,F,5
Odeal,F,5
Odessia,F,5
Odetta,F,5
Odis,F,5
Olene,F,5
Olia,F,5
Olla,F,5
Onalee,F,5
Oneita,F,5
Ophia,F,5
Orah,F,5
Orla,F,5
Orma,F,5
Othelia,F,5
Ovella,F,5
Oza,F,5
Pallie,F,5
Palmyra,F,5
Pamela,F,5
Parlee,F,5
Perle,F,5
Pernella,F,5
Persis,F,5
Phillis,F,5
Piccola,F,5
Pink,F,5
Pocahontas,F,5
Precious,F,5
Raffaela,F,5
Ragnhild,F,5
Raquel,F,5
Rea,F,5
Regena,F,5
Reka,F,5
Renner,F,5
Rissie,F,5
Rochelle,F,5
Rosabel,F,5
Roxana,F,5
Russell,F,5
Ruthe,F,5
Sada,F,5
Sam,F,5
Sarrah,F,5
Senaida,F,5
Siddie,F,5
Silvia,F,5
Stanley,F,5
Steffie,F,5
Susannah,F,5
Swannie,F,5
Sybilla,F,5
Tessa,F,5
Trella,F,5
Trixie,F,5
Troy,F,5
True,F,5
Truman,F,5
Tyyne,F,5
Van,F,5
Verba,F,5
Verle,F,5
Vernelle,F,5
Vernetta,F,5
Veryl,F,5
Vianna,F,5
Vicenta,F,5
Vinia,F,5
Virgia,F,5
Walburga,F,5
Waneta,F,5
Warren,F,5
Wretha,F,5
Wynne,F,5
Ysabel,F,5
Zoa,F,5
John,M,8108
William,M,6416
James,M,5855
George,M,4219
Robert,M,3414
Charles,M,3406
Joseph,M,3291
Frank,M,2799
Edward,M,2335
Henry,M,2085
Thomas,M,2057
Walter,M,1873
Harry,M,1722
Willie,M,1675
Arthur,M,1495
Albert,M,1453
Clarence,M,1310
Fred,M,1223
Paul,M,1194
Harold,M,1186
Roy,M,1123
Raymond,M,1093
Joe,M,959
Richard,M,957
Carl,M,953
Louis,M,936
Jack,M,908
Ralph,M,899
Earl,M,854
Theodore,M,834
David,M,817
Ernest,M,749
Charlie,M,739
Samuel,M,727
Howard,M,726
Francis,M,686
Herbert,M,680
Lawrence,M,662
Elmer,M,620
Sam,M,603
Alfred,M,600
Leo,M,552
Andrew,M,547
Eugene,M,541
Lee,M,532
Leonard,M,508
Herman,M,497
Russell,M,473
Daniel,M,472
Michael,M,462
Clyde,M,457
Floyd,M,446
Jesse,M,443
Oscar,M,442
Ray,M,432
Anthony,M,422
Kenneth,M,414
Donald,M,413
Lewis,M,402
Leroy,M,401
Lester,M,398
Peter,M,395
Frederick,M,390
Edwin,M,388
Stanley,M,371
Clifford,M,361
Cecil,M,359
Benjamin,M,358
Chester,M,355
Claude,M,337
Martin,M,334
Bernard,M,326
Lloyd,M,324
Tom,M,318
Eddie,M,315
Jessie,M,313
Norman,M,305
Alton,M,302
Harvey,M,300
Edgar,M,299
Will,M,287
Luther,M,286
Ben,M,282
Johnnie,M,267
Jim,M,266
Philip,M,266
Homer,M,256
Alvin,M,247
Jacob,M,243
Leon,M,241
Leslie,M,236
Melvin,M,234
Milton,M,230
Roosevelt,M,230
Everett,M,229
Allen,M,228
Patrick,M,226
Victor,M,218
Glenn,M,217
Virgil,M,211
Vincent,M,206
Horace,M,205
Alexander,M,203
Marvin,M,203
Hugh,M,202
Gerald,M,201
Sidney,M,201
Oliver,M,200
Marion,M,198
Earnest,M,189
Julius,M,189
Gilbert,M,188
Archie,M,185
Ed,M,184
Otis,M,181
Willard,M,180
Stephen,M,178
Vernon,M,178
Gordon,M,177
Jerry,M,177
Wilbur,M,177
Guy,M,175
Morris,M,175
Hubert,M,173
Alex,M,169
Isaac,M,167
Charley,M,166
Maurice,M,166
Wesley,M,166
Wallace,M,163
Warren,M,163
Otto,M,161
Irving,M,159
Bennie,M,158
Mack,M,158
Dan,M,156
Arnold,M,149
Manuel,M,149
Curtis,M,144
Ira,M,144
Jose,M,144
Roland,M,139
Rufus,M,138
Willis,M,136
Max,M,134
Orville,M,134
Lonnie,M,133
Nathan,M,131
Bill,M,128
Rudolph,M,128
August,M,127
Phillip,M,127
Percy,M,125
Jimmie,M,124
Sylvester,M,124
Steve,M,123
Bert,M,120
Emmett,M,120
Glen,M,120
Calvin,M,118
Mike,M,118
Aaron,M,117
Marshall,M,116
Clifton,M,115
Mark,M,114
Abraham,M,111
Clinton,M,109
Edmund,M,109
Franklin,M,108
Irvin,M,107
Johnie,M,107
Cornelius,M,106
Ellis,M,106
Nathaniel,M,105
Adam,M,103
Felix,M,103
Dave,M,102
Jerome,M,102
Jess,M,102
Nicholas,M,102
Emil,M,101
Elbert,M,100
Ollie,M,100
Roscoe,M,98
Dewey,M,97
Matthew,M,97
Amos,M,96
Clayton,M,96
Jay,M,95
Ted,M,94
Booker,M,93
Perry,M,93
Wayne,M,92
Roger,M,91
Adolph,M,90
Dennis,M,90
Forrest,M,89
Bruce,M,87
Moses,M,87
Tony,M,87
Claud,M,85
Ervin,M,81
Juan,M,81
Nelson,M,81
Sherman,M,81
Wilfred,M,80
Jake,M,78
Wilson,M,78
Johnny,M,77
Millard,M,77
Alonzo,M,76
Simon,M,76
Don,M,75
Gus,M,75
Lyle,M,74
Ivan,M,73
Laurence,M,73
Ross,M,73
Jeff,M,71
Owen,M,71
Pete,M,71
Reuben,M,71
Carroll,M,70
Larry,M,70
Mose,M,70
Leland,M,69
Troy,M,69
Antonio,M,68
Levi,M,68
Karl,M,67
Louie,M,67
Preston,M,67
Austin,M,66
Bob,M,65
Forest,M,65
Julian,M,65
Douglas,M,64
Monroe,M,64
Emanuel,M,62
Byron,M,61
Wiley,M,61
Aubrey,M,60
Elijah,M,60
Mckinley,M,60
Tommie,M,60
Wilbert,M,60
Delbert,M,59
Grady,M,59
Gene,M,58
Grant,M,58
Grover,M,58
Mary,M,58
Timothy,M,58
Loyd,M,57
Nick,M,57
Wade,M,57
Harley,M,56
Myron,M,56
Ike,M,55
Barney,M,53
Dale,M,53
Edmond,M,53
Merle,M,53
Abe,M,52
Elwood,M,52
Erwin,M,52
Jasper,M,52
Salvatore,M,51
Silas,M,51
Earle,M,50
Ronald,M,50
Solomon,M,50
Alva,M,49
Anderson,M,49
Jackson,M,49
Carlton,M,47
Andy,M,46
Boyd,M,46
Clark,M,46
Dwight,M,46
Harrison,M,46
Malcolm,M,46
Murray,M,46
Noah,M,46
Allan,M,45
Anton,M,45
Miles,M,45
Augustus,M,44
Hiram,M,44
Jesus,M,44
Neal,M,44
Ned,M,44
Spencer,M,44
Christopher,M,43
Clement,M,43
Eli,M,43
Fredrick,M,43
Joel,M,43
Pedro,M,43
Clair,M,42
Cleveland,M,42
Emory,M,42
Foster,M,42
Gustave,M,42
Marcus,M,42
Angelo,M,41
Burton,M,41
Francisco,M,41
Garland,M,41
Neil,M,41
Stewart,M,41
Buster,M,40
Cleo,M,40
Cyril,M,40
Freeman,M,40
Irwin,M,40
Luke,M,40
Lynn,M,40
Reginald,M,40
Freddie,M,39
Ward,M,39
Carlos,M,38
Dallas,M,38
Dock,M,38
Ramon,M,38
Ruben,M,38
Stuart,M,38
Basil,M,37
Columbus,M,37
Edd,M,37
Loren,M,37
Mitchell,M,37
Rosevelt,M,37
Wilmer,M,37
Alphonse,M,36
Bud,M,36
Ellsworth,M,36
Ferdinand,M,36
Ora,M,36
Fletcher,M,35
Jeremiah,M,35
Pat,M,35
Scott,M,35
Ambrose,M,34
Ezra,M,34
Merrill,M,34
Odell,M,34
Randolph,M,34
Sammie,M,34
Truman,M,34
Al,M,33
Rex,M,33
Sterling,M,33
Clay,M,32
Lowell,M,32
Riley,M,32
Sanford,M,32
Tommy,M,32
Wendell,M,32
Alfonso,M,31
Dewitt,M,31
Garfield,M,31
Harlan,M,31
Isadore,M,31
Major,M,31
Taylor,M,31
Van,M,31
Adrian,M,30
Arlie,M,30
Christian,M,30
Emerson,M,30
Emery,M,30
Israel,M,30
Lucius,M,30
Milford,M,30
Pearl,M,30
Royal,M,30
Thurman,M,30
Alan,M,29
Buck,M,29
Dudley,M,29
Elvin,M,29
Lorenzo,M,29
Lyman,M,29
Mathew,M,29
Orval,M,29
Prince,M,29
Russel,M,29
Ulysses,M,29
Coleman,M,28
Dean,M,28
Dominick,M,28
Elton,M,28
Emile,M,28
Granville,M,28
Hollis,M,28
Isiah,M,28
Jimmy,M,28
Maynard,M,28
Sydney,M,28
Chris,M,27
Elliott,M,27
Elmo,M,27
Houston,M,27
Meyer,M,27
Porter,M,27
Theo,M,27
Vern,M,27
Chas,M,26
Eldon,M,26
Elias,M,26
Hugo,M,26
Hyman,M,26
Jean,M,26
Saul,M,26
Sol,M,26
Buford,M,25
Carter,M,25
Dominic,M,25
Elisha,M,25
Herschel,M,25
Isaiah,M,25
Jewel,M,25
Luis,M,25
Micheal,M,25
Norris,M,25
Oren,M,25
Parker,M,25
Steven,M,25
Waldo,M,25
Aloysius,M,24
Arther,M,24
Asa,M,24
Cliff,M,24
Davis,M,24
Dick,M,24
Early,M,24
Hazel,M,24
Jewell,M,24
Junius,M,24
King,M,24
Matt,M,24
Shirley,M,24
Conrad,M,23
Frances,M,23
General,M,23
Lawson,M,23
Otho,M,23
Roman,M,23
Verne,M,23
Wilton,M,23
Albin,M,22
Chauncey,M,22
Clarance,M,22
Coy,M,22
Cyrus,M,22
Enoch,M,22
Harmon,M,22
Haywood,M,22
Jonas,M,22
Lacy,M,22
Noel,M,22
Pablo,M,22
Rafael,M,22
Warner,M,22
Alphonso,M,21
Bertram,M,21
Billy,M,21
Dee,M,21
Dorsey,M,21
Emmitt,M,21
Hal,M,21
Jefferson,M,21
Judge,M,21
Milo,M,21
Noble,M,21
Phil,M,21
Ruby,M,21
Tomas,M,21
Wilber,M,21
Winfield,M,21
Hershel,M,20
Johnson,M,20
Lionel,M,20
Margaret,M,20
Mason,M,20
Omer,M,20
Pasquale,M,20
Raleigh,M,20
Rupert,M,20
Sandy,M,20
Abner,M,19
Alfredo,M,19
Antone,M,19
Aron,M,19
Billie,M,19
Delmar,M,19
Elmore,M,19
Emmet,M,19
Fay,M,19
Issac,M,19
Joshua,M,19
Kermit,M,19
Linwood,M,19
Morton,M,19
Newton,M,19
Olin,M,19
Otha,M,19
Palmer,M,19
Thaddeus,M,19
Travis,M,19
Vance,M,19
Vivian,M,19
Washington,M,19
Adelbert,M,18
Alden,M,18
Artie,M,18
Avery,M,18
Benedict,M,18
Benny,M,18
Bruno,M,18
Felton,M,18
Gerard,M,18
Harris,M,18
Henderson,M,18
Ivory,M,18
Josh,M,18
Judson,M,18
Miguel,M,18
Morgan,M,18
Nolan,M,18
Olen,M,18
Randall,M,18
Sim,M,18
Terry,M,18
Valentine,M,18
Wilford,M,18
Abram,M,17
Adolphus,M,17
Angus,M,17
Bonnie,M,17
Carey,M,17
Clem,M,17
Dorothy,M,17
Ethel,M,17
Golden,M,17
Hans,M,17
Hector,M,17
Henery,M,17
Hunter,M,17
Keith,M,17
Lucious,M,17
Maxwell,M,17
Obie,M,17
Odie,M,17
Ottis,M,17
Patsy,M,17
Reed,M,17
Rene,M,17
Santiago,M,17
Smith,M,17
Teddy,M,17
Vaughn,M,17
Walker,M,17
Wilburn,M,17
Anna,M,16
Archibald,M,16
Bernice,M,16
Berry,M,16
Bertha,M,16
Brady,M,16
Duncan,M,16
Fernando,M,16
Frederic,M,16
Gregory,M,16
Guadalupe,M,16
Gustav,M,16
Isidore,M,16
Justin,M,16
Lemuel,M,16
Mac,M,16
Manley,M,16
Marlin,M,16
Merritt,M,16
Rolland,M,16
Tillman,M,16
Andres,M,15
Bradley,M,15
Caesar,M,15
Cletus,M,15
Crawford,M,15
Eric,M,15
Evert,M,15
Garnet,M,15
Geo,M,15
Giles,M,15
Helen,M,15
Hobert,M,15
Hosea,M,15
Jonnie,M,15
Lige,M,15
Lincoln,M,15
Lon,M,15
Lonzo,M,15
Maxie,M,15
Ocie,M,15
Rogers,M,15
Rubin,M,15
Ruth,M,15
Theadore,M,15
Williams,M,15
Alec,M,14
Allie,M,14
Alvie,M,14
Bryan,M,14
Bryant,M,14
Carmine,M,14
Casper,M,14
Cleve,M,14
Denver,M,14
Edison,M,14
Emilio,M,14
Everette,M,14
Florence,M,14
Gabriel,M,14
Gaston,M,14
Hardy,M,14
Hobart,M,14
Hoyt,M,14
Ignacio,M,14
Jonathan,M,14
Jules,M,14
Laverne,M,14
Marcellus,M,14
Merlin,M,14
Moe,M,14
Norbert,M,14
Odis,M,14
Romeo,M,14
Seth,M,14
Theron,M,14
Tim,M,14
Urban,M,14
Webster,M,14
Weldon,M,14
Winston,M,14
Bee,M,13
Bernie,M,13
Burt,M,13
Clara,M,13
Damon,M,13
Doyle,M,13
Edna,M,13
Elizabeth,M,13
Elzie,M,13
Enos,M,13
Ernie,M,13
Estel,M,13
Fate,M,13
Garrett,M,13
Green,M,13
Guss,M,13
Hallie,M,13
Hezekiah,M,13
Jones,M,13
Kelly,M,13
Lafayette,M,13
Lawton,M,13
Lindsay,M,13
Logan,M,13
Lucian,M,13
Mario,M,13
Mildred,M,13
Mortimer,M,13
Oral,M,13
Rodney,M,13
Romie,M,13
Sammy,M,13
Sampson,M,13
Sonny,M,13
Turner,M,13
Vester,M,13
Watson,M,13
West,M,13
Winfred,M,13
Alberto,M,12
Annie,M,12
Antoine,M,12
Blaine,M,12
Carleton,M,12
Carmen,M,12
Cary,M,12
Clare,M,12
Clint,M,12
Clovis,M,12
Duane,M,12
Elsie,M,12
Elza,M,12
Emma,M,12
Evan,M,12
Evans,M,12
Gail,M,12
Godfrey,M,12
Graham,M,12
Isom,M,12
Ivy,M,12
Junior,M,12
Lenard,M,12
Luster,M,12
Mabel,M,12
Melville,M,12
Miller,M,12
Orin,M,12
Rollin,M,12
Seymour,M,12
Shelby,M,12
Sheldon,M,12
Son,M,12
Thad,M,12
Verner,M,12
Wash,M,12
Wm,M,12
Alois,M,11
Alvis,M,11
Arch,M,11
Ashley,M,11
Beverly,M,11
Brooks,M,11
Buddie,M,11
Buddy,M,11
Collins,M,11
Connie,M,11
Dana,M,11
Delmer,M,11
Domingo,M,11
Eino,M,11
Frazier,M,11
Gary,M,11
Gladys,M,11
Hayward,M,11
Hurley,M,11
Jason,M,11
Katherine,M,11
Lillie,M,11
Llewellyn,M,11
Lonie,M,11
Madison,M,11
Mahlon,M,11
Murphy,M,11
Napoleon,M,11
Pink,M,11
Rayfield,M,11
Reese,M,11
Rocco,M,11
Salvador,M,11
Shelton,M,11
Vernie,M,11
Vito,M,11
Zeb,M,11
Abel,M,10
Alf,M,10
Alford,M,10
Author,M,10
Bailey,M,10
Benjiman,M,10
Bertrand,M,10
Burley,M,10
Caleb,M,10
Carson,M,10
Dawson,M,10
Delos,M,10
Earlie,M,10
Edith,M,10
Eligah,M,10
Ellwood,M,10
Ennis,M,10
Eva,M,10
Garnett,M,10
Goldie,M,10
Guillermo,M,10
Hilliard,M,10
Ignatius,M,10
Jodie,M,10
Joesph,M,10
Joy,M,10
Kyle,M,10
Lamar,M,10
Lem,M,10
Lillian,M,10
Lindsey,M,10
Louise,M,10
Loyal,M,10
Lucien,M,10
Merton,M,10
Mervin,M,10
Mitchel,M,10
Newell,M,10
Oran,M,10
Raphael,M,10
Raymon,M,10
Reinhold,M,10
Richmond,M,10
Rose,M,10
Rudy,M,10
Sigmund,M,10
Thornton,M,10
Toney,M,10
Waino,M,10
Zack,M,10
Addison,M,9
Alfonzo,M,9
Alice,M,9
Almon,M,9
Arley,M,9
Armand,M,9
Augusta,M,9
Barton,M,9
Beecher,M,9
Burl,M,9
Catherine,M,9
Clemence,M,9
Darrell,M,9
Dayton,M,9
Dell,M,9
Donovan,M,9
Doris,M,9
Eldred,M,9
Elliot,M,9
Ernst,M,9
Essie,M,9
Fabian,M,9
Finis,M,9
Ford,M,9
Furman,M,9
Gardner,M,9
Grace,M,9
Hamilton,M,9
Harland,M,9
Harm,M,9
Hayden,M,9
Hermon,M,9
Hilbert,M,9
Hilton,M,9
Hudson,M,9
Jamie,M,9
Jordan,M,9
June,M,9
Kirk,M,9
Laurel,M,9
Lemon,M,9
Len,M,9
Lennie,M,9
Marshal,M,9
Melton,M,9
Nicolas,M,9
Ole,M,9
Orlando,M,9
Orrin,M,9
Orvel,M,9
Oswald,M,9
Park,M,9
Pierre,M,9
Ransom,M,9
Roderick,M,9
Rowland,M,9
Sebastian,M,9
Sid,M,9
Sumner,M,9
Thelma,M,9
Vincenzo,M,9
Wardell,M,9
Welton,M,9
Willam,M,9
Acie,M,8
Adrain,M,8
Adron,M,8
Alejandro,M,8
Almer,M,8
Arbie,M,8
Arlington,M,8
Art,M,8
Arvid,M,8
Audie,M,8
Augustine,M,8
Bartley,M,8
Benjaman,M,8
Bennett,M,8
Benton,M,8
Bertie,M,8
Betty,M,8
Bobby,M,8
Bradford,M,8
Cedric,M,8
Chalmer,M,8
Chalmers,M,8
Colin,M,8
Dalton,M,8
Darwin,M,8
Denis,M,8
Desmond,M,8
Dillard,M,8
Domenic,M,8
Donnie,M,8
Drew,M,8
Duard,M,8
Duke,M,8
Edson,M,8
Elden,M,8
Elroy,M,8
Elvis,M,8
Elwyn,M,8
Emmit,M,8
Ephraim,M,8
Eula,M,8
Ewell,M,8
Flora,M,8
Florian,M,8
Floy,M,8
Fritz,M,8
Gaylord,M,8
Genie,M,8
Glover,M,8
Hampton,M,8
Heber,M,8
Helmer,M,8
Josiah,M,8
Junious,M,8
Leander,M,8
Levy,M,8
Lois,M,8
Loy,M,8
Malcom,M,8
Marie,M,8
Marty,M,8
Mathias,M,8
Meredith,M,8
Murry,M,8
Nickolas,M,8
Norval,M,8
Olaf,M,8
Omar,M,8
Ossie,M,8
Pierce,M,8
Price,M,8
Raul,M,8
Reid,M,8
Ricardo,M,8
Roberto,M,8
Rolla,M,8
Royce,M,8
Santos,M,8
Severo,M,8
Shelley,M,8
Shelly,M,8
Stanford,M,8
Sylvan,M,8
Thurston,M,8
Tobie,M,8
Verl,M,8
Virgle,M,8
Walton,M,8
Wayman,M,8
Westley,M,8
Weston,M,8
Wylie,M,8
Alma,M,7
Alonza,M,7
Alpheus,M,7
Amon,M,7
Arden,M,7
Arnie,M,7
Baxter,M,7
Bedford,M,7
Benson,M,7
Berton,M,7
Beryl,M,7
Blair,M,7
Brice,M,7
Burrell,M,7
Carlyle,M,7
Casey,M,7
Cass,M,7
Christ,M,7
Claire,M,7
Claudie,M,7
Collie,M,7
Colonel,M,7
Cornelious,M,7
Council,M,7
Courtney,M,7
Danny,M,7
Einar,M,7
Elder,M,7
Eldridge,M,7
Elige,M,7
Ella,M,7
Ellery,M,7
Elwin,M,7
Enrique,M,7
Evelyn,M,7
Fenton,M,7
Ferris,M,7
Fleming,M,7
Gennaro,M,7
Gerry,M,7
Gibson,M,7
Gorman,M,7
Guido,M,7
Handy,M,7
Harlow,M,7
Haskell,M,7
Hayes,M,7
Hays,M,7
Hoke,M,7
Hosie,M,7
Huston,M,7
Irene,M,7
Iver,M,7
Ivey,M,7
Jennings,M,7
Johny,M,7
Julio,M,7
Kirby,M,7
Lavern,M,7
Lawerence,M,7
Lawyer,M,7
Lesley,M,7
Lou,M,7
Macon,M,7
Manford,M,7
Mel,M,7
Merl,M,7
Myles,M,7
Nels,M,7
Oakley,M,7
Okey,M,7
Orland,M,7
Pleas,M,7
Pleasant,M,7
Reno,M,7
Rich,M,7
Rodolfo,M,7
Rollie,M,7
Rosario,M,7
Samson,M,7
Sarah,M,7
Shannon,M,7
Shellie,M,7
Simeon,M,7
Simmie,M,7
Stacy,M,7
Talmadge,M,7
Teddie,M,7
Tex,M,7
Tracy,M,7
Trinidad,M,7
Unknown,M,7
Vergil,M,7
Waymon,M,7
Winthrop,M,7
Woodson,M,7
Worth,M,7
Wright,M,7
Adrien,M,6
Allison,M,6
Alto,M,6
Ancel,M,6
Artis,M,6
Arturo,M,6
Atlas,M,6
Aubra,M,6
Aubry,M,6
Augustin,M,6
Axel,M,6
Bart,M,6
Bishop,M,6
Brown,M,6
Buel,M,6
Burnie,M,6
Camille,M,6
Cannon,M,6
Carlo,M,6
Carmelo,M,6
Carrie,M,6
Casimir,M,6
Cephus,M,6
Chesley,M,6
Clarke,M,6
Clemens,M,6
Clemon,M,6
Cletis,M,6
Con,M,6
Cordell,M,6
Creed,M,6
Deforest,M,6
Della,M,6
Dolphus,M,6
Dora,M,6
Dozier,M,6
Durward,M,6
Edmon,M,6
Egbert,M,6
Elery,M,6
Erby,M,6
Erich,M,6
Erskine,M,6
Estes,M,6
Estle,M,6
Eunice,M,6
Ezekiel,M,6
Ezell,M,6
Fairbanks,M,6
Federico,M,6
Felipe,M,6
Flem,M,6
Frankie,M,6
Fread,M,6
Fredric,M,6
Gaetano,M,6
Gale,M,6
Gates,M,6
Gayle,M,6
Gertrude,M,6
Gregorio,M,6
Hamp,M,6
Harvy,M,6
Herald,M,6
Hester,M,6
Heyward,M,6
Hillard,M,6
Hipolito,M,6
Horton,M,6
Howell,M,6
Hubbard,M,6
Huey,M,6
Ida,M,6
Isabel,M,6
Ishmael,M,6
Iva,M,6
Jule,M,6
Lance,M,6
Landon,M,6
Lena,M,6
Leopoldo,M,6
Less,M,6
Levie,M,6
Lew,M,6
Loran,M,6
Lucas,M,6
Lucille,M,6
Lucy,M,6
Lum,M,6
Lupe,M,6
Lyndon,M,6
Lynwood,M,6
Malachi,M,6
Mannie,M,6
Marcos,M,6
Marian,M,6
Mattie,M,6
Mayo,M,6
Mearl,M,6
Melford,M,6
Murl,M,6
Murrell,M,6
Myrtle,M,6
Nevin,M,6
Norton,M,6
Olan,M,6
Oneal,M,6
Opal,M,6
Orange,M,6
Orie,M,6
Orley,M,6
Orlo,M,6
Osie,M,6
Paris,M,6
Reyes,M,6
Robin,M,6
Roby,M,6
Roe,M,6
Rudolf,M,6
Sanders,M,6
Selwyn,M,6
Sherwood,M,6
Smiley,M,6
Stanton,M,6
Terence,M,6
Theophilus,M,6
Tomie,M,6
Toy,M,6
Velma,M,6
Viola,M,6
Virgie,M,6
Wellington,M,6
Werner,M,6
Whitney,M,6
Wilfrid,M,6
Wilhelm,M,6
Williard,M,6
Wyatt,M,6
Wyman,M,6
Young,M,6
Zollie,M,6
Acey,M,5
Adan,M,5
Admiral,M,5
Adolf,M,5
Agustin,M,5
Alcide,M,5
Alpha,M,5
Americo,M,5
Ananias,M,5
Arno,M,5
Arvil,M,5
Athol,M,5
Audrey,M,5
Aurelio,M,5
Avon,M,5
Baker,M,5
Barry,M,5
Basilio,M,5
Beckham,M,5
Benito,M,5
Bessie,M,5
Blake,M,5
Bobbie,M,5
Bonifacio,M,5
Brownie,M,5
Bub,M,5
Bubber,M,5
Burr,M,5
Byrd,M,5
Callie,M,5
Carle,M,5
Carlisle,M,5
Ceaser,M,5
Charlton,M,5
Cleon,M,5
Cleophus,M,5
Clive,M,5
Cloyd,M,5
Coley,M,5
Colon,M,5
Conley,M,5
Conway,M,5
Corwin,M,5
Craig,M,5
Cullen,M,5
Curvin,M,5
Custer,M,5
Daisy,M,5
Dannie,M,5
Davie,M,5
Dempsey,M,5
Dionicio,M,5
Dixie,M,5
Doc,M,5
Domenick,M,5
Eben,M,5
Elgin,M,5
Ely,M,5
Erastus,M,5
Ernesto,M,5
Esther,M,5
Estill,M,5
Eston,M,5
Evertt,M,5
Ewing,M,5
Finley,M,5
Franklyn,M,5
Fulton,M,5
Gabe,M,5
Gabino,M,5
Galen,M,5
Garner,M,5
Garry,M,5
Georgia,M,5
Gerhard,M,5
Glendon,M,5
Griffin,M,5
Gussie,M,5
Gust,M,5
Gustaf,M,5
Hanson,M,5
Harlin,M,5
Harrold,M,5
Hattie,M,5
Hebert,M,5
Hilary,M,5
Hillery,M,5
Holland,M,5
Hurshel,M,5
Irven,M,5
Isreal,M,5
Jackie,M,5
Jarvis,M,5
Jennie,M,5
Jethro,M,5
Jiles,M,5
Joaquin,M,5
Jonah,M,5
Josephus,M,5
Julious,M,5
Juluis,M,5
Justice,M,5
Kelley,M,5
Kennith,M,5
Kid,M,5
Lambert,M,5
Laura,M,5
Lauren,M,5
Layton,M,5
Lehman,M,5
Lenord,M,5
Leona,M,5
Lino,M,5
Linsey,M,5
Lizzie,M,5
Lorenz,M,5
Lorin,M,5
Loring,M,5
Love,M,5
Lovell,M,5
Luby,M,5
Ludwig,M,5
Mae,M,5
Mallie,M,5
Malvin,M,5
Manfred,M,5
Marcel,M,5
Mart,M,5
Mateo,M,5
Matias,M,5
Melbourne,M,5
Milburn,M,5
Miner,M,5
Minnie,M,5
Mont,M,5
Monte,M,5
Montie,M,5
Moody,M,5
Mort,M,5
Myer,M,5
Nat,M,5
Nora,M,5
Ogle,M,5
Opie,M,5
Orbin,M,5
Orion,M,5
Ozie,M,5
Pascual,M,5
Pearlie,M,5
Percival,M,5
Perley,M,5
Phillips,M,5
Powell,M,5
Prentice,M,5
Prentis,M,5
Prentiss,M,5
Quentin,M,5
Quince,M,5
Quinton,M,5
Reeder,M,5
Regis,M,5
Rexford,M,5
Reynold,M,5
Rollo,M,5
Roma,M,5
Roosvelt,M,5
Roswell,M,5
Rueben,M,5
Ruffus,M,5
Rush,M,5
Sadie,M,5
Schuyler,M,5
Shedrick,M,5
Silvester,M,5
Slim,M,5
Stella,M,5
Sylvanus,M,5
Thor,M,5
Tip,M,5
Tobias,M,5
Todd,M,5
Tyler,M,5
Val,M,5
Verna,M,5
Virginia,M,5
Wendall,M,5
Willian,M,5
Woodie,M,5
Woody,M,5
Worley,M,5
Yee,M,5
