name,gender,count
Mary,F,8148
Anna,F,3143
Emma,F,2303
Elizabeth,F,2186
Minnie,F,2004
Margaret,F,1821
Ida,F,1673
Alice,F,1542
Bertha,F,1508
Annie,F,1492
Clara,F,1490
Sarah,F,1410
Florence,F,1322
Martha,F,1229
Ella,F,1206
Grace,F,1195
Laura,F,1151
Bessie,F,1144
Nellie,F,1138
Maude,F,1089
Cora,F,1076
Carrie,F,1037
Mabel,F,997
Ethel,F,989
Mattie,F,966
Gertrude,F,939
Jennie,F,934
Rose,F,886
Edith,F,876
Hattie,F,859
Helen,F,838
Lillian,F,830
Pearl,F,824
Louise,F,813
Julia,F,811
Lillie,F,810
Jessie,F,806
Myrtle,F,803
Edna,F,783
Lula,F,780
Eva,F,765
Catherine,F,726
Lena,F,697
Ada,F,689
Frances,F,681
Lucy,F,673
Fannie,F,650
Daisy,F,648
Josephine,F,638
Maggie,F,627
Dora,F,594
Katherine,F,591
Marie,F,591
Agnes,F,565
Effie,F,561
Blanche,F,547
Rosa,F,542
Nora,F,539
May,F,510
Mamie,F,508
Stella,F,506
Lizzie,F,495
Sallie,F,487
Ellen,F,452
Elsie,F,448
Della,F,447
Nancy,F,439
Nettie,F,439
Maud,F,432
Susie,F,412
Mae,F,406
Sadie,F,391
Flora,F,380
Alma,F,368
Etta,F,352
Lydia,F,342
Addie,F,341
Katie,F,327
Susan,F,326
Ruth,F,323
Georgia,F,320
Lottie,F,319
Viola,F,310
Mollie,F,305
Caroline,F,304
Nannie,F,299
Kate,F,293
Olive,F,291
Willie,F,291
Harriet,F,289
Amanda,F,288
Eliza,F,280
Lulu,F,279
Virginia,F,274
Emily,F,272
Kathryn,F,272
Esther,F,266
Belle,F,264
Rebecca,F,259
Charlotte,F,257
Jane,F,254
Amelia,F,252
Matilda,F,242
Irene,F,232
Ollie,F,218
Hannah,F,214
Henrietta,F,211
Pauline,F,204
Rachel,F,203
Estella,F,198
Amy,F,196
Beulah,F,190
Augusta,F,183
Ora,F,181
Sara,F,180
Sophia,F,179
Eleanor,F,174
Lola,F,174
Mildred,F,172
Nina,F,171
Theresa,F,170
Josie,F,169
Anne,F,168
Leona,F,163
Ann,F,150
Delia,F,143
Lela,F,143
Marion,F,141
Mayme,F,140
Rosie,F,140
Bettie,F,136
Ruby,F,136
Iva,F,134
Janie,F,134
Estelle,F,133
Victoria,F,132
Lou,F,131
Barbara,F,130
Callie,F,129
Louisa,F,128
Celia,F,126
Evelyn,F,125
Mable,F,125
Beatrice,F,123
Betty,F,123
Millie,F,122
Maria,F,121
Alta,F,119
Luella,F,117
Dorothy,F,115
Allie,F,113
Birdie,F,113
Essie,F,113
Ola,F,113
Sophie,F,110
Inez,F,106
Ina,F,104
Tillie,F,104
Nell,F,103
Rena,F,103
Dollie,F,99
Bertie,F,96
Eula,F,95
Lelia,F,95
Sally,F,95
Lucinda,F,93
Cornelia,F,91
Harriett,F,91
Alberta,F,90
Myra,F,89
Lucille,F,85
Sue,F,84
Leila,F,83
Winifred,F,83
Katharine,F,82
Isabelle,F,81
Abbie,F,80
Rhoda,F,79
Sylvia,F,79
Bess,F,76
Mina,F,76
Verna,F,76
Christine,F,75
Elva,F,75
Eunice,F,75
Adelaide,F,74
Genevieve,F,74
Johanna,F,74
Winnie,F,74
Eugenia,F,73
Hazel,F,73
Hettie,F,73
Lida,F,73
Isabel,F,72
Loretta,F,72
Roxie,F,72
Adeline,F,70
Gussie,F,70
Lenora,F,70
Lilly,F,70
Lettie,F,68
Mathilda,F,68
Hulda,F,67
Vera,F,67
Gertie,F,65
Lila,F,65
Lucretia,F,65
Adele,F,64
Christina,F,64
Jeanette,F,64
Lois,F,64
Myrtie,F,64
Olga,F,64
Hester,F,63
Lily,F,63
Mittie,F,63
Carolyn,F,62
Hallie,F,62
Phoebe,F,62
Wilhelmina,F,62
Elnora,F,60
Helena,F,60
Jean,F,60
Jeannette,F,60
Nelle,F,59
Hilda,F,58
Irma,F,58
Lucile,F,58
Bernice,F,57
Leah,F,56
Minerva,F,56
Ophelia,F,56
Cecelia,F,55
Lora,F,55
Francis,F,54
Naomi,F,54
Selma,F,54
Alvina,F,53
Marguerite,F,52
Olivia,F,52
Virgie,F,52
Louella,F,51
Meta,F,51
Frieda,F,50
Teresa,F,50
Zella,F,50
Claudia,F,49
Fanny,F,49
Violet,F,48
Dessie,F,47
Elma,F,47
Geneva,F,47
Georgie,F,47
Leola,F,47
Lura,F,47
Sudie,F,47
Gladys,F,46
Ivy,F,46
Cynthia,F,45
Emilie,F,45
Rosetta,F,45
Cassie,F,44
Isabella,F,44
Lilla,F,44
Catharine,F,43
Lee,F,43
Malinda,F,43
Regina,F,43
Freda,F,42
Marian,F,42
Goldie,F,41
Lina,F,41
Linnie,F,41
Madge,F,41
Mandy,F,41
Melissa,F,41
Polly,F,41
John,F,40
Kittie,F,40
Letha,F,40
Mabelle,F,40
Marjorie,F,40
Miriam,F,40
Rosalie,F,40
Cordelia,F,39
Margret,F,39
Bell,F,38
Lyda,F,38
Mertie,F,38
Cecilia,F,37
Ellie,F,37
Nola,F,37
Nona,F,37
Dolly,F,36
Linda,F,36
Antoinette,F,35
Janet,F,35
Priscilla,F,35
Roberta,F,35
Angie,F,34
Ernestine,F,34
Fay,F,34
Georgianna,F,34
Lorena,F,34
Orpha,F,34
Artie,F,33
Chloe,F,33
Corinne,F,33
Flossie,F,33
Lona,F,33
Magdalena,F,33
Oma,F,33
Tennie,F,33
George,F,32
Norma,F,32
Zora,F,32
Bridget,F,31
Dovie,F,31
Eda,F,31
Elvira,F,31
Erma,F,31
William,F,31
Charity,F,30
Claire,F,30
Molly,F,30
Alpha,F,29
Angeline,F,29
Elisabeth,F,29
Elise,F,29
Elsa,F,29
Kathrine,F,29
Leora,F,29
Madeline,F,29
Maybelle,F,29
Vina,F,29
Antonia,F,28
Dona,F,28
Evie,F,28
Pearle,F,28
Tina,F,28
Adah,F,27
Annette,F,27
Blanch,F,27
Cecile,F,27
Harriette,F,27
Lue,F,27
Vivian,F,27
Berta,F,26
Fern,F,26
Floy,F,26
Lavina,F,26
Ila,F,25
Juanita,F,25
Lessie,F,25
Mahala,F,25
Melvina,F,25
Phebe,F,25
Tena,F,25
Zoe,F,25
Almeda,F,24
Angela,F,24
Cecil,F,24
Clementine,F,24
Edythe,F,24
Hanna,F,24
Johnnie,F,24
Lilian,F,24
Nan,F,24
Pearlie,F,24
Veronica,F,24
Vinnie,F,24
Adelia,F,23
Charles,F,23
Pattie,F,23
Pinkie,F,23
Retta,F,23
Annabelle,F,22
Constance,F,22
Iona,F,22
Isabell,F,22
Jimmie,F,22
Julie,F,22
June,F,22
Kathleen,F,22
Lucie,F,22
Mariah,F,22
Neva,F,22
Susanna,F,22
Agatha,F,21
Ava,F,21
Clare,F,21
Frankie,F,21
Leota,F,21
Lotta,F,21
Ludie,F,21
Marcella,F,21
Margie,F,21
Minna,F,21
Missouri,F,21
Myrta,F,21
Octavia,F,21
Rita,F,21
Vesta,F,21
Vida,F,21
Zelma,F,21
Zula,F,21
Anita,F,20
Dixie,F,20
Ettie,F,20
Faye,F,20
Georgiana,F,20
Helene,F,20
Lennie,F,20
Lucia,F,20
Maudie,F,20
Ottilie,F,20
Savannah,F,20
Bonnie,F,19
Clyde,F,19
Donna,F,19
Gracie,F,19
Jannie,F,19
Kitty,F,19
Lenore,F,19
Leonora,F,19
Letitia,F,19
Louie,F,19
Rilla,F,19
Sena,F,19
Tessie,F,19
Adella,F,18
Alida,F,18
Altha,F,18
Aurelia,F,18
Betsy,F,18
Cleo,F,18
Donnie,F,18
James,F,18
Lavinia,F,18
Meda,F,18
Nevada,F,18
Ona,F,18
Rosella,F,18
Una,F,18
Winnifred,F,18
Adda,F,17
Adela,F,17
Daisie,F,17
Elmira,F,17
Emelia,F,17
Henry,F,17
Marietta,F,17
Mazie,F,17
Patsy,F,17
Rae,F,17
Velma,F,17
Zona,F,17
Adaline,F,16
Bella,F,16
Clemmie,F,16
Corrie,F,16
Doris,F,16
Eddie,F,16
Hilma,F,16
Hortense,F,16
India,F,16
Iola,F,16
Jenny,F,16
Liddie,F,16
Liza,F,16
Matie,F,16
Mellie,F,16
Minta,F,16
Vada,F,16
Arminta,F,15
Deborah,F,15
Dorothea,F,15
Ethelyn,F,15
Ione,F,15
Jettie,F,15
Joanna,F,15
Joe,F,15
Leta,F,15
Libbie,F,15
Luvenia,F,15
Muriel,F,15
Natalie,F,15
Ray,F,15
Rosanna,F,15
Samantha,F,15
Tilda,F,15
Willa,F,15
Abigail,F,14
Arvilla,F,14
Christena,F,14
Harry,F,14
Lenna,F,14
Lissie,F,14
Lutie,F,14
Mathilde,F,14
Serena,F,14
Sophronia,F,14
Tempie,F,14
Verda,F,14
Vernie,F,14
Wilma,F,14
Aimee,F,13
Alva,F,13
America,F,13
Arizona,F,13
Aura,F,13
Cathrine,F,13
Clarissa,F,13
Connie,F,13
Dena,F,13
Emeline,F,13
Emmer,F,13
Evalyn,F,13
Inga,F,13
Lonnie,F,13
Malvina,F,13
Mintie,F,13
Norah,F,13
Ocie,F,13
Opal,F,13
Rowena,F,13
Theresia,F,13
Tressie,F,13
Vena,F,13
Besse,F,12
Camilla,F,12
Corine,F,12
Dee,F,12
Dorcas,F,12
Easter,F,12
Elda,F,12
Elizebeth,F,12
Eloise,F,12
Erna,F,12
Etna,F,12
Eugenie,F,12
Gena,F,12
Geraldine,F,12
Hedwig,F,12
Huldah,F,12
Idella,F,12
Imogene,F,12
Isa,F,12
Jeanne,F,12
Lauretta,F,12
Loula,F,12
Magdalene,F,12
Mallie,F,12
Mame,F,12
Margery,F,12
Onie,F,12
Robert,F,12
Suzanne,F,12
Thomas,F,12
Abby,F,11
Althea,F,11
Amalia,F,11
Anastasia,F,11
Angelina,F,11
Annetta,F,11
Arie,F,11
Arrie,F,11
Beryl,F,11
Claudie,F,11
Corda,F,11
Cordia,F,11
Dicie,F,11
Docia,F,11
Donie,F,11
Eleanora,F,11
Emelie,F,11
Emmie,F,11
Florida,F,11
Frank,F,11
Irena,F,11
Ivah,F,11
Joan,F,11
Josiephine,F,11
Lelah,F,11
Leone,F,11
Lovie,F,11
Madie,F,11
Manda,F,11
Merle,F,11
Mona,F,11
Nella,F,11
Pansy,F,11
Queen,F,11
Queenie,F,11
Sybil,F,11
Annabel,F,10
Ara,F,10
Attie,F,10
Bird,F,10
Bulah,F,10
Carolina,F,10
Delilah,F,10
Dell,F,10
Dellar,F,10
Delphine,F,10
Dolores,F,10
Dottie,F,10
Edyth,F,10
Elinor,F,10
Esta,F,10
Ester,F,10
Genie,F,10
Gretchen,F,10
Hermina,F,10
Icy,F,10
Jewel,F,10
Josefa,F,10
Katheryn,F,10
Leanna,F,10
Loma,F,10
Marcia,F,10
Marinda,F,10
Melinda,F,10
Metta,F,10
Nelly,F,10
Odessa,F,10
Odie,F,10
Philomena,F,10
Sula,F,10
Tennessee,F,10
Theo,F,10
Tressa,F,10
Wanda,F,10
Aline,F,9
Amie,F,9
Avis,F,9
Celeste,F,9
Cordie,F,9
Dosha,F,9
Eller,F,9
Elvina,F,9
Ethyl,F,9
Eulalia,F,9
Evangeline,F,9
Faith,F,9
Felicia,F,9
Florance,F,9
Fred,F,9
Frona,F,9
Glennie,F,9
Hassie,F,9
Henriette,F,9
Hetty,F,9
Isadora,F,9
Juliette,F,9
Kathryne,F,9
Kizzie,F,9
Lavada,F,9
Leslie,F,9
Luetta,F,9
Nanie,F,9
Nena,F,9
Nonie,F,9
Ottie,F,9
Paulina,F,9
Pennie,F,9
Petra,F,9
Reba,F,9
Rosemary,F,9
Shirley,F,9
Sidney,F,9
Ursula,F,9
Vallie,F,9
Viva,F,9
Winona,F,9
Zada,F,9
Zola,F,9
Audie,F,8
Augustine,F,8
Aurora,F,8
Beckie,F,8
Buna,F,8
Caldonia,F,8
Calla,F,8
Candace,F,8
Carlotta,F,8
Clarice,F,8
Claude,F,8
Corrine,F,8
Crete,F,8
Dessa,F,8
Diana,F,8
Dinah,F,8
Edla,F,8
Eleonora,F,8
Elfrieda,F,8
Elisa,F,8
Elmina,F,8
Elta,F,8
Elvie,F,8
Emilia,F,8
Estell,F,8
Evaline,F,8
Eveline,F,8
Florrie,F,8
Fronia,F,8
Gail,F,8
Ira,F,8
Izora,F,8
Jessica,F,8
Jodie,F,8
Johannah,F,8
Judith,F,8
Kattie,F,8
Luisa,F,8
Manuela,F,8
Mettie,F,8
Myrtis,F,8
Nelia,F,8
Nita,F,8
Osa,F,8
Ova,F,8
Paralee,F,8
Parthenia,F,8
Phyllis,F,8
Rachael,F,8
Rettie,F,8
Rosalia,F,8
Rosia,F,8
Rosina,F,8
Roxanna,F,8
Theodosia,F,8
Tiny,F,8
Tommie,F,8
Trudie,F,8
Verona,F,8
Vertie,F,8
Wilhelmine,F,8
Zoa,F,8
Agusta,F,7
Albina,F,7
Alicia,F,7
Almira,F,7
Alphonsine,F,7
Alvena,F,7
Ana,F,7
Ardella,F,7
Audrey,F,7
Bennie,F,7
Camille,F,7
Cammie,F,7
Carmen,F,7
Cary,F,7
Celestine,F,7
Celina,F,7
Cherry,F,7
Christie,F,7
Coral,F,7
Dellie,F,7
Delpha,F,7
Delphia,F,7
Effa,F,7
Eleanore,F,7
Era,F,7
Evelina,F,7
Exie,F,7
Gene,F,7
Georgina,F,7
Golda,F,7
Guadalupe,F,7
Jeffie,F,7
Jinnie,F,7
Joyce,F,7
Juana,F,7
Juliet,F,7
Kathyrn,F,7
Letta,F,7
Levina,F,7
Lollie,F,7
Loretto,F,7
Lucindy,F,7
Magdalen,F,7
Magnolia,F,7
Malissa,F,7
Manie,F,7
Mannie,F,7
Marilla,F,7
Maybell,F,7
Maymie,F,7
Mercedes,F,7
Mercy,F,7
Mima,F,7
Odile,F,7
Orah,F,7
Osie,F,7
Prudence,F,7
Prudie,F,7
Rhea,F,7
Rinda,F,7
Rosena,F,7
Rosy,F,7
Roxy,F,7
Sarrah,F,7
Susannah,F,7
Thea,F,7
Tula,F,7
Ula,F,7
Walter,F,7
Will,F,7
Zadie,F,7
Zenobia,F,7
Zetta,F,7
Albertina,F,6
Alda,F,6
Alwina,F,6
Alyce,F,6
Annabell,F,6
Arah,F,6
Arminda,F,6
Bama,F,6
Bernadette,F,6
Bernadine,F,6
Birtie,F,6
Buena,F,6
Byrdie,F,6
Capitola,F,6
Carol,F,6
Cathern,F,6
Charlie,F,6
Christiana,F,6
Claribel,F,6
Claudine,F,6
Clora,F,6
Columbia,F,6
Dana,F,6
Delila,F,6
Dillie,F,6
Doshie,F,6
Drucilla,F,6
Eileen,F,6
Elizbeth,F,6
Etha,F,6
Eura,F,6
Evalena,F,6
Eve,F,6
Fronie,F,6
Glenna,F,6
Hennie,F,6
Henretta,F,6
Hermine,F,6
Hope,F,6
Ivie,F,6
Jeanie,F,6
Joseph,F,6
Jossie,F,6
Justina,F,6
Lea,F,6
Leaner,F,6
Lemma,F,6
Leonia,F,6
Lorraine,F,6
Lota,F,6
Louis,F,6
Lucetta,F,6
Macie,F,6
Mahalie,F,6
Margaretta,F,6
Marry,F,6
Martina,F,6
Maryann,F,6
Millicent,F,6
Narcissus,F,6
Netta,F,6
Novella,F,6
Oda,F,6
Odelia,F,6
Olevia,F,6
Ota,F,6
Patience,F,6
Paula,F,6
Peggy,F,6
Phillis,F,6
Philomene,F,6
Ramona,F,6
Rozella,F,6
Ruthie,F,6
Salina,F,6
Sibyl,F,6
Sinda,F,6
Tabitha,F,6
Texanna,F,6
Texie,F,6
Therese,F,6
Tilla,F,6
Tinnie,F,6
Valeria,F,6
Vashti,F,6
Vella,F,6
Verdie,F,6
Verne,F,6
Veva,F,6
Vicy,F,6
Viney,F,6
Wilda,F,6
Zelda,F,6
Zena,F,6
Zita,F,6
Affie,F,5
Albert,F,5
Albertha,F,5
Alexina,F,5
Allene,F,5
Altie,F,5
Anabel,F,5
Anie,F,5
Annis,F,5
Artelia,F,5
Arthur,F,5
Atha,F,5
Barbra,F,5
Beaulah,F,5
Belva,F,5
Berdie,F,5
Bertina,F,5
Biddie,F,5
Birdella,F,5
Blossom,F,5
Cara,F,5
Carmela,F,5
Carolyne,F,5
Cathryn,F,5
Celestia,F,5
Charlottie,F,5
Cilla,F,5
Classie,F,5
Clifford,F,5
Courtney,F,5
Daisey,F,5
Dave,F,5
Denise,F,5
Dezzie,F,5
Dicy,F,5
Dorthea,F,5
Dove,F,5
Edmonia,F,5
Edward,F,5
Electa,F,5
Eleonore,F,5
Eudora,F,5
Eulah,F,5
Fairy,F,5
Fannye,F,5
Fidelia,F,5
Franc,F,5
Francina,F,5
Francisca,F,5
Fredericka,F,5
Genevra,F,5
Grayce,F,5
Helga,F,5
Hessie,F,5
Honora,F,5
Iris,F,5
Iza,F,5
Jeanetta,F,5
Jeannie,F,5
Jemima,F,5
Jerusha,F,5
Jesse,F,5
Jewell,F,5
Joella,F,5
Judy,F,5
Junie,F,5
Katharina,F,5
Katy,F,5
Laurie,F,5
Lavenia,F,5
Leatha,F,5
Leda,F,5
Lisette,F,5
Littie,F,5
Loda,F,5
Lorenza,F,5
Louetta,F,5
Louvenia,F,5
Luda,F,5
Lular,F,5
Lynda,F,5
Margarett,F,5
Margeret,F,5
Marget,F,5
Mariam,F,5
Maye,F,5
Minda,F,5
Miranda,F,5
Modena,F,5
Nanna,F,5
Nealie,F,5
Nelie,F,5
Olena,F,5
Olie,F,5
Otelia,F,5
Penny,F,5
Pheobe,F,5
Pollie,F,5
Portia,F,5
Rella,F,5
Rennie,F,5
Roseanna,F,5
Roxana,F,5
Sabina,F,5
Sada,F,5
Sadye,F,5
Sammie,F,5
Savilla,F,5
Selena,F,5
Shellie,F,5
Sibbie,F,5
Thekla,F,5
Tinie,F,5
Veda,F,5
Vienna,F,5
Vinia,F,5
Vira,F,5
Willia,F,5
Zaidee,F,5
Zana,F,5
Zilla,F,5
John,M,9557
William,M,9298
James,M,5892
George,M,5193
Charles,M,5091
Frank,M,3176
Joseph,M,2670
Thomas,M,2610
Henry,M,2579
Robert,M,2500
Edward,M,2477
Harry,M,2232
Walter,M,1805
Arthur,M,1686
Fred,M,1641
Albert,M,1499
Samuel,M,1003
Louis,M,852
David,M,838
Clarence,M,837
Charlie,M,753
Richard,M,746
Joe,M,739
Andrew,M,673
Will,M,666
Jesse,M,660
Ernest,M,642
Oscar,M,625
Daniel,M,594
Sam,M,555
Willie,M,541
Alfred,M,523
Roy,M,521
Benjamin,M,478
Carl,M,478
Peter,M,461
Frederick,M,457
Elmer,M,441
Lewis,M,441
Herbert,M,431
Lee,M,427
Howard,M,422
Ralph,M,407
Paul,M,397
Jim,M,396
Jacob,M,390
Tom,M,390
Martin,M,387
Earl,M,377
Claude,M,356
Herman,M,348
Bert,M,341
Eugene,M,341
Ed,M,337
Ben,M,334
Francis,M,327
Michael,M,321
Edgar,M,308
Edwin,M,305
Chester,M,300
Harvey,M,300
Clyde,M,293
Lawrence,M,287
Luther,M,284
Isaac,M,278
Jack,M,271
Charley,M,262
Guy,M,253
Otto,M,252
Patrick,M,249
Ira,M,244
Oliver,M,244
Hugh,M,239
August,M,234
Theodore,M,232
Floyd,M,231
Leonard,M,231
Raymond,M,230
Alexander,M,225
Allen,M,206
Stephen,M,201
Archie,M,195
Ray,M,195
Jessie,M,192
Homer,M,190
Warren,M,183
Philip,M,182
Horace,M,176
Alex,M,172
Eddie,M,169
Julius,M,168
Emil,M,157
Marion,M,157
Clifford,M,155
Milton,M,155
Leroy,M,152
Dan,M,150
Rufus,M,147
Leo,M,146
Sidney,M,146
Mack,M,145
Wesley,M,145
Bernard,M,144
Willis,M,143
Anthony,M,139
Dave,M,139
Everett,M,139
Dennis,M,135
Amos,M,134
Lester,M,134
Alonzo,M,133
Perry,M,133
Alvin,M,132
Leon,M,131
Harold,M,127
Percy,M,126
Calvin,M,123
Jess,M,122
Leslie,M,122
Lloyd,M,121
Gus,M,120
Otis,M,116
Adam,M,114
Nathan,M,113
Franklin,M,112
Elijah,M,111
Matthew,M,109
Victor,M,109
Noah,M,108
Cornelius,M,107
Norman,M,107
Jerry,M,105
Levi,M,105
Earnest,M,104
Hiram,M,104
Nelson,M,104
Phillip,M,103
Wallace,M,103
Maurice,M,102
Elbert,M,99
Emmett,M,99
Jake,M,97
Ross,M,96
Jose,M,95
Adolph,M,94
Eli,M,94
Moses,M,93
Manuel,M,92
Silas,M,92
Wiley,M,92
Abraham,M,91
Felix,M,91
Claud,M,90
Mark,M,90
Christopher,M,89
Mike,M,89
Gilbert,M,88
Jasper,M,88
Ellis,M,86
Melvin,M,86
Aaron,M,85
Alva,M,85
Marshall,M,83
Willard,M,83
Wilson,M,82
Jeff,M,81
Morris,M,81
Roscoe,M,81
Wilbur,M,81
Jay,M,80
Virgil,M,80
Clinton,M,79
Lonnie,M,78
Ollie,M,78
Simon,M,78
Mose,M,77
Fredrick,M,76
Harrison,M,76
Monroe,M,76
Stanley,M,76
Harley,M,75
Max,M,74
Sylvester,M,74
Reuben,M,73
Russell,M,73
Edmund,M,71
Timothy,M,71
Curtis,M,70
Millard,M,70
Garfield,M,69
Ike,M,67
Ora,M,67
Bruce,M,66
Byron,M,66
Irvin,M,66
Nicholas,M,66
Augustus,M,65
Austin,M,65
Owen,M,65
Anton,M,64
Marvin,M,64
Wade,M,64
Edd,M,63
Steve,M,63
Asa,M,62
Columbus,M,62
Bill,M,61
Irving,M,61
Newton,M,61
Clayton,M,60
Pete,M,60
Bob,M,59
Dock,M,59
Johnnie,M,59
Anderson,M,58
Pearl,M,58
Elias,M,57
Gustave,M,57
Nathaniel,M,57
Grover,M,56
Arch,M,55
Clark,M,54
Joel,M,54
Riley,M,54
Cecil,M,53
Emery,M,53
Vernon,M,53
Barney,M,52
Lon,M,52
Rudolph,M,52
Andy,M,51
Clifton,M,51
Glenn,M,51
Solomon,M,51
Abe,M,50
Joshua,M,50
Sherman,M,50
Christian,M,49
Hubert,M,49
Jackson,M,49
Preston,M,49
Donald,M,48
Ferdinand,M,48
Scott,M,48
Conrad,M,47
Enoch,M,47
Mathew,M,47
Chas,M,46
Cyrus,M,46
Delbert,M,46
Don,M,46
Louie,M,46
Marcus,M,46
Orville,M,46
Tony,M,46
Van,M,46
Emanuel,M,45
Ervin,M,44
Luke,M,44
Major,M,44
Miles,M,44
Gustav,M,43
Jerome,M,43
Lemuel,M,43
Arnold,M,42
Lucius,M,42
Ezra,M,41
Grant,M,41
Julian,M,41
Lorenzo,M,41
Lyman,M,41
Karl,M,40
Chris,M,39
Edmond,M,39
Juan,M,39
Winfield,M,39
Ambrose,M,38
Burton,M,38
Emory,M,38
Forrest,M,38
Roland,M,38
Vincent,M,38
Emile,M,37
Gordon,M,37
Isaiah,M,37
Mitchell,M,36
Ole,M,36
Benjiman,M,35
Cleveland,M,35
Elisha,M,35
Loren,M,35
Neal,M,35
Nick,M,35
Clem,M,34
Foster,M,34
Jefferson,M,34
Ruben,M,34
Al,M,33
Bennie,M,33
Bud,M,33
General,M,33
Jeremiah,M,33
Ned,M,33
Sanford,M,33
Sim,M,33
Spencer,M,33
Abner,M,32
Carroll,M,32
Douglas,M,32
Roger,M,32
Burt,M,31
Seth,M,31
Archibald,M,30
Mary,M,30
Omer,M,30
Ward,M,30
Antonio,M,29
Boyd,M,29
Elwood,M,29
Freeman,M,29
Napoleon,M,29
Wilber,M,29
Zack,M,29
Dudley,M,28
Isiah,M,28
Leander,M,28
Pat,M,28
Pink,M,28
Porter,M,28
Vern,M,28
Walker,M,28
Allie,M,27
Berry,M,27
Dallas,M,27
Forest,M,27
Glen,M,27
Green,M,27
Hans,M,27
Henderson,M,27
Jonathan,M,27
Lynn,M,27
Madison,M,27
Milo,M,27
Pedro,M,27
Royal,M,27
Taylor,M,27
Hal,M,26
Hardy,M,26
Jonas,M,26
King,M,26
Matt,M,26
Myron,M,26
Nels,M,26
Wash,M,26
Abram,M,25
Caleb,M,25
Casper,M,25
Frederic,M,25
Granville,M,25
Gust,M,25
Ivan,M,25
Lem,M,25
Otho,M,25
Wilford,M,25
Angus,M,24
Isom,M,24
Josiah,M,24
Laurence,M,24
Morgan,M,24
Christ,M,23
Clement,M,23
Dee,M,23
Judson,M,23
Junius,M,23
Morton,M,23
Washington,M,23
Earle,M,22
Ellsworth,M,22
Emmet,M,22
Harve,M,22
Israel,M,22
Johnie,M,22
Kenneth,M,22
Lige,M,22
Orrin,M,22
Steven,M,22
Wayne,M,22
Wilfred,M,22
Addison,M,21
Bertram,M,21
Carlton,M,21
Elliott,M,21
Fletcher,M,21
Fritz,M,21
Lawson,M,21
Lucian,M,21
Watson,M,21
Wilburn,M,21
Billie,M,20
Carlos,M,20
Clarance,M,20
Elton,M,20
Gabriel,M,20
Harmon,M,20
Irwin,M,20
Jason,M,20
Jimmie,M,20
Judge,M,20
Lafayette,M,20
Malcolm,M,20
Merton,M,20
Ramon,M,20
Sol,M,20
Wilbert,M,20
Wilmer,M,20
Elmo,M,19
Francisco,M,19
Geo,M,19
Hugo,M,19
Murray,M,19
Neil,M,19
Sandy,M,19
Simeon,M,19
Stewart,M,19
Valentine,M,19
Adrian,M,18
Alton,M,18
Artie,M,18
Burl,M,18
Carey,M,18
Coleman,M,18
Guss,M,18
Noble,M,18
Oren,M,18
Prince,M,18
Wm,M,18
Chauncey,M,17
Clay,M,17
Dewitt,M,17
Dwight,M,17
Garland,M,17
Haywood,M,17
Houston,M,17
Logan,M,17
Lucious,M,17
Rolla,M,17
Thornton,M,17
Tobe,M,17
Tomas,M,17
Truman,M,17
Turner,M,17
Webster,M,17
Alford,M,16
Alphonse,M,16
Arther,M,16
Aubrey,M,16
Cal,M,16
Enos,M,16
Harris,M,16
Johnny,M,16
Lew,M,16
Loyd,M,16
Miller,M,16
Ransom,M,16
Smith,M,16
Sterling,M,16
Troy,M,16
Waldo,M,16
Allan,M,15
Barton,M,15
Clair,M,15
Clint,M,15
Crawford,M,15
Elvin,M,15
Emerson,M,15
Fay,M,15
Garrett,M,15
Gerald,M,15
Hamilton,M,15
Lucien,M,15
Mortimer,M,15
Orin,M,15
Palmer,M,15
Raleigh,M,15
Randolph,M,15
Saul,M,15
Ulysses,M,15
Warner,M,15
Adelbert,M,14
Adolphus,M,14
Alpha,M,14
Art,M,14
Avery,M,14
Bennett,M,14
Carson,M,14
Colonel,M,14
Dana,M,14
Dick,M,14
Elza,M,14
Erastus,M,14
Finley,M,14
Gene,M,14
Jesus,M,14
Josh,M,14
Larkin,M,14
Mathias,M,14
Micheal,M,14
Newt,M,14
Parker,M,14
Pierce,M,14
Randall,M,14
Rollie,M,14
Ted,M,14
Alvah,M,13
Blaine,M,13
Bryant,M,13
Cary,M,13
Cicero,M,13
Cleve,M,13
Cliff,M,13
Dell,M,13
Dorsey,M,13
Elmore,M,13
Henery,M,13
Jules,M,13
Kelly,M,13
Leland,M,13
Lincoln,M,13
Luis,M,13
Merle,M,13
Okey,M,13
Olaf,M,13
Orlando,M,13
Phil,M,13
Pleas,M,13
Pleasant,M,13
Rex,M,13
Shelby,M,13
Thad,M,13
Axel,M,12
Basil,M,12
Benjaman,M,12
Bertie,M,12
Buck,M,12
Butler,M,12
Cassius,M,12
Denis,M,12
Doc,M,12
Dora,M,12
Duncan,M,12
Ely,M,12
Ernie,M,12
Erwin,M,12
Evan,M,12
Evans,M,12
Frances,M,12
Garnett,M,12
Giles,M,12
Hamp,M,12
Jean,M,12
Jordan,M,12
June,M,12
Lenard,M,12
Lum,M,12
Lyle,M,12
Mahlon,M,12
Mason,M,12
Mat,M,12
Pierre,M,12
Price,M,12
Rodney,M,12
Rubin,M,12
Theo,M,12
Watt,M,12
Wyatt,M,12
Albin,M,11
Aloysius,M,11
Benton,M,11
Bernie,M,11
Bishop,M,11
Cornelious,M,11
Coy,M,11
Dexter,M,11
Drew,M,11
Emmitt,M,11
Ezekiel,M,11
Finis,M,11
Furman,M,11
Howell,M,11
Issac,M,11
Johnson,M,11
Jones,M,11
Lacy,M,11
Llewellyn,M,11
Manley,M,11
Odie,M,11
Olin,M,11
Omar,M,11
Oswald,M,11
Paris,M,11
Pinkney,M,11
Quincy,M,11
Richmond,M,11
Rupert,M,11
Shirley,M,11
Sid,M,11
Tim,M,11
Volney,M,11
Webb,M,11
West,M,11
Abel,M,10
Alma,M,10
Alonza,M,10
Berton,M,10
Dillard,M,10
Early,M,10
Ephraim,M,10
Ephriam,M,10
Evert,M,10
Gary,M,10
Gaston,M,10
Hosea,M,10
Hunter,M,10
Kirk,M,10
Linus,M,10
Lonzo,M,10
Lou,M,10
Lowell,M,10
Martha,M,10
Merrill,M,10
Miguel,M,10
Minnie,M,10
Mitchel,M,10
Noel,M,10
Norris,M,10
Otha,M,10
Perley,M,10
Reinhold,M,10
Rush,M,10
Samual,M,10
Sanders,M,10
Sebastian,M,10
Seymour,M,10
Shelton,M,10
Squire,M,10
Stuart,M,10
Sydney,M,10
Theron,M,10
Travis,M,10
Wilton,M,10
Zeb,M,10
Allison,M,9
Anson,M,9
Asbury,M,9
Benjamine,M,9
Bessie,M,9
Beverly,M,9
Brooks,M,9
Burley,M,9
Burr,M,9
Buster,M,9
Davis,M,9
Dean,M,9
Eber,M,9
Edna,M,9
Eldridge,M,9
Elzie,M,9
Eric,M,9
Fayette,M,9
Hampton,M,9
Herschel,M,9
Ivy,M,9
Jule,M,9
Junior,M,9
Junious,M,9
Justus,M,9
Lambert,M,9
Len,M,9
Levy,M,9
Lindsay,M,9
Lonie,M,9
Minor,M,9
Octave,M,9
Orson,M,9
Reed,M,9
Tillman,M,9
Tracy,M,9
Winfred,M,9
Wong,M,9
Young,M,9
Ace,M,8
Alden,M,8
Alec,M,8
Alois,M,8
Alpheus,M,8
Alphonso,M,8
Andres,M,8
Angelo,M,8
Annie,M,8
Archer,M,8
Armstead,M,8
Aron,M,8
Augustine,M,8
Author,M,8
Bailey,M,8
Bedford,M,8
Benedict,M,8
Bertha,M,8
Brice,M,8
Brown,M,8
Burrell,M,8
Byrd,M,8
Carleton,M,8
Chin,M,8
Clare,M,8
Doctor,M,8
Dolphus,M,8
Eben,M,8
Elie,M,8
Elige,M,8
Ennis,M,8
Florence,M,8
Gabe,M,8
Gibson,M,8
Gustavus,M,8
Harlan,M,8
Hollis,M,8
Humphrey,M,8
Hurley,M,8
Larry,M,8
Lindsey,M,8
Lue,M,8
Malachi,M,8
May,M,8
Maynard,M,8
Melville,M,8
Milford,M,8
Mills,M,8
Orange,M,8
Orie,M,8
Pablo,M,8
Reese,M,8
Roswell,M,8
Sampson,M,8
Thaddeus,M,8
Thurman,M,8
Tommie,M,8
Toney,M,8
Walton,M,8
Wellington,M,8
Willam,M,8
Willian,M,8
Wylie,M,8
Adolfo,M,7
Alanzo,M,7
Albion,M,7
Alcide,M,7
Alvie,M,7
Alvis,M,7
Antoine,M,7
Ashley,M,7
Ballard,M,7
Bartholomew,M,7
Baxter,M,7
Billy,M,7
Bird,M,7
Campbell,M,7
Commodore,M,7
Connie,M,7
Dale,M,7
Dayton,M,7
Delmar,M,7
Dow,M,7
Ebbie,M,7
Egbert,M,7
Eligah,M,7
Elizabeth,M,7
Emma,M,7
Ernst,M,7
Essie,M,7
Ethan,M,7
Eustace,M,7
Ewing,M,7
Fate,M,7
Felipe,M,7
Fernand,M,7
Fisher,M,7
Ford,M,7
Gail,M,7
Graham,M,7
Gustaf,M,7
Harland,M,7
Hayes,M,7
Hezekiah,M,7
Hilary,M,7
Hosie,M,7
Isreal,M,7
Ivory,M,7
Joesph,M,7
Julious,M,7
Lemon,M,7
Lora,M,7
Louise,M,7
Manford,M,7
Manning,M,7
Margaret,M,7
Marsh,M,7
Marshal,M,7
Mart,M,7
Mont,M,7
Nat,M,7
Newman,M,7
Nickolas,M,7
Olie,M,7
Park,M,7
Pearley,M,7
Reginald,M,7
Rice,M,7
Rolland,M,7
Rollin,M,7
Roman,M,7
Rome,M,7
Rowland,M,7
Sammie,M,7
Seward,M,7
Shade,M,7
Shelly,M,7
Terry,M,7
Titus,M,7
Tommy,M,7
Unknown,M,7
Vicente,M,7
Weston,M,7
Wheeler,M,7
Williams,M,7
Worth,M,7
Addie,M,6
Alan,M,6
Alberto,M,6
Alexis,M,6
Alf,M,6
Alfonso,M,6
Almon,M,6
Antone,M,6
Arlie,M,6
Asberry,M,6
Ashby,M,6
Auguste,M,6
Auther,M,6
Bart,M,6
Bascom,M,6
Bee,M,6
Birt,M,6
Cameron,M,6
Camille,M,6
Carrie,M,6
Chesley,M,6
Clabe,M,6
Cloyd,M,6
Cooper,M,6
Darius,M,6
Delos,M,6
Dempsey,M,6
Dennie,M,6
Dolph,M,6
Domingo,M,6
Ebb,M,6
Eliga,M,6
Elsworth,M,6
Elwin,M,6
Emilio,M,6
Everette,M,6
Fernando,M,6
Fredric,M,6
French,M,6
Garry,M,6
Gee,M,6
Gerhard,M,6
Gideon,M,6
Grace,M,6
Hansford,M,6
Hardin,M,6
Heber,M,6
Hector,M,6
Hermann,M,6
Hershel,M,6
Hervey,M,6
Hilliard,M,6
Horatio,M,6
Hoyt,M,6
Huston,M,6
Isham,M,6
Jarvis,M,6
Jobe,M,6
Joeseph,M,6
Josephus,M,6
Kirby,M,6
Landon,M,6
Lane,M,6
Lawyer,M,6
Lennie,M,6
Leonidas,M,6
Lesley,M,6
Lillian,M,6
Linn,M,6
Littleton,M,6
Lone,M,6
Ludwig,M,6
Marcellus,M,6
Margarito,M,6
Mattie,M,6
Maxwell,M,6
Melton,M,6
Mervin,M,6
Nellie,M,6
Oran,M,6
Orla,M,6
Orval,M,6
Ott,M,6
Percival,M,6
Press,M,6
Rafael,M,6
Randle,M,6
Reece,M,6
Rene,M,6
Rich,M,6
Roderick,M,6
Rollo,M,6
Rutherford,M,6
Seaborn,M,6
Severt,M,6
Steward,M,6
Sylvanus,M,6
Theadore,M,6
Theophile,M,6
Todd,M,6
Vernie,M,6
Vester,M,6
Wenzel,M,6
Wilhelm,M,6
Wood,M,6
Yee,M,6
Ab,M,5
Adolf,M,5
Alby,M,5
Alcee,M,5
Almer,M,5
Almond,M,5
Alvy,M,5
Amon,M,5
Ansel,M,5
Babe,M,5
Bayard,M,5
Benny,M,5
Bertrand,M,5
Bluford,M,5
Booker,M,5
Bradley,M,5
Bruno,M,5
Burnett,M,5
Burney,M,5
Callie,M,5
Caswell,M,5
Claudie,M,5
Colin,M,5
Conley,M,5
Cortez,M,5
Darwin,M,5
Davie,M,5
Dionicio,M,5
Dominick,M,5
Donnie,M,5
Duff,M,5
Edson,M,5
Elam,M,5
Eldred,M,5
Ell,M,5
Ellery,M,5
Ellwood,M,5
Elva,M,5
Emmit,M,5
Enrique,M,5
Erasmus,M,5
Erie,M,5
Erle,M,5
Essex,M,5
Ewell,M,5
Ewin,M,5
Fabian,M,5
Fleming,M,5
Florencio,M,5
Fremont,M,5
Gaines,M,5
Garnet,M,5
Gaylord,M,5
German,M,5
Greene,M,5
Griffin,M,5
Hallie,M,5
Handy,M,5
Hardie,M,5
Harlow,M,5
Harper,M,5
Harvie,M,5
Hayden,M,5
Hilton,M,5
Hollie,M,5
Hoy,M,5
Hubbard,M,5
Huey,M,5
Ida,M,5
Irven,M,5
Isadore,M,5
Isidore,M,5
Jennie,M,5
Jhon,M,5
Jonah,M,5
Julia,M,5
Kay,M,5
Kelley,M,5
Lamar,M,5
Laura,M,5
Lazarus,M,5
Leigh,M,5
Lenzy,M,5
Leonce,M,5
Leverett,M,5
Lewie,M,5
Lionel,M,5
Loran,M,5
Lorenz,M,5
Lott,M,5
Love,M,5
Loyal,M,5
Luster,M,5
Malcom,M,5
Mance,M,5
Marian,M,5
Marius,M,5
Matthews,M,5
Matthias,M,5
Maude,M,5
Merritt,M,5
Meyer,M,5
Mikel,M,5
Moody,M,5
Murry,M,5
Newell,M,5
Nicolas,M,5
Norton,M,5
Oather,M,5
Obe,M,5
Obie,M,5
Ocie,M,5
Orley,M,5
Orrie,M,5
Orva,M,5
Ottie,M,5
Parley,M,5
Patricio,M,5
Plummer,M,5
Primus,M,5
Rafe,M,5
Rance,M,5
Raphael,M,5
Rube,M,5
Rudolf,M,5
Rudy,M,5
Ruel,M,5
Russel,M,5
Sameul,M,5
Samul,M,5
Schuyler,M,5
Seldon,M,5
Soloman,M,5
Solon,M,5
Stafford,M,5
Stanton,M,5
Sumner,M,5
Theophilus,M,5
Thompson,M,5
Tilden,M,5
Toby,M,5
True,M,5
Urban,M,5
Uriah,M,5
Val,M,5
Vance,M,5
Verne,M,5
Vince,M,5
Vivian,M,5
Whit,M,5
Willaim,M,5
Winifred,M,5
Wirt,M,5
Woodson,M,5
Woody,M,5
Worley,M,5
Zed,M,5
