name,gender,count
Mary,F,18665
Helen,F,8439
Margaret,F,6976
Ruth,F,6180
Anna,F,5860
Dorothy,F,5703
Elizabeth,F,4904
Mildred,F,4624
Alice,F,4270
Marie,F,4076
Florence,F,3883
Ethel,F,3786
Lillian,F,3634
Frances,F,3593
Gladys,F,3580
Rose,F,3382
Edna,F,3365
Louise,F,2937
Grace,F,2901
Evelyn,F,2857
Annie,F,2820
Catherine,F,2750
Irene,F,2732
Hazel,F,2698
Gertrude,F,2562
Thelma,F,2526
Edith,F,2410
Josephine,F,2389
Bertha,F,2384
Emma,F,2357
Clara,F,2352
Martha,F,2324
Ruby,F,2229
Bessie,F,2201
Virginia,F,2195
Esther,F,2187
Mabel,F,2096
Lucille,F,2080
Pearl,F,2075
Beatrice,F,1997
Elsie,F,1983
Viola,F,1964
Ida,F,1952
Myrtle,F,1952
Agnes,F,1934
Eva,F,1930
Minnie,F,1817
Sarah,F,1814
Nellie,F,1757
Julia,F,1749
Pauline,F,1702
Laura,F,1558
Alma,F,1474
Lillie,F,1471
Katherine,F,1430
Ella,F,1428
Mae,F,1384
Jessie,F,1382
Willie,F,1371
Mattie,F,1364
Bernice,F,1363
Ann,F,1354
Marion,F,1349
Lena,F,1331
Eleanor,F,1302
Carrie,F,1239
Stella,F,1216
Vera,F,1204
Blanche,F,1162
Doris,F,1155
Hattie,F,1137
Betty,F,1128
Leona,F,1118
Lucy,F,1118
Anne,F,1088
Fannie,F,1085
Kathryn,F,1058
Jennie,F,1038
Mamie,F,1028
Lois,F,1023
Violet,F,1017
Beulah,F,1015
Cora,F,962
Opal,F,955
Marjorie,F,942
Rosa,F,941
Ada,F,922
Marguerite,F,913
Lula,F,892
Velma,F,860
Jean,F,852
Ellen,F,848
Dora,F,806
Theresa,F,795
Maggie,F,772
Sadie,F,770
Georgia,F,768
Charlotte,F,766
Daisy,F,765
Inez,F,757
Sylvia,F,748
Hilda,F,735
Emily,F,732
Susie,F,698
Flora,F,677
Eunice,F,676
Estelle,F,675
Genevieve,F,654
Nancy,F,651
Nora,F,648
Olive,F,648
Alberta,F,641
Wilma,F,630
Lola,F,623
Lucile,F,592
Lottie,F,580
Marian,F,579
Juanita,F,572
Loretta,F,566
Mable,F,566
Vivian,F,561
Eula,F,558
Della,F,549
Effie,F,549
Verna,F,549
Harriet,F,548
Sara,F,546
Nettie,F,543
Goldie,F,538
Jane,F,531
Katie,F,531
Kathleen,F,527
Sophie,F,523
May,F,515
Barbara,F,514
Geneva,F,511
Maude,F,510
Christine,F,504
Rosie,F,502
Lydia,F,499
Sallie,F,489
Maria,F,480
Irma,F,478
Erma,F,477
Henrietta,F,468
Naomi,F,458
Madeline,F,457
Essie,F,451
Rebecca,F,451
Caroline,F,449
Nina,F,449
Ollie,F,447
Addie,F,445
Sally,F,443
Lizzie,F,436
Victoria,F,435
Norma,F,430
Ora,F,426
Rachel,F,425
Iva,F,418
Lela,F,411
Etta,F,400
Amelia,F,370
Audrey,F,370
Ola,F,368
Fern,F,364
Geraldine,F,362
Celia,F,351
Isabel,F,351
Susan,F,350
Freda,F,349
Adeline,F,346
Olga,F,345
Miriam,F,342
Mollie,F,341
Flossie,F,340
Luella,F,336
Cecelia,F,325
Leola,F,321
Estella,F,317
Frieda,F,317
Alta,F,313
Nannie,F,313
Faye,F,311
Isabelle,F,308
Jeanette,F,304
Virgie,F,302
Bonnie,F,299
Ina,F,299
Roberta,F,296
Cleo,F,290
Jewell,F,288
Nell,F,288
Phyllis,F,288
Veronica,F,286
Janie,F,284
Matilda,F,284
Shirley,F,284
Winifred,F,281
Carolyn,F,280
Elva,F,279
Anita,F,277
Sophia,F,276
Fay,F,267
Antoinette,F,266
Cecilia,F,263
Muriel,F,262
Amanda,F,260
Jeannette,F,260
Selma,F,257
Regina,F,256
Rita,F,255
Lila,F,254
Lorraine,F,253
Angelina,F,251
Marcella,F,248
Dorothea,F,246
Allie,F,245
Amy,F,245
Jewel,F,244
Eliza,F,243
Margie,F,243
Hannah,F,240
Claire,F,235
Teresa,F,233
Janet,F,231
Wanda,F,226
Maxine,F,220
Lorene,F,218
Callie,F,214
Constance,F,214
Gussie,F,213
Dolores,F,212
Elma,F,208
Josie,F,207
June,F,206
Sue,F,206
Patricia,F,205
Eloise,F,201
Rena,F,201
Madge,F,200
Eileen,F,199
Zelma,F,199
Letha,F,198
Tillie,F,198
Lee,F,197
Winnie,F,197
Ila,F,196
Leah,F,194
Adele,F,192
Kate,F,191
Maudie,F,189
Angeline,F,188
Johnnie,F,188
Belle,F,187
Dollie,F,187
Annette,F,185
Hester,F,184
Neva,F,184
Angela,F,183
Reba,F,183
Lessie,F,181
Olivia,F,181
Lenora,F,180
Rosalie,F,180
Elvira,F,179
Millie,F,177
Augusta,F,176
Ernestine,F,176
Gracie,F,174
Elnora,F,170
Delia,F,168
Adelaide,F,167
Lora,F,167
Francis,F,166
Bertie,F,164
Cornelia,F,164
Odessa,F,162
Roxie,F,162
Iola,F,156
Birdie,F,155
Cecile,F,155
Katharine,F,155
Corinne,F,154
Jeanne,F,154
Lorena,F,152
Mayme,F,151
Leila,F,150
Peggy,F,150
Frankie,F,148
Myra,F,148
Edythe,F,147
Lou,F,147
Carol,F,146
Nola,F,144
Arlene,F,143
Clarice,F,141
Lelia,F,141
Dessie,F,140
Wilhelmina,F,140
Billie,F,139
Helene,F,138
Maud,F,138
Lilly,F,137
Pearlie,F,137
Claudia,F,134
Dovie,F,132
Oma,F,132
Eugenia,F,131
Iris,F,131
Bettie,F,130
Hallie,F,130
Elaine,F,129
Gwendolyn,F,127
Zella,F,125
Dolly,F,124
Helena,F,124
Ophelia,F,124
Aline,F,123
Catharine,F,123
Carmen,F,122
Lulu,F,120
Merle,F,120
Rosella,F,119
Rosetta,F,119
Christina,F,118
Corine,F,117
Tessie,F,117
Connie,F,116
Ione,F,116
Lettie,F,116
Harriett,F,115
Lenore,F,115
Cecil,F,114
Annabelle,F,113
Isabella,F,112
Lucinda,F,112
Vesta,F,112
Alvina,F,109
Gertie,F,108
Rhoda,F,108
Erna,F,107
Leone,F,107
Pansy,F,107
Jimmie,F,106
Melba,F,106
Priscilla,F,106
Alyce,F,105
Carmela,F,105
Joyce,F,105
Linnie,F,105
Maybelle,F,105
Isabell,F,104
Joan,F,104
Yvonne,F,104
Johanna,F,103
Lily,F,102
Iona,F,101
Louisa,F,101
Molly,F,101
Aileen,F,99
Leota,F,99
Maurine,F,99
Willa,F,99
Donna,F,98
Golda,F,98
Lura,F,97
Alpha,F,96
Philomena,F,96
Bernadette,F,95
Eddie,F,94
Elsa,F,93
Linda,F,93
Arline,F,92
Berniece,F,91
Bess,F,91
Eleanore,F,91
Elinor,F,91
Laverne,F,91
Rosemary,F,91
Hettie,F,90
Nona,F,90
Elisabeth,F,89
Jannie,F,89
Beryl,F,88
Imogene,F,88
Georgie,F,87
Fanny,F,86
Natalie,F,86
Zelda,F,86
Artie,F,85
Cassie,F,85
Floy,F,85
Mathilda,F,85
Minerva,F,85
Mona,F,85
Abbie,F,84
Verda,F,84
Aurelia,F,83
Leta,F,83
Lona,F,83
Ona,F,83
Paula,F,83
Polly,F,83
Leora,F,81
Louella,F,81
Rae,F,81
Vada,F,81
Rubye,F,80
Bernadine,F,77
Era,F,77
Orpha,F,77
Evie,F,76
Mittie,F,76
Phoebe,F,76
Sybil,F,76
Carmella,F,75
Kay,F,75
Antonia,F,74
Dixie,F,74
Vida,F,74
Concetta,F,73
Loraine,F,73
Magnolia,F,73
Reva,F,73
Angie,F,72
Bobbie,F,72
Gloria,F,71
Mazie,F,71
Clare,F,70
Elise,F,70
Garnet,F,70
Ramona,F,70
Yetta,F,70
Zola,F,70
Hortense,F,69
Lauretta,F,69
Nadine,F,68
Stephanie,F,68
Blanch,F,67
Eve,F,67
Ivy,F,67
Meta,F,67
Althea,F,66
Hulda,F,66
Idella,F,66
Wilda,F,66
Allene,F,65
Bella,F,65
Estell,F,65
Julie,F,65
Tommie,F,65
Florine,F,64
Mercedes,F,64
Mina,F,64
Agatha,F,62
Avis,F,62
Camille,F,62
Lovie,F,62
Monica,F,62
Queen,F,62
Lennie,F,61
Marcia,F,61
Alva,F,60
Corrine,F,60
Gretchen,F,60
Veda,F,60
Elda,F,59
Ester,F,59
Harriette,F,59
Janice,F,59
Robbie,F,59
Zora,F,59
Ava,F,58
John,F,58
Elena,F,57
Filomena,F,57
Jacqueline,F,57
Cordelia,F,56
Cynthia,F,56
Ellie,F,56
Evangeline,F,56
Guadalupe,F,56
Malinda,F,56
Margret,F,56
Marietta,F,56
Una,F,56
Belva,F,55
Diana,F,55
Emilie,F,55
Ethelyn,F,55
Rhea,F,55
Delma,F,54
Elmira,F,54
Ferne,F,54
Joanna,F,54
Melva,F,54
Retha,F,54
Rowena,F,54
Hilma,F,53
Pearle,F,53
Zula,F,53
Glenna,F,52
Lida,F,52
Nelle,F,52
Theodora,F,52
Edwina,F,51
Enid,F,51
Madeleine,F,51
Winona,F,51
Charity,F,50
Clementine,F,50
Crystal,F,50
Esta,F,50
Judith,F,50
Margarita,F,50
Nan,F,50
Patsy,F,50
Vina,F,50
Bennie,F,49
Beth,F,49
Dena,F,49
Lavina,F,49
Pinkie,F,49
Reta,F,49
Vernie,F,49
Clyde,F,48
Donnie,F,48
Germaine,F,48
Lina,F,48
Ludie,F,48
Lue,F,48
Mandy,F,48
Ursula,F,48
Claudie,F,47
Delores,F,47
Dorotha,F,47
Dorthy,F,47
Eleanora,F,47
Georgiana,F,47
Luvenia,F,47
Mabelle,F,47
Margery,F,47
Mozelle,F,47
Ruthie,F,47
Albertha,F,46
Aurora,F,46
Jo,F,46
Leatha,F,46
Lyda,F,46
Madie,F,46
Marvel,F,46
Maxie,F,46
Myrtice,F,46
Myrtie,F,46
Tressie,F,46
Adella,F,45
Carolina,F,45
Odell,F,45
Savannah,F,45
Vergie,F,45
William,F,45
Adell,F,44
Delphia,F,44
Lucia,F,44
Susanna,F,44
Charlie,F,43
Earline,F,43
Emilia,F,43
Exie,F,43
Kattie,F,43
Madelyn,F,43
Ray,F,43
Arvilla,F,42
Chloe,F,42
Dortha,F,42
Edrie,F,42
Elenora,F,42
Idell,F,42
Novella,F,42
Octavia,F,42
Vallie,F,42
Celeste,F,41
George,F,41
Leslie,F,41
Lorna,F,41
Mallie,F,41
Myrna,F,41
Tina,F,41
Valeria,F,41
Violette,F,41
Winnifred,F,41
Cathryn,F,40
Easter,F,40
Grayce,F,40
Ima,F,40
Leonora,F,40
Lilla,F,40
Melvina,F,40
Nita,F,40
Petra,F,40
Albina,F,39
Alda,F,39
Alfreda,F,39
Bulah,F,39
Juliette,F,39
Luna,F,39
Maybell,F,39
Millicent,F,39
Ocie,F,39
Queenie,F,39
Rosalee,F,39
Suzanne,F,39
Tennie,F,39
Velva,F,39
Verona,F,39
Almeda,F,38
Berta,F,38
Felicia,F,38
Francisca,F,38
Freida,F,38
Hope,F,38
Joy,F,38
Manuela,F,38
Myrtis,F,38
Onie,F,38
Sammie,F,38
Verdie,F,38
Emmie,F,37
Evalyn,F,37
Freddie,F,37
Hedwig,F,37
Katheryn,F,37
Lorine,F,37
Magdalene,F,37
Margarette,F,37
Rosamond,F,37
Rubie,F,37
Alicia,F,36
Audra,F,36
Elvera,F,36
Ira,F,36
Nova,F,36
Roma,F,36
Rosalind,F,36
Sudie,F,36
Vernice,F,36
Viva,F,36
Adela,F,35
Adelia,F,35
Alene,F,35
Berenice,F,35
Eda,F,35
Faith,F,35
Florida,F,35
Hildegarde,F,35
Jenny,F,35
Juana,F,35
Lea,F,35
Lucretia,F,35
Macie,F,35
Velda,F,35
Yolanda,F,35
Anastasia,F,34
Annabel,F,34
Maye,F,34
Myrle,F,34
Rosia,F,34
Ethyl,F,33
Georgianna,F,33
Goldia,F,33
Greta,F,33
Justine,F,33
Lavinia,F,33
Lucie,F,33
Tena,F,33
Vinnie,F,33
Antonette,F,32
Beverly,F,32
Celestine,F,32
Delphine,F,32
Dona,F,32
Elouise,F,32
James,F,32
Joe,F,32
Kitty,F,32
Lera,F,32
Lilian,F,32
Marjory,F,32
Minna,F,32
Mozell,F,32
Oleta,F,32
Pearline,F,32
Ressie,F,32
Rosina,F,32
Tressa,F,32
Vena,F,32
Altha,F,31
Audie,F,31
Bell,F,31
Dottie,F,31
Elvie,F,31
Jaunita,F,31
Lavada,F,31
Lupe,F,31
Ossie,F,31
Treva,F,31
Zona,F,31
Amie,F,30
Andrea,F,30
Bethel,F,30
Charles,F,30
Claudine,F,30
Cordie,F,30
Eldora,F,30
Elna,F,30
Gail,F,30
Johnie,F,30
Juliet,F,30
Madaline,F,30
Therese,F,30
Verlie,F,30
Charlene,F,29
Eulalia,F,29
Euna,F,29
Fairy,F,29
Renee,F,29
Rilla,F,29
Aletha,F,28
Camilla,F,28
Emelia,F,28
Fae,F,28
Florene,F,28
Freeda,F,28
Lexie,F,28
Magdalena,F,28
Mavis,F,28
Missouri,F,28
Rosalia,F,28
Rosanna,F,28
Valerie,F,28
Alida,F,27
Alverta,F,27
Carmel,F,27
Delta,F,27
Dorcas,F,27
Elisa,F,27
Ena,F,27
Hanna,F,27
Henry,F,27
Janette,F,27
Louvenia,F,27
Melissa,F,27
Pattie,F,27
Albertine,F,26
Annetta,F,26
Berneice,F,26
Ettie,F,26
Gilda,F,26
Glennie,F,26
Lonie,F,26
Magdalen,F,26
Martina,F,26
Nella,F,26
Robert,F,26
Salome,F,26
Vella,F,26
Annis,F,25
Ara,F,25
Beaulah,F,25
Bridget,F,25
Clarissa,F,25
Clemmie,F,25
Consuelo,F,25
Deborah,F,25
Eloisa,F,25
Hildred,F,25
Icie,F,25
Jettie,F,25
Josefa,F,25
Louie,F,25
Marilyn,F,25
Meda,F,25
Serena,F,25
Signe,F,25
Verla,F,25
Versie,F,25
Veta,F,25
Veva,F,25
Zenobia,F,25
Adelle,F,24
Angelita,F,24
Betsy,F,24
Claribel,F,24
Corene,F,24
Dorris,F,24
Eulah,F,24
Ilene,F,24
Ines,F,24
Izola,F,24
Josefina,F,24
Manda,F,24
Nathalie,F,24
Olevia,F,24
Ouida,F,24
Retta,F,24
Sidney,F,24
Theo,F,24
Alvena,F,23
Amalia,F,23
Edra,F,23
Emeline,F,23
Hazle,F,23
Hertha,F,23
Jackie,F,23
Liza,F,23
Lonnie,F,23
Marge,F,23
Maryann,F,23
Mertie,F,23
Monnie,F,23
Myrl,F,23
Odie,F,23
Rachael,F,23
Rosemarie,F,23
Sibyl,F,23
Zita,F,23
Zoe,F,23
Adaline,F,22
Annabell,F,22
Annamae,F,22
Ardis,F,22
Arlena,F,22
Bea,F,22
Elizebeth,F,22
Elmer,F,22
Elta,F,22
Eugenie,F,22
Evelina,F,22
Frank,F,22
Hassie,F,22
Leo,F,22
Libby,F,22
Luisa,F,22
Margaretta,F,22
Thomas,F,22
Twila,F,22
Vincenza,F,22
Adrienne,F,21
Alline,F,21
Ardella,F,21
Astrid,F,21
Chrystal,F,21
Delilah,F,21
Doretha,F,21
Elvina,F,21
Enola,F,21
Evelyne,F,21
Florrie,F,21
Golden,F,21
Gwen,F,21
Hellen,F,21
Isobel,F,21
Jonnie,F,21
Joseph,F,21
Kathrine,F,21
Kathryne,F,21
Kittie,F,21
Lenna,F,21
Lissie,F,21
Loma,F,21
Marianne,F,21
Neta,F,21
Noma,F,21
Omie,F,21
Ova,F,21
Palma,F,21
Thora,F,21
Trudie,F,21
Zada,F,21
Zettie,F,21
Amber,F,20
Ardelia,F,20
Bonita,F,20
Cathrine,F,20
Classie,F,20
Corrie,F,20
Daphne,F,20
Edyth,F,20
Emmer,F,20
Fleta,F,20
Garnett,F,20
Gay,F,20
Gene,F,20
Gennie,F,20
Jerry,F,20
Katy,F,20
Larue,F,20
Lassie,F,20
Letitia,F,20
Lyla,F,20
Mariah,F,20
Mellie,F,20
Naoma,F,20
Norine,F,20
Ottie,F,20
Ozella,F,20
Sabina,F,20
Santa,F,20
Vennie,F,20
Willia,F,20
Allean,F,19
Arizona,F,19
Arnetta,F,19
Arrie,F,19
Atha,F,19
Bernardine,F,19
Cleta,F,19
Clora,F,19
Coletta,F,19
Cordia,F,19
Corean,F,19
Etha,F,19
Eura,F,19
Gladyce,F,19
Inga,F,19
Joanne,F,19
Juliana,F,19
Lavon,F,19
Maebelle,F,19
Marcelle,F,19
Mozella,F,19
Odelia,F,19
Rozella,F,19
Sadye,F,19
Selena,F,19
Sigrid,F,19
Sula,F,19
Adah,F,18
Adline,F,18
Aggie,F,18
Arie,F,18
Augustine,F,18
Bernetta,F,18
Bette,F,18
Buna,F,18
Creola,F,18
Dean,F,18
Dell,F,18
Diane,F,18
Drucilla,F,18
Ether,F,18
Eveline,F,18
Floretta,F,18
Isla,F,18
Laurie,F,18
Lynn,F,18
Margarete,F,18
Marianna,F,18
Mathilde,F,18
Merna,F,18
Mossie,F,18
Nedra,F,18
Nila,F,18
Paralee,F,18
Romaine,F,18
Sena,F,18
Sofia,F,18
Syble,F,18
Zadie,F,18
Albertina,F,17
Clementina,F,17
Cleora,F,17
Coral,F,17
Dagmar,F,17
Dale,F,17
Delpha,F,17
Delsie,F,17
Earnestine,F,17
Emogene,F,17
Glenn,F,17
Izetta,F,17
Izora,F,17
Jessica,F,17
Jossie,F,17
Launa,F,17
Laurette,F,17
Leda,F,17
Leoma,F,17
Libbie,F,17
Lilyan,F,17
Lollie,F,17
Madalyn,F,17
Mettie,F,17
Neoma,F,17
Nobie,F,17
Norene,F,17
Oda,F,17
Prudence,F,17
Trula,F,17
Vassie,F,17
Virgil,F,17
Zetta,F,17
Adelina,F,16
Aimee,F,16
Alys,F,16
Arlie,F,16
Assunta,F,16
Bernie,F,16
Blanchie,F,16
Buelah,F,16
Bula,F,16
Carlota,F,16
Ceil,F,16
Charline,F,16
Cleda,F,16
Cleola,F,16
Colette,F,16
Deloris,F,16
Edmonia,F,16
Eugene,F,16
Flo,F,16
Helga,F,16
Hessie,F,16
Ivory,F,16
Joann,F,16
Laurel,F,16
Lilie,F,16
Lossie,F,16
Luetta,F,16
Margurite,F,16
Mariam,F,16
Nealie,F,16
Nelda,F,16
Odile,F,16
Osie,F,16
Ozie,F,16
Rafaela,F,16
Sonia,F,16
Sophronia,F,16
Theola,F,16
Thresa,F,16
Tiny,F,16
Afton,F,15
Alvera,F,15
America,F,15
Ana,F,15
Aretta,F,15
Arietta,F,15
Celina,F,15
Ceola,F,15
Dana,F,15
Dicie,F,15
Dimple,F,15
Elberta,F,15
Elease,F,15
Evalena,F,15
Florance,F,15
Hollis,F,15
Ingrid,F,15
Jamie,F,15
Judy,F,15
Lala,F,15
Lavern,F,15
Lempi,F,15
Leon,F,15
Leonor,F,15
Lolita,F,15
Louis,F,15
Mahala,F,15
Malissa,F,15
Marceline,F,15
Margarett,F,15
Nanie,F,15
Nonie,F,15
Reatha,F,15
Roselle,F,15
Sandra,F,15
Tracy,F,15
Vicie,F,15
Vlasta,F,15
Vonnie,F,15
Wynona,F,15
Aida,F,14
Alba,F,14
Almeta,F,14
Ammie,F,14
Anabel,F,14
Arabella,F,14
Ardath,F,14
Ardell,F,14
Benita,F,14
Bert,F,14
Carmelita,F,14
Carroll,F,14
Clarabelle,F,14
Concepcion,F,14
Daisey,F,14
Dallas,F,14
Darlene,F,14
Domenica,F,14
Donie,F,14
Dorthea,F,14
Dulcie,F,14
Earl,F,14
Emaline,F,14
Frederica,F,14
Frona,F,14
Georgina,F,14
Hasel,F,14
Hildreth,F,14
Hildur,F,14
Jeanetta,F,14
Lacy,F,14
Macy,F,14
Malvina,F,14
Mammie,F,14
Margot,F,14
Margueritte,F,14
Maryanna,F,14
Maryellen,F,14
Melinda,F,14
Meredith,F,14
Pennie,F,14
Pollie,F,14
Rossie,F,14
Rutha,F,14
Shellie,F,14
Theresia,F,14
Thyra,F,14
Tilda,F,14
Tomasa,F,14
Vira,F,14
Yvette,F,14
Abigail,F,13
Alleen,F,13
Alverda,F,13
Arleen,F,13
Beadie,F,13
Bebe,F,13
Bee,F,13
Beula,F,13
Billy,F,13
Birtha,F,13
Birtie,F,13
Carlene,F,13
Catarina,F,13
Cleopatra,F,13
Clifford,F,13
Clotilde,F,13
Colleen,F,13
Dina,F,13
Dorathy,F,13
Doretta,F,13
Elfrieda,F,13
Elinore,F,13
Flavia,F,13
Flonnie,F,13
Floyd,F,13
Garnette,F,13
Glenda,F,13
Henretta,F,13
Henriette,F,13
Hildegard,F,13
Idelle,F,13
Jeane,F,13
Jule,F,13
Karen,F,13
Lavera,F,13
Lavonia,F,13
Leanna,F,13
Lelah,F,13
Leonia,F,13
Leonie,F,13
Lester,F,13
Liddie,F,13
Lovina,F,13
Lugenia,F,13
Lutie,F,13
Maymie,F,13
Mayola,F,13
Nena,F,13
Oneita,F,13
Orene,F,13
Pat,F,13
Patience,F,13
Reather,F,13
Rella,F,13
Rosalyn,F,13
Roseanna,F,13
Samantha,F,13
Selina,F,13
Tempie,F,13
Theda,F,13
Valda,F,13
Vashti,F,13
Vela,F,13
Vernetta,F,13
Vernon,F,13
Wava,F,13
Zelpha,F,13
Zena,F,13
Agness,F,12
Ailene,F,12
Albena,F,12
Aleen,F,12
Aleta,F,12
Alethia,F,12
Alla,F,12
Annice,F,12
Ardith,F,12
Ariel,F,12
Avie,F,12
Azalee,F,12
Azzie,F,12
Cara,F,12
Carry,F,12
Christena,F,12
Cinda,F,12
Dee,F,12
Delfina,F,12
Dinah,F,12
Eathel,F,12
Elenore,F,12
Esperanza,F,12
Evia,F,12
Gretta,F,12
Helmi,F,12
Hermine,F,12
Icy,F,12
Ilda,F,12
Imo,F,12
Irine,F,12
Jeannie,F,12
Kizzie,F,12
Lady,F,12
Leontine,F,12
Lilah,F,12
Lilia,F,12
Lillia,F,12
Linnea,F,12
Luberta,F,12
Mabell,F,12
Madalene,F,12
Madonna,F,12
Margarite,F,12
Mariana,F,12
Maysel,F,12
Melda,F,12
Montie,F,12
Nada,F,12
Odella,F,12
Olympia,F,12
Ovie,F,12
Roselyn,F,12
Santos,F,12
Veola,F,12
Vivienne,F,12
Will,F,12
Williemae,F,12
Adda,F,11
Almira,F,11
Anniemae,F,11
Antonetta,F,11
Arthur,F,11
Aubrey,F,11
Azalea,F,11
Beatriz,F,11
Berdie,F,11
Bettye,F,11
Caldonia,F,11
Catalina,F,11
Celestina,F,11
Cherry,F,11
Christeen,F,11
Cleone,F,11
Clotilda,F,11
Dagny,F,11
Dellar,F,11
Dema,F,11
Dessa,F,11
Doshie,F,11
Drusilla,F,11
Electa,F,11
Elida,F,11
Elzie,F,11
Emmaline,F,11
Erie,F,11
Eudora,F,11
Evaline,F,11
Fleeta,F,11
Florie,F,11
Francies,F,11
Gena,F,11
Genoveva,F,11
Gizella,F,11
Gladis,F,11
Glendora,F,11
Herminia,F,11
Honora,F,11
Idamae,F,11
Ilo,F,11
Irena,F,11
Jeanie,F,11
Jesusa,F,11
Josiephine,F,11
Lacie,F,11
Lannie,F,11
Lear,F,11
Lella,F,11
Lethia,F,11
Leva,F,11
Lillis,F,11
Littie,F,11
Loyce,F,11
Luciel,F,11
Lurline,F,11
Marquerite,F,11
Marrie,F,11
Maureen,F,11
Melanie,F,11
Melina,F,11
Minta,F,11
Mollye,F,11
Norah,F,11
Omega,F,11
Oral,F,11
Otelia,F,11
Otha,F,11
Paulina,F,11
Pearly,F,11
Philomene,F,11
Refugia,F,11
Refugio,F,11
Rosabelle,F,11
Rosena,F,11
Roslyn,F,11
Ruthe,F,11
Saddie,F,11
Sheila,F,11
Sina,F,11
Sister,F,11
Sydney,F,11
Theodosia,F,11
Theora,F,11
Toby,F,11
Trudy,F,11
Ula,F,11
Ura,F,11
Valera,F,11
Venus,F,11
Verena,F,11
Verne,F,11
Versa,F,11
Vertie,F,11
Vinita,F,11
Albirta,F,10
Alcie,F,10
Almer,F,10
Alphia,F,10
Antonina,F,10
Apolonia,F,10
Archie,F,10
Becky,F,10
Bernece,F,10
Burnice,F,10
Capitola,F,10
Carlotta,F,10
Celesta,F,10
Christie,F,10
Concha,F,10
Coy,F,10
Cressie,F,10
Curtis,F,10
Dola,F,10
Earlie,F,10
Effa,F,10
Elenor,F,10
Ellar,F,10
Erline,F,10
Esma,F,10
Eulala,F,10
Foy,F,10
Gerda,F,10
Glada,F,10
Holly,F,10
Huldah,F,10
Inis,F,10
Isadora,F,10
Ivah,F,10
Jeffie,F,10
Jetta,F,10
Junie,F,10
Justina,F,10
Laurena,F,10
Leanore,F,10
Leitha,F,10
Lota,F,10
Macel,F,10
Madelene,F,10
Madelon,F,10
Magdaline,F,10
Maranda,F,10
Marina,F,10
Marry,F,10
Medora,F,10
Mignon,F,10
Naida,F,10
Natalia,F,10
Nelia,F,10
Neola,F,10
Odette,F,10
Olie,F,10
Olivette,F,10
Oralee,F,10
Ottilia,F,10
Pasqualina,F,10
Phebe,F,10
Pinkey,F,10
Portia,F,10
Princess,F,10
Roena,F,10
Rosaline,F,10
Rosebud,F,10
Santina,F,10
Stacy,F,10
Stasia,F,10
Stephania,F,10
Tabitha,F,10
Thalia,F,10
Thea,F,10
Trinidad,F,10
Vannie,F,10
Venita,F,10
Vienna,F,10
Virgia,F,10
Vivien,F,10
Zelia,F,10
Adel,F,9
Alease,F,9
Aleene,F,9
Alise,F,9
Altie,F,9
Alyne,F,9
Aretha,F,9
Arlee,F,9
Artelia,F,9
Arvella,F,9
Audry,F,9
Besse,F,9
Billye,F,9
Blossom,F,9
Brownie,F,9
Byrdie,F,9
Calla,F,9
Candida,F,9
Carie,F,9
Carl,F,9
Clothilde,F,9
Cruz,F,9
Dennie,F,9
Eather,F,9
Eleonora,F,9
Ellis,F,9
Elvia,F,9
Ernie,F,9
Estie,F,9
Ethyle,F,9
Everlena,F,9
Florice,F,9
Francine,F,9
Fred,F,9
Fronie,F,9
Gale,F,9
Georgeanna,F,9
Girtrude,F,9
Grady,F,9
Harold,F,9
Hazelle,F,9
Herma,F,9
Hermina,F,9
Imelda,F,9
India,F,9
Inell,F,9
Inza,F,9
Jay,F,9
Josefita,F,9
Kathlyn,F,9
Laurine,F,9
Lavonne,F,9
Leana,F,9
Lita,F,9
Loree,F,9
Lorenza,F,9
Louanna,F,9
Lovenia,F,9
Luevenia,F,9
Lular,F,9
Lynne,F,9
Maddie,F,9
Maebell,F,9
Maida,F,9
Majorie,F,9
Malissie,F,9
Marcela,F,9
Margo,F,9
Marylou,F,9
Meriam,F,9
Meryl,F,9
Michelina,F,9
Murl,F,9
Natividad,F,9
Okla,F,9
Olean,F,9
Opha,F,9
Patty,F,9
Paul,F,9
Pecolia,F,9
Perry,F,9
Pluma,F,9
Raffaela,F,9
Rebeca,F,9
Rene,F,9
Romana,F,9
Rosey,F,9
Roxanna,F,9
Sallye,F,9
Silvia,F,9
Susana,F,9
Syd,F,9
Sylvester,F,9
Tennessee,F,9
Thera,F,9
Theressa,F,9
Trixie,F,9
Val,F,9
Valentina,F,9
Venice,F,9
Vernell,F,9
Vernia,F,9
Victorine,F,9
Vilma,F,9
Viney,F,9
Willard,F,9
Willow,F,9
Zina,F,9
Albert,F,8
Aldine,F,8
Allena,F,8
Anner,F,8
Anona,F,8
Antionette,F,8
Autie,F,8
Averil,F,8
Babe,F,8
Beata,F,8
Beatrix,F,8
Bettina,F,8
Bitha,F,8
Buena,F,8
Burma,F,8
Caryl,F,8
China,F,8
Christene,F,8
Clair,F,8
Claris,F,8
Clarisse,F,8
Climmie,F,8
Clydie,F,8
Corrinne,F,8
Dannie,F,8
Dawn,F,8
Delcie,F,8
Dezzie,F,8
Docia,F,8
Dot,F,8
Earlene,F,8
Ellamae,F,8
Eller,F,8
Elmina,F,8
Elodie,F,8
Elzora,F,8
Equilla,F,8
Etna,F,8
Etoile,F,8
Etter,F,8
Evlyn,F,8
Felipa,F,8
Fleda,F,8
Florentine,F,8
Floris,F,8
Fonnie,F,8
Fredda,F,8
Fredonia,F,8
Geneve,F,8
Georgena,F,8
Gertha,F,8
Gertude,F,8
Girtie,F,8
Gola,F,8
Gregoria,F,8
Gustava,F,8
Helma,F,8
Ilah,F,8
Indiana,F,8
Ingeborg,F,8
Irean,F,8
Jayne,F,8
Jemima,F,8
Jesse,F,8
Jinnie,F,8
Jodie,F,8
Johnsie,F,8
Jovita,F,8
Juel,F,8
Kathern,F,8
Lavenia,F,8
Lavona,F,8
Leanora,F,8
Lelar,F,8
Levina,F,8
Lorean,F,8
Lovella,F,8
Lovey,F,8
Lucina,F,8
Lurene,F,8
Luz,F,8
Madgie,F,8
Madlyn,F,8
Maisie,F,8
Maree,F,8
Margrett,F,8
Maurice,F,8
Merlie,F,8
Mertis,F,8
Milda,F,8
Minette,F,8
Missie,F,8
Murriel,F,8
Noelie,F,8
Novie,F,8
Odessie,F,8
Ofelia,F,8
Ople,F,8
Orrie,F,8
Osa,F,8
Otis,F,8
Ozzie,F,8
Pearley,F,8
Perlie,F,8
Raymond,F,8
Rea,F,8
Ree,F,8
Reola,F,8
Romona,F,8
Roselee,F,8
Rosy,F,8
Rozelle,F,8
Seferina,F,8
Simona,F,8
Talitha,F,8
Thomasina,F,8
Tyyne,F,8
Valborg,F,8
Valentine,F,8
Vara,F,8
Vila,F,8
Vista,F,8
Vita,F,8
Viviana,F,8
Ysabel,F,8
Zana,F,8
Zara,F,8
Zera,F,8
Zilpha,F,8
Adelene,F,7
Ala,F,7
Alliene,F,7
Alvia,F,7
Alvie,F,7
Alvira,F,7
Alzina,F,7
Amelie,F,7
Amma,F,7
Angel,F,7
Angele,F,7
Ardelle,F,7
Arlean,F,7
Arletta,F,7
Armanda,F,7
Armella,F,7
Arta,F,7
Artha,F,7
Aslee,F,7
Augustina,F,7
Bina,F,7
Borghild,F,7
Brenda,F,7
Bular,F,7
Cammie,F,7
Carla,F,7
Carra,F,7
Cathleen,F,7
Cecille,F,7
Cele,F,7
Charlsie,F,7
Clarence,F,7
Clella,F,7
Cleona,F,7
Clytie,F,7
Collie,F,7
Corina,F,7
Cornelius,F,7
Curley,F,7
Cyrilla,F,7
Daisie,F,7
Debbie,F,7
Dellia,F,7
Doll,F,7
Dominga,F,7
Donata,F,7
Ebba,F,7
Edward,F,7
Elba,F,7
Eleonore,F,7
Ellenor,F,7
Elmyra,F,7
Ermal,F,7
Erminia,F,7
Esteller,F,7
Euphemia,F,7
Evelena,F,7
Evelynne,F,7
Faustina,F,7
Felice,F,7
Ferol,F,7
Florena,F,7
Gabrielle,F,7
Gaynell,F,7
Genevia,F,7
Genevie,F,7
Genie,F,7
Georgette,F,7
Glady,F,7
Gustavia,F,7
Harry,F,7
Havana,F,7
Helyn,F,7
Herman,F,7
Hermie,F,7
Honor,F,7
Idabelle,F,7
Ioma,F,7
Irva,F,7
Ivey,F,7
Ivie,F,7
Janetta,F,7
Johnetta,F,7
Julian,F,7
Kathaleen,F,7
Kathyrn,F,7
Katye,F,7
Lanie,F,7
Lanora,F,7
Lara,F,7
Lavena,F,7
Leala,F,7
Leeta,F,7
Lema,F,7
Loretto,F,7
Louetta,F,7
Loyola,F,7
Luvinia,F,7
Lyle,F,7
Lynette,F,7
Maidie,F,7
Mandie,F,7
Manuelita,F,7
Margert,F,7
Margherita,F,7
Margretta,F,7
Marilla,F,7
Mark,F,7
Marta,F,7
Marvin,F,7
Marybelle,F,7
Maryetta,F,7
Maryjane,F,7
Media,F,7
Mennie,F,7
Merl,F,7
Mickey,F,7
Mitzi,F,7
Montez,F,7
Montine,F,7
Neomia,F,7
Nezzie,F,7
Noella,F,7
Nolia,F,7
Nolie,F,7
Noreen,F,7
Obie,F,7
Ocia,F,7
Odelle,F,7
Olene,F,7
Oliva,F,7
Omah,F,7
Onnie,F,7
Orelia,F,7
Orie,F,7
Ovella,F,7
Ozell,F,7
Palmer,F,7
Parilee,F,7
Pecola,F,7
Penny,F,7
Pheobe,F,7
Piccola,F,7
Pilar,F,7
Prudencia,F,7
Raye,F,7
Reita,F,7
Rheba,F,7
Rosana,F,7
Rosanne,F,7
Roy,F,7
Samella,F,7
Sedonia,F,7
Severa,F,7
Shiela,F,7
Siddie,F,7
Signa,F,7
Stacia,F,7
Stefania,F,7
Sussie,F,7
Sylvania,F,7
Teddy,F,7
Tess,F,7
Texie,F,7
Therma,F,7
Thirza,F,7
Thressa,F,7
Tommye,F,7
Toy,F,7
Troy,F,7
Twyla,F,7
Vadie,F,7
Velta,F,7
Verba,F,7
Verle,F,7
Vern,F,7
Violetta,F,7
Virda,F,7
Vola,F,7
Waneta,F,7
Willena,F,7
Willetta,F,7
Willis,F,7
Willma,F,7
Zeola,F,7
Zeta,F,7
Adalyn,F,6
Adine,F,6
Agustina,F,6
Aina,F,6
Aldea,F,6
Aldean,F,6
Alena,F,6
Alethea,F,6
Alexandra,F,6
Alexandria,F,6
Allice,F,6
Allison,F,6
Almyra,F,6
Alwilda,F,6
Anniebell,F,6
Arbella,F,6
Ardie,F,6
Arkie,F,6
Arzella,F,6
Attie,F,6
Aura,F,6
Azilee,F,6
Belinda,F,6
Berdina,F,6
Berna,F,6
Bernarda,F,6
Birdell,F,6
Blenda,F,6
Bruna,F,6
Burdette,F,6
Candis,F,6
Carleen,F,6
Carline,F,6
Carlyn,F,6
Carma,F,6
Carola,F,6
Cathern,F,6
Celestia,F,6
Cellie,F,6
Channie,F,6
Cindy,F,6
Clelia,F,6
Clemie,F,6
Cleva,F,6
Columbia,F,6
Corda,F,6
Cristina,F,6
Darline,F,6
Delight,F,6
Delphina,F,6
Denise,F,6
Diamond,F,6
Doreen,F,6
Doshia,F,6
Dossie,F,6
Editha,F,6
Edithe,F,6
Eithel,F,6
Elene,F,6
Elfie,F,6
Elia,F,6
Elin,F,6
Elizbeth,F,6
Elon,F,6
Endia,F,6
Enis,F,6
Eola,F,6
Eppie,F,6
Erlene,F,6
Erlinda,F,6
Estefana,F,6
Estellar,F,6
Ethlyn,F,6
Eular,F,6
Evangelina,F,6
Ever,F,6
Everlyn,F,6
Evva,F,6
Ezell,F,6
Ezma,F,6
Fanchon,F,6
Felecia,F,6
Fronnie,F,6
Gayle,F,6
Georga,F,6
Gillie,F,6
Girlie,F,6
Gladies,F,6
Glayds,F,6
Glee,F,6
Goldye,F,6
Gracia,F,6
Grethel,F,6
Gudrun,F,6
Gustie,F,6
Haley,F,6
Helon,F,6
Herbert,F,6
Hetty,F,6
Hila,F,6
Iler,F,6
Illa,F,6
Isa,F,6
Isola,F,6
Ita,F,6
Jack,F,6
Jennette,F,6
Jessamine,F,6
Joesphine,F,6
Laila,F,6
Lalah,F,6
Lalla,F,6
Laney,F,6
Lauraine,F,6
Laurence,F,6
Lavelle,F,6
Laverna,F,6
Laveta,F,6
Lawrence,F,6
Leatrice,F,6
Lemma,F,6
Lemmie,F,6
Leoda,F,6
Leonore,F,6
Leotha,F,6
Lesta,F,6
Letta,F,6
Letty,F,6
Levada,F,6
Librada,F,6
Lilas,F,6
Lilliam,F,6
Lilliemae,F,6
Lillyan,F,6
Lorane,F,6
Lorayne,F,6
Lorina,F,6
Loula,F,6
Loy,F,6
Luceil,F,6
Lucienne,F,6
Lucyle,F,6
Lurena,F,6
Luvena,F,6
Lynda,F,6
Mabry,F,6
Macil,F,6
Maie,F,6
Mannie,F,6
Maple,F,6
Marcelina,F,6
Margaruite,F,6
Margit,F,6
Margrete,F,6
Marsha,F,6
Martine,F,6
Marvelle,F,6
Maryland,F,6
Matha,F,6
Mearl,F,6
Melvia,F,6
Melvin,F,6
Melvinia,F,6
Mercy,F,6
Merla,F,6
Merry,F,6
Mimi,F,6
Mimie,F,6
Mimmie,F,6
Mirla,F,6
Misao,F,6
Modena,F,6
Modesta,F,6
Nancie,F,6
Neal,F,6
Netta,F,6
Nevada,F,6
Olia,F,6
Olinda,F,6
Olla,F,6
Orphia,F,6
Orva,F,6
Othello,F,6
Para,F,6
Parlee,F,6
Parthenia,F,6
Paulene,F,6
Pearlean,F,6
Peggie,F,6
Perle,F,6
Pernie,F,6
Phillis,F,6
Phylis,F,6
Precious,F,6
Ralph,F,6
Raphael,F,6
Reggie,F,6
Rennie,F,6
Rhodia,F,6
Richard,F,6
Roselia,F,6
Rosine,F,6
Saima,F,6
Savanah,F,6
Senora,F,6
Shizuko,F,6
Sidonia,F,6
Soledad,F,6
Stanislawa,F,6
Suzanna,F,6
Sydelle,F,6
Temple,F,6
Teresita,F,6
Terry,F,6
Thekla,F,6
Thersa,F,6
Theta,F,6
Tiney,F,6
Tinnie,F,6
Tommy,F,6
Tossie,F,6
Trella,F,6
Valeda,F,6
Valena,F,6
Valley,F,6
Vaughn,F,6
Veneta,F,6
Ventura,F,6
Vernelle,F,6
Vicenta,F,6
Vona,F,6
Walter,F,6
Weltha,F,6
Wessie,F,6
Willella,F,6
Willette,F,6
Wilna,F,6
Zeffie,F,6
Zelphia,F,6
Ader,F,5
Ailie,F,5
Alean,F,5
Aleda,F,5
Alfrieda,F,5
Algie,F,5
Allen,F,5
Alleyne,F,5
Allyne,F,5
Almerinda,F,5
Almeter,F,5
Alphonsine,F,5
Alvin,F,5
Alzada,F,5
Angelica,F,5
Anice,F,5
Anniebelle,F,5
Antoinetta,F,5
Arah,F,5
Araminta,F,5
Arbutus,F,5
Arcelia,F,5
Arcola,F,5
Ardalia,F,5
Argie,F,5
Arla,F,5
Arletha,F,5
Arnie,F,5
Artena,F,5
Aune,F,5
Aurore,F,5
Avery,F,5
Avice,F,5
Avo,F,5
Avonelle,F,5
Ayako,F,5
Babette,F,5
Bah,F,5
Bama,F,5
Belma,F,5
Bena,F,5
Berchie,F,5
Bernardina,F,5
Berneta,F,5
Bertice,F,5
Bessye,F,5
Betsey,F,5
Beuna,F,5
Bill,F,5
Birda,F,5
Birdia,F,5
Blannie,F,5
Blodwyn,F,5
Brooksie,F,5
Bruce,F,5
Buford,F,5
Burnetta,F,5
Byrd,F,5
Candelaria,F,5
Carlie,F,5
Carolyne,F,5
Cary,F,5
Casimira,F,5
Cecele,F,5
Ceclia,F,5
Celest,F,5
Chella,F,5
Chessie,F,5
Chester,F,5
Chlora,F,5
Chrissie,F,5
Clarabel,F,5
Clarabell,F,5
Claretta,F,5
Clarie,F,5
Claude,F,5
Clemence,F,5
Cleotilde,F,5
Clifton,F,5
Clista,F,5
Clorinda,F,5
Clorine,F,5
Colene,F,5
Corena,F,5
Cosby,F,5
Creasie,F,5
Creta,F,5
Dallie,F,5
Davie,F,5
Delila,F,5
Dellie,F,5
Delora,F,5
Dillie,F,5
Dorathea,F,5
Dorothe,F,5
Dorsie,F,5
Douglas,F,5
Eartha,F,5
Elese,F,5
Elisia,F,5
Ellenora,F,5
Ellyn,F,5
Elnor,F,5
Elthea,F,5
Elvena,F,5
Elzada,F,5
Emelie,F,5
Ennis,F,5
Enriqueta,F,5
Epsie,F,5
Ercel,F,5
Ercell,F,5
Erika,F,5
Erin,F,5
Erla,F,5
Ernest,F,5
Ersie,F,5
Ersilia,F,5
Esmer,F,5
Essye,F,5
Estel,F,5
Ethelmae,F,5
Eulalie,F,5
Evah,F,5
Everline,F,5
Felma,F,5
Ferna,F,5
Flara,F,5
Floria,F,5
Florinda,F,5
Flossy,F,5
Fortunata,F,5
France,F,5
Francesca,F,5
Frederick,F,5
Fredericka,F,5
Fredrica,F,5
Gearldine,F,5
Gemma,F,5
Genella,F,5
Gertrue,F,5
Giovanna,F,5
Girtha,F,5
Giuseppina,F,5
Glena,F,5
Glenice,F,5
Glenola,F,5
Gracy,F,5
Guida,F,5
Gunda,F,5
Gusta,F,5
Gwendoline,F,5
Gwendolyne,F,5
Haruko,F,5
Heloise,F,5
Herlinda,F,5
Howard,F,5
Hyacinth,F,5
Iantha,F,5
Ireta,F,5
Ivalee,F,5
Jacquelyn,F,5
Jannett,F,5
Jeannetta,F,5
Jenette,F,5
Jim,F,5
Jocie,F,5
Johannah,F,5
Johnny,F,5
Johnnye,F,5
Kansas,F,5
Katheryne,F,5
Katrina,F,5
Kelly,F,5
Kelsie,F,5
Keturah,F,5
Ladonna,F,5
Lallie,F,5
Lana,F,5
Lanelle,F,5
Lattie,F,5
Laurabelle,F,5
Laurene,F,5
Leafy,F,5
Lealer,F,5
Leaner,F,5
Leathia,F,5
Leathie,F,5
Ledora,F,5
Lenice,F,5
Leoria,F,5
Lestie,F,5
Levie,F,5
Liller,F,5
Litha,F,5
Lodema,F,5
Loella,F,5
Loleta,F,5
Lonia,F,5
Loreen,F,5
Loreta,F,5
Lorie,F,5
Loris,F,5
Lotta,F,5
Louvinia,F,5
Love,F,5
Lovell,F,5
Lucill,F,5
Lucylle,F,5
Luda,F,5
Ludmilla,F,5
Lutisha,F,5
Luttie,F,5
Luva,F,5
Mada,F,5
Madell,F,5
Mafalda,F,5
Magie,F,5
Malisa,F,5
Malvie,F,5
Manola,F,5
Margart,F,5
Margorie,F,5
Marguerette,F,5
Marinda,F,5
Marye,F,5
Marylouise,F,5
Maryon,F,5
Matilde,F,5
Maudine,F,5
Melissie,F,5
Melrose,F,5
Mertice,F,5
Mimia,F,5
Minnette,F,5
Monta,F,5
Monteen,F,5
Moselle,F,5
Myrla,F,5
Nadean,F,5
Nannette,F,5
Nebraska,F,5
Nel,F,5
Nelly,F,5
Nicey,F,5
Nicolasa,F,5
Nida,F,5
Octa,F,5
Octava,F,5
Octavie,F,5
Olar,F,5
Oler,F,5
Oneida,F,5
Oneta,F,5
Ophie,F,5
Oshie,F,5
Othelia,F,5
Ozelle,F,5
Persis,F,5
Philamena,F,5
Pia,F,5
Pinky,F,5
Radie,F,5
Ragnhild,F,5
Rebekah,F,5
Rebie,F,5
Reda,F,5
Renna,F,5
Ressa,F,5
Rina,F,5
Rochelle,F,5
Romayne,F,5
Romie,F,5
Rona,F,5
Ronnie,F,5
Rosell,F,5
Rufina,F,5
Russell,F,5
Sabra,F,5
Salina,F,5
Sam,F,5
Samuel,F,5
Sarrah,F,5
Sedalia,F,5
Senaida,F,5
Senia,F,5
Shizue,F,5
Silva,F,5
Simone,F,5
Sonya,F,5
Statia,F,5
Stellar,F,5
Susanne,F,5
Sylva,F,5
Teresina,F,5
Theadora,F,5
Thecla,F,5
Theodore,F,5
Thursa,F,5
Tishie,F,5
Tresa,F,5
Tryphena,F,5
Tula,F,5
Unknown,F,5
Valma,F,5
Vanna,F,5
Vashtie,F,5
Veatrice,F,5
Velmar,F,5
Velmer,F,5
Velna,F,5
Velora,F,5
Venna,F,5
Verdia,F,5
Vermell,F,5
Vesper,F,5
Vessie,F,5
Viena,F,5
Vieno,F,5
Villa,F,5
Vinia,F,5
Vinie,F,5
Virdie,F,5
Vitalia,F,5
Vonda,F,5
Whilma,F,5
Wretha,F,5
Yoshiko,F,5
Zaida,F,5
Zeddie,F,5
Zela,F,5
Zephyr,F,5
Zetha,F,5
Zylpha,F,5
John,M,9342
William,M,7529
James,M,7012
George,M,4584
Robert,M,4219
Joseph,M,4162
Charles,M,3929
Frank,M,3146
Edward,M,2707
Thomas,M,2301
Henry,M,2283
Walter,M,2192
Willie,M,1964
Harry,M,1934
Albert,M,1642
Arthur,M,1601
Harold,M,1542
Paul,M,1478
Clarence,M,1428
Fred,M,1381
Raymond,M,1381
Louis,M,1317
Richard,M,1244
Joe,M,1209
Ralph,M,1138
Roy,M,1097
Jack,M,1086
Howard,M,1078
Carl,M,1074
David,M,1016
Ernest,M,1000
Earl,M,999
Samuel,M,960
Francis,M,853
Lawrence,M,815
Herbert,M,759
Charlie,M,740
Alfred,M,739
Andrew,M,722
Kenneth,M,692
Anthony,M,690
Elmer,M,689
Eugene,M,689
Michael,M,688
Donald,M,664
Sam,M,644
Theodore,M,643
Leonard,M,614
Leo,M,584
Herman,M,562
Lee,M,553
Stanley,M,547
Peter,M,542
Daniel,M,530
Floyd,M,529
Leroy,M,523
Russell,M,523
Clifford,M,515
Clyde,M,511
Lester,M,509
Lewis,M,489
Jesse,M,482
Benjamin,M,480
Edwin,M,477
Oscar,M,476
Chester,M,461
Ray,M,446
Frederick,M,438
Claude,M,428
Bernard,M,414
Eddie,M,413
Cecil,M,397
Lloyd,M,394
Norman,M,374
Melvin,M,366
Edgar,M,360
Jessie,M,355
Ben,M,353
Milton,M,346
Homer,M,340
Tom,M,340
Harvey,M,339
Martin,M,331
Leon,M,327
Johnnie,M,321
Philip,M,319
Marvin,M,311
Victor,M,308
Alvin,M,307
Everett,M,294
Luther,M,292
Allen,M,287
Vernon,M,285
Stephen,M,280
Leslie,M,279
Will,M,274
Gerald,M,270
Morris,M,269
Julius,M,263
Virgil,M,258
Sidney,M,253
Vincent,M,250
Glenn,M,247
Alexander,M,246
Otis,M,243
Maurice,M,241
Horace,M,235
Jacob,M,235
Marion,M,233
Wilbur,M,233
Earnest,M,230
Willard,M,229
Nicholas,M,226
Irving,M,225
Archie,M,223
Gilbert,M,223
Jim,M,220
Manuel,M,220
Max,M,218
Patrick,M,216
Hugh,M,215
Oliver,M,207
Curtis,M,203
Hubert,M,203
Arnold,M,202
Guy,M,200
Alex,M,199
Jerry,M,198
Gordon,M,196
Ira,M,196
Roosevelt,M,194
Warren,M,194
Jose,M,192
Wallace,M,190
Wesley,M,185
Mack,M,183
Nathan,M,178
Wayne,M,178
Otto,M,177
Rudolph,M,173
Johnie,M,172
Lonnie,M,169
Sylvester,M,166
Bill,M,164
Isaac,M,162
Willis,M,161
Jimmie,M,160
Marshall,M,160
Bennie,M,158
Glen,M,158
Roland,M,156
Rufus,M,156
Charley,M,155
Orville,M,153
Dan,M,152
Ed,M,152
Matthew,M,152
Percy,M,151
Abraham,M,150
Nathaniel,M,150
Steve,M,149
Clifton,M,143
Tony,M,142
Edmund,M,141
Emil,M,141
Clinton,M,140
Mike,M,139
August,M,138
Calvin,M,135
Clayton,M,134
Franklin,M,133
Perry,M,133
Pete,M,131
Phillip,M,131
Jerome,M,127
Emmett,M,126
Ellis,M,123
Elbert,M,121
Bert,M,120
Alton,M,119
Amos,M,119
Felix,M,118
Sherman,M,118
Dave,M,116
Jake,M,115
Roger,M,115
Aaron,M,114
Ted,M,113
Nelson,M,112
Booker,M,111
Douglas,M,111
Adam,M,109
Don,M,107
Johnny,M,107
Tommie,M,106
Forrest,M,105
Owen,M,105
Irvin,M,104
Reuben,M,102
Dennis,M,101
Juan,M,101
Wilbert,M,101
Dale,M,100
Antonio,M,99
Bruce,M,99
Dewey,M,99
Ross,M,99
Wilfred,M,98
Ervin,M,97
Karl,M,97
Roscoe,M,97
Adolph,M,96
Grady,M,96
Ivan,M,95
Salvatore,M,95
Delbert,M,92
Laurence,M,91
Jay,M,89
Edmond,M,88
Jess,M,88
Julian,M,88
Preston,M,88
Troy,M,87
Cornelius,M,86
Grover,M,85
Simon,M,85
Austin,M,84
Nick,M,84
Ollie,M,84
Angelo,M,82
Moses,M,82
Monroe,M,81
Gus,M,80
Millard,M,80
Grant,M,79
Mary,M,79
Wilson,M,79
Gene,M,78
Jasper,M,78
Leland,M,78
Malcolm,M,78
Bob,M,77
Carroll,M,77
Merle,M,76
Levi,M,75
Lyle,M,75
Ronald,M,75
Freddie,M,72
Murray,M,72
Buster,M,71
Harley,M,71
Wiley,M,71
Byron,M,70
Larry,M,70
Allan,M,68
Noah,M,68
Aubrey,M,67
Jesus,M,67
Mark,M,67
Timothy,M,67
Fredrick,M,66
Jeff,M,65
Mose,M,65
Ramon,M,65
Claud,M,64
Elijah,M,64
Emanuel,M,64
Rex,M,64
Anton,M,63
Louie,M,63
Wendell,M,63
Dominick,M,62
Taft,M,62
Boyd,M,61
Loyd,M,61
Solomon,M,61
Spencer,M,61
Francisco,M,60
Lowell,M,60
Ruben,M,60
Cleveland,M,59
Elwood,M,59
Erwin,M,59
Harrison,M,59
Barney,M,58
Kermit,M,58
Abe,M,57
Alonzo,M,57
Tommy,M,57
Andy,M,56
Carlos,M,56
Hollis,M,56
Eli,M,55
Myron,M,55
Neil,M,55
Christopher,M,54
Clark,M,54
Hiram,M,54
Hyman,M,54
Mitchell,M,54
Clair,M,53
Pedro,M,53
Isadore,M,52
Luke,M,52
Odell,M,52
Randolph,M,52
Elmo,M,51
Garland,M,51
Marcus,M,51
Cleo,M,50
Dwight,M,50
Forest,M,50
Lynn,M,50
Dominic,M,49
Orval,M,49
Alphonse,M,48
Carlton,M,48
Columbus,M,48
Dallas,M,48
Elton,M,48
Emery,M,48
Lorenzo,M,48
Ora,M,48
Silas,M,48
Thurman,M,48
Buford,M,47
Edd,M,47
Noel,M,47
Reginald,M,47
Dock,M,46
Earle,M,46
Elliott,M,46
Loren,M,46
Neal,M,46
Al,M,45
Anderson,M,45
Cyril,M,45
Freeman,M,45
Joel,M,45
Meyer,M,45
Ellsworth,M,44
Miles,M,44
Sol,M,44
Sterling,M,44
Vern,M,44
Dean,M,43
Irwin,M,43
Wilmer,M,43
Elvin,M,42
Emory,M,42
Keith,M,42
Ned,M,42
Riley,M,42
Ward,M,42
Adrian,M,41
Clement,M,41
Foster,M,41
Russel,M,41
Scott,M,41
Bud,M,40
Elias,M,40
Noble,M,40
Steven,M,40
Weldon,M,40
Alfonso,M,39
Basil,M,39
Fletcher,M,39
Houston,M,39
Ike,M,39
Isiah,M,39
Norris,M,39
Omer,M,39
Roman,M,39
Conrad,M,38
Eldon,M,38
Harris,M,38
Jackson,M,38
Luis,M,38
Major,M,38
Royal,M,38
Truman,M,38
Wilford,M,38
Benny,M,37
Chris,M,37
King,M,37
Palmer,M,37
Stewart,M,37
Wade,M,37
Alva,M,36
Dee,M,36
Junius,M,36
Pat,M,36
Pearl,M,36
Sanford,M,36
Van,M,36
Waldo,M,36
Walker,M,36
Winston,M,36
Wm,M,36
Ferdinand,M,35
Napoleon,M,35
Saul,M,35
Armand,M,34
Buck,M,34
Burton,M,34
Coy,M,34
Dick,M,34
Dudley,M,34
Gabriel,M,34
Lucius,M,34
Merrill,M,34
Theo,M,34
Augustus,M,33
Clay,M,33
Emile,M,33
Isaiah,M,33
Jimmy,M,33
Mathew,M,33
Maynard,M,33
Morgan,M,33
Ulysses,M,33
Emerson,M,32
Harmon,M,32
Herschel,M,32
Isidore,M,32
Mckinley,M,32
Olin,M,32
Randall,M,32
Alan,M,31
Frederic,M,31
Harlan,M,31
Haskell,M,31
Hugo,M,31
Jean,M,31
Norbert,M,31
Porter,M,31
Shelby,M,31
Cletus,M,30
Doyle,M,30
Eric,M,30
Gerard,M,30
Helen,M,30
Jonas,M,30
Lacy,M,30
Lionel,M,30
Merlin,M,30
Otho,M,30
Pasquale,M,30
Sammie,M,30
Vance,M,30
Wilburn,M,30
Alford,M,29
Aloysius,M,29
Christian,M,29
Delmar,M,29
Garfield,M,29
Gustave,M,29
Hamilton,M,29
Hazel,M,29
Joshua,M,29
Newton,M,29
Otha,M,29
Alden,M,28
Alfredo,M,28
Arther,M,28
Berry,M,28
Billie,M,28
Garrett,M,28
Hardy,M,28
Lyman,M,28
Mario,M,28
Milo,M,28
Sandy,M,28
Sydney,M,28
Bertram,M,27
Bruno,M,27
Bryan,M,27
Elzie,M,27
Gary,M,27
General,M,27
Junior,M,27
Linwood,M,27
Mason,M,27
Maxwell,M,27
Morton,M,27
Olen,M,27
Patsy,M,27
Rodney,M,27
Rosevelt,M,27
Arlie,M,26
Clint,M,26
Granville,M,26
Gregory,M,26
Haywood,M,26
Josh,M,26
Merton,M,26
Phil,M,26
Theron,M,26
Ambrose,M,25
Carter,M,25
Dewitt,M,25
Enoch,M,25
Evan,M,25
Ezra,M,25
Hoyt,M,25
Jefferson,M,25
Jules,M,25
Kelly,M,25
Milford,M,25
Odis,M,25
Prince,M,25
Travis,M,25
Asa,M,24
Casimir,M,24
Clem,M,24
Dorsey,M,24
Israel,M,24
Margaret,M,24
Miguel,M,24
Raphael,M,24
Webster,M,24
Avery,M,23
Bryant,M,23
Clarance,M,23
Cyrus,M,23
Early,M,23
Ford,M,23
Hershel,M,23
Hobert,M,23
Jeremiah,M,23
Laverne,M,23
Leander,M,23
Lonzo,M,23
Olaf,M,23
Pablo,M,23
Rose,M,23
Rubin,M,23
Stuart,M,23
Terry,M,23
Valentine,M,23
Alphonso,M,22
Artie,M,22
Elwin,M,22
Emmitt,M,22
Ethel,M,22
Gustav,M,22
Jewel,M,22
Lenard,M,22
Rafael,M,22
Rocco,M,22
Shirley,M,22
Taylor,M,22
Abner,M,21
Aron,M,21
Artis,M,21
Burl,M,21
Cliff,M,21
Coleman,M,21
Frances,M,21
Lucian,M,21
Micheal,M,21
Oran,M,21
Romeo,M,21
Tim,M,21
Wilber,M,21
Billy,M,20
Davis,M,20
Elmore,M,20
Fay,M,20
Lemuel,M,20
Lincoln,M,20
Ludwig,M,20
Marie,M,20
Milburn,M,20
Mildred,M,20
Ottis,M,20
Rene,M,20
Ruth,M,20
Seth,M,20
Tracy,M,20
Vester,M,20
Vivian,M,20
Wilton,M,20
Winfred,M,20
Allie,M,19
Andres,M,19
Antone,M,19
Archibald,M,19
Bennett,M,19
Bernie,M,19
Brady,M,19
Chas,M,19
Cleve,M,19
Crawford,M,19
Dillard,M,19
Dorothy,M,19
Everette,M,19
Florence,M,19
Gale,M,19
Hal,M,19
Henderson,M,19
Ivory,M,19
Judson,M,19
Lamar,M,19
Marlin,M,19
Matt,M,19
Miller,M,19
Raleigh,M,19
Santos,M,19
Stacy,M,19
Warner,M,19
Wylie,M,19
Bradley,M,18
Carmine,M,18
Darrell,M,18
Eldridge,M,18
Elroy,M,18
Gaylord,M,18
Graham,M,18
Huston,M,18
Ignacio,M,18
Justin,M,18
Oren,M,18
Orlando,M,18
Reed,M,18
Shelton,M,18
Sigmund,M,18
Thaddeus,M,18
Tomas,M,18
Williams,M,18
Winfield,M,18
Addison,M,17
Augustine,M,17
Brown,M,17
Carey,M,17
Delmer,M,17
Denver,M,17
Edna,M,17
Felipe,M,17
Fritz,M,17
Grace,M,17
Hosea,M,17
Jewell,M,17
Johnson,M,17
Jonah,M,17
Lafayette,M,17
Lew,M,17
Lucious,M,17
Murphy,M,17
Richmond,M,17
Rollin,M,17
Rupert,M,17
Salvador,M,17
Smith,M,17
Walton,M,17
Woodrow,M,17
Art,M,16
Blair,M,16
Brooks,M,16
Burnett,M,16
Cloyd,M,16
Connie,M,16
Dalton,M,16
Emilio,M,16
Evert,M,16
Farris,M,16
Gladys,M,16
Hadley,M,16
Hans,M,16
Ivy,M,16
June,M,16
Lois,M,16
Lon,M,16
Nat,M,16
Nolan,M,16
Obie,M,16
Odie,M,16
Oswald,M,16
Price,M,16
Roberto,M,16
Seymour,M,16
Sheldon,M,16
Verne,M,16
Watson,M,16
Abel,M,15
Americo,M,15
Benton,M,15
Bernice,M,15
Buddy,M,15
Carrol,M,15
Casper,M,15
Durward,M,15
Ernie,M,15
Finis,M,15
Hayward,M,15
Hector,M,15
Hunter,M,15
Julio,M,15
Lawerence,M,15
Lige,M,15
Lou,M,15
Meredith,M,15
Mervin,M,15
Orin,M,15
Ransom,M,15
Reese,M,15
Rolland,M,15
Sebastian,M,15
Stanford,M,15
Theadore,M,15
Tillman,M,15
Alma,M,14
Alvis,M,14
Bonnie,M,14
Carleton,M,14
Carlo,M,14
Claire,M,14
Clare,M,14
Dana,M,14
Duncan,M,14
Ennis,M,14
Essie,M,14
Giles,M,14
Golden,M,14
Hilliard,M,14
Jodie,M,14
Judge,M,14
Lindsey,M,14
Louise,M,14
Lucien,M,14
Murry,M,14
Norval,M,14
Ocie,M,14
Olan,M,14
Oral,M,14
Osie,M,14
Perley,M,14
Pierce,M,14
Rosario,M,14
Rudy,M,14
Santiago,M,14
Turner,M,14
Vito,M,14
Adolphus,M,13
Albin,M,13
Alonza,M,13
Burley,M,13
Burt,M,13
Cary,M,13
Cedric,M,13
Chauncey,M,13
Domingo,M,13
Doris,M,13
Duke,M,13
Ellwood,M,13
Elza,M,13
Emmet,M,13
Evans,M,13
Ezekiel,M,13
Francesco,M,13
Frankie,M,13
Gail,M,13
Gertrude,M,13
Guss,M,13
Henery,M,13
Hollie,M,13
Jordan,M,13
Melton,M,13
Nels,M,13
Newell,M,13
Parker,M,13
Roderick,M,13
Sammy,M,13
Starling,M,13
Sylvan,M,13
Toivo,M,13
Vernie,M,13
Vicente,M,13
Alois,M,12
Annie,M,12
Arley,M,12
Arturo,M,12
Arvid,M,12
Bee,M,12
Beverly,M,12
Carmen,M,12
Carson,M,12
Clara,M,12
Clovis,M,12
Collins,M,12
Cornelious,M,12
Earlie,M,12
Elie,M,12
Fernando,M,12
Garnet,M,12
Garnett,M,12
Goldie,M,12
Hayes,M,12
Hermon,M,12
Hobart,M,12
Ivey,M,12
Jennings,M,12
Jonathan,M,12
Lawson,M,12
Leopold,M,12
Logan,M,12
Lorenza,M,12
Mabel,M,12
Mac,M,12
Marcellus,M,12
Mitchel,M,12
Moe,M,12
Nicolas,M,12
Paris,M,12
Reinhold,M,12
Robley,M,12
Rollie,M,12
Sim,M,12
Teddy,M,12
Vaughn,M,12
Wellington,M,12
Willam,M,12
Wyatt,M,12
Zack,M,12
Alberto,M,11
Alice,M,11
Antoine,M,11
Baxter,M,11
Benedict,M,11
Benito,M,11
Blaine,M,11
Boyce,M,11
Bradford,M,11
Casey,M,11
Claudie,M,11
Cleon,M,11
Courtney,M,11
Darwin,M,11
Dell,M,11
Delmas,M,11
Duane,M,11
Eduardo,M,11
Elisha,M,11
Elizabeth,M,11
Ellie,M,11
Elwyn,M,11
Enrique,M,11
Ernst,M,11
Eunice,M,11
Eva,M,11
Finley,M,11
Franklyn,M,11
Fulton,M,11
Geo,M,11
Helmer,M,11
Hudson,M,11
Kelley,M,11
Leighton,M,11
Lesley,M,11
Linton,M,11
Madison,M,11
Mattie,M,11
Merl,M,11
Orvil,M,11
Ossie,M,11
Pearlie,M,11
Raymon,M,11
Rogers,M,11
Sanders,M,11
Sherwood,M,11
Thornton,M,11
Urban,M,11
Verle,M,11
Vincenzo,M,11
Virgle,M,11
Wash,M,11
Abram,M,10
Adelbert,M,10
Adolf,M,10
Alec,M,10
Alvie,M,10
Anna,M,10
Arne,M,10
Audie,M,10
Audrey,M,10
Author,M,10
Barton,M,10
Beatrice,M,10
Benjiman,M,10
Bertrand,M,10
Bishop,M,10
Carrie,M,10
Catherine,M,10
Clell,M,10
Craig,M,10
Denton,M,10
Denzil,M,10
Dolphus,M,10
Domenic,M,10
Domenick,M,10
Donnie,M,10
Edison,M,10
Farrell,M,10
Federico,M,10
Felton,M,10
Furman,M,10
Gardner,M,10
Green,M,10
Guadalupe,M,10
Hampton,M,10
Hezekiah,M,10
Hilton,M,10
Isom,M,10
Isreal,M,10
Jason,M,10
Joaquin,M,10
Julia,M,10
Kent,M,10
Kyle,M,10
Lavern,M,10
Lawyer,M,10
Lemon,M,10
Lenord,M,10
Levie,M,10
Levy,M,10
Linnie,M,10
Mahlon,M,10
Malachi,M,10
Nathanial,M,10
Omar,M,10
Opal,M,10
Orris,M,10
Pierre,M,10
Quentin,M,10
Reyes,M,10
Rolla,M,10
Romie,M,10
Rosendo,M,10
Sid,M,10
Solon,M,10
Stanton,M,10
Verner,M,10
Wayman,M,10
Westley,M,10
Weston,M,10
Alf,M,9
Almer,M,9
Alpha,M,9
Angel,M,9
Arlington,M,9
Arno,M,9
Ashley,M,9
Augusta,M,9
Benjaman,M,9
Benson,M,9
Beryl,M,9
Blanche,M,9
Brice,M,9
Callie,M,9
Carlie,M,9
Carlyle,M,9
Collie,M,9
Cornell,M,9
Dexter,M,9
Eino,M,9
Eldred,M,9
Eleanor,M,9
Ellery,M,9
Emmanuel,M,9
Ernesto,M,9
Esker,M,9
Estel,M,9
Evelyn,M,9
Ewell,M,9
Florentino,M,9
Foy,M,9
Frazier,M,9
Gaetano,M,9
Gaston,M,9
Gayle,M,9
Gerhard,M,9
Gregorio,M,9
Harland,M,9
Hayden,M,9
Heber,M,9
Hillard,M,9
Hurley,M,9
Jonnie,M,9
Jule,M,9
Kirby,M,9
Leamon,M,9
Lillian,M,9
Llewellyn,M,9
Lorin,M,9
Lucas,M,9
Lucille,M,9
Maxie,M,9
Melville,M,9
Merritt,M,9
Mortimer,M,9
Nickolas,M,9
Ole,M,9
Orie,M,9
Oris,M,9
Quincy,M,9
Quinton,M,9
Regis,M,9
Reid,M,9
Ricardo,M,9
Roby,M,9
Roswell,M,9
Royce,M,9
Ruby,M,9
Sampson,M,9
Samual,M,9
Silvio,M,9
Talmadge,M,9
Vince,M,9
Viola,M,9
Wyman,M,9
Ace,M,8
Addie,M,8
Alejandro,M,8
Allison,M,8
Amador,M,8
Arvel,M,8
Arvin,M,8
Buddie,M,8
Burdette,M,8
Butler,M,8
Caleb,M,8
Cameron,M,8
Clive,M,8
Cristobal,M,8
Danial,M,8
Danny,M,8
Darrel,M,8
Dayton,M,8
Denis,M,8
Edith,M,8
Edson,M,8
Eligah,M,8
Elva,M,8
Elvis,M,8
Emmit,M,8
Enos,M,8
Estell,M,8
Esther,M,8
Ferris,M,8
Florian,M,8
Galen,M,8
Gentry,M,8
Geoffrey,M,8
Gilberto,M,8
Griffin,M,8
Guido,M,8
Gust,M,8
Gustaf,M,8
Hamp,M,8
Harvy,M,8
Holland,M,8
Howell,M,8
Huey,M,8
Ignatius,M,8
Irene,M,8
Josephine,M,8
Josiah,M,8
Judd,M,8
Lambert,M,8
Lance,M,8
Lane,M,8
Larkin,M,8
Leona,M,8
Lindsay,M,8
Linzie,M,8
Loran,M,8
Loyal,M,8
Lucy,M,8
Mae,M,8
Manley,M,8
Marc,M,8
Marcel,M,8
Margarito,M,8
Mariano,M,8
Marjorie,M,8
Marshal,M,8
Martha,M,8
Mathias,M,8
Merwin,M,8
Minnie,M,8
Murl,M,8
Olden,M,8
Orvis,M,8
Presley,M,8
Raoul,M,8
Raul,M,8
Robbie,M,8
Samie,M,8
Sonny,M,8
Susie,M,8
Thad,M,8
Thedore,M,8
Thelma,M,8
Tyree,M,8
Unknown,M,8
Vergil,M,8
Waino,M,8
Waymon,M,8
West,M,8
Whitney,M,8
Willy,M,8
Winford,M,8
Adolfo,M,7
Agnes,M,7
Agustin,M,7
Aldo,M,7
Algie,M,7
Almon,M,7
Ander,M,7
Angus,M,7
Arch,M,7
Arland,M,7
Arnett,M,7
Avon,M,7
Bailey,M,7
Beecher,M,7
Bertha,M,7
Betty,M,7
Buel,M,7
Caesar,M,7
Carol,M,7
Clenton,M,7
Comer,M,7
Cora,M,7
Dante,M,7
Davie,M,7
Earley,M,7
Einar,M,7
Elsie,M,7
Emitt,M,7
Ephraim,M,7
Erskine,M,7
Estil,M,7
Estill,M,7
Fenton,M,7
Fredie,M,7
Garner,M,7
Georgie,M,7
Guillermo,M,7
Gussie,M,7
Hallie,M,7
Haskel,M,7
Herb,M,7
Hoke,M,7
Holly,M,7
Hughie,M,7
Ida,M,7
Irby,M,7
Isac,M,7
Isador,M,7
Isham,M,7
Issac,M,7
Jhon,M,7
Jones,M,7
Josephus,M,7
Junious,M,7
Laura,M,7
Laurel,M,7
Leeroy,M,7
Lenwood,M,7
Lessie,M,7
Lonie,M,7
Lorne,M,7
Love,M,7
Macon,M,7
Malcom,M,7
Mannie,M,7
Marcos,M,7
Mearl,M,7
Milan,M,7
Modesto,M,7
Monte,M,7
Myles,M,7
Myrl,M,7
Myrtle,M,7
Nellie,M,7
Nestor,M,7
Oakley,M,7
Ola,M,7
Ozie,M,7
Pink,M,7
Powell,M,7
Rayburn,M,7
Reece,M,7
Rodger,M,7
Roe,M,7
Shannon,M,7
Shellie,M,7
Simeon,M,7
Soloman,M,7
Terrell,M,7
Thurston,M,7
Tilman,M,7
Tomie,M,7
Toy,M,7
Tyler,M,7
Val,M,7
Vera,M,7
Verlin,M,7
Vernal,M,7
Waldemar,M,7
Wardell,M,7
Washington,M,7
Wayland,M,7
Werner,M,7
Wheeler,M,7
Acie,M,6
Alberta,M,6
Aldon,M,6
Alfonzo,M,6
Allyn,M,6
Anne,M,6
Ansel,M,6
Arlo,M,6
Arnie,M,6
Asbury,M,6
Ashby,M,6
Ashton,M,6
Auther,M,6
Axel,M,6
Barry,M,6
Basilio,M,6
Bertie,M,6
Blake,M,6
Bobby,M,6
Burney,M,6
Camille,M,6
Carmel,M,6
Casimer,M,6
Cephus,M,6
Chalmer,M,6
Christ,M,6
Clemens,M,6
Cordell,M,6
Creed,M,6
Curley,M,6
Dane,M,6
Deforest,M,6
Delos,M,6
Demetrio,M,6
Dempsey,M,6
Desmond,M,6
Deward,M,6
Dionicio,M,6
Doc,M,6
Domenico,M,6
Donato,M,6
Durwood,M,6
Eddy,M,6
Egbert,M,6
Eliot,M,6
Ella,M,6
Eloy,M,6
Elsworth,M,6
Emerald,M,6
Emit,M,6
Enrico,M,6
Erving,M,6
Esau,M,6
Ester,M,6
Estus,M,6
Ewald,M,6
Fabian,M,6
Ferman,M,6
Fidel,M,6
Fredric,M,6
Gabe,M,6
German,M,6
Gerrit,M,6
Gibson,M,6
Gifford,M,6
Gilford,M,6
Godfrey,M,6
Gray,M,6
Grayson,M,6
Halbert,M,6
Handy,M,6
Harper,M,6
Harrell,M,6
Hattie,M,6
Hercules,M,6
Hester,M,6
Hilbert,M,6
Hillary,M,6
Hjalmer,M,6
Hubbard,M,6
Isidor,M,6
Iver,M,6
Johny,M,6
Kay,M,6
Kendall,M,6
Kenny,M,6
Kirk,M,6
Kurt,M,6
Laddie,M,6
Larence,M,6
Laurance,M,6
Layton,M,6
Leandro,M,6
Lem,M,6
Leopoldo,M,6
Lexie,M,6
Luigi,M,6
Manning,M,6
Merrel,M,6
Michel,M,6
Myer,M,6
Natale,M,6
Neely,M,6
Nevin,M,6
Newman,M,6
Nicola,M,6
Norma,M,6
Norton,M,6
Norwood,M,6
Octavio,M,6
Ogden,M,6
Olie,M,6
Oneal,M,6
Orion,M,6
Orlin,M,6
Orrin,M,6
Osborn,M,6
Ovid,M,6
Parley,M,6
Paschal,M,6
Percival,M,6
Pleasant,M,6
Prentice,M,6
Raffaele,M,6
Rayfield,M,6
Rayford,M,6
Reynaldo,M,6
Reynold,M,6
Rodolfo,M,6
Rosco,M,6
Rube,M,6
Rudolf,M,6
Ruel,M,6
Schuyler,M,6
Seldon,M,6
Selmer,M,6
Shedrick,M,6
Shelley,M,6
Son,M,6
Stella,M,6
Stephan,M,6
Terrence,M,6
Tobe,M,6
Tobias,M,6
Ulysse,M,6
Vander,M,6
Velma,M,6
Verl,M,6
Vinson,M,6
Walt,M,6
Welton,M,6
Worth,M,6
Wright,M,6
Yale,M,6
Young,M,6
Zeb,M,6
Adele,M,5
Adrain,M,5
Alcide,M,5
Almond,M,5
Alvah,M,5
Ancil,M,5
Ann,M,5
Arles,M,5
Arvil,M,5
Attilio,M,5
Augustin,M,5
Auston,M,5
Barnie,M,5
Bartley,M,5
Bedford,M,5
Belmont,M,5
Benjamine,M,5
Bernardo,M,5
Bernhardt,M,5
Berthold,M,5
Bessie,M,5
Bethel,M,5
Beulah,M,5
Birt,M,5
Blanton,M,5
Bobbie,M,5
Bohumil,M,5
Boy,M,5
Braxton,M,5
Bronislaw,M,5
Brownie,M,5
Bryce,M,5
Burnice,M,5
Burr,M,5
Cal,M,5
Campbell,M,5
Carmelo,M,5
Caryl,M,5
Cassius,M,5
Ceaser,M,5
Chalmers,M,5
Chesley,M,5
Christy,M,5
Cicero,M,5
Claiborne,M,5
Clemon,M,5
Cleophus,M,5
Cleven,M,5
Clide,M,5
Cline,M,5
Colin,M,5
Colonel,M,5
Commodore,M,5
Conley,M,5
Constantine,M,5
Cruz,M,5
Currie,M,5
Delta,M,5
Delton,M,5
Dennie,M,5
Denny,M,5
Donovan,M,5
Dora,M,5
Dorman,M,5
Dorris,M,5
Dossie,M,5
Douglass,M,5
Elbridge,M,5
Elden,M,5
Eliza,M,5
Elvie,M,5
Ely,M,5
Ephriam,M,5
Erling,M,5
Erman,M,5
Esaw,M,5
Esco,M,5
Esmond,M,5
Esteban,M,5
Estelle,M,5
Estes,M,5
Estle,M,5
Ethan,M,5
Eula,M,5
Eusebio,M,5
Eward,M,5
Ezell,M,5
Faustino,M,5
Fayette,M,5
Fleming,M,5
Florencio,M,5
French,M,5
Garry,M,5
Garvin,M,5
Genaro,M,5
Genie,M,5
Gerardo,M,5
Gilmore,M,5
Giuseppe,M,5
Glendon,M,5
Glenwood,M,5
Glover,M,5
Gonzalo,M,5
Gordy,M,5
Guilford,M,5
Gunnar,M,5
Halsey,M,5
Hank,M,5
Hansford,M,5
Harlen,M,5
Harriet,M,5
Hartley,M,5
Harvie,M,5
Haven,M,5
Hazen,M,5
Hebert,M,5
Helmuth,M,5
Herald,M,5
Hershell,M,5
Hilary,M,5
Hinton,M,5
Hosey,M,5
Hurbert,M,5
Hurshel,M,5
Irvine,M,5
Iva,M,5
Ivar,M,5
Jackie,M,5
Jame,M,5
Jane,M,5
Jethro,M,5
Josef,M,5
Joyce,M,5
Lamont,M,5
Lancelot,M,5
Landon,M,5
Laurie,M,5
Laymon,M,5
Leigh,M,5
Lena,M,5
Leonardo,M,5
Lex,M,5
Lillie,M,5
Linden,M,5
Littleton,M,5
Lucile,M,5
Luz,M,5
Mace,M,5
Macy,M,5
Magnus,M,5
Malon,M,5
Malvin,M,5
Mamie,M,5
Manny,M,5
Marian,M,5
Masao,M,5
Maud,M,5
Melbourne,M,5
Melford,M,5
Merlyn,M,5
Metro,M,5
Minor,M,5
Odessa,M,5
Okey,M,5
Orland,M,5
Orman,M,5
Osborne,M,5
Ottie,M,5
Ova,M,5
Overton,M,5
Ozzie,M,5
Park,M,5
Parke,M,5
Pauline,M,5
Payton,M,5
Pervis,M,5
Plez,M,5
Prentiss,M,5
Press,M,5
Pryor,M,5
Reino,M,5
Reubin,M,5
Robin,M,5
Rollins,M,5
Rome,M,5
Ronnie,M,5
Santo,M,5
Sara,M,5
Selma,M,5
Severin,M,5
Sewell,M,5
Sheridan,M,5
Simpson,M,5
Sims,M,5
Sollie,M,5
Stonewall,M,5
Sumner,M,5
Talmage,M,5
Thelbert,M,5
Tobie,M,5
Toney,M,5
Uno,M,5
Ural,M,5
Vernice,M,5
Virgie,M,5
Waddell,M,5
Walden,M,5
Wilhelm,M,5
Wilma,M,5
Worthy,M,5
Yancey,M,5
Zeno,M,5
