name,gender,count
Mary,F,14486
Helen,F,5967
Anna,F,5288
Margaret,F,5011
Ruth,F,4384
Elizabeth,F,3694
Florence,F,3509
Marie,F,3424
Ethel,F,3295
Alice,F,3135
Lillian,F,3063
Gladys,F,2809
Edna,F,2754
Mildred,F,2750
Dorothy,F,2707
Annie,F,2664
Grace,F,2642
Emma,F,2514
Bessie,F,2448
Rose,F,2444
Clara,F,2432
Bertha,F,2372
Frances,F,2326
Mabel,F,2280
Hazel,F,2238
Irene,F,2210
Gertrude,F,2207
Pearl,F,2100
Minnie,F,2055
Martha,F,2030
Catherine,F,1896
Myrtle,F,1884
Edith,F,1853
Ida,F,1836
Esther,F,1833
Louise,F,1832
Eva,F,1727
Elsie,F,1720
Sarah,F,1710
Agnes,F,1676
Nellie,F,1566
Josephine,F,1565
Laura,F,1559
Lillie,F,1533
Ella,F,1525
Julia,F,1501
Ruby,F,1458
Viola,F,1447
Beatrice,F,1429
Carrie,F,1376
Mattie,F,1353
Thelma,F,1309
Mae,F,1261
Jessie,F,1240
Alma,F,1229
Lena,F,1225
Hattie,F,1163
Blanche,F,1159
Evelyn,F,1151
Mamie,F,1127
Lucille,F,1087
Cora,F,1081
Stella,F,1075
Willie,F,1071
Lucy,F,1065
Marion,F,1033
Virginia,F,1008
Katherine,F,1004
Jennie,F,985
Pauline,F,985
Lula,F,976
Fannie,F,971
Vera,F,947
Ada,F,921
Rosa,F,909
Leona,F,875
Beulah,F,873
Maggie,F,853
Eleanor,F,837
Maude,F,834
Bernice,F,794
Dora,F,780
Ann,F,753
Ellen,F,753
Daisy,F,748
Nora,F,724
Kathryn,F,717
Susie,F,717
Sadie,F,716
Marguerite,F,695
Georgia,F,664
Effie,F,658
Doris,F,656
Hilda,F,649
Violet,F,649
Della,F,609
Emily,F,606
Lois,F,594
Olive,F,593
Flora,F,587
Betty,F,580
Katie,F,572
Nancy,F,571
Nettie,F,569
Lola,F,565
Anne,F,564
May,F,560
Sallie,F,556
Theresa,F,549
Marjorie,F,543
Lottie,F,537
Lydia,F,535
Velma,F,526
Charlotte,F,524
Lizzie,F,504
Inez,F,503
Opal,F,498
Eunice,F,490
Mable,F,478
Goldie,F,473
Estelle,F,472
Addie,F,469
Eula,F,466
Loretta,F,461
Lela,F,459
Caroline,F,452
Iva,F,438
Henrietta,F,437
Verna,F,436
Ollie,F,428
Ora,F,427
Vivian,F,425
Essie,F,424
Alberta,F,417
Rosie,F,417
Sylvia,F,411
Genevieve,F,410
Jean,F,408
Etta,F,400
Harriet,F,399
Rachel,F,393
Jane,F,388
Lucile,F,388
Rebecca,F,382
Nina,F,369
Irma,F,368
Ola,F,362
Nannie,F,359
Amelia,F,355
Madeline,F,355
Victoria,F,339
Marian,F,338
Mollie,F,337
Sara,F,335
Susan,F,335
Maria,F,331
Flossie,F,330
Naomi,F,327
Kathleen,F,325
Christine,F,323
Olga,F,321
Geneva,F,308
Barbara,F,306
Amanda,F,301
Matilda,F,290
Erma,F,288
Celia,F,285
Estella,F,283
Frieda,F,282
Alta,F,279
Sophie,F,279
Norma,F,277
Wilma,F,272
Hannah,F,271
Sally,F,266
Janie,F,262
Luella,F,262
Allie,F,261
Isabel,F,256
Sophia,F,256
Amy,F,255
Elva,F,253
Selma,F,252
Eliza,F,249
Freda,F,247
Nell,F,247
Cecelia,F,243
Adeline,F,240
Lila,F,239
Fern,F,238
Juanita,F,234
Rena,F,230
Winifred,F,226
Ina,F,224
Callie,F,221
Josie,F,221
Winnie,F,221
Maud,F,218
Veronica,F,217
Kate,F,213
Belle,F,212
Audrey,F,210
Virgie,F,210
Leola,F,207
Muriel,F,206
Bertie,F,205
Isabelle,F,204
Jewell,F,201
Miriam,F,200
Elma,F,199
Cleo,F,198
Jeanette,F,198
Regina,F,198
Augusta,F,195
Cecilia,F,195
Zelma,F,189
Margie,F,187
Gussie,F,185
Millie,F,185
Faye,F,183
Bonnie,F,182
Cecile,F,181
Fay,F,181
Carolyn,F,179
Cornelia,F,179
Dollie,F,176
Roberta,F,176
Jeannette,F,174
Birdie,F,173
Adele,F,172
Leah,F,171
Roxie,F,170
Lora,F,166
Mayme,F,166
Hester,F,164
Lessie,F,164
Phyllis,F,164
Anita,F,163
Elnora,F,162
Lulu,F,161
Gracie,F,160
Letha,F,159
Tillie,F,159
Claire,F,156
Geraldine,F,156
Maudie,F,155
Rosalie,F,155
Ila,F,154
Johnnie,F,154
Madge,F,154
Sue,F,154
Jewel,F,153
Teresa,F,153
Hallie,F,152
Rhoda,F,152
Adelaide,F,151
Rita,F,148
Lorena,F,146
Bettie,F,145
Marcella,F,145
Antoinette,F,143
Francis,F,140
Gertie,F,140
Leila,F,140
Lelia,F,140
Elvira,F,137
Lorene,F,137
Myra,F,136
Lee,F,134
Helena,F,133
Delia,F,132
Nola,F,131
Olivia,F,130
Angeline,F,129
Lenora,F,129
Pearlie,F,129
Reba,F,129
June,F,128
Lilly,F,126
Dorothea,F,124
Eloise,F,124
Neva,F,124
Zella,F,124
Oma,F,122
Dessie,F,121
Lou,F,121
Clarice,F,120
Corinne,F,119
Angelina,F,118
Constance,F,117
Angela,F,116
Annette,F,115
Hettie,F,115
Janet,F,115
Johanna,F,114
Edythe,F,113
Ernestine,F,113
Cecil,F,112
Merle,F,112
Wilhelmina,F,112
Christina,F,111
Dovie,F,109
Vesta,F,109
Dolores,F,108
Harriett,F,108
Lettie,F,108
Lura,F,107
Wanda,F,106
Bess,F,104
Mathilda,F,104
Shirley,F,104
Catharine,F,103
Lorraine,F,103
Blanch,F,101
Corine,F,99
Lily,F,99
Rosetta,F,99
Claudia,F,97
Lona,F,95
Ophelia,F,95
Erna,F,94
Helene,F,94
Jimmie,F,93
Abbie,F,91
Eileen,F,91
Elsa,F,91
Linda,F,91
Linnie,F,91
Lucinda,F,91
Mittie,F,91
Odessa,F,90
Eugenia,F,89
Hulda,F,89
Katharine,F,89
Frankie,F,88
Minerva,F,88
Nona,F,88
Georgie,F,87
Louisa,F,87
Phoebe,F,87
Aileen,F,86
Alvina,F,86
Cassie,F,86
Dolly,F,85
Patricia,F,85
Isabella,F,84
Lenore,F,84
Yvonne,F,84
Jannie,F,83
Meta,F,83
Leta,F,82
Nelle,F,82
Peggy,F,82
Alpha,F,81
Golda,F,81
Isabell,F,81
Carol,F,80
Louella,F,80
Orpha,F,80
Pansy,F,80
Vada,F,80
Artie,F,79
Leone,F,79
Priscilla,F,79
Verda,F,78
Jeanne,F,77
Ivy,F,76
Carmen,F,75
Maybelle,F,75
Ione,F,74
Leota,F,74
Ona,F,74
Evie,F,73
Mina,F,73
Malinda,F,72
Rosella,F,72
Vida,F,71
Billie,F,70
Joyce,F,69
Leora,F,69
Eddie,F,68
Era,F,68
Fanny,F,68
Aline,F,67
Mazie,F,66
Zula,F,66
Annabelle,F,65
Joan,F,65
Rae,F,64
Willa,F,64
Cynthia,F,63
Emilie,F,63
Lida,F,63
Tessie,F,63
Iona,F,62
Maxine,F,62
Polly,F,62
Avis,F,61
Carmela,F,61
Dona,F,60
Beryl,F,59
Connie,F,59
Pinkie,F,59
Evangeline,F,58
Lyda,F,58
Zola,F,58
Zora,F,58
Clare,F,57
Gwendolyn,F,57
Lue,F,57
Sudie,F,57
Esta,F,56
Floy,F,56
Sybil,F,56
Tressie,F,56
Donna,F,55
Lauretta,F,55
Mona,F,55
Rhea,F,55
Alva,F,54
Angie,F,54
Lovie,F,54
Molly,F,54
Myrtie,F,54
Almeda,F,53
Bella,F,53
Bernadette,F,53
Savannah,F,53
Belva,F,52
Iola,F,52
Iris,F,52
Melvina,F,52
Veda,F,52
Agatha,F,51
Berniece,F,51
Elise,F,51
Ellie,F,51
Mandy,F,51
Vina,F,51
Aurelia,F,50
Clyde,F,50
Elisabeth,F,50
Pearle,F,50
Wilda,F,50
Clementine,F,49
Cordelia,F,49
Hortense,F,49
Lennie,F,49
Lilla,F,49
Ocie,F,49
Rubye,F,49
Tommie,F,49
Una,F,49
Dixie,F,48
Elaine,F,48
Idella,F,48
Magnolia,F,48
Reva,F,48
Arlene,F,47
Florine,F,47
Marietta,F,47
Philomena,F,47
Queen,F,47
Berta,F,46
Loraine,F,46
Elda,F,45
Alyce,F,44
Emmie,F,44
Julie,F,44
Mabelle,F,44
Madeleine,F,44
Madie,F,44
Mercedes,F,44
Nadine,F,44
Ramona,F,44
Tina,F,44
Vernie,F,44
Adell,F,43
Antonia,F,43
Bell,F,43
Ester,F,43
Francisca,F,43
Janice,F,43
Robbie,F,43
Chloe,F,42
Eleanore,F,42
Elmira,F,42
Imogene,F,42
Vallie,F,42
Albina,F,41
Allene,F,41
Althea,F,41
Celestine,F,41
Florida,F,41
Glenna,F,41
Hedwig,F,41
Judith,F,41
Lucia,F,41
Paula,F,41
Retha,F,41
Susanna,F,41
Ava,F,40
Corrine,F,40
Delphia,F,40
Melissa,F,40
Myrtis,F,40
Octavia,F,40
Ray,F,40
Bernadine,F,39
Estell,F,39
Ethyl,F,39
Kitty,F,39
Lina,F,39
Ludie,F,39
Maurine,F,39
Nan,F,39
Natalie,F,39
Arline,F,38
Camille,F,38
Eleanora,F,38
John,F,38
Joy,F,38
Lavina,F,38
Luvenia,F,38
Pattie,F,38
Tennie,F,38
Zelda,F,38
Elena,F,37
Garnet,F,37
Ira,F,37
Laverne,F,37
Leslie,F,37
Magdalena,F,37
Petra,F,37
Rosemary,F,37
Rowena,F,37
Dena,F,36
Diana,F,36
Dorris,F,36
Georgiana,F,36
Magdalene,F,36
Mozelle,F,36
Vena,F,36
Verdie,F,36
Alda,F,35
Altha,F,35
Charlie,F,35
Elenora,F,35
Guadalupe,F,35
Hilma,F,35
Leatha,F,35
Leonora,F,35
Mallie,F,35
Mammie,F,35
Margery,F,35
Melba,F,35
Theo,F,35
Ursula,F,35
Adelia,F,34
Arvilla,F,34
Charity,F,34
Elinor,F,34
Freida,F,34
Johnie,F,34
Lavinia,F,34
Marvel,F,34
Patsy,F,34
Sibyl,F,34
Viva,F,34
Zoe,F,34
Adela,F,33
Bennie,F,33
Celeste,F,33
Concetta,F,33
Elvera,F,33
Eve,F,33
Hertha,F,33
Kattie,F,33
Margret,F,33
Missouri,F,33
Monica,F,33
Queenie,F,33
Eda,F,32
George,F,32
Harriette,F,32
Hope,F,32
Ima,F,32
Luna,F,32
Reta,F,32
Rilla,F,32
Albertha,F,31
Bobbie,F,31
Bridget,F,31
Carolina,F,31
Claudie,F,31
Ethelyn,F,31
Marcia,F,31
Mellie,F,31
Rubie,F,31
Bulah,F,30
Carmella,F,30
Elvie,F,30
Enid,F,30
Filomena,F,30
Gretchen,F,30
Icie,F,30
James,F,30
Joe,F,30
Liza,F,30
Nita,F,30
Rosina,F,30
Berenice,F,29
Cordie,F,29
Donnie,F,29
Grayce,F,29
Jettie,F,29
Melva,F,29
Retta,F,29
Vergie,F,29
Willia,F,29
Winona,F,29
Yetta,F,29
Beth,F,28
Corrie,F,28
Crystal,F,28
Edwina,F,28
Emilia,F,28
Ettie,F,28
Ferne,F,28
Hildegard,F,28
Juana,F,28
Katheryn,F,28
Letitia,F,28
Lucretia,F,28
Magdalen,F,28
Maybell,F,28
Myrtice,F,28
Oda,F,28
Sidney,F,28
Valeria,F,28
Winnifred,F,28
Alida,F,27
Corene,F,27
Dottie,F,27
Georgianna,F,27
Margarita,F,27
Suzanne,F,27
Adelina,F,26
Alene,F,26
Amie,F,26
Annetta,F,26
Audra,F,26
Clemmie,F,26
Delma,F,26
Delphine,F,26
Easter,F,26
Gail,F,26
Joanna,F,26
Kay,F,26
Lolita,F,26
Lorine,F,26
Lorna,F,26
Madelyn,F,26
Sadye,F,26
Serena,F,26
Tena,F,26
Adah,F,25
Annis,F,25
Ardella,F,25
Audie,F,25
Beaulah,F,25
Birtie,F,25
Charles,F,25
Clarissa,F,25
Emelia,F,25
Gene,F,25
Greta,F,25
Jo,F,25
Juliette,F,25
Lea,F,25
Lonnie,F,25
Manda,F,25
Maye,F,25
Minna,F,25
Odie,F,25
Vinnie,F,25
William,F,25
Albertine,F,24
Alverta,F,24
Anastasia,F,24
Birtha,F,24
Edyth,F,24
Eldora,F,24
Eulalia,F,24
Euna,F,24
Freeda,F,24
Goldia,F,24
Hanna,F,24
Hassie,F,24
Idell,F,24
Inga,F,24
Jenny,F,24
Katy,F,24
Lelah,F,24
Louie,F,24
Malissa,F,24
Manuela,F,24
Myrle,F,24
Ossie,F,24
Ressie,F,24
Rosalee,F,24
Rosamond,F,24
Theodora,F,24
Tilda,F,24
Velva,F,24
Camilla,F,23
Dell,F,23
Elizebeth,F,23
Elvina,F,23
Exie,F,23
Felicia,F,23
Garnett,F,23
Gloria,F,23
Hildred,F,23
Icy,F,23
Jossie,F,23
Juliet,F,23
Justine,F,23
Lenna,F,23
Mariah,F,23
Mavis,F,23
Millicent,F,23
Zona,F,23
Adella,F,22
Alfreda,F,22
Amalia,F,22
Annabel,F,22
Clifford,F,22
Cordia,F,22
Delilah,F,22
Delores,F,22
Dorcas,F,22
Lavada,F,22
Lonie,F,22
Lucie,F,22
Martina,F,22
Maymie,F,22
Mertie,F,22
Ouida,F,22
Prudence,F,22
Rosanna,F,22
Ruthie,F,22
Therese,F,22
Treva,F,22
Vernice,F,22
Adaline,F,21
Andrea,F,21
Bethel,F,21
Betsy,F,21
Deborah,F,21
Dorthy,F,21
Elouise,F,21
Emmer,F,21
Erie,F,21
Faith,F,21
Kathrine,F,21
Leda,F,21
Madaline,F,21
Odelia,F,21
Robert,F,21
Tressa,F,21
Violette,F,21
Aletha,F,20
Ara,F,20
Cathrine,F,20
Coletta,F,20
Dortha,F,20
Ebba,F,20
Eulah,F,20
Evalyn,F,20
Fairy,F,20
Hellen,F,20
Hildegarde,F,20
Loma,F,20
Louvenia,F,20
Mathilde,F,20
Maxie,F,20
Myrna,F,20
Novella,F,20
Osie,F,20
Rosia,F,20
Trudie,F,20
Vashti,F,20
Venus,F,20
Verla,F,20
Vertie,F,20
Arrie,F,19
Augustine,F,19
Aurora,F,19
Besse,F,19
Claudine,F,19
Delpha,F,19
Freddie,F,19
Golden,F,19
Josefina,F,19
Kittie,F,19
Lera,F,19
Libbie,F,19
Macie,F,19
Malvina,F,19
Mossie,F,19
Myrl,F,19
Odell,F,19
Olevia,F,19
Rachael,F,19
Signe,F,19
Valerie,F,19
Abigail,F,18
Almira,F,18
Arizona,F,18
Cathleen,F,18
Cathryn,F,18
Consuelo,F,18
Dellie,F,18
Docia,F,18
Eura,F,18
Flo,F,18
Florrie,F,18
Gayle,F,18
Hessie,F,18
Hildur,F,18
Jacqueline,F,18
Judy,F,18
Lala,F,18
Liddie,F,18
Lilian,F,18
Nelda,F,18
Nova,F,18
Odile,F,18
Ova,F,18
Palma,F,18
Roma,F,18
Rosalind,F,18
Tempie,F,18
Thora,F,18
Vassie,F,18
Verona,F,18
Zettie,F,18
Alline,F,17
Annabell,F,17
Delta,F,17
Etha,F,17
Ether,F,17
Frank,F,17
Gay,F,17
Georgina,F,17
Hermine,F,17
Ivory,F,17
Josefa,F,17
Margarete,F,17
Meda,F,17
Noma,F,17
Omie,F,17
Onie,F,17
Ottilie,F,17
Ozella,F,17
Sammie,F,17
Selena,F,17
Sister,F,17
Zada,F,17
Zenobia,F,17
America,F,16
Ana,F,16
Arlena,F,16
Coral,F,16
Corda,F,16
Daphne,F,16
Drucilla,F,16
Earline,F,16
Elvia,F,16
Emeline,F,16
Enola,F,16
Eugenie,F,16
Fae,F,16
India,F,16
Josiephine,F,16
Kathryne,F,16
Leonia,F,16
Lexie,F,16
Loretto,F,16
Luisa,F,16
Lurline,F,16
Margarett,F,16
Marjory,F,16
Monnie,F,16
Nonie,F,16
Norah,F,16
Norine,F,16
Ottie,F,16
Salome,F,16
Thomas,F,16
Versie,F,16
Antonette,F,15
Arie,F,15
Atha,F,15
Bert,F,15
Beula,F,15
Christena,F,15
Chrystal,F,15
Classie,F,15
Cleora,F,15
Dulcie,F,15
Elberta,F,15
Etna,F,15
Florance,F,15
Gertha,F,15
Henriette,F,15
Izora,F,15
Jamie,F,15
Jesse,F,15
Kizzie,F,15
Lelar,F,15
Leonie,F,15
Littie,F,15
Maryann,F,15
Matilde,F,15
Metta,F,15
Nella,F,15
Neta,F,15
Phebe,F,15
Rozella,F,15
Samantha,F,15
Tiny,F,15
Verlie,F,15
Zetta,F,15
Adline,F,14
Aimee,F,14
Alverda,F,14
Anner,F,14
Arlie,F,14
Aurore,F,14
Bama,F,14
Berneice,F,14
Bette,F,14
Claribel,F,14
Dale,F,14
Drusilla,F,14
Eudora,F,14
Eveline,F,14
Henry,F,14
Huldah,F,14
Ines,F,14
Lassie,F,14
Lavon,F,14
Leo,F,14
Leva,F,14
Maple,F,14
Margarette,F,14
Margarite,F,14
Nelia,F,14
Paralee,F,14
Rosey,F,14
Sabina,F,14
Sophronia,F,14
Thea,F,14
Trula,F,14
Twila,F,14
Ula,F,14
Virdie,F,14
Virgia,F,14
Zita,F,14
Adda,F,13
Aggie,F,13
Aida,F,13
Alvena,F,13
Ammie,F,13
Cammie,F,13
Cherry,F,13
Cleta,F,13
Clora,F,13
Dorotha,F,13
Doshie,F,13
Earnestine,F,13
Eathel,F,13
Edmonia,F,13
Elfrieda,F,13
Elna,F,13
Evelina,F,13
Florene,F,13
Florie,F,13
Fronie,F,13
Gwen,F,13
Ilah,F,13
Ilene,F,13
Jeanetta,F,13
Jule,F,13
Laverna,F,13
Lester,F,13
Lilia,F,13
Lovina,F,13
Manuelita,F,13
Marge,F,13
Marianna,F,13
Mignon,F,13
Minta,F,13
Nevada,F,13
Norene,F,13
Otelia,F,13
Paul,F,13
Peggie,F,13
Rosalia,F,13
Rossie,F,13
Selina,F,13
Sena,F,13
Tennessee,F,13
Velda,F,13
Venice,F,13
Vennie,F,13
Vernon,F,13
Verta,F,13
Veta,F,13
Vira,F,13
Zadie,F,13
Almeta,F,12
Archie,F,12
Ardelia,F,12
Ardis,F,12
Audry,F,12
Bee,F,12
Berdie,F,12
Beverly,F,12
Carlota,F,12
Delcie,F,12
Dellar,F,12
Dicie,F,12
Dinah,F,12
Edward,F,12
Elba,F,12
Elia,F,12
Elisa,F,12
Emmaline,F,12
Ena,F,12
Francies,F,12
Germaine,F,12
Glennie,F,12
Helga,F,12
Idelle,F,12
Imo,F,12
Junie,F,12
Lacy,F,12
Larue,F,12
Lissie,F,12
Lollie,F,12
Luberta,F,12
Maebelle,F,12
Margueritte,F,12
Marylee,F,12
Melda,F,12
Milda,F,12
Mozell,F,12
Pollie,F,12
Sabra,F,12
Sada,F,12
Sigrid,F,12
Silvia,F,12
Sofia,F,12
Stephanie,F,12
Syble,F,12
Talitha,F,12
Theresia,F,12
Vicie,F,12
Vonnie,F,12
Walter,F,12
Wilhelmine,F,12
Agness,F,11
Albertina,F,11
Arvella,F,11
Buelah,F,11
Cara,F,11
Carmelita,F,11
Celesta,F,11
Chessie,F,11
Cleona,F,11
Curtis,F,11
Dagmar,F,11
Dimple,F,11
Earl,F,11
Esma,F,11
Eulala,F,11
Everlena,F,11
Flonnie,F,11
Fredericka,F,11
Gena,F,11
Harry,F,11
Hazle,F,11
Helma,F,11
Hermina,F,11
Ica,F,11
Irena,F,11
Joann,F,11
Leanna,F,11
Leon,F,11
Libby,F,11
Lilyan,F,11
Lovella,F,11
Lupe,F,11
Lydie,F,11
Lyla,F,11
Mahala,F,11
Malissia,F,11
Marianne,F,11
Marry,F,11
Mettie,F,11
Mozella,F,11
Nealie,F,11
Neoma,F,11
Oliva,F,11
Osa,F,11
Otha,F,11
Ozie,F,11
Perle,F,11
Philomene,F,11
Prudie,F,11
Reatha,F,11
Thyra,F,11
Tinnie,F,11
Trinidad,F,11
Vella,F,11
Veola,F,11
Verne,F,11
Yolanda,F,11
Zena,F,11
Adrienne,F,10
Afton,F,10
Alexandra,F,10
Ardell,F,10
Attie,F,10
Benita,F,10
Blanchie,F,10
Burnice,F,10
Carmel,F,10
Carry,F,10
Ceil,F,10
Celina,F,10
Christie,F,10
Clarabelle,F,10
Concepcion,F,10
Cruz,F,10
Cuba,F,10
Daisey,F,10
Dillie,F,10
Dina,F,10
Elfie,F,10
Eller,F,10
Ellis,F,10
Eloisa,F,10
Elta,F,10
Eola,F,10
Evalena,F,10
Ever,F,10
Fleeta,F,10
Gracia,F,10
Gretta,F,10
Hasel,F,10
Henretta,F,10
Irine,F,10
Isobel,F,10
Izetta,F,10
Jack,F,10
Jeane,F,10
Jerry,F,10
Lannie,F,10
Laurel,F,10
Lear,F,10
Lempi,F,10
Leonor,F,10
Leonore,F,10
Leontine,F,10
Lilah,F,10
Lorenza,F,10
Lucetta,F,10
Luda,F,10
Luetta,F,10
Maida,F,10
Mannie,F,10
Margaretta,F,10
Marquerite,F,10
Melinda,F,10
Mercie,F,10
Mintie,F,10
Onnie,F,10
Opha,F,10
Otis,F,10
Ottilia,F,10
Pinkey,F,10
Portia,F,10
Raymond,F,10
Refugia,F,10
Rella,F,10
Renee,F,10
Rosabelle,F,10
Rosena,F,10
Roy,F,10
Sarrah,F,10
Savanah,F,10
Sina,F,10
Sylva,F,10
Theda,F,10
Tomasa,F,10
Tula,F,10
Vannie,F,10
Venita,F,10
Vernal,F,10
Versa,F,10
Virgil,F,10
Vlasta,F,10
Vola,F,10
Wynona,F,10
Allean,F,9
Altie,F,9
Amber,F,9
Amey,F,9
Anabel,F,9
Angelita,F,9
Anice,F,9
Antonetta,F,9
Antonina,F,9
Ardath,F,9
Bina,F,9
Blonnie,F,9
Bula,F,9
Candelaria,F,9
Candis,F,9
Carl,F,9
Celine,F,9
Ceola,F,9
Charline,F,9
Cleda,F,9
Dagny,F,9
Dannie,F,9
Delight,F,9
Donie,F,9
Doshia,F,9
Ela,F,9
Elfreda,F,9
Ema,F,9
Emaline,F,9
Exa,F,9
Ferol,F,9
Floye,F,9
Fred,F,9
Fredia,F,9
Gabriella,F,9
Gaynell,F,9
Gennie,F,9
Gillie,F,9
Girtie,F,9
Hazelle,F,9
Hetty,F,9
Hyacinth,F,9
Imelda,F,9
Isla,F,9
Jaunita,F,9
Jessica,F,9
Jonnie,F,9
Lady,F,9
Laurie,F,9
Lavenia,F,9
Lavern,F,9
Liller,F,9
Lilliam,F,9
Linnea,F,9
Lorean,F,9
Lota,F,9
Luciel,F,9
Luevenia,F,9
Lular,F,9
Lutie,F,9
Luz,F,9
Lynn,F,9
Macy,F,9
Madalene,F,9
Madalyn,F,9
Madelene,F,9
Madelon,F,9
Mahalia,F,9
Manie,F,9
Margaretha,F,9
Mariam,F,9
Marye,F,9
Maryetta,F,9
Mima,F,9
Missie,F,9
Nanie,F,9
Naoma,F,9
Netta,F,9
Odette,F,9
Oleta,F,9
Oneita,F,9
Ophie,F,9
Orena,F,9
Parthenia,F,9
Permelia,F,9
Reka,F,9
Rene,F,9
Rettie,F,9
Savilla,F,9
Sonia,F,9
Stephania,F,9
Sula,F,9
Susanne,F,9
Texie,F,9
Tomasita,F,9
Vara,F,9
Vergia,F,9
Vinie,F,9
Violetta,F,9
Viona,F,9
Zelpha,F,9
Adelle,F,8
Albert,F,8
Aleen,F,8
Alena,F,8
Alverna,F,8
Alvira,F,8
Annamae,F,8
Annice,F,8
Arletta,F,8
Bea,F,8
Beatriz,F,8
Belvia,F,8
Bena,F,8
Bernardine,F,8
Bernetta,F,8
Bettye,F,8
Billy,F,8
Catarina,F,8
Cele,F,8
Charlene,F,8
Christene,F,8
Clair,F,8
Clarie,F,8
Clydie,F,8
Columbia,F,8
Coy,F,8
Darlene,F,8
Dean,F,8
Dola,F,8
Dorathea,F,8
Dossie,F,8
Eather,F,8
Ebbie,F,8
Edia,F,8
Ellar,F,8
Elmer,F,8
Elzie,F,8
Eular,F,8
Evelena,F,8
Evelyne,F,8
Fleda,F,8
Florentine,F,8
Foy,F,8
Genevra,F,8
Georgeanna,F,8
Girlie,F,8
Gladis,F,8
Glenn,F,8
Glenora,F,8
Gola,F,8
Gradie,F,8
Gregoria,F,8
Hermie,F,8
Herminia,F,8
Hollis,F,8
Honora,F,8
Ingrid,F,8
Isa,F,8
Ivah,F,8
Jennette,F,8
Joanne,F,8
Joseph,F,8
Lana,F,8
Lanora,F,8
Launa,F,8
Laurette,F,8
Leoma,F,8
Lesta,F,8
Letta,F,8
Lillis,F,8
Loree,F,8
Lossie,F,8
Lotta,F,8
Loula,F,8
Lunette,F,8
Malissie,F,8
Mandie,F,8
Mariana,F,8
Marina,F,8
Meredith,F,8
Nana,F,8
Nancie,F,8
Nathalie,F,8
Nelly,F,8
Nezzie,F,8
Nila,F,8
Octavie,F,8
Oddie,F,8
Olivette,F,8
Ophia,F,8
Oral,F,8
Orie,F,8
Ozell,F,8
Pairlee,F,8
Paulina,F,8
Pearline,F,8
Relda,F,8
Rosaline,F,8
Roseanna,F,8
Roselle,F,8
Rosy,F,8
Sussie,F,8
Theola,F,8
Theressa,F,8
Tracy,F,8
Trixie,F,8
Trudy,F,8
Vela,F,8
Velna,F,8
Vernell,F,8
Vernia,F,8
Vincenza,F,8
Vona,F,8
Will,F,8
Zela,F,8
Zelia,F,8
Zell,F,8
Zilpha,F,8
Abby,F,7
Alcie,F,7
Aldine,F,7
Alexina,F,7
Alfred,F,7
Alicia,F,7
Alla,F,7
Almena,F,7
Alphia,F,7
Alvera,F,7
Alys,F,7
Arabella,F,7
Aretha,F,7
Arlean,F,7
Artelia,F,7
Ary,F,7
Astrid,F,7
Audrie,F,7
Avery,F,7
Azalea,F,7
Beauty,F,7
Birda,F,7
Buena,F,7
Burnetta,F,7
Byrdie,F,7
Caddie,F,7
Capitola,F,7
Celie,F,7
Chester,F,7
Chloie,F,7
Christeen,F,7
Christiana,F,7
Clarinda,F,7
Claris,F,7
Clemence,F,7
Cleone,F,7
Cleopatra,F,7
Clotilde,F,7
Corean,F,7
Corinna,F,7
Daisie,F,7
Debbie,F,7
Delina,F,7
Delsie,F,7
Doretta,F,7
Earlie,F,7
Editha,F,7
Edla,F,7
Electa,F,7
Eleonora,F,7
Elgie,F,7
Elida,F,7
Elmina,F,7
Ercell,F,7
Erin,F,7
Erva,F,7
Estel,F,7
Ethyle,F,7
Eunie,F,7
Felicitas,F,7
Fleta,F,7
Florina,F,7
Florinda,F,7
Fronia,F,7
Galena,F,7
Gaynelle,F,7
Gilda,F,7
Girtha,F,7
Glayds,F,7
Henritta,F,7
Hortencia,F,7
Ilma,F,7
Ilo,F,7
Inis,F,7
Irean,F,7
Isadora,F,7
Ivey,F,7
Jeannetta,F,7
Jetta,F,7
Jinnie,F,7
Kathern,F,7
Larcenia,F,7
Laurene,F,7
Lavena,F,7
Lavonia,F,7
Leanora,F,7
Leather,F,7
Leonard,F,7
Lethia,F,7
Louisiana,F,7
Luvinia,F,7
Lyle,F,7
Lynette,F,7
Mabell,F,7
Madlyn,F,7
Madolyn,F,7
Madonna,F,7
Maebell,F,7
Maie,F,7
Marcelle,F,7
Margrett,F,7
Marilla,F,7
Maryanna,F,7
Media,F,7
Mercy,F,7
Meryl,F,7
Minnette,F,7
Modesta,F,7
Monta,F,7
Montie,F,7
Mora,F,7
Myrta,F,7
Narcissus,F,7
Natalia,F,7
Nobie,F,7
Noelie,F,7
Nolie,F,7
Novie,F,7
Odessie,F,7
Oler,F,7
Olia,F,7
Olie,F,7
Omega,F,7
Orlena,F,7
Otie,F,7
Pat,F,7
Phillis,F,7
Pluma,F,7
Precious,F,7
Ralph,F,7
Rebekah,F,7
Rosemarie,F,7
Sam,F,7
Santos,F,7
Snow,F,7
Stasia,F,7
Tabitha,F,7
Telitha,F,7
Thecla,F,7
Theodosia,F,7
Tollie,F,7
Unknown,F,7
Ura,F,7
Vadie,F,7
Valentine,F,7
Van,F,7
Vanda,F,7
Verbie,F,7
Victorine,F,7
Villa,F,7
Vita,F,7
Vivien,F,7
Vivienne,F,7
Willma,F,7
Zeta,F,7
Zoa,F,7
Adalene,F,6
Adriana,F,6
Agusta,F,6
Aldea,F,6
Aleda,F,6
Alethea,F,6
Alexandria,F,6
Alfrieda,F,6
Algie,F,6
Alleen,F,6
Alliene,F,6
Almedia,F,6
Alsie,F,6
Aneta,F,6
Annia,F,6
Antha,F,6
Arkie,F,6
Arminta,F,6
Arthur,F,6
Assunta,F,6
Aubrey,F,6
Aura,F,6
Aurilla,F,6
Avie,F,6
Azilee,F,6
Azzie,F,6
Babe,F,6
Beadie,F,6
Beata,F,6
Beda,F,6
Belvie,F,6
Belzora,F,6
Beuna,F,6
Birdia,F,6
Blannie,F,6
Blenda,F,6
Blossom,F,6
Bonita,F,6
Borghild,F,6
Carie,F,6
Carla,F,6
Cecille,F,6
Celestia,F,6
Cindy,F,6
Claude,F,6
Clella,F,6
Cleola,F,6
Cloie,F,6
Corrinne,F,6
Cressie,F,6
Dana,F,6
Darline,F,6
Deane,F,6
Delfina,F,6
Denise,F,6
Diane,F,6
Dicy,F,6
Dorathy,F,6
Dove,F,6
Dura,F,6
Earle,F,6
Ellena,F,6
Elodia,F,6
Emelie,F,6
Erlinda,F,6
Ermine,F,6
Erminia,F,6
Ernest,F,6
Ersie,F,6
Estefana,F,6
Etter,F,6
Eulalie,F,6
Euretta,F,6
Evaline,F,6
Fannye,F,6
Felicita,F,6
Felipa,F,6
Floria,F,6
Forrest,F,6
Frederica,F,6
Garnette,F,6
Geneve,F,6
Georgette,F,6
Georgian,F,6
Gina,F,6
Glada,F,6
Gladyse,F,6
Gusta,F,6
Gustava,F,6
Gustavia,F,6
Gwendoline,F,6
Harold,F,6
Herma,F,6
Hilja,F,6
Hunter,F,6
Illa,F,6
Indiana,F,6
Izola,F,6
Jackie,F,6
Janette,F,6
Jeanie,F,6
Jeannie,F,6
Jemima,F,6
Jennett,F,6
Jess,F,6
Jocie,F,6
Jodie,F,6
Johnsie,F,6
Juliana,F,6
Katheryne,F,6
Lacie,F,6
Lake,F,6
Lanie,F,6
Laurence,F,6
Lavera,F,6
Lavona,F,6
Lawrence,F,6
Leanore,F,6
Lella,F,6
Lemma,F,6
Lillia,F,6
Louis,F,6
Lovenia,F,6
Lucill,F,6
Lulia,F,6
Lurene,F,6
Luvina,F,6
Macey,F,6
Mackie,F,6
Madgie,F,6
Manervia,F,6
Margot,F,6
Marvin,F,6
Mayo,F,6
Melvin,F,6
Meriam,F,6
Modena,F,6
Nada,F,6
Nanette,F,6
Naomie,F,6
Nena,F,6
Neola,F,6
Nonnie,F,6
Obie,F,6
Olene,F,6
Olinda,F,6
Onita,F,6
Oralee,F,6
Orelia,F,6
Orene,F,6
Pablita,F,6
Para,F,6
Parlee,F,6
Patty,F,6
Pennie,F,6
Pheobe,F,6
Pricilla,F,6
Princess,F,6
Quilla,F,6
Raye,F,6
Reather,F,6
Richard,F,6
Robie,F,6
Romaine,F,6
Roosevelt,F,6
Rosebud,F,6
Roxanna,F,6
Rutha,F,6
Saima,F,6
Shellie,F,6
Sidonia,F,6
Silva,F,6
Svea,F,6
Sylvania,F,6
Sylvester,F,6
Tenna,F,6
Tera,F,6
Terese,F,6
Texanna,F,6
Thalia,F,6
Thekla,F,6
Thirza,F,6
Tom,F,6
Trina,F,6
Troy,F,6
Valetta,F,6
Venie,F,6
Verl,F,6
Vester,F,6
Viney,F,6
Wava,F,6
Willetta,F,6
Williemae,F,6
Yula,F,6
Yvette,F,6
Zennie,F,6
Zera,F,6
Zilphia,F,6
Zina,F,6
Achsah,F,5
Adena,F,5
Ader,F,5
Agustina,F,5
Aldora,F,5
Alethia,F,5
Alfa,F,5
Allegra,F,5
Alleyne,F,5
Allyne,F,5
Alvia,F,5
Amada,F,5
Amelie,F,5
Amma,F,5
Amye,F,5
Anetta,F,5
Angelena,F,5
Annalee,F,5
Araminta,F,5
Ardelle,F,5
Ardie,F,5
Argie,F,5
Arleen,F,5
Armella,F,5
Athena,F,5
Averil,F,5
Azalee,F,5
Azema,F,5
Bernece,F,5
Byrd,F,5
Caldonia,F,5
Calista,F,5
Camelia,F,5
Carey,F,5
Carita,F,5
Carlee,F,5
Carra,F,5
Cassandra,F,5
Celester,F,5
Cena,F,5
Chaney,F,5
Channie,F,5
Charlcie,F,5
Clarabel,F,5
Claretta,F,5
Clarisse,F,5
Clela,F,5
Cleotilde,F,5
Cliffie,F,5
Clio,F,5
Clorinda,F,5
Clover,F,5
Clyda,F,5
Cona,F,5
Corena,F,5
Corina,F,5
Cuma,F,5
Dallie,F,5
Delena,F,5
Delila,F,5
Delora,F,5
Deloris,F,5
Delphina,F,5
Dewey,F,5
Dosha,F,5
Dot,F,5
Dova,F,5
Earlean,F,5
Earsie,F,5
Edda,F,5
Edie,F,5
Edra,F,5
Edrie,F,5
Effa,F,5
Elenor,F,5
Elinore,F,5
Elmyra,F,5
Elodie,F,5
Else,F,5
Elvire,F,5
Elza,F,5
Eppie,F,5
Epsie,F,5
Erline,F,5
Ermon,F,5
Ethlyn,F,5
Euda,F,5
Eufelia,F,5
Eufemia,F,5
Eugene,F,5
Euphemia,F,5
Evadna,F,5
Evah,F,5
Evia,F,5
Ezzie,F,5
Fanchon,F,5
Floretta,F,5
Fredrica,F,5
Frida,F,5
Gabrielle,F,5
Garland,F,5
Gatha,F,5
Genevia,F,5
Girlee,F,5
Girtrue,F,5
Glee,F,5
Gordie,F,5
Helmi,F,5
Herman,F,5
Hollie,F,5
Honor,F,5
Inger,F,5
Isadore,F,5
Isola,F,5
Itha,F,5
Janetta,F,5
Jesusa,F,5
Jesusita,F,5
Juel,F,5
Justina,F,5
Kathaleen,F,5
Kathlyn,F,5
Kathyrn,F,5
Laddie,F,5
Laurena,F,5
Laurine,F,5
Leana,F,5
Leitha,F,5
Lelea,F,5
Leonarda,F,5
Lestie,F,5
Levie,F,5
Levonia,F,5
Lidia,F,5
Lilie,F,5
Lillion,F,5
Lindy,F,5
Litha,F,5
Loney,F,5
Lorette,F,5
Lorita,F,5
Lotus,F,5
Louanna,F,5
Loucille,F,5
Lourene,F,5
Love,F,5
Ludella,F,5
Luellar,F,5
Lummie,F,5
Lyndall,F,5
Lynnette,F,5
Mafalda,F,5
Mai,F,5
Maisie,F,5
Malvena,F,5
Manerva,F,5
Manila,F,5
Marcelina,F,5
Margart,F,5
Marine,F,5
Maryland,F,5
Mattye,F,5
Maureen,F,5
Mearl,F,5
Melrose,F,5
Mertice,F,5
Minda,F,5
Minette,F,5
Minie,F,5
Murle,F,5
Murrell,F,5
Nervie,F,5
Nessie,F,5
Norman,F,5
Norris,F,5
Odelle,F,5
Olar,F,5
Oleva,F,5
Olla,F,5
Oneda,F,5
Oneida,F,5
Oreta,F,5
Orma,F,5
Orra,F,5
Oza,F,5
Pallie,F,5
Patience,F,5
Penelope,F,5
Pernie,F,5
Persis,F,5
Pheba,F,5
Placida,F,5
Quincy,F,5
Quinnie,F,5
Rada,F,5
Rafaela,F,5
Rama,F,5
Refugio,F,5
Rilda,F,5
Rittie,F,5
Rochelle,F,5
Romana,F,5
Ronnie,F,5
Rosario,F,5
Rosemond,F,5
Rosita,F,5
Roxana,F,5
Roxy,F,5
Ruey,F,5
Rufina,F,5
Ruthe,F,5
Saddie,F,5
Safronia,F,5
Saloma,F,5
Seferina,F,5
Sinnie,F,5
Soledad,F,5
Suda,F,5
Sydney,F,5
Tassie,F,5
Thelda,F,5
Theora,F,5
Thressa,F,5
Tishie,F,5
Toby,F,5
Tommye,F,5
Toy,F,5
Trannie,F,5
Valera,F,5
Velmer,F,5
Venia,F,5
Verdia,F,5
Vergil,F,5
Vesper,F,5
Vessie,F,5
Veva,F,5
Vianna,F,5
Vicenta,F,5
Vietta,F,5
Vila,F,5
Vilma,F,5
Vista,F,5
Vivia,F,5
Warren,F,5
Wauneta,F,5
Willow,F,5
Woodie,F,5
Wylma,F,5
Yolande,F,5
Zellie,F,5
John,M,7907
William,M,6616
James,M,5592
George,M,4223
Charles,M,3361
Robert,M,3180
Joseph,M,3098
Frank,M,2756
Edward,M,2294
Henry,M,2154
Thomas,M,2134
Walter,M,1858
Harry,M,1750
Willie,M,1565
Arthur,M,1486
Albert,M,1375
Clarence,M,1292
Fred,M,1286
Harold,M,1077
Paul,M,1067
Raymond,M,1064
Roy,M,1002
Joe,M,955
Carl,M,952
Louis,M,912
Richard,M,908
Earl,M,877
Ralph,M,866
Ernest,M,790
Charlie,M,761
David,M,761
Jack,M,743
Samuel,M,702
Theodore,M,642
Howard,M,632
Herbert,M,615
Lawrence,M,598
Francis,M,597
Alfred,M,590
Elmer,M,574
Sam,M,559
Andrew,M,558
Leo,M,551
Eugene,M,524
Daniel,M,501
Lee,M,475
Floyd,M,471
Michael,M,460
Herman,M,457
Jesse,M,437
Peter,M,433
Leonard,M,426
Russell,M,422
Anthony,M,420
Oscar,M,397
Edwin,M,393
Ray,M,391
Lester,M,385
Lewis,M,385
Clyde,M,382
Benjamin,M,374
Leroy,M,370
Donald,M,366
Will,M,359
Cecil,M,354
Eddie,M,353
Lloyd,M,344
Claude,M,336
Stanley,M,334
Frederick,M,330
Clifford,M,326
Martin,M,325
Jessie,M,323
Chester,M,321
Tom,M,312
Edgar,M,307
Jim,M,300
Kenneth,M,275
Ben,M,273
Homer,M,269
Luther,M,266
Harvey,M,264
Bernard,M,259
Norman,M,256
Leslie,M,251
Leon,M,248
Melvin,M,248
Everett,M,238
Allen,M,227
Philip,M,226
Johnnie,M,221
Hugh,M,217
Alexander,M,216
Stephen,M,210
Jacob,M,207
Milton,M,207
Victor,M,205
Patrick,M,203
Alvin,M,201
Horace,M,199
Otto,M,192
Maurice,M,187
Archie,M,186
Guy,M,186
Marvin,M,186
Glenn,M,185
Oliver,M,181
Marion,M,176
Ed,M,175
Sidney,M,175
Vernon,M,175
Otis,M,169
Charley,M,168
Percy,M,167
Gilbert,M,166
Roosevelt,M,166
Hubert,M,165
Willard,M,164
Virgil,M,163
Wilbur,M,163
Earnest,M,159
Julius,M,159
Wallace,M,157
Ira,M,156
Alex,M,154
Rufus,M,152
Gerald,M,151
Morris,M,150
Warren,M,149
Jerry,M,148
Vincent,M,148
Mack,M,147
Wesley,M,145
Willis,M,144
Isaac,M,143
Nathan,M,143
Bill,M,138
Lonnie,M,138
Dewey,M,136
Emil,M,136
Sylvester,M,135
Max,M,133
Bert,M,130
Calvin,M,130
Curtis,M,129
Jose,M,125
Bennie,M,124
Dan,M,124
Glen,M,123
Jimmie,M,123
Rudolph,M,119
Manuel,M,118
Roland,M,115
Felix,M,114
Johnie,M,113
Clifton,M,112
Dave,M,112
Ellis,M,112
Nicholas,M,112
Ollie,M,110
Gordon,M,109
August,M,108
Elbert,M,108
Orville,M,108
Perry,M,108
Arnold,M,107
Edmund,M,104
Irving,M,104
Mark,M,104
Matthew,M,104
Jake,M,102
Adam,M,99
Mike,M,99
Emmett,M,98
Clayton,M,97
Franklin,M,97
Antonio,M,96
Cornelius,M,96
Amos,M,95
Marshall,M,94
Clinton,M,92
Steve,M,92
Forrest,M,91
Irvin,M,91
Roscoe,M,90
Ross,M,90
Wayne,M,90
Jay,M,89
Nathaniel,M,88
Adolph,M,87
Phillip,M,87
Ted,M,87
Jess,M,86
Dennis,M,85
Gus,M,85
Harley,M,83
Abraham,M,82
Reuben,M,82
Alonzo,M,81
Don,M,79
Aaron,M,78
Nelson,M,78
Sherman,M,78
Claud,M,76
Douglas,M,76
Ervin,M,76
Pete,M,75
Tony,M,74
Moses,M,73
Roger,M,73
Ivan,M,71
Laurence,M,71
Grady,M,70
Johnny,M,70
Noah,M,69
Wilson,M,69
Jerome,M,68
Juan,M,68
Jasper,M,67
Tommie,M,67
Elijah,M,66
Solomon,M,66
Karl,M,65
Austin,M,64
Bob,M,64
Dale,M,63
Owen,M,63
Wilfred,M,63
Julian,M,62
Preston,M,62
Timothy,M,62
Booker,M,61
Loyd,M,61
Alva,M,60
Bruce,M,60
Louie,M,60
Millard,M,60
Forest,M,59
Monroe,M,59
Mose,M,59
Troy,M,59
Emory,M,58
Leland,M,58
Mckinley,M,58
Merle,M,58
Simon,M,58
Wiley,M,57
Allan,M,56
Mary,M,56
Levi,M,55
Silas,M,55
Abe,M,54
Grant,M,54
Anton,M,53
Harrison,M,53
Carroll,M,52
Cleveland,M,52
Malcolm,M,52
Delbert,M,51
Eli,M,51
Barney,M,50
Byron,M,50
Cyril,M,50
Dock,M,50
Mitchell,M,50
Wilbert,M,50
Aubrey,M,49
Edmond,M,49
Emanuel,M,49
Erwin,M,49
Ronald,M,49
Edd,M,48
Lyle,M,48
Christopher,M,47
Columbus,M,47
Jeff,M,47
Larry,M,46
Major,M,46
Neal,M,46
Rex,M,46
Ward,M,46
Grover,M,45
Miles,M,45
Ruben,M,45
Earle,M,44
Marcus,M,44
Pedro,M,44
Augustus,M,43
Ora,M,43
Reginald,M,43
Al,M,42
Andy,M,42
Boyd,M,42
Clement,M,42
Fredrick,M,42
Hiram,M,42
Orval,M,42
Ramon,M,42
Gene,M,41
Ike,M,41
Luke,M,41
Dean,M,40
Dwight,M,40
Freeman,M,40
Jackson,M,40
Mathew,M,40
Wade,M,40
Emery,M,39
Garland,M,39
Lynn,M,39
Newton,M,39
Conrad,M,38
Freddie,M,38
Joel,M,38
Murray,M,38
Wendell,M,38
Alton,M,37
Anderson,M,37
Carlos,M,37
Carlton,M,37
Chris,M,37
Clair,M,37
Fletcher,M,37
Nick,M,37
Riley,M,37
Angelo,M,36
Lucius,M,36
Myron,M,36
Otho,M,36
Scott,M,36
Coy,M,35
Dick,M,35
Pat,M,35
Pearl,M,35
Randolph,M,34
Sol,M,34
Alphonse,M,33
Christian,M,33
Clay,M,33
Cleo,M,33
Dewitt,M,33
Elwood,M,33
Gustave,M,33
Herschel,M,33
Loren,M,33
Porter,M,33
Van,M,33
Basil,M,32
Fay,M,32
Ferdinand,M,32
Ned,M,32
Spencer,M,32
Steven,M,32
Tommy,M,32
Clark,M,31
Dallas,M,31
Omer,M,31
Royal,M,31
Russel,M,31
Foster,M,30
Helen,M,30
Houston,M,30
Jeremiah,M,30
Odell,M,30
Sterling,M,30
Vern,M,30
Allie,M,29
Burton,M,29
Buster,M,29
Elliott,M,29
Elvin,M,29
King,M,29
Emerson,M,28
Francisco,M,28
Isiah,M,28
Lowell,M,28
Neil,M,28
Sanford,M,28
Stewart,M,28
Alan,M,27
Chas,M,27
Elmo,M,27
Hollis,M,27
Jonas,M,27
Lorenzo,M,27
Matt,M,27
Salvatore,M,27
Adrian,M,26
Ambrose,M,26
Arther,M,26
Dee,M,26
Ellsworth,M,26
Elton,M,26
Eric,M,26
Ezra,M,26
Garfield,M,26
Harris,M,26
Hugo,M,26
Lon,M,26
Lyman,M,26
Maxwell,M,26
Merrill,M,26
Rolland,M,26
Clem,M,25
Doyle,M,25
Hal,M,25
Hosea,M,25
Isaiah,M,25
Maynard,M,25
Olin,M,25
Oren,M,25
Raleigh,M,25
Wilmer,M,25
Winfield,M,25
Bud,M,24
Dominic,M,24
Eldon,M,24
Harlan,M,24
Isadore,M,24
Israel,M,24
Jefferson,M,24
Mason,M,24
Milo,M,24
Saul,M,24
Theo,M,24
Alfonso,M,23
Elisha,M,23
Elzie,M,23
Florence,M,23
Gabriel,M,23
Irwin,M,23
Junius,M,23
Morgan,M,23
Napoleon,M,23
Phil,M,23
Roman,M,23
Rosevelt,M,23
Turner,M,23
Vance,M,23
Billy,M,22
Chauncey,M,22
Cyrus,M,22
Early,M,22
Enoch,M,22
Green,M,22
Jean,M,22
Jonathan,M,22
Lacy,M,22
Linwood,M,22
Margaret,M,22
Meyer,M,22
Noble,M,22
Noel,M,22
Norbert,M,22
Rubin,M,22
Shirley,M,22
Stuart,M,22
Thurman,M,22
Waldo,M,22
Abner,M,21
Aloysius,M,21
Asa,M,21
Dudley,M,21
Elias,M,21
Elizabeth,M,21
Jesus,M,21
Jules,M,21
Lemuel,M,21
Miguel,M,21
Pablo,M,21
Prince,M,21
Reed,M,21
Sammie,M,21
Ulysses,M,21
Armand,M,20
Aron,M,20
Evan,M,20
Haywood,M,20
Hershel,M,20
Hobert,M,20
Junious,M,20
Keith,M,20
Lawson,M,20
Rogers,M,20
Taylor,M,20
Truman,M,20
Verne,M,20
Webster,M,20
Wilber,M,20
Curley,M,19
Dominick,M,19
Ethel,M,19
Frances,M,19
Henderson,M,19
Ivory,M,19
Jewell,M,19
Lenard,M,19
Lionel,M,19
Lucien,M,19
Luis,M,19
Otha,M,19
Rodney,M,19
Sandy,M,19
Tomas,M,19
Walker,M,19
Wilburn,M,19
Alvie,M,18
Arch,M,18
Archibald,M,18
Avery,M,18
Clint,M,18
Emile,M,18
Frederic,M,18
Gary,M,18
Hobart,M,18
Jimmy,M,18
Judge,M,18
Milford,M,18
Terry,M,18
Tim,M,18
Alford,M,17
Bernie,M,17
Bertram,M,17
Buck,M,17
Carson,M,17
Coleman,M,17
Granville,M,17
Hans,M,17
Josh,M,17
Joshua,M,17
Lincoln,M,17
Merton,M,17
Ruth,M,17
Wilford,M,17
Winfred,M,17
Anna,M,16
Arlie,M,16
Casper,M,16
Cicero,M,16
Cleve,M,16
Cliff,M,16
Connie,M,16
Delmar,M,16
General,M,16
Issac,M,16
Kelly,M,16
Kermit,M,16
Marcellus,M,16
Ottis,M,16
Randall,M,16
Thad,M,16
Thaddeus,M,16
Travis,M,16
Unknown,M,16
Vito,M,16
Alfredo,M,15
Angus,M,15
Artie,M,15
Berry,M,15
Bruno,M,15
Buddy,M,15
Clare,M,15
Evans,M,15
Felipe,M,15
Gust,M,15
Hampton,M,15
Hazel,M,15
Hunter,M,15
Lamar,M,15
Lemon,M,15
Lonzo,M,15
Lucious,M,15
Marie,M,15
Marlin,M,15
Melville,M,15
Micheal,M,15
Morton,M,15
Nolan,M,15
Ole,M,15
Pasquale,M,15
Pierce,M,15
Raphael,M,15
Addison,M,14
Alpha,M,14
Alphonso,M,14
Ashley,M,14
Audrey,M,14
Augustine,M,14
Bernice,M,14
Billie,M,14
Brady,M,14
Buford,M,14
Denver,M,14
Dillard,M,14
Edison,M,14
Eldred,M,14
Eligah,M,14
Elsie,M,14
Golden,M,14
Hardy,M,14
Hyman,M,14
Jason,M,14
Junior,M,14
Merlin,M,14
Merritt,M,14
Mildred,M,14
Nels,M,14
Norris,M,14
Ransom,M,14
Rollin,M,14
Ruby,M,14
Sampson,M,14
Washington,M,14
Watson,M,14
Albin,M,13
Benny,M,13
Dalton,M,13
Dell,M,13
Elmore,M,13
Emmet,M,13
Emmitt,M,13
Ford,M,13
Fritz,M,13
Gustav,M,13
Hamilton,M,13
Harmon,M,13
Jewel,M,13
Johnson,M,13
Lafayette,M,13
Leander,M,13
Lem,M,13
Lillian,M,13
Lindsey,M,13
Logan,M,13
Loran,M,13
Loy,M,13
Lucian,M,13
Ludwig,M,13
Ocie,M,13
Olen,M,13
Orrie,M,13
Pink,M,13
Romeo,M,13
Smith,M,13
Son,M,13
Sydney,M,13
Urban,M,13
Vaughn,M,13
Vernie,M,13
Walton,M,13
Adolphus,M,12
Alice,M,12
Alvah,M,12
Beverly,M,12
Burt,M,12
Carey,M,12
Cary,M,12
Christ,M,12
Cloyd,M,12
Delmer,M,12
Elvis,M,12
Everette,M,12
Fannie,M,12
Furman,M,12
Garrett,M,12
Gladys,M,12
Hayes,M,12
Hezekiah,M,12
Hoyt,M,12
Jonnie,M,12
Judson,M,12
Laverne,M,12
Mabel,M,12
Miller,M,12
Murry,M,12
Oakley,M,12
Odis,M,12
Olaf,M,12
Reese,M,12
Rowland,M,12
Theadore,M,12
Theron,M,12
Valentine,M,12
West,M,12
Wm,M,12
Zeno,M,12
Abel,M,11
Annie,M,11
Arvel,M,11
Bennett,M,11
Bertha,M,11
Brooks,M,11
Bryan,M,11
Bryant,M,11
Caleb,M,11
Carter,M,11
Crawford,M,11
Darrell,M,11
Dorsey,M,11
Duncan,M,11
Edna,M,11
Ellie,M,11
Elza,M,11
Emma,M,11
Ewing,M,11
Fernando,M,11
Gail,M,11
Hallie,M,11
Hamp,M,11
Henery,M,11
Hilton,M,11
Irene,M,11
Kelley,M,11
Leopold,M,11
Loyal,M,11
Mahlon,M,11
Mattie,M,11
Mervin,M,11
Minnie,M,11
Obie,M,11
Oral,M,11
Oran,M,11
Orin,M,11
Oswald,M,11
Palmer,M,11
Pierre,M,11
Raymon,M,11
Rene,M,11
Rocco,M,11
Rollie,M,11
Salvador,M,11
Shelby,M,11
Sim,M,11
Talmadge,M,11
Teddy,M,11
Tillman,M,11
Tomie,M,11
Viola,M,11
Wash,M,11
Williams,M,11
Winston,M,11
Young,M,11
Zack,M,11
Adelbert,M,10
Alberto,M,10
Alden,M,10
Antone,M,10
Augusta,M,10
Bailey,M,10
Benjiman,M,10
Benton,M,10
Bertrand,M,10
Blair,M,10
Bonnie,M,10
Chesley,M,10
Clarance,M,10
Cletus,M,10
Earlie,M,10
Elgin,M,10
Ennis,M,10
Ephraim,M,10
Evert,M,10
Ewald,M,10
Felton,M,10
Ferris,M,10
Gaylord,M,10
Gertrude,M,10
Gregory,M,10
Guss,M,10
Hosie,M,10
Hudson,M,10
Ivy,M,10
Jones,M,10
Kirk,M,10
Lew,M,10
Mace,M,10
Mario,M,10
May,M,10
Odie,M,10
Orlando,M,10
Patsy,M,10
Rafael,M,10
Richmond,M,10
Rudy,M,10
Samual,M,10
Santos,M,10
Seth,M,10
Sheldon,M,10
Simeon,M,10
Warner,M,10
Weldon,M,10
Wilton,M,10
Wylie,M,10
Abram,M,9
Alec,M,9
Allison,M,9
Antoine,M,9
Art,M,9
Baxter,M,9
Bertie,M,9
Bishop,M,9
Bradford,M,9
Bradley,M,9
Burl,M,9
Carrol,M,9
Clarnce,M,9
Dana,M,9
Danny,M,9
Dexter,M,9
Domingo,M,9
Durward,M,9
Einar,M,9
Essie,M,9
Ewell,M,9
Gale,M,9
Garvin,M,9
Gaston,M,9
Giles,M,9
Gottlieb,M,9
Gussie,M,9
Haskell,M,9
Hermon,M,9
Howell,M,9
Hurley,M,9
Isidore,M,9
Jennings,M,9
Joy,M,9
Jule,M,9
Justin,M,9
Lambert,M,9
Lawton,M,9
Len,M,9
Levy,M,9
Lige,M,9
Lillie,M,9
Lindsay,M,9
Louise,M,9
Love,M,9
Mae,M,9
Mat,M,9
Meredith,M,9
Minor,M,9
Myles,M,9
Myrtle,M,9
Newt,M,9
Olan,M,9
Ossie,M,9
Pleas,M,9
Quincy,M,9
Rueben,M,9
Rupert,M,9
Santiago,M,9
Seymour,M,9
Sid,M,9
Tobe,M,9
Val,M,9
Vicente,M,9
Virgle,M,9
Vivian,M,9
Wardell,M,9
Wheeler,M,9
Ada,M,8
Adolf,M,8
Agustin,M,8
Alma,M,8
Alois,M,8
Ashton,M,8
Axel,M,8
Bart,M,8
Beatrice,M,8
Beryl,M,8
Buddie,M,8
Cal,M,8
Casimir,M,8
Clara,M,8
Davis,M,8
Dolphus,M,8
Eldridge,M,8
Elex,M,8
Ernie,M,8
Eva,M,8
Ezekiel,M,8
Geo,M,8
Gerard,M,8
Graham,M,8
Harvie,M,8
Hayward,M,8
Hilary,M,8
Hilliard,M,8
Hughie,M,8
Ignatius,M,8
Julia,M,8
Kirby,M,8
Lance,M,8
Lonie,M,8
Lorenza,M,8
Lupe,M,8
Mac,M,8
Malachi,M,8
Mannie,M,8
Martha,M,8
Maxie,M,8
Nathen,M,8
Nora,M,8
Norval,M,8
Odus,M,8
Okey,M,8
Omar,M,8
Oneal,M,8
Opal,M,8
Ozie,M,8
Parker,M,8
Pearlie,M,8
Percival,M,8
Robbie,M,8
Roderick,M,8
Rolla,M,8
Shelly,M,8
Spurgeon,M,8
Thornton,M,8
Thurston,M,8
Tollie,M,8
Toney,M,8
Verna,M,8
Verner,M,8
Victoriano,M,8
Westley,M,8
Weston,M,8
Wilfrid,M,8
Wilhelm,M,8
Willam,M,8
Zeb,M,8
Alfonzo,M,7
Alonza,M,7
Arden,M,7
Arvid,M,7
Audley,M,7
Auther,M,7
Authur,M,7
Bartholomew,M,7
Barton,M,7
Belton,M,7
Bessie,M,7
Blanche,M,7
Brown,M,7
Carmine,M,7
Claire,M,7
Collie,M,7
Collins,M,7
Conway,M,7
Cornelious,M,7
Doll,M,7
Donovan,M,7
Dorothy,M,7
Duke,M,7
Edmon,M,7
Ella,M,7
Elwin,M,7
Emilio,M,7
Emmit,M,7
Enos,M,7
Enrique,M,7
Ephriam,M,7
Esau,M,7
Estel,M,7
Eunice,M,7
Farris,M,7
Florian,M,7
Fulton,M,7
Georgie,M,7
Guadalupe,M,7
Gurney,M,7
Gustaf,M,7
Hall,M,7
Heyward,M,7
Hjalmer,M,7
Ivor,M,7
Jarvis,M,7
Joesph,M,7
Johney,M,7
Johny,M,7
Josephine,M,7
Kyle,M,7
Linnie,M,7
Linton,M,7
Lois,M,7
Lola,M,7
Lula,M,7
Madison,M,7
Manford,M,7
Mart,M,7
Mickey,M,7
Mitchel,M,7
Mortimer,M,7
Murphy,M,7
Myrl,M,7
Nat,M,7
Olie,M,7
Orlo,M,7
Orvil,M,7
Owens,M,7
Reece,M,7
Reinhold,M,7
Ricardo,M,7
Rose,M,7
Sammy,M,7
Shelton,M,7
Vester,M,7
Wayman,M,7
Waymon,M,7
Wong,M,7
Woodie,M,7
Alcide,M,6
Alejandro,M,6
Arlington,M,6
Arnie,M,6
Arvil,M,6
Augustin,M,6
Beckham,M,6
Bedford,M,6
Benjaman,M,6
Benjamine,M,6
Bobbie,M,6
Brice,M,6
Burnice,M,6
Butler,M,6
Caesar,M,6
Cameron,M,6
Carleton,M,6
Carol,M,6
Chalmer,M,6
Champ,M,6
Clide,M,6
Colbert,M,6
Collier,M,6
Conley,M,6
Cy,M,6
Daisy,M,6
Davie,M,6
Doc,M,6
Duane,M,6
Ebb,M,6
Eduard,M,6
Effie,M,6
Elder,M,6
Elie,M,6
Elliot,M,6
Elroy,M,6
Elwyn,M,6
Emit,M,6
Eustace,M,6
Ezell,M,6
Farrell,M,6
Fate,M,6
Ferd,M,6
Fern,M,6
Finis,M,6
Gardner,M,6
Garner,M,6
Garry,M,6
Glenwood,M,6
Glynn,M,6
Godfrey,M,6
Grace,M,6
Gregorio,M,6
Griffin,M,6
Harvy,M,6
Hattie,M,6
Hilding,M,6
Holmes,M,6
Hosteen,M,6
Huey,M,6
Huston,M,6
Hyrum,M,6
Ignacio,M,6
Irvine,M,6
Isom,M,6
Isreal,M,6
Iver,M,6
Jhon,M,6
Joeseph,M,6
Jonah,M,6
Jordan,M,6
Juluis,M,6
June,M,6
Kent,M,6
Laura,M,6
Laurel,M,6
Leamon,M,6
Leonardo,M,6
Linn,M,6
Llewellyn,M,6
Lorin,M,6
Lou,M,6
Lucas,M,6
Lucy,M,6
Luigi,M,6
Magnus,M,6
Malvin,M,6
Mamie,M,6
Manley,M,6
Milburn,M,6
Moe,M,6
Moise,M,6
Monte,M,6
Nellie,M,6
Newell,M,6
Nickolas,M,6
Norwood,M,6
Pinkney,M,6
Plummer,M,6
Powell,M,6
Rexford,M,6
Rollo,M,6
Rosario,M,6
Rossie,M,6
Sanders,M,6
Selmer,M,6
Sharon,M,6
Shedrick,M,6
Sheridan,M,6
Sherwood,M,6
Sie,M,6
Solon,M,6
Sonny,M,6
Stanislaus,M,6
Talmage,M,6
Thedore,M,6
Thelma,M,6
Thompson,M,6
Titus,M,6
Toy,M,6
Tracy,M,6
Willia,M,6
Wyatt,M,6
Zeke,M,6
Acie,M,5
Adrien,M,5
Agnes,M,5
Alberta,M,5
Albino,M,5
Alf,M,5
Alferd,M,5
Almer,M,5
Alvan,M,5
Amedee,M,5
Ansel,M,5
Archer,M,5
Arie,M,5
Arleigh,M,5
Arley,M,5
Armon,M,5
Artis,M,5
Arvin,M,5
Author,M,5
Avon,M,5
Ballard,M,5
Beecher,M,5
Benedict,M,5
Berkley,M,5
Bernardo,M,5
Beulah,M,5
Blanchard,M,5
Boston,M,5
Burdette,M,5
Burney,M,5
Burrell,M,5
Callie,M,5
Calvert,M,5
Carlo,M,5
Carmen,M,5
Cas,M,5
Chauncy,M,5
Clemens,M,5
Cleon,M,5
Colin,M,5
Collis,M,5
Commodore,M,5
Cornell,M,5
Courtney,M,5
Craig,M,5
Cruz,M,5
Dolph,M,5
Domenick,M,5
Earnie,M,5
Eliga,M,5
Ellen,M,5
Essex,M,5
Estes,M,5
Etienne,M,5
Evelyn,M,5
Evertt,M,5
Faye,M,5
Fenton,M,5
Fidel,M,5
Fleetwood,M,5
Franklyn,M,5
Franz,M,5
Fredric,M,5
Garnett,M,5
Garold,M,5
Gennie,M,5
Gerrit,M,5
Gilmore,M,5
Gonzalo,M,5
Halsey,M,5
Handy,M,5
Harrell,M,5
Hayden,M,5
Hazen,M,5
Hebert,M,5
Helmer,M,5
Hershell,M,5
Hillard,M,5
Holden,M,5
Hope,M,5
Idell,M,5
Isac,M,5
Isador,M,5
Iva,M,5
Jan,M,5
Jennie,M,5
Jens,M,5
Jodie,M,5
Josiah,M,5
Justice,M,5
Justus,M,5
Kate,M,5
Katherine,M,5
Kay,M,5
Lacey,M,5
Landon,M,5
Larkin,M,5
Laurie,M,5
Lavern,M,5
Lawerence,M,5
Lemmie,M,5
Lennie,M,5
Lenord,M,5
Lessie,M,5
Lovell,M,5
Luciano,M,5
Lum,M,5
Lydia,M,5
Mable,M,5
Maceo,M,5
Macon,M,5
Marian,M,5
Marshal,M,5
Mayo,M,5
Mearl,M,5
Mel,M,5
Melton,M,5
Merl,M,5
Michel,M,5
Murl,M,5
Newman,M,5
Obed,M,5
Oda,M,5
Odin,M,5
Ola,M,5
Onnie,M,5
Orbie,M,5
Oris,M,5
Orrin,M,5
Osborne,M,5
Park,M,5
Parley,M,5
Pascal,M,5
Paschal,M,5
Perley,M,5
Prentice,M,5
Prentiss,M,5
Price,M,5
Prosper,M,5
Ramond,M,5
Refugio,M,5
Remus,M,5
Reynold,M,5
Rich,M,5
Robt,M,5
Rodolfo,M,5
Rome,M,5
Romie,M,5
Rosco,M,5
Rube,M,5
Rubert,M,5
Rudolf,M,5
Samie,M,5
Sarah,M,5
Sebastian,M,5
Shafter,M,5
Shellie,M,5
Sinclair,M,5
Spence,M,5
Stafford,M,5
Starling,M,5
Sumner,M,5
Sun,M,5
Terrell,M,5
Tobias,M,5
Ulysees,M,5
Vernal,M,5
Vernard,M,5
Vinson,M,5
Waino,M,5
Waldemar,M,5
Watt,M,5
Weaver,M,5
Welby,M,5
Werner,M,5
Whit,M,5
Willian,M,5
Willy,M,5
Winford,M,5
Woodrow,M,5
Wright,M,5
Wyman,M,5
Yancy,M,5
Zollie,M,5
