name,gender,count
Mary,F,13811
Anna,F,5860
Helen,F,4392
Margaret,F,4050
Ruth,F,3905
Ethel,F,3502
Elizabeth,F,3471
Florence,F,3323
Marie,F,3087
Emma,F,2872
Lillian,F,2702
Alice,F,2651
Edna,F,2604
Clara,F,2582
Bertha,F,2565
Minnie,F,2530
Grace,F,2485
Bessie,F,2435
Annie,F,2358
Rose,F,2341
Mabel,F,2283
Hazel,F,2226
Gertrude,F,2221
Ida,F,2159
Pearl,F,2101
Martha,F,2022
Esther,F,1964
Frances,F,1964
Edith,F,1932
Myrtle,F,1928
Elsie,F,1878
Eva,F,1779
Gladys,F,1757
Nellie,F,1696
Sarah,F,1691
Ella,F,1683
Laura,F,1665
Agnes,F,1654
Mildred,F,1620
Catherine,F,1594
Irene,F,1593
Louise,F,1531
Lillie,F,1483
Julia,F,1407
Carrie,F,1388
Dorothy,F,1366
Hattie,F,1320
Lena,F,1318
Mattie,F,1288
Josephine,F,1256
Alma,F,1243
Cora,F,1204
Jennie,F,1178
Blanche,F,1150
Mae,F,1148
Maude,F,1104
Jessie,F,1103
Mamie,F,1081
Lucy,F,1074
Stella,F,1054
Katherine,F,1047
Viola,F,1047
Ada,F,1041
Lula,F,1012
Fannie,F,1001
Ruby,F,994
Marion,F,987
Dora,F,874
Maggie,F,871
Beatrice,F,870
Nora,F,844
Sadie,F,827
Ellen,F,811
Rosa,F,808
Pauline,F,756
Willie,F,755
Beulah,F,750
Marguerite,F,725
Susie,F,718
Effie,F,716
Vera,F,675
May,F,671
Daisy,F,661
Evelyn,F,646
Della,F,642
Lucille,F,637
Nettie,F,628
Kathryn,F,625
Virginia,F,621
Olive,F,583
Lydia,F,580
Lottie,F,574
Georgia,F,562
Leona,F,556
Hilda,F,549
Emily,F,527
Flora,F,527
Nancy,F,527
Katie,F,516
Lizzie,F,508
Sallie,F,498
Eleanor,F,493
Charlotte,F,492
Bernice,F,489
Ann,F,488
Addie,F,485
Etta,F,484
Theresa,F,469
Lola,F,450
Caroline,F,437
Harriet,F,437
Iva,F,434
Lela,F,425
Anne,F,423
Jane,F,413
Henrietta,F,412
Ollie,F,409
Ora,F,408
Nannie,F,400
Inez,F,398
Estelle,F,392
Loretta,F,391
Lois,F,388
Marjorie,F,387
Goldie,F,384
Essie,F,381
Mollie,F,374
Rebecca,F,371
Amanda,F,367
Mable,F,367
Amelia,F,365
Eula,F,365
Estella,F,363
Olga,F,355
Violet,F,354
Eunice,F,351
Rachel,F,348
Susan,F,343
Betty,F,342
Sylvia,F,340
Frieda,F,339
Matilda,F,339
Sara,F,326
Verna,F,326
Barbara,F,324
Hannah,F,323
Amy,F,320
Nina,F,320
Flossie,F,315
Rosie,F,314
Maria,F,312
Doris,F,307
Genevieve,F,305
Kate,F,303
Alta,F,302
Lucile,F,300
Maud,F,298
Victoria,F,281
Madeline,F,279
Sophia,F,278
Christine,F,274
Ola,F,273
Naomi,F,269
Marian,F,267
Augusta,F,265
Irma,F,261
Eliza,F,260
Thelma,F,260
Kathleen,F,259
Alberta,F,258
Celia,F,258
Sophie,F,258
Jean,F,255
Velma,F,249
Freda,F,246
Belle,F,238
Ina,F,238
Selma,F,238
Isabel,F,232
Luella,F,230
Lulu,F,228
Josie,F,227
Vivian,F,224
Janie,F,223
Allie,F,221
Fern,F,218
Nell,F,215
Millie,F,213
Callie,F,212
Winifred,F,212
Virgie,F,211
Teresa,F,209
Winnie,F,205
Rena,F,203
Lila,F,201
Elva,F,198
Geneva,F,197
Norma,F,197
Erma,F,192
Cecelia,F,190
Delia,F,190
Tillie,F,189
Adeline,F,187
Mayme,F,186
Opal,F,186
Sally,F,185
Bertie,F,183
Isabelle,F,180
Lora,F,179
Jeanette,F,172
Leah,F,169
Miriam,F,169
Cecilia,F,168
Dollie,F,167
Gussie,F,167
Juanita,F,165
Bonnie,F,163
Birdie,F,162
Elma,F,160
Myra,F,158
Johanna,F,157
Lelia,F,153
Adele,F,152
Bess,F,151
Katharine,F,151
Hester,F,150
Carolyn,F,149
Leila,F,149
Regina,F,149
Veronica,F,145
Cecile,F,144
Muriel,F,144
Leola,F,141
Anita,F,139
Louisa,F,138
Jeannette,F,135
Cleo,F,134
Hallie,F,134
Lenora,F,134
Faye,F,132
Maudie,F,132
Roxie,F,132
Harriett,F,131
Hettie,F,131
Adelaide,F,130
Cornelia,F,130
Lou,F,130
Margie,F,130
Rhoda,F,130
Zella,F,130
Elsa,F,129
Hulda,F,129
Letha,F,128
Ila,F,126
Bettie,F,125
Lucinda,F,124
Meta,F,122
Abbie,F,121
Lilly,F,121
Mathilda,F,121
Sue,F,121
Lessie,F,120
Gertie,F,119
Christina,F,118
Helena,F,118
Lorena,F,118
Alvina,F,114
Elvira,F,114
Francis,F,114
Olivia,F,114
Roberta,F,113
Neva,F,112
Madge,F,109
Reba,F,109
Rita,F,109
Audrey,F,108
Cecil,F,108
Dessie,F,108
Fanny,F,108
Nola,F,108
Fay,F,107
Mina,F,107
Claire,F,106
Elnora,F,106
Phoebe,F,106
Wilma,F,105
Linda,F,104
Wilhelmina,F,103
Corinne,F,102
Janet,F,102
Helene,F,100
Lily,F,100
Eugenia,F,99
Catharine,F,98
Lettie,F,98
Minerva,F,98
Oma,F,97
Leota,F,96
Rosalie,F,95
Cassie,F,94
Lura,F,94
Gracie,F,93
Mittie,F,93
Claudia,F,92
Antoinette,F,91
Pearlie,F,91
Edythe,F,90
Johnnie,F,89
Nelle,F,89
Angeline,F,88
Isabella,F,88
Dovie,F,86
Geraldine,F,86
Merle,F,86
Erna,F,85
Clarice,F,84
Golda,F,84
Myrtie,F,84
Artie,F,83
Dorothea,F,83
Alpha,F,82
June,F,82
Zelma,F,82
Linnie,F,81
Vida,F,80
Annette,F,79
Louella,F,79
Marcella,F,79
Ophelia,F,79
Pansy,F,79
Ivy,F,78
Eloise,F,77
Rosetta,F,77
Alva,F,76
Jewell,F,76
Leta,F,76
Constance,F,75
Emilie,F,74
Nona,F,74
Angelina,F,73
Lee,F,73
Lida,F,73
Lona,F,72
Priscilla,F,72
Vada,F,72
Zora,F,72
Aline,F,70
Floy,F,70
Blanch,F,69
Phyllis,F,69
Evie,F,68
Mazie,F,68
Polly,F,68
Tessie,F,68
Maybelle,F,67
Orpha,F,67
Willa,F,67
Lenore,F,66
Lina,F,66
Jimmie,F,65
Verda,F,65
Zula,F,65
Ione,F,64
Vesta,F,64
Cynthia,F,63
Dolly,F,63
Ona,F,63
Rae,F,63
Lauretta,F,61
Angela,F,60
Angie,F,60
Lyda,F,59
Frankie,F,58
Isabell,F,58
Jewel,F,58
Wanda,F,58
Ernestine,F,56
Iona,F,56
Jannie,F,56
Mona,F,56
Nan,F,56
Rhea,F,56
Lilla,F,55
Shirley,F,55
Era,F,54
Georgie,F,54
Chloe,F,53
Clare,F,53
Mandy,F,53
Ocie,F,53
Vina,F,53
Antonia,F,52
Ellie,F,52
Malinda,F,52
Sudie,F,52
Bell,F,51
Cordelia,F,51
Idella,F,51
Lovie,F,51
Pearle,F,51
Tina,F,51
Una,F,51
Agatha,F,50
Clyde,F,50
Dena,F,50
Eddie,F,50
Elisabeth,F,50
John,F,50
Bernadette,F,49
Hortense,F,49
Iola,F,49
Iris,F,49
Jeanne,F,49
Leora,F,49
Molly,F,49
Octavia,F,49
Carmen,F,48
Emmie,F,48
Madeleine,F,48
Eda,F,47
Paula,F,47
Rosella,F,47
Zola,F,47
Adah,F,46
Eileen,F,46
Elda,F,46
Elise,F,46
Beryl,F,45
Florida,F,45
Georgiana,F,45
Lorraine,F,45
Odessa,F,45
Peggy,F,45
Annabelle,F,44
Connie,F,44
Corine,F,44
Lennie,F,44
Lorene,F,44
William,F,44
Albina,F,43
Bella,F,43
Ester,F,43
Glenna,F,43
Leone,F,43
Margery,F,43
Marietta,F,43
Rowena,F,43
Aurelia,F,42
Mabelle,F,42
Magdalena,F,42
Reta,F,42
Vernie,F,42
Avis,F,41
Billie,F,41
Leatha,F,41
Pattie,F,41
Dixie,F,40
Donna,F,40
Gretchen,F,40
Melvina,F,40
Pinkie,F,40
Charity,F,39
Dolores,F,39
Easter,F,39
Ethyl,F,39
Margret,F,39
Ava,F,38
Cordie,F,38
Elaine,F,38
Elmira,F,38
Hanna,F,38
Hilma,F,38
Inga,F,38
Judith,F,38
Tena,F,38
Tennie,F,38
Zona,F,38
Aileen,F,37
Esta,F,37
Joanna,F,37
Joyce,F,37
Lilian,F,37
Ludie,F,37
Patricia,F,37
Veda,F,37
Wilda,F,37
Althea,F,36
Anastasia,F,36
Bridget,F,36
Carol,F,36
Clemmie,F,36
Corrine,F,36
Gail,F,36
Hedwig,F,36
Leonora,F,36
Monica,F,36
Susanna,F,36
Zoe,F,36
Adelia,F,35
Dona,F,35
Kitty,F,35
Natalie,F,35
Ray,F,35
Alida,F,34
Almeda,F,34
Belva,F,34
Elinor,F,34
Enid,F,34
Imogene,F,34
Lucia,F,34
Philomena,F,34
Rosina,F,34
Viva,F,34
Altha,F,33
Annabel,F,33
Arlene,F,33
Arline,F,33
Berta,F,33
Carmela,F,33
Eleanora,F,33
Ettie,F,33
Ferne,F,33
Julie,F,33
Melba,F,33
Petra,F,33
Tressa,F,33
Verdie,F,33
George,F,32
Harriette,F,32
Lavina,F,32
Lue,F,32
Mallie,F,32
Minna,F,32
Reva,F,32
Sadye,F,32
Tommie,F,32
Vinnie,F,32
Eleanore,F,31
Estell,F,31
Ira,F,31
Joan,F,31
Letitia,F,31
Lucretia,F,31
Nita,F,31
Retta,F,31
Robbie,F,31
Savannah,F,31
Sybil,F,31
Ursula,F,31
Vena,F,31
Winnifred,F,31
Zelda,F,31
Alfreda,F,30
Cathryn,F,30
Celeste,F,30
Delphia,F,30
Diana,F,30
Evangeline,F,30
Freddie,F,30
Hope,F,30
Loraine,F,30
Melissa,F,30
Mertie,F,30
Vallie,F,30
Berenice,F,29
Beth,F,29
Camilla,F,29
Cordia,F,29
Garnet,F,29
Jenny,F,29
Kittie,F,29
Lavinia,F,29
Lonie,F,29
Magdalene,F,29
Vergie,F,29
Adela,F,28
Allene,F,28
Carolina,F,28
Corrie,F,28
Ethelyn,F,28
Eulalia,F,28
Evalyn,F,28
Florine,F,28
Freida,F,28
Georgianna,F,28
Icie,F,28
James,F,28
Jettie,F,28
Kattie,F,28
Queen,F,28
Rilla,F,28
Robert,F,28
Serena,F,28
Albertine,F,27
Camille,F,27
Eugenie,F,27
Eve,F,27
Faith,F,27
Florrie,F,27
India,F,27
Leslie,F,27
Liza,F,27
Luna,F,27
Malvina,F,27
Marcia,F,27
Marvel,F,27
Queenie,F,27
Ramona,F,27
Rosanna,F,27
Aurora,F,26
Concetta,F,26
Elenora,F,26
Idell,F,26
Ima,F,26
Laverne,F,26
Lenna,F,26
Lucie,F,26
Madelyn,F,26
Mercedes,F,26
Yetta,F,26
Elena,F,25
Elizebeth,F,25
Guadalupe,F,25
Hassie,F,25
Helga,F,25
Hertha,F,25
Magnolia,F,25
Malissa,F,25
Meda,F,25
Missouri,F,25
Sibyl,F,25
Tressie,F,25
Winona,F,25
Yvonne,F,25
Annetta,F,24
Audra,F,24
Bennie,F,24
Bulah,F,24
Claudie,F,24
Donnie,F,24
Edwina,F,24
Emelia,F,24
Emilia,F,24
Gwendolyn,F,24
Joseph,F,24
Marjory,F,24
Nova,F,24
Ruthie,F,24
Signe,F,24
Theo,F,24
Adaline,F,23
Aimee,F,23
Alda,F,23
Celestine,F,23
Clarissa,F,23
Clementine,F,23
Coral,F,23
Elfrieda,F,23
Elvina,F,23
Lea,F,23
Lelah,F,23
Libbie,F,23
Louie,F,23
Manda,F,23
Mariah,F,23
Neta,F,23
Oda,F,23
Onie,F,23
Patsy,F,23
Adelina,F,22
Arrie,F,22
Donie,F,22
Emmer,F,22
Juliet,F,22
Leo,F,22
Libby,F,22
Liddie,F,22
Madaline,F,22
Madie,F,22
Margarita,F,22
Mathilde,F,22
Maye,F,22
Mettie,F,22
Rubie,F,22
Sula,F,22
Valeria,F,22
Verona,F,22
Ara,F,21
Berniece,F,21
Christena,F,21
Fairy,F,21
Glennie,F,21
Hildegard,F,21
Josefa,F,21
Kathrine,F,21
Lavada,F,21
Louvenia,F,21
Luvenia,F,21
Mellie,F,21
Myrtice,F,21
Myrtis,F,21
Novella,F,21
Sophronia,F,21
Theodora,F,21
Veva,F,21
Vira,F,21
Annis,F,20
Aurore,F,20
Crystal,F,20
Dottie,F,20
Elvie,F,20
Emeline,F,20
Greta,F,20
Hessie,F,20
Jo,F,20
Justine,F,20
Kizzie,F,20
Lexie,F,20
Lorna,F,20
Maybell,F,20
Myrta,F,20
Nadine,F,20
Ouida,F,20
Retha,F,20
Rosia,F,20
Rossie,F,20
Wilhelmine,F,20
Aletha,F,19
Buelah,F,19
Clora,F,19
Consuelo,F,19
Delta,F,19
Edyth,F,19
Etha,F,19
Exie,F,19
Gene,F,19
Hildegarde,F,19
Isa,F,19
Kathryne,F,19
Leda,F,19
Lutie,F,19
Macie,F,19
Martina,F,19
Maymie,F,19
Myrle,F,19
Ottie,F,19
Phebe,F,19
Rachael,F,19
Ressie,F,19
Rosalind,F,19
Rubye,F,19
Tilda,F,19
Vernice,F,19
Adella,F,18
Amalia,F,18
Andrea,F,18
Ardella,F,18
Arizona,F,18
Augustine,F,18
Birtha,F,18
Cathrine,F,18
Daisey,F,18
Deborah,F,18
Delilah,F,18
Delma,F,18
Delpha,F,18
Docia,F,18
Electa,F,18
Eulah,F,18
Euna,F,18
Grayce,F,18
Hellen,F,18
Hermina,F,18
Huldah,F,18
Joy,F,18
Loretto,F,18
Magdalen,F,18
Manuela,F,18
Maxie,F,18
Metta,F,18
Norah,F,18
Odelia,F,18
Rosalee,F,18
Rosemary,F,18
Samantha,F,18
Sena,F,18
Sidney,F,18
Tempie,F,18
Zetta,F,18
Amber,F,17
Audie,F,17
Bernadine,F,17
Dell,F,17
Delphine,F,17
Dorris,F,17
Dulcie,F,17
Erie,F,17
Frank,F,17
Golden,F,17
Hazle,F,17
Icy,F,17
Lala,F,17
Loma,F,17
Mahala,F,17
Maurine,F,17
Melva,F,17
Odie,F,17
Ossie,F,17
Prudence,F,17
Selina,F,17
Theresia,F,17
Vassie,F,17
Albertha,F,16
America,F,16
Arvilla,F,16
Birtie,F,16
Bobbie,F,16
Corene,F,16
Elta,F,16
Freeda,F,16
Gay,F,16
Gillie,F,16
Goldia,F,16
Hazelle,F,16
Hildur,F,16
Ivie,F,16
Izora,F,16
Leanna,F,16
Margaretta,F,16
Margarette,F,16
Millicent,F,16
Myrl,F,16
Nanie,F,16
Osie,F,16
Rosalia,F,16
Rosamond,F,16
Sammie,F,16
Therese,F,16
Treva,F,16
Vella,F,16
Versie,F,16
Vertie,F,16
Abigail,F,15
Adell,F,15
Arie,F,15
Cherry,F,15
Daphne,F,15
Dicie,F,15
Ebba,F,15
Flo,F,15
Fred,F,15
Frona,F,15
Gena,F,15
Henriette,F,15
Ivah,F,15
Jeanie,F,15
Jesse,F,15
Jonnie,F,15
Lera,F,15
Letta,F,15
Lyla,F,15
Margarete,F,15
Minta,F,15
Myrna,F,15
Ova,F,15
Paulina,F,15
Sabina,F,15
Verlie,F,15
Vernon,F,15
Violette,F,15
Zada,F,15
Amie,F,14
Angelita,F,14
Bethel,F,14
Betsy,F,14
Charlie,F,14
Delfina,F,14
Dorcas,F,14
Eura,F,14
Evelina,F,14
Filomena,F,14
Fleta,F,14
Georgina,F,14
Henry,F,14
Juliette,F,14
Justina,F,14
Lassie,F,14
Lella,F,14
Lossie,F,14
Maxine,F,14
Melinda,F,14
Mintie,F,14
Mossie,F,14
Mozelle,F,14
Nella,F,14
Odile,F,14
Parthenia,F,14
Roma,F,14
Tiny,F,14
Tracy,F,14
Vessie,F,14
Zita,F,14
Alvena,F,13
Alyce,F,13
Beula,F,13
Buena,F,13
Carmella,F,13
Claribel,F,13
Claudine,F,13
Cleta,F,13
Dana,F,13
Dinah,F,13
Earl,F,13
Elisa,F,13
Elna,F,13
Eudora,F,13
Fae,F,13
Francisca,F,13
Frederica,F,13
Fronie,F,13
Glenn,F,13
Hermine,F,13
Jodie,F,13
Johnie,F,13
Jossie,F,13
Katheryn,F,13
Kay,F,13
Lacy,F,13
Leonie,F,13
Leonore,F,13
Lollie,F,13
Lovina,F,13
Luetta,F,13
Lular,F,13
Mammie,F,13
Milda,F,13
Naoma,F,13
Nena,F,13
Odell,F,13
Orrie,F,13
Ottilie,F,13
Selena,F,13
Stephanie,F,13
Thora,F,13
Tinnie,F,13
Twila,F,13
Vannie,F,13
Velda,F,13
Venus,F,13
Adda,F,12
Aggie,F,12
Albertina,F,12
Alicia,F,12
Almira,F,12
Ana,F,12
Anastacia,F,12
Arlie,F,12
Beaulah,F,12
Berdie,F,12
Bernetta,F,12
Besse,F,12
Bula,F,12
Cammie,F,12
Carlotta,F,12
Clifford,F,12
Corda,F,12
Debbie,F,12
Dillie,F,12
Eulalie,F,12
Fleda,F,12
Florance,F,12
Hildred,F,12
Ivory,F,12
Jennette,F,12
Joe,F,12
Juana,F,12
Juliana,F,12
Laurie,F,12
Lavenia,F,12
Leontine,F,12
Lillia,F,12
Lota,F,12
Louetta,F,12
Mignon,F,12
Nealie,F,12
Neoma,F,12
Norine,F,12
Oral,F,12
Ottilia,F,12
Pollie,F,12
Sister,F,12
Trudie,F,12
Vashti,F,12
Verla,F,12
Vicie,F,12
Virgia,F,12
Virgil,F,12
Willia,F,12
Altie,F,11
Ammie,F,11
Annabell,F,11
Antonette,F,11
Atha,F,11
Blossom,F,11
Celesta,F,11
Chloie,F,11
Clarinda,F,11
Doshie,F,11
Drucilla,F,11
Eldora,F,11
Felicia,F,11
Georgette,F,11
Harry,F,11
Henretta,F,11
Honora,F,11
Izetta,F,11
Josiephine,F,11
Lady,F,11
Lana,F,11
Laurine,F,11
Leana,F,11
Lempi,F,11
Lissie,F,11
Lonnie,F,11
Lotus,F,11
Luisa,F,11
Lurline,F,11
Monnie,F,11
Nevada,F,11
Nonie,F,11
Nonnie,F,11
Ozella,F,11
Patience,F,11
Portia,F,11
Sarrah,F,11
Signa,F,11
Sina,F,11
Sofia,F,11
Tennessee,F,11
Thea,F,11
Thomas,F,11
Trinidad,F,11
Ula,F,11
Valerie,F,11
Zadie,F,11
Zenobia,F,11
Alba,F,10
Albert,F,10
Alene,F,10
Almeta,F,10
Annice,F,10
Arthur,F,10
Beda,F,10
Carry,F,10
Celina,F,10
Charles,F,10
Christie,F,10
Clair,F,10
Clemence,F,10
Corean,F,10
Dessa,F,10
Doshia,F,10
Elenore,F,10
Elia,F,10
Elida,F,10
Elmer,F,10
Eloisa,F,10
Ena,F,10
Etna,F,10
Evalena,F,10
Eveline,F,10
Ferol,F,10
Floyd,F,10
Fronia,F,10
Garnett,F,10
Genie,F,10
Gertha,F,10
Gina,F,10
Ilda,F,10
Imo,F,10
Isadora,F,10
Janette,F,10
Katy,F,10
Lannie,F,10
Laurette,F,10
Laverna,F,10
Leaner,F,10
Lilie,F,10
Littie,F,10
Lyle,F,10
Mabell,F,10
Maida,F,10
Malissie,F,10
Matilde,F,10
Media,F,10
Mima,F,10
Mira,F,10
Mora,F,10
Netta,F,10
Ninnie,F,10
Octa,F,10
Oleta,F,10
Omie,F,10
Ophia,F,10
Osa,F,10
Otha,F,10
Ozie,F,10
Paralee,F,10
Pennie,F,10
Pheobe,F,10
Philomene,F,10
Pluma,F,10
Salome,F,10
Shellie,F,10
Swannie,F,10
Thekla,F,10
Tishie,F,10
Valentine,F,10
Vennie,F,10
Veta,F,10
Vlasta,F,10
Adelle,F,9
Aldea,F,9
Allean,F,9
Alline,F,9
Alverta,F,9
Alwilda,F,9
Arkie,F,9
Arminta,F,9
Attie,F,9
Averil,F,9
Avie,F,9
Bea,F,9
Bee,F,9
Bernardine,F,9
Betsey,F,9
Beuna,F,9
Bina,F,9
Bonita,F,9
Caldonia,F,9
Carmel,F,9
Celestia,F,9
Charlene,F,9
Cinda,F,9
Claude,F,9
Delsie,F,9
Dina,F,9
Earlie,F,9
Edward,F,9
Eleonora,F,9
Eleonore,F,9
Elina,F,9
Ellar,F,9
Ellis,F,9
Elvera,F,9
Elza,F,9
Eugene,F,9
Euphemia,F,9
Fannye,F,9
Francies,F,9
Gayle,F,9
Genoveva,F,9
Gracia,F,9
Hildreth,F,9
Indiana,F,9
Inger,F,9
Jeanetta,F,9
Jessica,F,9
Jim,F,9
Karen,F,9
Larue,F,9
Leonia,F,9
Lesta,F,9
Louis,F,9
Lynda,F,9
Margaretha,F,9
Margrett,F,9
Margurite,F,9
Marina,F,9
Matie,F,9
Mavis,F,9
Minda,F,9
Montie,F,9
Nana,F,9
Olevia,F,9
Oline,F,9
Oliva,F,9
Onnie,F,9
Otelia,F,9
Pearline,F,9
Pearly,F,9
Perle,F,9
Perlie,F,9
Persis,F,9
Reita,F,9
Rosabelle,F,9
Rosena,F,9
Rozella,F,9
Rutha,F,9
Sabra,F,9
Silvia,F,9
Suzanne,F,9
Texanna,F,9
Texie,F,9
Velva,F,9
Versa,F,9
Victorine,F,9
Vivien,F,9
Vivienne,F,9
Walter,F,9
Zena,F,9
Zettie,F,9
Alena,F,8
Alvie,F,8
Annamae,F,8
Anner,F,8
Arlena,F,8
Aura,F,8
Bert,F,8
Caddie,F,8
Cannie,F,8
Capitola,F,8
Cara,F,8
Carra,F,8
Casimira,F,8
Cathleen,F,8
Clella,F,8
Clotilda,F,8
Dahlia,F,8
Daisie,F,8
Dee,F,8
Dema,F,8
Dorathea,F,8
Drusilla,F,8
Earline,F,8
Elba,F,8
Elenor,F,8
Elfreda,F,8
Eller,F,8
Ermine,F,8
Ether,F,8
Evelyne,F,8
Evia,F,8
Exa,F,8
Forest,F,8
Forrest,F,8
Gaynell,F,8
Gaynelle,F,8
Gerda,F,8
Gretta,F,8
Gusta,F,8
Hedvig,F,8
Helma,F,8
Hetty,F,8
Ingeborg,F,8
Irena,F,8
Isadore,F,8
Jamie,F,8
Jeffie,F,8
Josefina,F,8
Lealer,F,8
Leeta,F,8
Lester,F,8
Letty,F,8
Leva,F,8
Lillis,F,8
Luberta,F,8
Mahalia,F,8
Maryann,F,8
Medora,F,8
Nada,F,8
Nathalie,F,8
Nelda,F,8
Nezzie,F,8
Nobie,F,8
Nollie,F,8
Noma,F,8
Omah,F,8
Opha,F,8
Permelia,F,8
Phillis,F,8
Rene,F,8
Rettie,F,8
Rosy,F,8
Sada,F,8
Stacy,F,8
Susanne,F,8
Sylvania,F,8
Tomasa,F,8
Ura,F,8
Verta,F,8
Adrienne,F,7
Agda,F,7
Aida,F,7
Albie,F,7
Alvia,F,7
Antionette,F,7
Arletta,F,7
Avo,F,7
Beatriz,F,7
Benita,F,7
Berneice,F,7
Biddie,F,7
Burma,F,7
Calista,F,7
Carmelita,F,7
Catalina,F,7
Cena,F,7
Chanie,F,7
Channie,F,7
Chester,F,7
Classie,F,7
Cleopatra,F,7
Cleora,F,7
Corinna,F,7
Dagny,F,7
Dale,F,7
Dallas,F,7
David,F,7
Dawn,F,7
Delila,F,7
Dellie,F,7
Dorthy,F,7
Dosha,F,7
Dove,F,7
Eathel,F,7
Edmonia,F,7
Ela,F,7
Elfie,F,7
Elinore,F,7
Elmyra,F,7
Elodie,F,7
Else,F,7
Emelie,F,7
Emmy,F,7
Emogene,F,7
Enola,F,7
Estie,F,7
Fleeta,F,7
Flonnie,F,7
Fredericka,F,7
Genevive,F,7
Gennie,F,7
Germaine,F,7
Girtha,F,7
Glen,F,7
Gunda,F,7
Herminia,F,7
Icey,F,7
Ilo,F,7
Inda,F,7
Ines,F,7
Inza,F,7
Irean,F,7
Irine,F,7
Isla,F,7
Iza,F,7
Jacqueline,F,7
Katharyn,F,7
Lavon,F,7
Lawrence,F,7
Lelar,F,7
Lethia,F,7
Lillar,F,7
Loree,F,7
Lorenza,F,7
Lorine,F,7
Lotta,F,7
Love,F,7
Loyola,F,7
Lugenia,F,7
Lurena,F,7
Luvina,F,7
Magda,F,7
Margarite,F,7
Marge,F,7
Marye,F,7
Maryetta,F,7
Maureen,F,7
Melda,F,7
Mercy,F,7
Minie,F,7
Mirtie,F,7
Narcissus,F,7
Odette,F,7
Olar,F,7
Olinda,F,7
Olla,F,7
Ota,F,7
Otillia,F,7
Pallie,F,7
Parlee,F,7
Prudie,F,7
Ragna,F,7
Rella,F,7
Renee,F,7
Rickie,F,7
Roseanna,F,7
Roxy,F,7
Sayde,F,7
Sigrid,F,7
Tabitha,F,7
Teckla,F,7
Thressa,F,7
Tilla,F,7
Vadie,F,7
Veatrice,F,7
Vernal,F,7
Vinie,F,7
Walburga,F,7
Wava,F,7
Wavie,F,7
Zela,F,7
Zelia,F,7
Zelpha,F,7
Abby,F,6
Aleda,F,6
Alexina,F,6
Alfretta,F,6
Alleen,F,6
Allen,F,6
Alzina,F,6
Angele,F,6
Ardelia,F,6
Artelia,F,6
Arva,F,6
Asenath,F,6
Assunta,F,6
Astrid,F,6
Audry,F,6
Beatrix,F,6
Beckie,F,6
Bevie,F,6
Birda,F,6
Bruce,F,6
Candelaria,F,6
Carie,F,6
Carolyne,F,6
Celie,F,6
Cellie,F,6
Charlottie,F,6
Chlora,F,6
Chrystal,F,6
Clarabelle,F,6
Cleola,F,6
Cloe,F,6
Clotilde,F,6
Clyda,F,6
Columbia,F,6
Creasie,F,6
Cruz,F,6
Dagmar,F,6
Dean,F,6
Dellar,F,6
Dellia,F,6
Dicy,F,6
Dollye,F,6
Doretha,F,6
Dot,F,6
Dott,F,6
Early,F,6
Effa,F,6
Elfrida,F,6
Elgie,F,6
Elvia,F,6
Ema,F,6
Emmaline,F,6
Eola,F,6
Epsie,F,6
Erin,F,6
Ernestina,F,6
Esma,F,6
Essa,F,6
Eulala,F,6
Evelena,F,6
Fidelia,F,6
Floretta,F,6
Floye,F,6
Freada,F,6
Fredda,F,6
Fredonia,F,6
Fronnie,F,6
Garnette,F,6
Gertude,F,6
Girtrude,F,6
Gola,F,6
Gwen,F,6
Harold,F,6
Hila,F,6
Hilder,F,6
Isola,F,6
Janetta,F,6
Jeannetta,F,6
Johannah,F,6
Lanie,F,6
Laurel,F,6
Leitha,F,6
Leon,F,6
Leonor,F,6
Lilah,F,6
Lolita,F,6
Loney,F,6
Lorinda,F,6
Loula,F,6
Lovella,F,6
Lovey,F,6
Luz,F,6
Lynn,F,6
Macy,F,6
Madelene,F,6
Madgie,F,6
Madora,F,6
Mai,F,6
Maisie,F,6
Mame,F,6
Mannie,F,6
Manuelita,F,6
Maple,F,6
Mardell,F,6
Margarett,F,6
Mariana,F,6
Marquerite,F,6
Maryanna,F,6
Massie,F,6
Metha,F,6
Miranda,F,6
Monie,F,6
Mozell,F,6
Murl,F,6
Nolia,F,6
Nolie,F,6
Norene,F,6
Nydia,F,6
Octavie,F,6
Offie,F,6
Oneita,F,6
Oneta,F,6
Orah,F,6
Orelia,F,6
Otto,F,6
Palma,F,6
Patty,F,6
Paul,F,6
Pearley,F,6
Penelope,F,6
Percy,F,6
Pernie,F,6
Philip,F,6
Pinkey,F,6
Pinky,F,6
Princess,F,6
Raymond,F,6
Rebekah,F,6
Reina,F,6
Reka,F,6
Renna,F,6
Salina,F,6
Santa,F,6
Santos,F,6
Savanah,F,6
Sofie,F,6
Suda,F,6
Syble,F,6
Sylva,F,6
Teodora,F,6
Theola,F,6
Tollie,F,6
Trannie,F,6
Trilby,F,6
Unknown,F,6
Verena,F,6
Vernia,F,6
Villa,F,6
Vincenza,F,6
Viney,F,6
Wilhelmena,F,6
Zelphia,F,6
Zera,F,6
Zeta,F,6
Zilpha,F,6
Zina,F,6
Zylpha,F,6
Adel,F,5
Adline,F,5
Adra,F,5
Agusta,F,5
Albena,F,5
Aleen,F,5
Alethea,F,5
Alethia,F,5
Aletta,F,5
Alverda,F,5
Alwine,F,5
Amelie,F,5
Angelica,F,5
Anice,F,5
Anthony,F,5
Antoinetta,F,5
Antonetta,F,5
Antonina,F,5
Apolonia,F,5
Arabelle,F,5
Arthelia,F,5
Arvella,F,5
Auda,F,5
Axie,F,5
Balbina,F,5
Beatric,F,5
Bertina,F,5
Bette,F,5
Birdia,F,5
Bitha,F,5
Borghild,F,5
Brownie,F,5
Burnice,F,5
Byrd,F,5
Calla,F,5
Candy,F,5
Carl,F,5
Carlota,F,5
Carroll,F,5
Caryl,F,5
Catheryn,F,5
Cattie,F,5
Chaney,F,5
Charline,F,5
Christiana,F,5
Clarabel,F,5
Cleda,F,5
Clem,F,5
Cleone,F,5
Corena,F,5
Courtney,F,5
Crescentia,F,5
Cressie,F,5
Cuma,F,5
Darlene,F,5
Deane,F,5
Decie,F,5
Delcie,F,5
Deliah,F,5
Dorotea,F,5
Dortha,F,5
Dossie,F,5
Dula,F,5
Earle,F,5
Earnestine,F,5
Editha,F,5
Edla,F,5
Elberta,F,5
Elease,F,5
Elizabeath,F,5
Ellanora,F,5
Elmina,F,5
Elsye,F,5
Elzie,F,5
Emaline,F,5
Emil,F,5
Erla,F,5
Ethie,F,5
Ethlyn,F,5
Ethyle,F,5
Etter,F,5
Evah,F,5
Everlena,F,5
Felicita,F,5
Felicitas,F,5
Felipa,F,5
Flavia,F,5
Floe,F,5
Gabrielle,F,5
Gale,F,5
Georgian,F,5
Girlie,F,5
Glee,F,5
Glendora,F,5
Golde,F,5
Grady,F,5
Haidee,F,5
Herma,F,5
Hettye,F,5
Holly,F,5
Homer,F,5
Honor,F,5
Hortensia,F,5
Hyacinth,F,5
Ignacia,F,5
Ilah,F,5
Ilene,F,5
Iler,F,5
Inis,F,5
Ionia,F,5
Iowa,F,5
Isobel,F,5
Itha,F,5
Ivadell,F,5
Ivey,F,5
Izola,F,5
Jack,F,5
Jay,F,5
Jemima,F,5
Jerusha,F,5
Jesusa,F,5
Jinnie,F,5
Joana,F,5
Jocie,F,5
Johnny,F,5
Jose,F,5
Josefita,F,5
Judy,F,5
Jule,F,5
Julian,F,5
Kara,F,5
Katherina,F,5
Lalla,F,5
Lallie,F,5
Laney,F,5
Laurence,F,5
Laurene,F,5
Ledora,F,5
Leita,F,5
Lemmie,F,5
Lethie,F,5
Lidia,F,5
Lille,F,5
Lilliemae,F,5
Lilyan,F,5
Lisa,F,5
Lisetta,F,5
Loie,F,5
Lolo,F,5
Loy,F,5
Lucetta,F,5
Lupe,F,5
Madolyn,F,5
Maebelle,F,5
Maie,F,5
Maizie,F,5
Manie,F,5
Margart,F,5
Margot,F,5
Margueritte,F,5
Marianna,F,5
Mata,F,5
Mattye,F,5
Maudine,F,5
Merna,F,5
Meryl,F,5
Milly,F,5
Minnette,F,5
Moselle,F,5
Natalia,F,5
Neely,F,5
Neita,F,5
Neola,F,5
Nicey,F,5
Olivette,F,5
Oneida,F,5
Orilla,F,5
Orlean,F,5
Orma,F,5
Otilia,F,5
Paulyne,F,5
Phenie,F,5
Phylis,F,5
Pilar,F,5
Pina,F,5
Reine,F,5
Richard,F,5
Rissie,F,5
Rona,F,5
Rosario,F,5
Rosebud,F,5
Rosemarie,F,5
Rosey,F,5
Rue,F,5
Ruey,F,5
Saima,F,5
Salena,F,5
Sallye,F,5
Saphronia,F,5
Sarepta,F,5
Savilla,F,5
Sedonia,F,5
Senie,F,5
Sevilla,F,5
Simona,F,5
Sonia,F,5
Susana,F,5
Sweetie,F,5
Sybilla,F,5
Sydney,F,5
Talitha,F,5
Tekla,F,5
Temple,F,5
Tera,F,5
Tess,F,5
Theda,F,5
Theodosia,F,5
Thula,F,5
Thyra,F,5
Trixie,F,5
Troy,F,5
Trudy,F,5
Trula,F,5
Tula,F,5
Valera,F,5
Vangie,F,5
Vela,F,5
Veneta,F,5
Venia,F,5
Vietta,F,5
Virda,F,5
Virdie,F,5
Vista,F,5
Vola,F,5
Weltha,F,5
Williemae,F,5
Wilna,F,5
Woodie,F,5
Zana,F,5
Zanie,F,5
Zara,F,5
Zeda,F,5
Zorah,F,5
John,M,8138
William,M,7747
James,M,5206
George,M,4286
Charles,M,3639
Joseph,M,3051
Frank,M,2845
Robert,M,2719
Edward,M,2296
Henry,M,2183
Harry,M,2091
Thomas,M,2088
Walter,M,2017
Arthur,M,1821
Albert,M,1434
Fred,M,1393
Clarence,M,1254
Willie,M,1092
Roy,M,1027
Paul,M,964
Earl,M,892
Louis,M,871
Harold,M,862
Raymond,M,859
Carl,M,852
Richard,M,834
Joe,M,767
David,M,765
Ernest,M,764
Ralph,M,746
Samuel,M,734
Charlie,M,714
Howard,M,677
Herbert,M,635
Jesse,M,586
Elmer,M,576
Andrew,M,566
Daniel,M,561
Francis,M,551
Jack,M,539
Oscar,M,539
Alfred,M,527
Sam,M,518
Will,M,508
Eugene,M,507
Lawrence,M,499
Leo,M,497
Lee,M,455
Herman,M,427
Ray,M,426
Benjamin,M,416
Peter,M,402
Michael,M,399
Claude,M,398
Floyd,M,396
Lewis,M,386
Frederick,M,381
Clyde,M,372
Edwin,M,351
Leonard,M,350
Martin,M,343
Tom,M,339
Chester,M,329
Russell,M,327
Lester,M,318
Clifford,M,311
Lloyd,M,308
Edgar,M,306
Ben,M,299
Harvey,M,292
Jim,M,281
Leroy,M,278
Anthony,M,276
Luther,M,265
Hugh,M,263
Eddie,M,262
Guy,M,262
Stanley,M,259
Homer,M,258
Otto,M,250
Ed,M,246
Bernard,M,241
Jacob,M,241
Theodore,M,241
Leslie,M,237
Leon,M,235
Alexander,M,232
Archie,M,230
Jessie,M,229
Everett,M,224
Allen,M,219
Philip,M,218
Patrick,M,214
Donald,M,211
Horace,M,204
Victor,M,201
Cecil,M,200
Milton,M,194
Oliver,M,194
Isaac,M,191
Ira,M,190
Alvin,M,183
August,M,180
Norman,M,178
Sidney,M,176
Kenneth,M,175
Glenn,M,174
Julius,M,174
Bert,M,173
Marion,M,172
Charley,M,168
Alex,M,165
Stephen,M,164
Lonnie,M,159
Melvin,M,158
Bryan,M,157
Percy,M,157
Willard,M,152
Mack,M,148
Max,M,145
Rufus,M,145
Wesley,M,145
Willis,M,145
Earnest,M,144
Emil,M,143
Virgil,M,138
Morris,M,136
Hobart,M,135
Dan,M,133
Wallace,M,130
Gilbert,M,129
Vernon,M,129
Maurice,M,127
Warren,M,125
Otis,M,124
Matthew,M,123
Mckinley,M,121
Wilbur,M,120
Hubert,M,119
Mark,M,119
Dave,M,118
Marshall,M,118
Gordon,M,117
Johnnie,M,116
Emmett,M,113
Glen,M,113
Vincent,M,112
Perry,M,111
Sylvester,M,111
Amos,M,110
Edmund,M,110
Nathan,M,110
Abraham,M,109
Rudolph,M,108
Curtis,M,107
Ellis,M,106
Nicholas,M,106
Jose,M,104
Manuel,M,104
Arnold,M,102
Clayton,M,102
Sherman,M,100
Calvin,M,98
Adam,M,96
Bennie,M,96
Elbert,M,96
Franklin,M,96
Clifton,M,95
Gerald,M,95
Gus,M,95
Jerry,M,94
Steve,M,94
Adolph,M,93
Clinton,M,93
Marvin,M,93
Ollie,M,93
Roland,M,92
Claud,M,90
Dennis,M,90
Jasper,M,90
Reuben,M,90
Alonzo,M,89
Orville,M,89
Phillip,M,89
Jake,M,88
Elijah,M,87
Forrest,M,87
Irving,M,87
Jess,M,87
Bill,M,86
Nelson,M,86
Cornelius,M,85
Mike,M,85
Simon,M,85
Roscoe,M,84
Felix,M,83
Owen,M,83
Ross,M,83
Moses,M,81
Harrison,M,79
Irvin,M,79
Jay,M,78
Jerome,M,76
Johnie,M,75
Grover,M,74
Christopher,M,73
Nathaniel,M,73
Wilson,M,73
Douglas,M,72
Ivan,M,72
Timothy,M,72
Dock,M,71
Grant,M,71
Wilfred,M,71
Roger,M,70
Aaron,M,69
Bruce,M,69
Noah,M,69
Alva,M,68
Levi,M,68
Don,M,66
Harley,M,64
Millard,M,64
Dewey,M,63
Juan,M,63
Monroe,M,63
Pete,M,63
Silas,M,63
Wade,M,63
Austin,M,62
Jeff,M,62
Wiley,M,62
Leland,M,61
Karl,M,60
Byron,M,59
Laurence,M,59
Barney,M,58
Clark,M,58
Edmond,M,58
Grady,M,57
Julian,M,57
Mary,M,57
Cleveland,M,56
Loyd,M,56
Tony,M,56
Ervin,M,55
Wayne,M,55
Ike,M,54
Augustus,M,53
Chris,M,53
Earle,M,53
Preston,M,53
Emanuel,M,52
Abe,M,51
Aubrey,M,50
Carroll,M,50
Erwin,M,50
Forest,M,50
Ruben,M,49
Fredrick,M,48
Malcolm,M,48
Garrett,M,47
Hobert,M,47
Neil,M,47
Anton,M,46
Delbert,M,46
Emory,M,46
Hiram,M,46
Jimmie,M,46
Andy,M,45
Bob,M,45
Ezra,M,45
Louie,M,45
Luke,M,45
Mose,M,45
Tommie,M,45
Merle,M,44
Solomon,M,44
Eli,M,43
Foster,M,43
Jeremiah,M,43
Ambrose,M,42
Burton,M,42
Conrad,M,42
Major,M,42
Miles,M,42
Ora,M,42
Emery,M,41
Ward,M,41
Ferdinand,M,40
Jennings,M,40
Mathew,M,40
Pedro,M,40
Walker,M,40
Wilbert,M,40
Anderson,M,39
Edd,M,39
Gustave,M,39
Marcus,M,39
Riley,M,39
Columbus,M,38
Johnny,M,38
Larry,M,38
Lon,M,38
Omer,M,38
Cyril,M,37
Joel,M,37
Lynn,M,37
Mitchell,M,37
Pearl,M,37
Van,M,37
Christian,M,36
Dale,M,36
Vern,M,36
Antonio,M,35
Bud,M,35
Elwood,M,35
General,M,35
Lorenzo,M,35
Lyle,M,35
Neal,M,35
Rex,M,35
Allan,M,34
Basil,M,34
Boyd,M,34
Emile,M,34
Ned,M,34
Newton,M,34
Clair,M,33
Gustav,M,33
Asa,M,32
Clement,M,32
Jackson,M,32
Loren,M,32
Taylor,M,32
Troy,M,32
Ulysses,M,32
Allie,M,31
Alton,M,31
Carlton,M,31
Dewitt,M,31
Ellsworth,M,31
Fletcher,M,31
Hugo,M,31
Isiah,M,31
Junius,M,31
Milo,M,31
Murray,M,31
Myron,M,31
Nick,M,31
Scott,M,31
Carlos,M,30
Clay,M,30
Joshua,M,30
Reginald,M,30
Ted,M,30
Dallas,M,29
Enoch,M,29
Gene,M,29
Herschel,M,29
Houston,M,29
Lowell,M,29
Dwight,M,28
Elias,M,28
Matt,M,28
Spencer,M,28
Al,M,27
Clem,M,27
Cleo,M,27
Dick,M,27
Dudley,M,27
Francisco,M,27
Harris,M,27
Irwin,M,27
Israel,M,27
Jean,M,27
Lucius,M,27
Pat,M,27
Stewart,M,27
Alphonse,M,26
Bryant,M,26
Clint,M,26
Olin,M,26
Porter,M,26
Prince,M,26
Royal,M,26
Russel,M,26
Aloysius,M,25
Elliott,M,25
Eric,M,25
Freeman,M,25
Green,M,25
Isadore,M,25
Morgan,M,25
Sanford,M,25
Sol,M,25
Verne,M,25
Warner,M,25
Wm,M,25
Bradley,M,24
Dee,M,24
Elmore,M,24
King,M,24
Noble,M,24
Randolph,M,24
Watson,M,24
Casper,M,23
Elisha,M,23
Elmo,M,23
Garland,M,23
Jefferson,M,23
Josh,M,23
Lyman,M,23
Merrill,M,23
Otho,M,23
Ronald,M,23
Adrian,M,22
Benjiman,M,22
Cyrus,M,22
Isaiah,M,22
Napoleon,M,22
Turner,M,22
Wilmer,M,22
Adolphus,M,21
Buster,M,21
Cary,M,21
Davis,M,21
Elvin,M,21
Emmet,M,21
Fay,M,21
Gust,M,21
Jesus,M,21
Jonas,M,21
Nels,M,21
Otha,M,21
Sterling,M,21
Winfield,M,21
Arlie,M,20
Avery,M,20
Berry,M,20
Bishop,M,20
Chauncey,M,20
Crawford,M,20
Dorsey,M,20
Emerson,M,20
Evans,M,20
Garfield,M,20
Granville,M,20
Hardy,M,20
Johnson,M,20
Lemuel,M,20
Lige,M,20
Lionel,M,20
Price,M,20
Rolland,M,20
Rupert,M,20
Stuart,M,20
Terry,M,20
Truman,M,20
Wilber,M,20
Wyatt,M,20
Abram,M,19
Arch,M,19
Arther,M,19
Benton,M,19
Buck,M,19
Clare,M,19
Early,M,19
Elza,M,19
Frances,M,19
Freddie,M,19
Hal,M,19
Lucian,M,19
Maynard,M,19
Milford,M,19
Ole,M,19
Orval,M,19
Ramon,M,19
Tomas,M,19
Valentine,M,19
Albin,M,18
Allison,M,18
Alma,M,18
Bennett,M,18
Chas,M,18
Clarance,M,18
Coleman,M,18
Gabriel,M,18
Hallie,M,18
Jonathan,M,18
Mahlon,M,18
Mason,M,18
Morton,M,18
Ruby,M,18
Sim,M,18
Vance,M,18
Vivian,M,18
Wendell,M,18
Wilford,M,18
Abner,M,17
Alvah,M,17
Anna,M,17
Archibald,M,17
Aron,M,17
Buford,M,17
Cleve,M,17
Dean,M,17
Elton,M,17
Frederic,M,17
Haywood,M,17
Justin,M,17
Lacy,M,17
Merton,M,17
Phil,M,17
Raleigh,M,17
Steven,M,17
Tommy,M,17
Adelbert,M,16
Benny,M,16
Bertrand,M,16
Ezekiel,M,16
Hans,M,16
Henderson,M,16
Hilliard,M,16
Jules,M,16
Lem,M,16
Maxwell,M,16
Odie,M,16
Olen,M,16
Orion,M,16
Parker,M,16
Reed,M,16
Sydney,M,16
Abel,M,15
Alvie,M,15
Axel,M,15
Blaine,M,15
Burl,M,15
Carey,M,15
Dominick,M,15
Florence,M,15
Fritz,M,15
Hunter,M,15
Jewell,M,15
Judson,M,15
Linwood,M,15
Logan,M,15
Rolla,M,15
Roman,M,15
Webster,M,15
Addison,M,14
Alfonso,M,14
Angus,M,14
Bertram,M,14
Billie,M,14
Cicero,M,14
Clara,M,14
Dominic,M,14
Duncan,M,14
Earley,M,14
Eldon,M,14
Elzie,M,14
Emmitt,M,14
Ernie,M,14
Evan,M,14
Hayes,M,14
Henery,M,14
Hosea,M,14
Jimmy,M,14
Judge,M,14
June,M,14
Keith,M,14
Kelly,M,14
Lafayette,M,14
Lonzo,M,14
Lucien,M,14
Luis,M,14
Madison,M,14
Merritt,M,14
Meyer,M,14
Minnie,M,14
Ransom,M,14
Rodney,M,14
Rollie,M,14
Rowland,M,14
Shelby,M,14
Tim,M,14
Waldo,M,14
Washington,M,14
Wilburn,M,14
Zack,M,14
Addie,M,13
Alan,M,13
Alice,M,13
Alphonso,M,13
Angelo,M,13
Antone,M,13
Bradford,M,13
Brady,M,13
Bruno,M,13
Caleb,M,13
Carter,M,13
Cliff,M,13
Coy,M,13
Everette,M,13
Gary,M,13
Geo,M,13
Hezekiah,M,13
Jewel,M,13
Jodie,M,13
Leander,M,13
Len,M,13
Lenard,M,13
Lincoln,M,13
Lindsey,M,13
Louise,M,13
Lucious,M,13
Mortimer,M,13
Murry,M,13
Myrtle,M,13
Norris,M,13
Obie,M,13
Olaf,M,13
Oren,M,13
Orin,M,13
Oswald,M,13
Park,M,13
Pink,M,13
Rocco,M,13
Rube,M,13
Rubin,M,13
Sandy,M,13
Seymour,M,13
Smith,M,13
Thad,M,13
Tillman,M,13
Vernie,M,13
Weldon,M,13
Wylie,M,13
Zeb,M,13
Alec,M,12
Alvis,M,12
Art,M,12
Arvid,M,12
Benedict,M,12
Bertha,M,12
Bessie,M,12
Brown,M,12
Burt,M,12
Erastus,M,12
Ethel,M,12
Fate,M,12
Harlan,M,12
Heber,M,12
Hector,M,12
Hyman,M,12
Josiah,M,12
Lawson,M,12
Ludwig,M,12
Mac,M,12
Maxie,M,12
Noel,M,12
Norbert,M,12
Okey,M,12
Ottis,M,12
Palmer,M,12
Ruth,M,12
Sammie,M,12
Shirley,M,12
Theo,M,12
Vergil,M,12
Vester,M,12
Winston,M,12
Augustine,M,11
Bart,M,11
Blair,M,11
Bonnie,M,11
Buddy,M,11
Butler,M,11
Claire,M,11
Cletus,M,11
Curley,M,11
Dell,M,11
Donnie,M,11
Eldridge,M,11
Elie,M,11
Elizabeth,M,11
Emma,M,11
Evert,M,11
Ford,M,11
Grace,M,11
Guss,M,11
Harmon,M,11
Hazel,M,11
Hazen,M,11
Hershel,M,11
Hollis,M,11
Hoyt,M,11
Hurley,M,11
Ignatius,M,11
Isom,M,11
Jones,M,11
Junior,M,11
Levy,M,11
Lew,M,11
Lillian,M,11
Melville,M,11
Minor,M,11
Oakley,M,11
Omar,M,11
Oran,M,11
Orie,M,11
Pablo,M,11
Rene,M,11
Rollin,M,11
Saul,M,11
Seth,M,11
Sigmund,M,11
Simpson,M,11
Tracy,M,11
West,M,11
Alden,M,10
Alfredo,M,10
Alonza,M,10
Antoine,M,10
Armand,M,10
Ashby,M,10
Ashley,M,10
Authur,M,10
Bascom,M,10
Baxter,M,10
Connie,M,10
Corbett,M,10
Cornelious,M,10
Dana,M,10
Denis,M,10
Dolphus,M,10
Earlie,M,10
Edith,M,10
Ennis,M,10
Enrique,M,10
Erick,M,10
Felipe,M,10
Fleming,M,10
Furman,M,10
Gaston,M,10
Gerard,M,10
Gregory,M,10
Helen,M,10
Ignacio,M,10
Isidore,M,10
Issac,M,10
Ivory,M,10
Ivy,M,10
Jordan,M,10
Kirby,M,10
Llewellyn,M,10
Lonie,M,10
Lou,M,10
Micheal,M,10
Mont,M,10
Ocie,M,10
Odis,M,10
Pierce,M,10
Randall,M,10
Reinhold,M,10
Richmond,M,10
Rose,M,10
Royce,M,10
Saint,M,10
Sanders,M,10
Silver,M,10
Soloman,M,10
Thurman,M,10
Travis,M,10
Westley,M,10
Willam,M,10
Alf,M,9
Arley,M,9
Artie,M,9
Bee,M,9
Bernice,M,9
Billy,M,9
Burrell,M,9
Christ,M,9
Delmar,M,9
Eldred,M,9
Ellie,M,9
Ely,M,9
Ephriam,M,9
Ernst,M,9
Ethan,M,9
Eugenio,M,9
Gail,M,9
Garnett,M,9
Godfrey,M,9
Gregorio,M,9
Hampton,M,9
Howell,M,9
Jason,M,9
Kurt,M,9
Laverne,M,9
Lemon,M,9
Lisle,M,9
Manley,M,9
Martha,M,9
Merl,M,9
Milburn,M,9
Mildred,M,9
Miller,M,9
Nolan,M,9
Ola,M,9
Oral,M,9
Orrin,M,9
Raphael,M,9
Roderick,M,9
Sigurd,M,9
Thaddeus,M,9
Unknown,M,9
Urban,M,9
Wayman,M,9
Webb,M,9
Weston,M,9
Williams,M,9
Winfred,M,9
Algie,M,8
Arlington,M,8
Asbury,M,8
Bailey,M,8
Bartholomew,M,8
Bertie,M,8
Booker,M,8
Boyce,M,8
Brooks,M,8
Carmen,M,8
Carrie,M,8
Carson,M,8
Casimir,M,8
Chesley,M,8
Courtney,M,8
Doyle,M,8
Edson,M,8
Effie,M,8
Eliga,M,8
Elroy,M,8
Emmit,M,8
Enos,M,8
Finis,M,8
Foy,M,8
Giles,M,8
Glover,M,8
Golden,M,8
Gustaf,M,8
Hall,M,8
Hayden,M,8
Hayward,M,8
Henri,M,8
Hilton,M,8
Hudson,M,8
Huey,M,8
Ivey,M,8
Layton,M,8
Lena,M,8
Leopold,M,8
Little,M,8
Littleton,M,8
Loring,M,8
Loyal,M,8
Lum,M,8
Marcellus,M,8
Margaret,M,8
Mitchel,M,8
Moe,M,8
Newman,M,8
Orlo,M,8
Orris,M,8
Orson,M,8
Ottie,M,8
Pierre,M,8
Press,M,8
Quincy,M,8
Rayford,M,8
Raymon,M,8
Reese,M,8
Roby,M,8
Sheldon,M,8
Sid,M,8
Son,M,8
Terrence,M,8
Thornton,M,8
Tobe,M,8
Verner,M,8
Virgel,M,8
Walton,M,8
Wash,M,8
Waverly,M,8
Wellington,M,8
Wilton,M,8
Wong,M,8
Agnes,M,7
Alford,M,7
Aloys,M,7
Andre,M,7
Ashton,M,7
Audie,M,7
Barton,M,7
Cam,M,7
Cameron,M,7
Carrol,M,7
Cedric,M,7
Chalmer,M,7
Champ,M,7
Clovis,M,7
Cloyd,M,7
Dalton,M,7
Dayton,M,7
Dillard,M,7
Doc,M,7
Eber,M,7
Edison,M,7
Eduardo,M,7
Elden,M,7
Elder,M,7
Ellwood,M,7
Essie,M,7
Estel,M,7
Ferris,M,7
Florian,M,7
Gay,M,7
Hale,M,7
Hamilton,M,7
Haskell,M,7
Hervey,M,7
Hjalmer,M,7
Irven,M,7
Jarvis,M,7
Josephine,M,7
Lamar,M,7
Lawerence,M,7
Leigh,M,7
Linton,M,7
Linus,M,7
Loy,M,7
Lucas,M,7
Marie,M,7
Mattie,M,7
Mervin,M,7
Miguel,M,7
Myles,M,7
Nile,M,7
Norval,M,7
Octave,M,7
Offie,M,7
Olie,M,7
Opal,M,7
Owens,M,7
Paris,M,7
Perley,M,7
Pinkney,M,7
Pleasant,M,7
Posey,M,7
Rafael,M,7
Reid,M,7
Rollo,M,7
Roosevelt,M,7
Rosa,M,7
Rudy,M,7
Sampson,M,7
Seaborn,M,7
Severt,M,7
Shellie,M,7
Solon,M,7
Theadore,M,7
Thompson,M,7
Toney,M,7
Toy,M,7
Wardell,M,7
Wheeler,M,7
Wilfrid,M,7
Willy,M,7
Worth,M,7
Acy,M,6
Almer,M,6
Alpha,M,6
Annie,M,6
Armstead,M,6
Arno,M,6
Arthor,M,6
Bartley,M,6
Benito,M,6
Bernhard,M,6
Boysie,M,6
Brice,M,6
Britton,M,6
Budd,M,6
Buell,M,6
Burnie,M,6
Burr,M,6
Byrd,M,6
Cal,M,6
Carleton,M,6
Clarke,M,6
Clive,M,6
Colin,M,6
Colonel,M,6
Curry,M,6
Curtiss,M,6
Darrell,M,6
Delos,M,6
Dempsey,M,6
Dennie,M,6
Dixie,M,6
Doctor,M,6
Dossie,M,6
Eben,M,6
Einar,M,6
Elex,M,6
Elige,M,6
Ella,M,6
Ellen,M,6
Elma,M,6
Elsie,M,6
Elva,M,6
Errol,M,6
Estell,M,6
Esther,M,6
Estle,M,6
Ferman,M,6
Fernando,M,6
Finley,M,6
Freddy,M,6
French,M,6
Gaines,M,6
Gertrude,M,6
Goldie,M,6
Gurney,M,6
Handy,M,6
Harper,M,6
Harvie,M,6
Helmer,M,6
Hilary,M,6
Holly,M,6
Horatio,M,6
Hughes,M,6
Hurbert,M,6
Irby,M,6
Isham,M,6
Isidor,M,6
Jamie,M,6
Joy,M,6
Junious,M,6
Kyle,M,6
Laurel,M,6
Laurie,M,6
Leeroy,M,6
Lennie,M,6
Leverett,M,6
Mamie,M,6
Mannie,M,6
Marty,M,6
Mathews,M,6
Melton,M,6
Merlin,M,6
Murphy,M,6
Myrl,M,6
Nat,M,6
Nate,M,6
Nellie,M,6
Nickolas,M,6
Nicolas,M,6
Nugent,M,6
Oather,M,6
Osborne,M,6
Pasquale,M,6
Pearlie,M,6
Perle,M,6
Pleas,M,6
Rayfield,M,6
Robin,M,6
Roe,M,6
Romeo,M,6
Rosco,M,6
Roswell,M,6
Schuyler,M,6
Shelton,M,6
Sheridan,M,6
Simeon,M,6
Simmie,M,6
Sonny,M,6
Stonewall,M,6
Sullivan,M,6
Sumner,M,6
Sylvan,M,6
Theron,M,6
Tyler,M,6
Ural,M,6
Waldemar,M,6
Winthrop,M,6
Young,M,6
Zeno,M,6
Acie,M,5
Add,M,5
Adolf,M,5
Alcide,M,5
Almon,M,5
Alois,M,5
Alvia,M,5
Alvy,M,5
Amon,M,5
Andres,M,5
Angel,M,5
Arnett,M,5
Auther,M,5
Babe,M,5
Ballard,M,5
Barnett,M,5
Barnie,M,5
Beatrice,M,5
Benjamine,M,5
Bernie,M,5
Boss,M,5
Brent,M,5
Buren,M,5
Burnett,M,5
Carlisle,M,5
Catarino,M,5
Clemon,M,5
Cleon,M,5
Collins,M,5
Cooper,M,5
Cornell,M,5
Craig,M,5
Cullen,M,5
Curt,M,5
Damon,M,5
Dexter,M,5
Dora,M,5
Doris,M,5
Drew,M,5
Duane,M,5
Duke,M,5
Eddy,M,5
Egbert,M,5
Elliot,M,5
Elwyn,M,5
Elzy,M,5
Emilio,M,5
Emily,M,5
Erich,M,5
Esau,M,5
Essex,M,5
Estill,M,5
Ewell,M,5
Ewing,M,5
Federico,M,5
Ferd,M,5
Fleet,M,5
Gabe,M,5
Galen,M,5
Gilford,M,5
Gladys,M,5
Grafton,M,5
Griffin,M,5
Guadalupe,M,5
Hamp,M,5
Harland,M,5
Harlow,M,5
Henrietta,M,5
Hermon,M,5
Heyward,M,5
Hollie,M,5
Hosie,M,5
Huston,M,5
Ida,M,5
Irl,M,5
Ishmael,M,5
Ivar,M,5
Ivor,M,5
Joesph,M,5
Jonah,M,5
Jonnie,M,5
Josie,M,5
Kennie,M,5
Knox,M,5
Knute,M,5
Lambert,M,5
Lane,M,5
Lauren,M,5
Lavern,M,5
Lawyer,M,5
Lemmie,M,5
Leopoldo,M,5
Lesley,M,5
Lillie,M,5
Linford,M,5
Lola,M,5
Lorin,M,5
Lovell,M,5
Lucy,M,5
Luster,M,5
Lyn,M,5
Malcom,M,5
Manning,M,5
Marcel,M,5
Marian,M,5
Mariano,M,5
Mart,M,5
Mat,M,5
Math,M,5
Mathias,M,5
Menno,M,5
Meredith,M,5
Milas,M,5
Mills,M,5
Monte,M,5
Norton,M,5
Obert,M,5
Oda,M,5
Olan,M,5
Ollis,M,5
Orland,M,5
Orlando,M,5
Orphus,M,5
Orvel,M,5
Ovie,M,5
Pauline,M,5
Pearley,M,5
Powell,M,5
Rae,M,5
Remus,M,5
Reno,M,5
Rexford,M,5
Rhea,M,5
Rice,M,5
Rich,M,5
Rogers,M,5
Romie,M,5
Rossie,M,5
Rudolf,M,5
Rue,M,5
Rush,M,5
Salvatore,M,5
Sammy,M,5
Sarah,M,5
Sebastian,M,5
Seward,M,5
Sewell,M,5
Shelley,M,5
Sherwood,M,5
Sollie,M,5
Spurgeon,M,5
Stacy,M,5
Starling,M,5
Stella,M,5
Talmage,M,5
Thelma,M,5
Tilman,M,5
Tomie,M,5
Vinton,M,5
Volney,M,5
Weaver,M,5
Worley,M,5
Wright,M,5
Xavier,M,5
York,M,5
Zollie,M,5
