name,gender,count
Mary,F,32304
Helen,F,16133
Dorothy,F,12645
Margaret,F,12536
Ruth,F,11280
Mildred,F,8764
Anna,F,8586
Elizabeth,F,8528
Frances,F,6680
Marie,F,6642
Alice,F,6285
Florence,F,5739
Evelyn,F,5620
Lillian,F,5568
Rose,F,5431
Edna,F,5136
Louise,F,5116
Ethel,F,5073
Gladys,F,4980
Virginia,F,4810
Catherine,F,4666
Irene,F,4646
Ruby,F,4452
Grace,F,4418
Hazel,F,4197
Thelma,F,4183
Annie,F,4083
Josephine,F,3980
Martha,F,3911
Gertrude,F,3887
Edith,F,3842
Lucille,F,3763
Esther,F,3569
Clara,F,3480
Emma,F,3357
Bertha,F,3288
Beatrice,F,3205
Pauline,F,3163
Eleanor,F,3120
Agnes,F,2945
Sarah,F,2919
Elsie,F,2895
Bessie,F,2832
Julia,F,2825
Ida,F,2740
Mabel,F,2714
Ann,F,2666
Doris,F,2657
Eva,F,2636
Myrtle,F,2599
Bernice,F,2593
Viola,F,2550
Katherine,F,2546
Pearl,F,2528
Marion,F,2522
Marjorie,F,2468
Laura,F,2413
Anne,F,2369
Nellie,F,2365
Minnie,F,2295
Willie,F,2267
Alma,F,2183
Lois,F,2146
Jean,F,2056
Jessie,F,2052
Betty,F,2011
Lillie,F,2003
Vera,F,1974
Ella,F,1921
Mattie,F,1915
Kathryn,F,1905
Lena,F,1903
Stella,F,1834
Mae,F,1775
Blanche,F,1761
Leona,F,1650
Sylvia,F,1639
Lucy,F,1636
Marguerite,F,1620
Beulah,F,1607
Jennie,F,1595
Carrie,F,1580
Violet,F,1535
Vivian,F,1487
Opal,F,1465
Ellen,F,1449
Fannie,F,1425
Velma,F,1403
Jane,F,1390
Hattie,F,1389
Charlotte,F,1375
Genevieve,F,1353
Marian,F,1313
Rosa,F,1305
Mamie,F,1273
Ada,F,1268
Theresa,F,1268
Cora,F,1253
Wilma,F,1241
Inez,F,1228
Georgia,F,1196
Barbara,F,1184
Juanita,F,1182
Hilda,F,1158
Emily,F,1147
Alberta,F,1133
Lula,F,1094
Nancy,F,1078
Eunice,F,1066
Dora,F,1061
Estelle,F,1053
Daisy,F,1044
Harriet,F,1043
Sadie,F,1032
Maggie,F,1013
Geneva,F,991
Sophie,F,989
Kathleen,F,985
Loretta,F,978
Susie,F,976
Sara,F,962
Geraldine,F,949
Christine,F,944
Madeline,F,942
Mable,F,919
Verna,F,914
Lola,F,903
Flora,F,899
Lucile,F,882
Nora,F,882
Olive,F,874
Naomi,F,835
Maria,F,828
Maxine,F,823
Henrietta,F,822
Sally,F,821
Norma,F,800
Rosie,F,793
Caroline,F,785
Phyllis,F,779
Erma,F,774
Lottie,F,772
Nettie,F,762
Rebecca,F,754
Audrey,F,745
Irma,F,743
Eula,F,742
Della,F,733
Katie,F,732
Victoria,F,711
Rachel,F,703
Lydia,F,701
May,F,698
Olga,F,696
Essie,F,695
Muriel,F,695
Roberta,F,693
Goldie,F,688
Miriam,F,686
Amelia,F,672
Effie,F,666
Winifred,F,662
Ollie,F,644
Sallie,F,637
Rita,F,636
Jeanette,F,623
Fern,F,613
Ora,F,605
Maude,F,598
Nina,F,582
Addie,F,578
Adeline,F,570
Freda,F,566
Dorothea,F,562
Isabel,F,556
Lorraine,F,554
Janet,F,553
Veronica,F,552
Iva,F,550
Lizzie,F,548
Wanda,F,545
Anita,F,540
Bonnie,F,539
Lela,F,523
Dolores,F,522
Susan,F,522
Isabelle,F,520
Celia,F,519
Carolyn,F,517
Leola,F,514
Cecelia,F,513
Etta,F,510
Ola,F,509
Antoinette,F,507
Patricia,F,504
Lorene,F,500
Marcella,F,490
Shirley,F,489
Jeannette,F,487
Luella,F,483
Regina,F,483
Eloise,F,474
Eileen,F,470
Cleo,F,469
June,F,467
Mollie,F,463
Alta,F,459
Faye,F,459
Jewell,F,456
Cecilia,F,453
Frieda,F,445
Claire,F,440
Fay,F,436
Rosalie,F,433
Sue,F,431
Elva,F,430
Nannie,F,427
Nell,F,422
Ina,F,419
Adele,F,418
Janie,F,416
Jewel,F,416
Angela,F,398
Matilda,F,398
Sophia,F,397
Lila,F,396
Estella,F,394
Flossie,F,393
Angelina,F,387
Selma,F,387
Angeline,F,386
Helene,F,378
Constance,F,375
Elma,F,375
Amy,F,371
Johnnie,F,365
Hannah,F,359
Avis,F,358
Margie,F,356
Ernestine,F,354
Jeanne,F,347
Teresa,F,344
Annette,F,342
Virgie,F,342
Reba,F,335
Arlene,F,325
Carol,F,324
Allie,F,322
Rena,F,319
Joan,F,317
Elnora,F,315
Elaine,F,313
Lee,F,312
Amanda,F,310
Zelma,F,307
Elvira,F,305
Leah,F,302
Adelaide,F,299
Rosemary,F,298
Eliza,F,297
Edythe,F,293
Millie,F,293
Gracie,F,289
Olivia,F,285
Tillie,F,283
Lenora,F,281
Belle,F,279
Winnie,F,277
Gwendolyn,F,276
Cecile,F,275
Ila,F,274
Francis,F,273
Dollie,F,272
Josie,F,269
Elinor,F,268
Eugenia,F,266
Hester,F,265
Harriett,F,262
Katharine,F,261
Letha,F,261
Kate,F,260
Gussie,F,259
Billie,F,258
Clarice,F,254
Cornelia,F,254
Callie,F,253
Eleanore,F,253
Augusta,F,252
Peggy,F,251
Lessie,F,246
Lily,F,245
Lora,F,245
Corinne,F,240
Rosetta,F,240
Lorena,F,238
Madge,F,234
Carmen,F,231
Donna,F,227
Laverne,F,225
Odessa,F,225
Claudia,F,224
Myra,F,224
Neva,F,224
Bertie,F,222
Joyce,F,222
Natalie,F,222
Merle,F,221
Helena,F,220
Iris,F,220
Annabelle,F,219
Maudie,F,218
Melba,F,218
Yvonne,F,217
Carmela,F,213
Lou,F,212
Nola,F,211
Ophelia,F,208
Frankie,F,207
Priscilla,F,205
Roxie,F,204
Aline,F,202
Christina,F,202
Molly,F,197
Pearlie,F,197
Leila,F,195
Aileen,F,192
Bettie,F,191
Wilhelmina,F,191
Linda,F,189
Rhoda,F,189
Dolly,F,188
Johanna,F,188
Lelia,F,186
Rosella,F,186
Zella,F,186
Berniece,F,185
Birdie,F,185
Connie,F,185
Catharine,F,183
Alyce,F,182
Hallie,F,182
Corine,F,181
Iola,F,181
Willa,F,180
Ione,F,178
Dovie,F,175
Bernadine,F,172
Erna,F,172
Imogene,F,172
Delia,F,171
Tessie,F,170
Vesta,F,169
Lenore,F,168
Lilly,F,168
Mayme,F,165
Stephanie,F,165
Oma,F,164
Paula,F,164
Loraine,F,163
Jimmie,F,162
Eddie,F,161
Isabella,F,161
Maurine,F,161
Isabell,F,160
Gloria,F,159
Rubye,F,158
Cynthia,F,157
Nadine,F,157
Pansy,F,157
Arline,F,156
Leota,F,156
Mona,F,156
Dessie,F,155
Concetta,F,153
Allene,F,152
Beryl,F,149
Maud,F,149
Alvina,F,147
Antonia,F,146
Lucinda,F,146
Nona,F,146
Vada,F,146
Polly,F,145
Carmella,F,143
Elise,F,143
Kay,F,143
Bernadette,F,142
Janice,F,142
Georgie,F,141
Iona,F,141
Robbie,F,141
Leone,F,139
Philomena,F,139
Verda,F,138
Wilda,F,137
Cecil,F,135
Gertie,F,134
Gretchen,F,134
Leora,F,134
Zelda,F,134
Hortense,F,133
Clare,F,132
Ramona,F,132
Althea,F,131
Elisabeth,F,131
Leta,F,130
Louella,F,130
Madeleine,F,130
Monica,F,130
Dixie,F,129
Margery,F,127
Rae,F,127
Harriette,F,126
Alva,F,125
Bess,F,125
Lulu,F,125
Madelyn,F,125
Lona,F,124
Beth,F,123
Ester,F,123
Florine,F,123
Jannie,F,123
Marietta,F,123
Tommie,F,123
Linnie,F,122
Mercedes,F,122
Agatha,F,121
Reva,F,121
Elsa,F,120
Mathilda,F,120
Elda,F,118
Floy,F,118
Judith,F,118
Lura,F,118
Maybelle,F,118
Mozelle,F,117
Sybil,F,117
Fanny,F,116
Queen,F,116
Enid,F,115
Mazie,F,114
Bella,F,113
Vida,F,113
Zola,F,113
Artie,F,112
John,F,112
Alpha,F,111
Delores,F,111
Ivy,F,111
Lauretta,F,111
Minerva,F,111
Dorthy,F,110
Oleta,F,110
Una,F,109
Winona,F,108
Yetta,F,108
Bobbie,F,107
Evangeline,F,107
Garnet,F,107
Mittie,F,107
Belva,F,106
Hettie,F,106
Melva,F,106
Estell,F,105
Myrtis,F,105
Eve,F,104
Golda,F,104
Lorna,F,104
Magnolia,F,104
Ocie,F,104
Orpha,F,104
Phoebe,F,104
Cassie,F,103
Aurora,F,102
Dorotha,F,102
Elvera,F,101
Veda,F,101
Nelle,F,100
Angie,F,99
Marcia,F,99
Patsy,F,99
Zora,F,99
Ava,F,98
Ferne,F,98
Alene,F,97
Dortha,F,97
Glenna,F,97
Ona,F,97
Adell,F,96
Rowena,F,96
Lettie,F,95
Blanch,F,94
Hope,F,94
Juliette,F,93
Lovie,F,93
Mina,F,93
Camille,F,92
Guadalupe,F,92
Retha,F,92
Rhea,F,92
Albina,F,91
Valeria,F,91
Abbie,F,90
Aurelia,F,90
Celeste,F,90
Cordelia,F,90
Idella,F,90
Louisa,F,90
Margret,F,90
Marianne,F,90
Corrine,F,89
Emilie,F,89
Jacqueline,F,89
Ruthie,F,89
Beverly,F,88
Crystal,F,88
Lucia,F,88
Earline,F,87
Magdalene,F,87
Valerie,F,87
Diana,F,86
Era,F,86
Julie,F,86
Rosalind,F,86
Germaine,F,85
Lavina,F,85
Malinda,F,85
Margarita,F,85
Meta,F,85
Velva,F,85
Evie,F,84
Hulda,F,84
Leatha,F,84
Suzanne,F,84
Yolanda,F,84
Clementine,F,83
Elena,F,83
Georgiana,F,83
Filomena,F,82
Francisca,F,82
Freida,F,82
Sudie,F,82
Vergie,F,82
Ethelyn,F,81
James,F,81
Tina,F,81
Audra,F,80
Idell,F,80
Johnie,F,80
Charlie,F,79
Odell,F,79
Ursula,F,79
Vernice,F,78
William,F,78
Delphine,F,77
Lennie,F,77
Lue,F,77
Tressie,F,77
Easter,F,75
Delphia,F,74
Roma,F,74
Vivien,F,74
Joanna,F,73
Lyda,F,73
Novella,F,73
Vernie,F,73
Delma,F,72
Greta,F,72
Jenny,F,72
Octavia,F,72
Edwina,F,71
Elmira,F,71
Manuela,F,71
Millicent,F,71
Rosamond,F,71
Bennie,F,70
Camilla,F,70
Esta,F,70
Marjory,F,70
Nita,F,70
Velda,F,70
Almeda,F,69
Chloe,F,69
George,F,69
Ludie,F,69
Myrtie,F,69
Reta,F,69
Verona,F,69
Vina,F,69
Zula,F,69
Antonette,F,68
Evalyn,F,68
Jo,F,68
Joy,F,68
Vallie,F,68
Adella,F,67
Charles,F,67
Claudine,F,67
Faith,F,67
Justine,F,67
Lida,F,67
Lorine,F,67
Albertha,F,66
Annetta,F,66
Elna,F,66
Lina,F,66
Violette,F,66
Adela,F,65
Hellen,F,65
Joe,F,65
Lupe,F,65
Pattie,F,65
Rubie,F,65
Winnifred,F,65
Ellie,F,64
Felicia,F,64
Norine,F,64
Pinkie,F,64
Robert,F,64
Berta,F,63
Carolina,F,63
Consuelo,F,63
Georgianna,F,63
Grayce,F,63
Ima,F,63
Leonora,F,63
Marvel,F,63
Nelda,F,63
Petra,F,63
Alda,F,62
Jaunita,F,62
Anastasia,F,61
Annabel,F,61
Charlene,F,61
Katheryn,F,61
Mandy,F,61
Rosalee,F,61
Susanna,F,61
Arvilla,F,60
Berenice,F,60
Cathryn,F,60
Juana,F,60
Lilyan,F,60
Margarette,F,60
Mozell,F,60
Ray,F,60
Theodora,F,60
Alfreda,F,59
Claudie,F,59
Clyde,F,59
Dena,F,59
Elouise,F,59
Kathrine,F,59
Myrtice,F,59
Nan,F,59
Pearle,F,59
Rachael,F,59
Savannah,F,59
Altha,F,58
Bell,F,58
Donnie,F,58
Mavis,F,58
Berneice,F,57
Freddie,F,57
Kattie,F,57
Melvina,F,57
Rosia,F,57
Adelina,F,56
Carmel,F,56
Libby,F,56
Marilyn,F,56
Maryann,F,56
Charity,F,55
Dorris,F,55
Eleanora,F,55
Kitty,F,55
Macie,F,55
Bethel,F,54
Clemmie,F,54
Florida,F,54
Gene,F,54
Hildegarde,F,54
Josefina,F,54
Madie,F,54
Nova,F,54
Rosina,F,54
Verla,F,54
Zona,F,54
Celestine,F,53
Eldora,F,53
Gail,F,53
Hildred,F,53
Lilian,F,53
Magdalena,F,53
Theo,F,53
Viva,F,53
Aletha,F,52
Annabell,F,52
Audie,F,52
Diane,F,52
Hedwig,F,52
Judy,F,52
Therese,F,52
Adelia,F,51
Bridget,F,51
Corene,F,51
Dona,F,51
Lucretia,F,51
Annis,F,50
Ardis,F,50
Clarissa,F,50
Florene,F,50
Garnett,F,50
Gilda,F,50
Gwen,F,50
Ira,F,50
Eda,F,49
Goldia,F,49
Janette,F,49
Leslie,F,49
Ossie,F,49
Emilia,F,48
Emmie,F,48
Kathryne,F,48
Mallie,F,48
Maybell,F,48
Renee,F,48
Sibyl,F,48
Bulah,F,47
Deloris,F,47
Hilma,F,47
Ines,F,47
Lilla,F,47
Sabina,F,47
Alicia,F,46
Cathrine,F,46
Elenora,F,46
Euna,F,46
Jackie,F,46
Josefa,F,46
Lucie,F,46
Luvenia,F,46
Magdalen,F,46
Ouida,F,46
Rosalia,F,46
Treva,F,46
Alverta,F,45
Dorcas,F,45
Earnestine,F,45
Freeda,F,45
Hildegard,F,45
Lea,F,45
Martina,F,45
Nedra,F,45
Roslyn,F,45
Tomasa,F,45
Bonita,F,44
Eulalia,F,44
Hazle,F,44
Joseph,F,44
Nella,F,44
Twila,F,44
Delta,F,43
Jerry,F,43
Lavada,F,43
Lonnie,F,43
Myrle,F,43
Signe,F,43
Thora,F,43
Adrienne,F,42
Corrie,F,42
Ilene,F,42
Juliet,F,42
Lera,F,42
Maxie,F,42
Melissa,F,42
Myrna,F,42
Noma,F,42
Tena,F,42
Versie,F,42
Angelita,F,41
Elizebeth,F,41
Laverna,F,41
Palma,F,41
Vincenza,F,41
Adelle,F,40
Cleta,F,40
Ethyl,F,40
Georgina,F,40
Marcelle,F,40
Maureen,F,40
Olevia,F,40
Queenie,F,40
Yvette,F,40
Astrid,F,39
Elisa,F,39
Elvie,F,39
Glenda,F,39
Hermina,F,39
Juliana,F,39
Loma,F,39
Madaline,F,39
Prudence,F,39
Romaine,F,39
Rosalyn,F,39
Rosemarie,F,39
Sammie,F,39
Walter,F,39
Alline,F,38
Bette,F,38
Ceola,F,38
Cleora,F,38
Eugenie,F,38
Letitia,F,38
Marge,F,38
Neoma,F,38
Vena,F,38
Verdie,F,38
Vinnie,F,38
Alba,F,37
Beaulah,F,37
Lavon,F,37
Louie,F,37
Louvenia,F,37
Lurline,F,37
Madalyn,F,37
Maye,F,37
Mellie,F,37
Nathalie,F,37
Sonia,F,37
Zenobia,F,37
Zoe,F,37
Albertine,F,36
Amalia,F,36
Doretha,F,36
Erie,F,36
Eulah,F,36
Evelyne,F,36
Gladyce,F,36
Jessica,F,36
Jettie,F,36
Jule,F,36
Leonor,F,36
Lexie,F,36
Ozella,F,36
Arlie,F,35
Dale,F,35
Earlene,F,35
Exie,F,35
Gayle,F,35
Gertha,F,35
Isobel,F,35
Joanne,F,35
Linnea,F,35
Liza,F,35
Lyla,F,35
Pearline,F,35
Trudie,F,35
Vella,F,35
Glennie,F,34
Hertha,F,34
Ivory,F,34
Jamie,F,34
Mammie,F,34
Marianna,F,34
Tennie,F,34
Thomas,F,34
Alvera,F,33
Andrea,F,33
Annamae,F,33
Assunta,F,33
Augustine,F,33
Birtha,F,33
Delilah,F,33
Elberta,F,33
Elenor,F,33
Eloisa,F,33
Enola,F,33
Fairy,F,33
Larue,F,33
Lenna,F,33
Malvina,F,33
Margurite,F,33
Myrl,F,33
Norene,F,33
Oda,F,33
Rosanna,F,33
Trula,F,33
Vivienne,F,33
Adaline,F,32
Ardell,F,32
Deborah,F,32
Delpha,F,32
Emogene,F,32
Fae,F,32
Golden,F,32
Helyn,F,32
Osie,F,32
Sofia,F,32
Susanne,F,32
Verlie,F,32
Vilma,F,32
Amie,F,31
Ardella,F,31
Cordie,F,31
Creola,F,31
Dottie,F,31
Ena,F,31
Etha,F,31
Laurine,F,31
Lavonne,F,31
Libbie,F,31
Loyce,F,31
Luna,F,31
Pat,F,31
Ressie,F,31
Rossie,F,31
Serena,F,31
Aida,F,30
Ara,F,30
Benita,F,30
Beula,F,30
Carmelita,F,30
Cathleen,F,30
Claribel,F,30
Concepcion,F,30
Darlene,F,30
Drusilla,F,30
Florance,F,30
Henry,F,30
Icie,F,30
Minna,F,30
Rozella,F,30
Silvia,F,30
Theola,F,30
Tiny,F,30
Zada,F,30
Alida,F,29
Allean,F,29
Almeta,F,29
Audry,F,29
Dorathy,F,29
Elease,F,29
Elta,F,29
Emeline,F,29
Eveline,F,29
Flo,F,29
Frank,F,29
Laurette,F,29
Lavinia,F,29
Leda,F,29
Lossie,F,29
Meda,F,29
Mossie,F,29
Naoma,F,29
Ova,F,29
Sigrid,F,29
Stephania,F,29
Vlasta,F,29
Ardelia,F,28
Colleen,F,28
Daphne,F,28
Elvina,F,28
Emmer,F,28
Izora,F,28
Karen,F,28
Lala,F,28
Lynn,F,28
Odie,F,28
Otelia,F,28
Sadye,F,28
Selena,F,28
Stasia,F,28
Syble,F,28
Tilda,F,28
Vita,F,28
Zettie,F,28
Adah,F,27
Afton,F,27
Betsy,F,27
Edward,F,27
Elmer,F,27
Eura,F,27
Gregoria,F,27
Hassie,F,27
Helga,F,27
Imelda,F,27
Inga,F,27
Jayne,F,27
Jesse,F,27
Kittie,F,27
Lonie,F,27
Luisa,F,27
Maebell,F,27
Missouri,F,27
Monnie,F,27
Paul,F,27
Selina,F,27
Tressa,F,27
Vertie,F,27
Veta,F,27
Zena,F,27
Antonetta,F,26
Arleen,F,26
Bernetta,F,26
Bernita,F,26
Celina,F,26
Clifford,F,26
Clora,F,26
Domenica,F,26
Emelia,F,26
Eudora,F,26
Francine,F,26
Gay,F,26
Hildur,F,26
Izola,F,26
Lassie,F,26
Leanna,F,26
Leonore,F,26
Luetta,F,26
Luz,F,26
Mabelle,F,26
Margueritte,F,26
Marina,F,26
Mathilde,F,26
Omie,F,26
Santa,F,26
Sidney,F,26
Tempie,F,26
Theodosia,F,26
Zita,F,26
Ardith,F,25
Aurore,F,25
Carole,F,25
Ceil,F,25
Clarabelle,F,25
Dagmar,F,25
Drucilla,F,25
Edyth,F,25
Elinore,F,25
Emmaline,F,25
Evaline,F,25
Gerda,F,25
Henriette,F,25
Malissa,F,25
Manda,F,25
Mariah,F,25
Mayola,F,25
Odelia,F,25
Retta,F,25
Rilla,F,25
Veola,F,25
Veva,F,25
Willia,F,25
Abigail,F,24
Almira,F,24
Ana,F,24
Berdie,F,24
Bobby,F,24
Dallas,F,24
Dee,F,24
Dell,F,24
Eathel,F,24
Flonnie,F,24
Harry,F,24
Jeane,F,24
Madlyn,F,24
Margarett,F,24
Marquerite,F,24
Maurice,F,24
Melinda,F,24
Mignon,F,24
Onie,F,24
Patty,F,24
Venita,F,24
Venus,F,24
Vola,F,24
Willetta,F,24
Williemae,F,24
Alvena,F,23
America,F,23
Angelica,F,23
Bernardine,F,23
Cleda,F,23
Dimple,F,23
Dinah,F,23
Edra,F,23
Ettie,F,23
Garnette,F,23
Hermine,F,23
Herminia,F,23
Joann,F,23
Jonnie,F,23
Laurel,F,23
Lavelle,F,23
Leonia,F,23
Liddie,F,23
Lorean,F,23
Loree,F,23
Luberta,F,23
Mafalda,F,23
Margarete,F,23
Margaretta,F,23
Margot,F,23
Mariana,F,23
Mertie,F,23
Otha,F,23
Ozie,F,23
Richard,F,23
Rosena,F,23
Sophronia,F,23
Thyra,F,23
Vashti,F,23
Vennie,F,23
Vernon,F,23
Waneta,F,23
Alexandra,F,22
Alvira,F,22
Antionette,F,22
Ardath,F,22
Arlean,F,22
Arthur,F,22
Burnice,F,22
Cleola,F,22
Colette,F,22
Florrie,F,22
Frederica,F,22
Gennie,F,22
Hanna,F,22
Ingrid,F,22
Lacy,F,22
Louis,F,22
Macel,F,22
Margarite,F,22
Marybelle,F,22
Marye,F,22
Melda,F,22
Merna,F,22
Nila,F,22
Nonie,F,22
Oneita,F,22
Rosabelle,F,22
Alease,F,21
Alleen,F,21
Altie,F,21
Arie,F,21
Atha,F,21
Bettye,F,21
Blossom,F,21
Charline,F,21
Chrystal,F,21
Cleone,F,21
Coletta,F,21
Dannie,F,21
Delcie,F,21
Earl,F,21
Earlie,F,21
Evelina,F,21
Evlyn,F,21
Georgette,F,21
Jeanie,F,21
Lady,F,21
Lelah,F,21
Madelon,F,21
Madonna,F,21
Mariam,F,21
Meryl,F,21
Neta,F,21
Ofelia,F,21
Ozell,F,21
Raye,F,21
Rosaline,F,21
Salome,F,21
Shizuko,F,21
Vernell,F,21
Veryl,F,21
Virgil,F,21
Alean,F,20
Aleen,F,20
Arizona,F,20
Arlena,F,20
Blanchie,F,20
Cherry,F,20
Clella,F,20
Dina,F,20
Elida,F,20
Elois,F,20
Esperanza,F,20
Gabrielle,F,20
Harold,F,20
Henretta,F,20
Hessie,F,20
Hildreth,F,20
Izetta,F,20
Jack,F,20
Kaye,F,20
Lavera,F,20
Leonie,F,20
Lester,F,20
Lota,F,20
Madalene,F,20
Marceline,F,20
Melanie,F,20
Meredith,F,20
Nevada,F,20
Paralee,F,20
Pecola,F,20
Portia,F,20
Rene,F,20
Roselyn,F,20
Samantha,F,20
Sandra,F,20
Santos,F,20
Sheila,F,20
Thea,F,20
Trinidad,F,20
Wava,F,20
Amber,F,19
Antonina,F,19
Arietta,F,19
Bernie,F,19
Buelah,F,19
Buena,F,19
Capitola,F,19
Carl,F,19
Christena,F,19
Eather,F,19
Felicitas,F,19
Gladis,F,19
Howard,F,19
Ilah,F,19
Jeannie,F,19
Johnsie,F,19
Jossie,F,19
Lavenia,F,19
Laveta,F,19
Leoma,F,19
Lissie,F,19
Lollie,F,19
Mahala,F,19
Marta,F,19
Nena,F,19
Ottie,F,19
Phebe,F,19
Roselee,F,19
Santina,F,19
Sister,F,19
Tinnie,F,19
Virgia,F,19
Willard,F,19
Wynona,F,19
Alverda,F,18
Arrie,F,18
Azalee,F,18
Birtie,F,18
Carlota,F,18
Daisey,F,18
Dana,F,18
Dola,F,18
Doreen,F,18
Electa,F,18
Eulalie,F,18
Evelena,F,18
Florie,F,18
Floyd,F,18
Foy,F,18
Francesca,F,18
India,F,18
Isadora,F,18
Jeffie,F,18
Julianna,F,18
Kathaleen,F,18
Kathern,F,18
Lattie,F,18
Lavern,F,18
Lilie,F,18
Madelene,F,18
Masako,F,18
Minnette,F,18
Mozella,F,18
Neola,F,18
Odette,F,18
Orene,F,18
Pennie,F,18
Perry,F,18
Pollie,F,18
Rafaela,F,18
Roseanna,F,18
Roy,F,18
Ruthe,F,18
Sena,F,18
Trudy,F,18
Valentine,F,18
Vonnie,F,18
Zadie,F,18
Zetta,F,18
Aldona,F,17
Aleta,F,17
Alexandria,F,17
Anner,F,17
Annice,F,17
Aretta,F,17
Argie,F,17
Bea,F,17
Bee,F,17
Bert,F,17
Bettina,F,17
Brenda,F,17
Carlotta,F,17
Catalina,F,17
Catarina,F,17
Clair,F,17
Clarine,F,17
Classie,F,17
Coral,F,17
Cruz,F,17
Dawn,F,17
Ebba,F,17
Edmonia,F,17
Elfrieda,F,17
Elmina,F,17
Elvia,F,17
Gaynell,F,17
Gina,F,17
Isa,F,17
Jennette,F,17
Josiephine,F,17
Laurene,F,17
Lelar,F,17
Leo,F,17
Luciel,F,17
Lucienne,F,17
Madolyn,F,17
Mettie,F,17
Mickey,F,17
Odessie,F,17
Pamela,F,17
Paulina,F,17
Reatha,F,17
Refugia,F,17
Rosaria,F,17
Roselle,F,17
Simone,F,17
Terry,F,17
Thalia,F,17
Theda,F,17
Tula,F,17
Verne,F,17
Vernetta,F,17
Wauneta,F,17
Zelia,F,17
Agness,F,16
Aimee,F,16
Albena,F,16
Albertina,F,16
Alethia,F,16
Ammie,F,16
Billy,F,16
Buna,F,16
Cara,F,16
Chessie,F,16
Chester,F,16
Christeen,F,16
Cleona,F,16
Cleopatra,F,16
Darline,F,16
David,F,16
Delfina,F,16
Dellie,F,16
Dulcie,F,16
Edrie,F,16
Elenore,F,16
Elsbeth,F,16
Elzie,F,16
Erlene,F,16
Ermine,F,16
Faustina,F,16
Felice,F,16
Fidelia,F,16
Floretta,F,16
Gemma,F,16
Gudrun,F,16
Huldah,F,16
Idamae,F,16
Ilo,F,16
Isla,F,16
Jesusa,F,16
Letty,F,16
Lilia,F,16
Lovina,F,16
Magdaline,F,16
Mandie,F,16
Margaretha,F,16
Marrie,F,16
Marry,F,16
Marylee,F,16
Mattye,F,16
Maymie,F,16
Melvin,F,16
Merry,F,16
Modesta,F,16
Nada,F,16
Naida,F,16
Nanie,F,16
Nealie,F,16
Odella,F,16
Petronella,F,16
Philomene,F,16
Phylis,F,16
Simona,F,16
Sina,F,16
Soledad,F,16
Syd,F,16
Sylva,F,16
Valda,F,16
Verta,F,16
Vicie,F,16
Violetta,F,16
Yolande,F,16
Zelpha,F,16
Alyne,F,15
Arnetta,F,15
Aubrey,F,15
Averil,F,15
Caryl,F,15
Channie,F,15
Clarence,F,15
Clotilde,F,15
Cordia,F,15
Corean,F,15
Curtis,F,15
Dagny,F,15
Delila,F,15
Edwin,F,15
Elba,F,15
Ethelene,F,15
Ether,F,15
Ethyle,F,15
Everlena,F,15
Exa,F,15
Forrest,F,15
Francies,F,15
Frona,F,15
Genoveva,F,15
Georgetta,F,15
Gizella,F,15
Glendora,F,15
Goldye,F,15
Gusta,F,15
Idelle,F,15
Ivey,F,15
Janis,F,15
Lavona,F,15
Lolita,F,15
Lyle,F,15
Maida,F,15
Majorie,F,15
Maple,F,15
Maryellen,F,15
Marylou,F,15
Marylouise,F,15
Olene,F,15
Parthenia,F,15
Pearley,F,15
Pearly,F,15
Rheta,F,15
Theresia,F,15
Valera,F,15
Vassie,F,15
Vela,F,15
Verena,F,15
Vienna,F,15
Vinie,F,15
Voncile,F,15
Yola,F,15
Zell,F,15
Adline,F,14
Albert,F,14
Aldea,F,14
Alfred,F,14
Anabel,F,14
Anniemae,F,14
Arvella,F,14
Beadie,F,14
Beatriz,F,14
Beryle,F,14
Bula,F,14
Carlene,F,14
Celesta,F,14
Climmie,F,14
Dicie,F,14
Dorthea,F,14
Earlean,F,14
Elfreda,F,14
Eola,F,14
Erin,F,14
Erline,F,14
Floris,F,14
Fronie,F,14
Genevie,F,14
Georgine,F,14
Helma,F,14
Honora,F,14
Hyacinth,F,14
Illa,F,14
Imo,F,14
Inell,F,14
Ingeborg,F,14
Irine,F,14
Justina,F,14
Leana,F,14
Loretto,F,14
Luverne,F,14
Margrette,F,14
Maryjane,F,14
Michelina,F,14
Milda,F,14
Mimi,F,14
Nana,F,14
Natividad,F,14
Noreen,F,14
Olean,F,14
Olympia,F,14
Orlena,F,14
Parlee,F,14
Ralph,F,14
Refugio,F,14
Romana,F,14
Sula,F,14
Texie,F,14
Thurley,F,14
Toby,F,14
Trixie,F,14
Twyla,F,14
Ula,F,14
Venice,F,14
Vira,F,14
Wessie,F,14
Willette,F,14
Aili,F,13
Aleene,F,13
Allen,F,13
Aretha,F,13
Armella,F,13
Aune,F,13
Burma,F,13
Cammie,F,13
Casimira,F,13
Cele,F,13
Chiyoko,F,13
Christiana,F,13
Christie,F,13
Clementina,F,13
Delsie,F,13
Denise,F,13
Dorathea,F,13
Elmo,F,13
Elnor,F,13
Ernie,F,13
Ethlyn,F,13
Ever,F,13
Evia,F,13
Fleta,F,13
Florentine,F,13
Gaynelle,F,13
Gena,F,13
Haruko,F,13
Hasel,F,13
Hazelle,F,13
Hetty,F,13
Ivie,F,13
Katrina,F,13
Katy,F,13
Laurie,F,13
Lella,F,13
Leocadia,F,13
Leoda,F,13
Lilah,F,13
Lorayne,F,13
Lorenza,F,13
Lovell,F,13
Lurene,F,13
Lurlene,F,13
Macy,F,13
Maizie,F,13
Manuelita,F,13
Marguerita,F,13
Maudell,F,13
Melrose,F,13
Micaela,F,13
Naomia,F,13
Natalia,F,13
Nezzie,F,13
Omega,F,13
Onnie,F,13
Otis,F,13
Ottilia,F,13
Pasqualina,F,13
Paulyne,F,13
Pearlene,F,13
Peggie,F,13
Pilar,F,13
Romayne,F,13
Rosita,F,13
Rozelle,F,13
Ruie,F,13
Russell,F,13
Saddie,F,13
Sallye,F,13
Sam,F,13
Signa,F,13
Theora,F,13
Thresa,F,13
Venie,F,13
Vester,F,13
Viona,F,13
Virda,F,13
Wilhelmena,F,13
Zilpha,F,13
Alla,F,12
Allison,F,12
Alverna,F,12
Alys,F,12
Arbutus,F,12
Ardelle,F,12
Bernyce,F,12
Borghild,F,12
Brooksie,F,12
Brownie,F,12
Caldonia,F,12
Candace,F,12
Cary,F,12
Christene,F,12
Cindy,F,12
Cola,F,12
Daisie,F,12
Donie,F,12
Doshie,F,12
Dossie,F,12
Elnore,F,12
Elynor,F,12
Emaline,F,12
Enis,F,12
Erminia,F,12
Erva,F,12
Esma,F,12
Estie,F,12
Ezell,F,12
Fred,F,12
Fredericka,F,12
Genevia,F,12
Genie,F,12
Giovanna,F,12
Girtie,F,12
Glen,F,12
Glennis,F,12
Gretta,F,12
Helmi,F,12
Herbert,F,12
Herma,F,12
Icy,F,12
Inis,F,12
Jesusita,F,12
Jodie,F,12
Kathlyn,F,12
Kimiko,F,12
Kizzie,F,12
Laila,F,12
Leatrice,F,12
Leontine,F,12
Leva,F,12
Lidia,F,12
Lillia,F,12
Loney,F,12
Lorain,F,12
Lorretta,F,12
Lotus,F,12
Lovella,F,12
Loy,F,12
Loyola,F,12
Lucyle,F,12
Ludmilla,F,12
Lutie,F,12
Maddie,F,12
Maebelle,F,12
Manie,F,12
Mariann,F,12
Maryetta,F,12
Maryon,F,12
Merl,F,12
Merrill,F,12
Milly,F,12
Mitzi,F,12
Modena,F,12
Mollye,F,12
Neal,F,12
Nicolina,F,12
Odile,F,12
Oletha,F,12
Oline,F,12
Oliva,F,12
Oneida,F,12
Oral,F,12
Permelia,F,12
Pluma,F,12
Raffaela,F,12
Reita,F,12
Rochelle,F,12
Shizue,F,12
Stefania,F,12
Susana,F,12
Sydney,F,12
Unknown,F,12
Valentina,F,12
Vara,F,12
Vonda,F,12
Willma,F,12
Zera,F,12
Adda,F,11
Ailie,F,11
Alfrieda,F,11
Aliene,F,11
Allyne,F,11
Almedia,F,11
Alzada,F,11
Amada,F,11
Anice,F,11
Arah,F,11
Arletha,F,11
Bama,F,11
Becky,F,11
Birdell,F,11
Blondell,F,11
Burnette,F,11
Calista,F,11
Candelaria,F,11
Carolyne,F,11
Cecille,F,11
Chloie,F,11
Clover,F,11
Clytie,F,11
Congetta,F,11
Coy,F,11
Debbie,F,11
Delight,F,11
Eleonora,F,11
Eleonore,F,11
Ellamae,F,11
Ellar,F,11
Elsye,F,11
Enes,F,11
Ersie,F,11
Estel,F,11
Etter,F,11
Eugene,F,11
Euphemia,F,11
Evalena,F,11
Felipa,F,11
Ferol,F,11
Flavia,F,11
Fredia,F,11
Fronia,F,11
Georgeanna,F,11
Girlie,F,11
Gladies,F,11
Glenn,F,11
Gracia,F,11
Henryetta,F,11
Herman,F,11
Hollis,F,11
Idabelle,F,11
Ileen,F,11
Irean,F,11
Irena,F,11
Isola,F,11
Jeanetta,F,11
Johnetta,F,11
Katharyn,F,11
Kenneth,F,11
Lallie,F,11
Lanie,F,11
Lannie,F,11
Launa,F,11
Leita,F,11
Lema,F,11
Lemma,F,11
Lethia,F,11
Levie,F,11
Lloyd,F,11
Lynda,F,11
Madgie,F,11
Magda,F,11
Marcelline,F,11
Margrett,F,11
Matilde,F,11
Medora,F,11
Minette,F,11
Murl,F,11
Nancie,F,11
Nanette,F,11
Noella,F,11
Norman,F,11
Obie,F,11
Olena,F,11
Olinda,F,11
Oneta,F,11
Oralee,F,11
Ortha,F,11
Orva,F,11
Otila,F,11
Otilia,F,11
Ovella,F,11
Ovie,F,11
Penelope,F,11
Perle,F,11
Prince,F,11
Rea,F,11
Reka,F,11
Roxanna,F,11
Rutha,F,11
Savanah,F,11
Steffie,F,11
Sydell,F,11
Tennessee,F,11
Tess,F,11
Thekla,F,11
Toy,F,11
Valborg,F,11
Velna,F,11
Velta,F,11
Veneta,F,11
Verma,F,11
Vernia,F,11
Versa,F,11
Vicenta,F,11
Virgina,F,11
Willis,F,11
Wilmer,F,11
Woodrow,F,11
Wylma,F,11
Zara,F,11
Zeola,F,11
Zeta,F,11
Adel,F,10
Adelaida,F,10
Albirta,F,10
Aldine,F,10
Alethea,F,10
Alvie,F,10
Antoinetta,F,10
Apolonia,F,10
Arabelle,F,10
Ardys,F,10
Armida,F,10
Arminta,F,10
Athena,F,10
Azalea,F,10
Azzie,F,10
Berdena,F,10
Bernece,F,10
Blannie,F,10
Blonnie,F,10
Burnetta,F,10
Calla,F,10
Carma,F,10
Carrol,F,10
Celestina,F,10
Charlsie,F,10
Cleota,F,10
Clovis,F,10
Coralee,F,10
Corda,F,10
Corinna,F,10
Dahlia,F,10
Dean,F,10
Dellar,F,10
Delora,F,10
Demetra,F,10
Derna,F,10
Docia,F,10
Doll,F,10
Dominga,F,10
Don,F,10
Doreatha,F,10
Dorothe,F,10
Eartha,F,10
Edris,F,10
Elene,F,10
Ellenor,F,10
Elzora,F,10
Enriqueta,F,10
Equilla,F,10
Ercell,F,10
Evalee,F,10
Fannye,F,10
Floria,F,10
Floye,F,10
Genevive,F,10
Glee,F,10
Hilaria,F,10
Hortensia,F,10
Ivadell,F,10
Ivah,F,10
Janey,F,10
Jeraldine,F,10
Joesphine,F,10
Lana,F,10
Lara,F,10
Lavaughn,F,10
Lealer,F,10
Leanore,F,10
Leeta,F,10
Leida,F,10
Leitha,F,10
Lempi,F,10
Leon,F,10
Leonard,F,10
Leonarda,F,10
Livia,F,10
Lockie,F,10
Lorina,F,10
Lova,F,10
Lucilla,F,10
Lucindia,F,10
Luise,F,10
Mabell,F,10
Maisie,F,10
Margeret,F,10
Margert,F,10
Margorie,F,10
Marita,F,10
Maryan,F,10
Maryanna,F,10
Maudine,F,10
Media,F,10
Mercy,F,10
Metta,F,10
Mila,F,10
Monie,F,10
Mozel,F,10
Myrta,F,10
Myrtha,F,10
Nanna,F,10
Nelma,F,10
Norah,F,10
Odeal,F,10
Odelle,F,10
Olamae,F,10
Olivette,F,10
Olla,F,10
Orvilla,F,10
Ozzie,F,10
Page,F,10
Reather,F,10
Rella,F,10
Rheba,F,10
Roena,F,10
Romelia,F,10
Rosabel,F,10
Rosebud,F,10
Rosemond,F,10
Rosey,F,10
Roxana,F,10
Sabra,F,10
Stacia,F,10
Stacy,F,10
Sussie,F,10
Theressa,F,10
Tom,F,10
Unice,F,10
Vadie,F,10
Valetta,F,10
Vernelle,F,10
Victor,F,10
Victorine,F,10
Vinia,F,10
Wenonah,F,10
Wilhelmine,F,10
Willene,F,10
Zana,F,10
Adelene,F,9
Ailene,F,9
Alcie,F,9
Aldora,F,9
Alison,F,9
Amma,F,9
Annalee,F,9
Annamarie,F,9
Arabella,F,9
Archie,F,9
Ariel,F,9
Arla,F,9
Avanell,F,9
Avery,F,9
Avie,F,9
Azilee,F,9
Babette,F,9
Betha,F,9
Bitha,F,9
Candida,F,9
Cannie,F,9
Celie,F,9
Cinda,F,9
Claris,F,9
Clorinda,F,9
Clotilda,F,9
Collette,F,9
Columbia,F,9
Corrinne,F,9
Cortez,F,9
Courtney,F,9
Cressie,F,9
Dessa,F,9
Dollye,F,9
Dominica,F,9
Dorene,F,9
Dorethea,F,9
Doretta,F,9
Dorine,F,9
Doshia,F,9
Douglas,F,9
Echo,F,9
Elfriede,F,9
Elia,F,9
Eline,F,9
Ellene,F,9
Elmyra,F,9
Elodia,F,9
Emmalee,F,9
Ercel,F,9
Ernest,F,9
Felicita,F,9
Floree,F,9
Florice,F,9
Gabriel,F,9
Gabriella,F,9
Gaetana,F,9
Gale,F,9
Gearldine,F,9
Geneveive,F,9
Genever,F,9
Gerry,F,9
Gertrue,F,9
Girtha,F,9
Grady,F,9
Gratia,F,9
Grethel,F,9
Helon,F,9
Holly,F,9
Isadore,F,9
Jeannetta,F,9
Jinnie,F,9
Josphine,F,9
Jovita,F,9
Larena,F,9
Lawrence,F,9
Leanora,F,9
Leeanna,F,9
Leigh,F,9
Lennis,F,9
Lilliemae,F,9
Loleta,F,9
Loreta,F,9
Louisiana,F,9
Lubertha,F,9
Ludell,F,9
Luellen,F,9
Luevenia,F,9
Lular,F,9
Lynette,F,9
Lynne,F,9
Mada,F,9
Mahalia,F,9
Maie,F,9
Marcile,F,9
Mardell,F,9
Margo,F,9
Marilla,F,9
Maryelizabeth,F,9
Maryland,F,9
Melita,F,9
Mennie,F,9
Merlie,F,9
Minie,F,9
Minta,F,9
Mora,F,9
Netta,F,9
Nicoletta,F,9
Ninfa,F,9
Nobie,F,9
Nolia,F,9
Nollie,F,9
Nonnie,F,9
Oddie,F,9
Okie,F,9
Onita,F,9
Orelia,F,9
Orena,F,9
Orie,F,9
Orma,F,9
Otillia,F,9
Ottilie,F,9
Oval,F,9
Paulene,F,9
Paulita,F,9
Penny,F,9
Pernie,F,9
Phillis,F,9
Phyliss,F,9
Piccola,F,9
Reyes,F,9
Rhodie,F,9
Robena,F,9
Romilda,F,9
Rue,F,9
Saima,F,9
Salina,F,9
Sennie,F,9
Shellie,F,9
Sydelle,F,9
Tekla,F,9
Temple,F,9
Teodora,F,9
Thais,F,9
Thecla,F,9
Thera,F,9
Tomasita,F,9
Tommy,F,9
Tracy,F,9
Trannie,F,9
Undine,F,9
Vern,F,9
Verneda,F,9
Vickie,F,9
Villa,F,9
Vincie,F,9
Vinita,F,9
Willena,F,9
Wilna,F,9
Woodie,F,9
Yoshiko,F,9
Zenia,F,9
Zoa,F,9
Abby,F,8
Adalene,F,8
Adelyn,F,8
Ader,F,8
Adlena,F,8
Adrian,F,8
Agapita,F,8
Aggie,F,8
Agustina,F,8
Aiko,F,8
Aleatha,F,8
Aleda,F,8
Almyra,F,8
Alsie,F,8
Alvia,F,8
Ama,F,8
Anastacia,F,8
Andrew,F,8
Angel,F,8
Anthony,F,8
Aquilla,F,8
Ardyce,F,8
Arilla,F,8
Arlyne,F,8
Arminda,F,8
Artelia,F,8
Artha,F,8
Artis,F,8
Ary,F,8
Augustina,F,8
Avanelle,F,8
Beata,F,8
Beatrix,F,8
Belen,F,8
Berna,F,8
Bernadetta,F,8
Berthe,F,8
Betsey,F,8
Bobbye,F,8
Brittie,F,8
Buford,F,8
Byrdie,F,8
Carlie,F,8
Carmelia,F,8
Carmon,F,8
Carra,F,8
Carroll,F,8
Catheryn,F,8
Cherrie,F,8
Clarabel,F,8
Clarinda,F,8
Claude,F,8
Clyda,F,8
Clydie,F,8
Concha,F,8
Corina,F,8
Cornelius,F,8
Curlie,F,8
Dallie,F,8
Deola,F,8
Dorothey,F,8
Ednamae,F,8
Eller,F,8
Ellis,F,8
Elner,F,8
Elodie,F,8
Elton,F,8
Elvena,F,8
Emelie,F,8
Emerald,F,8
Epsie,F,8
Essa,F,8
Estefana,F,8
Estela,F,8
Estellar,F,8
Etheleen,F,8
Etna,F,8
Eular,F,8
Evah,F,8
Ezzie,F,8
Fleeta,F,8
Fonda,F,8
Fredonia,F,8
Fumiko,F,8
Garland,F,8
Gertude,F,8
Girtrude,F,8
Glena,F,8
Guila,F,8
Gunhild,F,8
Heloise,F,8
Hilja,F,8
Hisako,F,8
Honey,F,8
Hortencia,F,8
Ilona,F,8
Inice,F,8
Jadwiga,F,8
Jan,F,8
Jemima,F,8
Jessamine,F,8
Jocelyn,F,8
Josepha,F,8
Joye,F,8
Juel,F,8
Julius,F,8
Katheryne,F,8
Kiyoko,F,8
Lacie,F,8
Lavena,F,8
Laverta,F,8
Lavonia,F,8
Lavora,F,8
Leafy,F,8
Lear,F,8
Leland,F,8
Lewis,F,8
Loreen,F,8
Loris,F,8
Louanna,F,8
Louida,F,8
Loula,F,8
Lovena,F,8
Lovenia,F,8
Lowell,F,8
Lucendia,F,8
Ludy,F,8
Lulla,F,8
Lummie,F,8
Lurena,F,8
Luvena,F,8
Luvina,F,8
Mackie,F,8
Magaret,F,8
Malissia,F,8
Malissie,F,8
Mardelle,F,8
Marget,F,8
Margrete,F,8
Marine,F,8
Marlene,F,8
Martin,F,8
Mazel,F,8
Mazzie,F,8
Mearl,F,8
Merlyn,F,8
Michael,F,8
Modell,F,8
Montine,F,8
Morine,F,8
Myrene,F,8
Naomie,F,8
Neda,F,8
Neomia,F,8
Nicie,F,8
Nieves,F,8
Norris,F,8
Omah,F,8
Omelia,F,8
Oneda,F,8
Opel,F,8
Oria,F,8
Osceola,F,8
Othelia,F,8
Patti,F,8
Pearlean,F,8
Pearlena,F,8
Persis,F,8
Pheobe,F,8
Pina,F,8
Princella,F,8
Raquel,F,8
Raymond,F,8
Reda,F,8
Robin,F,8
Rona,F,8
Rosario,F,8
Rudy,F,8
Saloma,F,8
Samella,F,8
Savina,F,8
Sedalia,F,8
Senora,F,8
Silva,F,8
Sonya,F,8
Statia,F,8
Stelle,F,8
Sunshine,F,8
Suzanna,F,8
Tabitha,F,8
Tecora,F,8
Terese,F,8
Theodore,F,8
Theta,F,8
Tishie,F,8
Toni,F,8
Troy,F,8
Valeda,F,8
Veatrice,F,8
Velmer,F,8
Venna,F,8
Verlee,F,8
Verline,F,8
Vernette,F,8
Vernita,F,8
Virdie,F,8
Wallace,F,8
Wanita,F,8
Wavie,F,8
Will,F,8
Wilmoth,F,8
Wyoma,F,8
Zeffie,F,8
Zela,F,8
Zephyr,F,8
Zilla,F,8
Adelyne,F,7
Agusta,F,7
Albirda,F,7
Alfa,F,7
Algie,F,7
Allegra,F,7
Alliene,F,7
Almetta,F,7
Alvilda,F,7
Alvin,F,7
Alyse,F,7
Alzenia,F,7
Angele,F,7
Angelena,F,7
Angella,F,7
Angelyn,F,7
Anniebell,F,7
Anniebelle,F,7
Ardie,F,7
Arletta,F,7
Arnie,F,7
Arnold,F,7
Aslee,F,7
Attie,F,7
Audre,F,7
Audrie,F,7
Aura,F,7
Ayako,F,7
Azalia,F,7
Azlee,F,7
Babe,F,7
Baby,F,7
Balbina,F,7
Basilia,F,7
Ben,F,7
Bena,F,7
Bera,F,7
Bernarda,F,7
Berneda,F,7
Bertina,F,7
Beuna,F,7
Bill,F,7
Bina,F,7
Bobie,F,7
Brigida,F,7
Burnett,F,7
Camella,F,7
Canary,F,7
Candy,F,7
Carey,F,7
Carlee,F,7
Carleen,F,7
Carry,F,7
Catherina,F,7
Cathern,F,7
Celena,F,7
Celine,F,7
Chaney,F,7
Charlcie,F,7
Charleen,F,7
Christa,F,7
Christen,F,7
Clarabell,F,7
Clariece,F,7
Clemence,F,7
Cletus,F,7
Clorine,F,7
Cloteal,F,7
Collie,F,7
Consepcion,F,7
Coralie,F,7
Corena,F,7
Cozetta,F,7
Creasie,F,7
Cyrilla,F,7
Deane,F,7
Deliah,F,7
Delois,F,7
Devota,F,7
Dillie,F,7
Dionicia,F,7
Doloris,F,7
Donald,F,7
Donnis,F,7
Dorothee,F,7
Dosha,F,7
Earle,F,7
Edell,F,7
Edie,F,7
Edwena,F,7
Eletha,F,7
Elgie,F,7
Ellena,F,7
Ellouise,F,7
Elora,F,7
Eloyse,F,7
Else,F,7
Elza,F,7
Ema,F,7
Erdine,F,7
Ermal,F,7
Ermina,F,7
Eudell,F,7
Eulla,F,7
Evalyne,F,7
Evea,F,7
Everlean,F,7
Evon,F,7
Evora,F,7
Florinda,F,7
Fola,F,7
Fredda,F,7
Gatha,F,7
Genora,F,7
Gisella,F,7
Glada,F,7
Glady,F,7
Glenys,F,7
Glessie,F,7
Guinevere,F,7
Gustava,F,7
Harvey,F,7
Hazell,F,7
Helvi,F,7
Hennie,F,7
Hermione,F,7
Hollie,F,7
Hugh,F,7
Ignacia,F,7
Ilma,F,7
Indiana,F,7
Iowa,F,7
Irmgard,F,7
Irva,F,7
Jasmine,F,7
Jay,F,7
Jerome,F,7
Jetta,F,7
Johnny,F,7
Josephene,F,7
Joycie,F,7
Julian,F,7
Julianne,F,7
Junia,F,7
Junie,F,7
Justa,F,7
Kelly,F,7
Kimiyo,F,7
Klara,F,7
Lanora,F,7
Latha,F,7
Lauraine,F,7
Laurena,F,7
Laurinda,F,7
Leala,F,7
Leathia,F,7
Leroy,F,7
Lesta,F,7
Levia,F,7
Libera,F,7
Liberty,F,7
Lilliam,F,7
Lisa,F,7
Lita,F,7
Lodie,F,7
Loretha,F,7
Lorie,F,7
Louva,F,7
Luceil,F,7
Lugenia,F,7
Madelyne,F,7
Madoline,F,7
Magdeline,F,7
Mai,F,7
Marcie,F,7
Margart,F,7
Marvine,F,7
Maryanne,F,7
Maryrose,F,7
Matie,F,7
Maurene,F,7
Maydell,F,7
Maysel,F,7
Mertice,F,7
Mignonne,F,7
Mimie,F,7
Mineola,F,7
Minetta,F,7
Miranda,F,7
Monna,F,7
Monta,F,7
Montez,F,7
Montie,F,7
Murray,F,7
Murriel,F,7
Nadeen,F,7
Nadyne,F,7
Nattie,F,7
Neita,F,7
Nela,F,7
Nelly,F,7
Nelsie,F,7
Nida,F,7
Norvell,F,7
Odesser,F,7
Ofilia,F,7
Okla,F,7
Oliver,F,7
Onalee,F,7
Opha,F,7
Opie,F,7
Oralia,F,7
Oretha,F,7
Orlene,F,7
Oscar,F,7
Othella,F,7
Ovida,F,7
Ozelle,F,7
Pairlee,F,7
Pecolia,F,7
Perina,F,7
Perlie,F,7
Petrina,F,7
Pierina,F,7
Princess,F,7
Raffaella,F,7
Ragna,F,7
Rebekah,F,7
Regena,F,7
Reola,F,7
Robina,F,7
Romona,F,7
Rosetter,F,7
Rosielee,F,7
Rotha,F,7
Rudell,F,7
Rushie,F,7
Ruther,F,7
Salena,F,7
Salvatrice,F,7
Savilla,F,7
Scottie,F,7
Senia,F,7
Sharon,F,7
Sidonia,F,7
Solveig,F,7
Sunny,F,7
Swannie,F,7
Teresita,F,7
Thomasina,F,7
Thressa,F,7
Tosca,F,7
Tresa,F,7
Valarie,F,7
Veleria,F,7
Verdell,F,7
Verle,F,7
Vesper,F,7
Vessie,F,7
Vivia,F,7
Waunita,F,7
Wayne,F,7
Weltha,F,7
Wilberta,F,7
Wilbur,F,7
Wilhelmenia,F,7
Wilhemina,F,7
Wille,F,7
Wilsie,F,7
Xenia,F,7
Yetive,F,7
Zillah,F,7
Zofia,F,7
Zonnie,F,7
Achsah,F,6
Adena,F,6
Adina,F,6
Adria,F,6
Agnita,F,6
Ala,F,6
Albertia,F,6
Aldene,F,6
Alena,F,6
Alexina,F,6
Alton,F,6
Alwilda,F,6
Alzena,F,6
Amey,F,6
Amparo,F,6
Angelia,F,6
Annamay,F,6
Antonietta,F,6
Appie,F,6
Ardeth,F,6
Ardyth,F,6
Arlee,F,6
Armanda,F,6
Arretta,F,6
Artice,F,6
Arva,F,6
Auda,F,6
Avice,F,6
Barbra,F,6
Beaula,F,6
Bebe,F,6
Bedie,F,6
Belvia,F,6
Benedetta,F,6
Bennetta,F,6
Bertille,F,6
Bertine,F,6
Beverley,F,6
Biddie,F,6
Billye,F,6
Birdella,F,6
Blasa,F,6
Bridie,F,6
Bruna,F,6
Captola,F,6
Carmelina,F,6
Carola,F,6
Cartha,F,6
Cassandra,F,6
Caterina,F,6
Celester,F,6
Celestia,F,6
Cellie,F,6
Chanie,F,6
Charlean,F,6
Cipriana,F,6
Clarita,F,6
Clela,F,6
Clema,F,6
Cleva,F,6
Cliffie,F,6
Clio,F,6
Clista,F,6
Cloma,F,6
Clothilde,F,6
Coleen,F,6
Colletta,F,6
Conception,F,6
Conchetta,F,6
Coreen,F,6
Costella,F,6
Daniel,F,6
Dasie,F,6
Davida,F,6
Deetta,F,6
Delina,F,6
Delmar,F,6
Delvina,F,6
Deolinda,F,6
Dewey,F,6
Diamond,F,6
Dicy,F,6
Docie,F,6
Donia,F,6
Doras,F,6
Dorinda,F,6
Dorothia,F,6
Dorthey,F,6
Dot,F,6
Dotty,F,6
Dove,F,6
Earla,F,6
Edia,F,6
Edla,F,6
Ela,F,6
Eldra,F,6
Electra,F,6
Elin,F,6
Elina,F,6
Elzada,F,6
Ennis,F,6
Eria,F,6
Erlinda,F,6
Ermelinda,F,6
Erminie,F,6
Ethelmae,F,6
Ethelyne,F,6
Etoy,F,6
Eufelia,F,6
Eulene,F,6
Eutha,F,6
Evangelina,F,6
Fawn,F,6
Fayrene,F,6
Florencia,F,6
Fonnie,F,6
Fontella,F,6
Fortunata,F,6
Foye,F,6
Fran,F,6
France,F,6
Francina,F,6
Fredna,F,6
Fredricka,F,6
Fronnie,F,6
Genelle,F,6
Genieve,F,6
Georgene,F,6
Gerturde,F,6
Gilbert,F,6
Glenora,F,6
Gola,F,6
Gordon,F,6
Gracy,F,6
Gradie,F,6
Gustina,F,6
Gwendoline,F,6
Hellon,F,6
Herlinda,F,6
Hermie,F,6
Herta,F,6
Hila,F,6
Hubert,F,6
Hyla,F,6
Iantha,F,6
Icey,F,6
Ilean,F,6
Iline,F,6
Impi,F,6
Ineze,F,6
Ionia,F,6
Iras,F,6
Isidora,F,6
Ival,F,6
Iver,F,6
Izella,F,6
Jacoba,F,6
Janna,F,6
Jeanett,F,6
Jennetta,F,6
Jim,F,6
Joella,F,6
Josephina,F,6
Judie,F,6
Junita,F,6
Karin,F,6
Karolyn,F,6
Katharina,F,6
Katye,F,6
Kikue,F,6
Lalla,F,6
Laurence,F,6
Lavere,F,6
Lavergne,F,6
Leacy,F,6
Leary,F,6
Leavy,F,6
Ledora,F,6
Lener,F,6
Leonilda,F,6
Leotha,F,6
Lether,F,6
Levonia,F,6
Librada,F,6
Lili,F,6
Lillion,F,6
Lillyan,F,6
Lillye,F,6
Lisette,F,6
Lodema,F,6
Lorette,F,6
Lotta,F,6
Loucille,F,6
Lourine,F,6
Louvinia,F,6
Lovey,F,6
Lu,F,6
Luanna,F,6
Luceal,F,6
Lucetta,F,6
Lucillie,F,6
Luddie,F,6
Ludella,F,6
Lugene,F,6
Madelaine,F,6
Mannie,F,6
Maragret,F,6
Maree,F,6
Margaree,F,6
Margherita,F,6
Margurete,F,6
Maribelle,F,6
Marilee,F,6
Maris,F,6
Mark,F,6
Marla,F,6
Martie,F,6
Marvelle,F,6
Marya,F,6
Marzella,F,6
Massie,F,6
Melia,F,6
Melina,F,6
Mena,F,6
Meriam,F,6
Merie,F,6
Merlin,F,6
Metha,F,6
Michiko,F,6
Milton,F,6
Mintie,F,6
Mira,F,6
Mirian,F,6
Modie,F,6
Monette,F,6
Mosella,F,6
Mrytle,F,6
Murrel,F,6
Murrell,F,6
Myna,F,6
Myriam,F,6
Nadean,F,6
Narcissa,F,6
Nelva,F,6
Nicoline,F,6
Noel,F,6
Nolie,F,6
Obera,F,6
Octavie,F,6
Offie,F,6
Olie,F,6
Oneal,F,6
Onida,F,6
Orrie,F,6
Palmira,F,6
Percilla,F,6
Pernella,F,6
Pietrina,F,6
Placida,F,6
Pleasant,F,6
Prudy,F,6
Racheal,F,6
Rachelle,F,6
Rada,F,6
Rannie,F,6
Raphael,F,6
Ree,F,6
Reeva,F,6
Regis,F,6
Renda,F,6
Rinda,F,6
Robie,F,6
Romie,F,6
Rosabell,F,6
Rosana,F,6
Roseann,F,6
Roseanne,F,6
Rovena,F,6
Rubena,F,6
Rubylee,F,6
Rufina,F,6
Ruperta,F,6
Saimi,F,6
Samuel,F,6
Sari,F,6
Senona,F,6
Serafina,F,6
Severina,F,6
Sevilla,F,6
Sibbie,F,6
Simonne,F,6
Smithie,F,6
Soila,F,6
Stanislawa,F,6
Stefanie,F,6
Stephen,F,6
Sumiko,F,6
Suzette,F,6
Suzie,F,6
Svea,F,6
Taimi,F,6
Teckla,F,6
Teddy,F,6
Teofila,F,6
Teressa,F,6
Thelda,F,6
Thursa,F,6
Tommye,F,6
Tonie,F,6
Tony,F,6
Toye,F,6
Travis,F,6
Tyne,F,6
Valena,F,6
Valma,F,6
Valora,F,6
Vanilla,F,6
Vannie,F,6
Venetta,F,6
Verbena,F,6
Vergia,F,6
Verl,F,6
Verlyn,F,6
Vermell,F,6
Vermelle,F,6
Vernal,F,6
Verniece,F,6
Versia,F,6
Vertis,F,6
Vinetta,F,6
Vona,F,6
Wadie,F,6
Wavel,F,6
Wesley,F,6
Willamae,F,6
Willo,F,6
Willow,F,6
Willye,F,6
Wilva,F,6
Winfred,F,6
Ysabel,F,6
Zannie,F,6
Zeda,F,6
Zenith,F,6
Zorah,F,6
Adelma,F,5
Adie,F,5
Adlene,F,5
Aileene,F,5
Aldean,F,5
Alee,F,5
Aletta,F,5
Alise,F,5
Almer,F,5
Almeter,F,5
Almina,F,5
Alouise,F,5
Alphild,F,5
Althia,F,5
Alvine,F,5
Alvis,F,5
Alzie,F,5
Amandy,F,5
Anette,F,5
Angelus,F,5
Annabella,F,5
Annemarie,F,5
Annielee,F,5
Anona,F,5
Arda,F,5
Arelia,F,5
Arlevia,F,5
Armelia,F,5
Atlas,F,5
Audree,F,5
Audria,F,5
Australia,F,5
Averill,F,5
Azalene,F,5
Azie,F,5
Azile,F,5
Bannie,F,5
Beda,F,5
Beedie,F,5
Belinda,F,5
Bernadene,F,5
Bernetha,F,5
Bertile,F,5
Bertrice,F,5
Betrice,F,5
Bianca,F,5
Blossie,F,5
Blythe,F,5
Bobbe,F,5
Bonnell,F,5
Boots,F,5
Brigetta,F,5
Bronnie,F,5
Brunetta,F,5
Bunice,F,5
Burnell,F,5
Carita,F,5
Carla,F,5
Carlena,F,5
Carline,F,5
Carolin,F,5
Catheryne,F,5
Ceolia,F,5
Cesaria,F,5
Cheryl,F,5
Christabel,F,5
Christel,F,5
Christinia,F,5
Chrystine,F,5
Cinderella,F,5
Claramae,F,5
Claretta,F,5
Clarisse,F,5
Clatie,F,5
Clay,F,5
Cleotilde,F,5
Clota,F,5
Clydia,F,5
Colene,F,5
Colie,F,5
Corella,F,5
Corona,F,5
Cosette,F,5
Cozette,F,5
Cozie,F,5
Crescentia,F,5
Cristina,F,5
Cuca,F,5
Curley,F,5
Cyrene,F,5
Dayle,F,5
Delorus,F,5
Delphina,F,5
Delva,F,5
Dema,F,5
Derotha,F,5
Devona,F,5
Dian,F,5
Dick,F,5
Domitila,F,5
Donelda,F,5
Dorothie,F,5
Dorothye,F,5
Dorthe,F,5
Dova,F,5
Doxie,F,5
Dula,F,5
Earma,F,5
Earsie,F,5
Ebbie,F,5
Eddis,F,5
Eddythe,F,5
Edgar,F,5
Editha,F,5
Edithe,F,5
Edmund,F,5
Eduarda,F,5
Eila,F,5
Elanore,F,5
Elayne,F,5
Eleaner,F,5
Elener,F,5
Eleonor,F,5
Elese,F,5
Elfa,F,5
Elfie,F,5
Ellanora,F,5
Ellaree,F,5
Ellinor,F,5
Elloise,F,5
Eltis,F,5
Elwyn,F,5
Elynore,F,5
Emelda,F,5
Emely,F,5
Emmeline,F,5
Emmy,F,5
Endia,F,5
Eppie,F,5
Erbie,F,5
Ercie,F,5
Erika,F,5
Erla,F,5
Ernestina,F,5
Ernstine,F,5
Ersa,F,5
Esper,F,5
Estle,F,5
Ethelda,F,5
Etoile,F,5
Eufemia,F,5
Eulalee,F,5
Euline,F,5
Eupha,F,5
Evadna,F,5
Evalene,F,5
Eveleen,F,5
Evelia,F,5
Everlyn,F,5
Evva,F,5
Ezola,F,5
Farris,F,5
Fayetta,F,5
Felecia,F,5
Floetta,F,5
Florabelle,F,5
Florina,F,5
Florita,F,5
Francelia,F,5
Francena,F,5
Francie,F,5
Frankye,F,5
Fransisca,F,5
Frida,F,5
Froney,F,5
Garnetta,F,5
Garnie,F,5
Genell,F,5
Genevra,F,5
Genia,F,5
Georgena,F,5
Gerald,F,5
Gilberte,F,5
Gillie,F,5
Glynn,F,5
Gordie,F,5
Gray,F,5
Gustie,F,5
Hana,F,5
Helaine,F,5
Henretter,F,5
Hiawatha,F,5
Hortence,F,5
Icel,F,5
Idah,F,5
Idalene,F,5
Idellar,F,5
Ilamae,F,5
Iler,F,5
Ilia,F,5
Inza,F,5
Ireta,F,5
Irja,F,5
Iula,F,5
Ivon,F,5
Jacinta,F,5
Janelle,F,5
Janetta,F,5
Janina,F,5
Jeanet,F,5
Jenette,F,5
Jeneva,F,5
Jill,F,5
Joel,F,5
Josefita,F,5
Julienne,F,5
Juniata,F,5
Kathreen,F,5
Kermit,F,5
Keturah,F,5
Ladonna,F,5
Lakie,F,5
Lanore,F,5
Lapriel,F,5
Laurina,F,5
Laveda,F,5
Laverda,F,5
Lavine,F,5
Leanor,F,5
Leather,F,5
Leathie,F,5
Lector,F,5
Ledia,F,5
Leetta,F,5
Leler,F,5
Lenice,F,5
Letta,F,5
Levada,F,5
Levenia,F,5
Levina,F,5
Libia,F,5
Liller,F,5
Lilli,F,5
Lindy,F,5
Linna,F,5
Littie,F,5
Lizzy,F,5
Llewellyn,F,5
Loa,F,5
Loie,F,5
Loren,F,5
Lotty,F,5
Louetta,F,5
Loys,F,5
Luba,F,5
Lucill,F,5
Lucina,F,5
Lucine,F,5
Lucylle,F,5
Luda,F,5
Luida,F,5
Lulabelle,F,5
Lulamae,F,5
Lulie,F,5
Lunda,F,5
Lupita,F,5
Luretha,F,5
Luretta,F,5
Lurlean,F,5
Luvada,F,5
Lyndall,F,5
Macey,F,5
Madalyne,F,5
Maeola,F,5
Magalene,F,5
Magie,F,5
Mahalie,F,5
Maire,F,5
Majel,F,5
Malda,F,5
Mamye,F,5
Mara,F,5
Marabelle,F,5
Marcelina,F,5
Marcell,F,5
Marg,F,5
Margareta,F,5
Margene,F,5
Margueriete,F,5
Mariette,F,5
Marlys,F,5
Marrietta,F,5
Marshall,F,5
Marthena,F,5
Martine,F,5
Marvell,F,5
Marvin,F,5
Marybell,F,5
Masie,F,5
Mata,F,5
Maura,F,5
Max,F,5
Maybel,F,5
Mayo,F,5
Maysie,F,5
Melvie,F,5
Melvine,F,5
Merita,F,5
Merriam,F,5
Merriel,F,5
Mertis,F,5
Meryle,F,5
Michalena,F,5
Mirtie,F,5
Misao,F,5
Miyako,F,5
Modean,F,5
Montana,F,5
Morene,F,5
Moselle,F,5
Murlene,F,5
Myldred,F,5
Nadene,F,5
Nancye,F,5
Necia,F,5
Nelia,F,5
Neomi,F,5
Nera,F,5
Nessie,F,5
Neville,F,5
Nicolasa,F,5
Nodie,F,5
Nota,F,5
Novelle,F,5
Novis,F,5
Odetta,F,5
Odis,F,5
Olar,F,5
Oleita,F,5
Oletta,F,5
Oleva,F,5
Omer,F,5
Oreatha,F,5
Oreta,F,5
Oretta,F,5
Otie,F,5
Ottis,F,5
Palmer,F,5
Pandora,F,5
Parilee,F,5
Patrica,F,5
Patsie,F,5
Peachie,F,5
Pebble,F,5
Percy,F,5
Perlina,F,5
Peter,F,5
Pheba,F,5
Phil,F,5
Philena,F,5
Pinkey,F,5
Plina,F,5
Providence,F,5
Rayma,F,5
Rebel,F,5
Regenia,F,5
Reina,F,5
Rema,F,5
Renna,F,5
Reubena,F,5
Roger,F,5
Rolena,F,5
Ronie,F,5
Ronnie,F,5
Roselie,F,5
Roseline,F,5
Rosezetta,F,5
Rosy,F,5
Roxy,F,5
Rozalia,F,5
Rozelia,F,5
Rozie,F,5
Rubbie,F,5
Rumalda,F,5
Ruthella,F,5
Sanjuana,F,5
Severa,F,5
Shannon,F,5
Shelley,F,5
Siller,F,5
Sofie,F,5
Solange,F,5
Sondra,F,5
Sophy,F,5
Stephany,F,5
Stephenie,F,5
Steve,F,5
Suda,F,5
Susann,F,5
Sybilla,F,5
Sylvania,F,5
Sylvester,F,5
Talitha,F,5
Tamer,F,5
Tassie,F,5
Tenner,F,5
Teola,F,5
Tera,F,5
Texana,F,5
Texas,F,5
Therma,F,5
Tilly,F,5
Timmie,F,5
Tiney,F,5
Toini,F,5
Tomie,F,5
Tomiko,F,5
Toshiko,F,5
Tracie,F,5
Tsuruko,F,5
Tyyne,F,5
Ura,F,5
Uva,F,5
Val,F,5
Valeska,F,5
Valley,F,5
Vance,F,5
Vanda,F,5
Vaneta,F,5
Vanna,F,5
Vaudie,F,5
Venia,F,5
Veora,F,5
Verba,F,5
Verbie,F,5
Verlin,F,5
Verneta,F,5
Vetta,F,5
Vick,F,5
Vicky,F,5
Vieno,F,5
Vila,F,5
Vincent,F,5
Vincenta,F,5
Virgene,F,5
Virtie,F,5
Viviana,F,5
Volia,F,5
Walburga,F,5
Waldine,F,5
Weeda,F,5
Welcome,F,5
Welma,F,5
Willanna,F,5
Wilmetta,F,5
Wynne,F,5
Wyona,F,5
Yaeko,F,5
Zaida,F,5
Zellie,F,5
Zenna,F,5
Zennie,F,5
Zetha,F,5
Zilda,F,5
Zipporah,F,5
Zollie,F,5
Zylphia,F,5
John,M,24587
William,M,19626
James,M,17644
Robert,M,12836
Joseph,M,12062
George,M,11734
Charles,M,11070
Edward,M,7936
Frank,M,7912
Thomas,M,6087
Walter,M,5809
Henry,M,5643
Harold,M,5102
Paul,M,4785
Arthur,M,4685
Harry,M,4624
Albert,M,4587
Raymond,M,4374
Richard,M,4188
Louis,M,3591
Clarence,M,3590
Willie,M,3508
Ralph,M,3435
Carl,M,3224
Howard,M,3212
Fred,M,3103
Donald,M,2872
Jack,M,2870
David,M,2858
Samuel,M,2602
Roy,M,2591
Ernest,M,2569
Kenneth,M,2538
Earl,M,2518
Francis,M,2516
Joe,M,2515
Anthony,M,2480
Lawrence,M,2467
Herbert,M,2236
Alfred,M,2210
Eugene,M,2114
Michael,M,2104
Stanley,M,2017
Andrew,M,1946
Leonard,M,1928
Woodrow,M,1843
Elmer,M,1840
Peter,M,1679
Leo,M,1654
Herman,M,1646
Frederick,M,1564
Theodore,M,1561
Daniel,M,1524
Edwin,M,1518
Chester,M,1460
Russell,M,1449
Charlie,M,1446
Lester,M,1443
Floyd,M,1438
Bernard,M,1437
Norman,M,1367
Clifford,M,1345
Sam,M,1325
Milton,M,1319
Clyde,M,1314
Leroy,M,1306
Benjamin,M,1272
Lewis,M,1247
Philip,M,1237
Lloyd,M,1227
Melvin,M,1185
Vincent,M,1178
Oscar,M,1157
Jesse,M,1106
Martin,M,1064
Cecil,M,1057
Ray,M,1050
Lee,M,1030
Leon,M,1006
Sidney,M,1003
Victor,M,989
Morris,M,960
Marvin,M,958
Glenn,M,948
Edgar,M,945
Alvin,M,929
Gerald,M,929
Stephen,M,928
Claude,M,890
Vernon,M,889
Harvey,M,875
Wilbur,M,832
Gordon,M,822
Irving,M,815
Maurice,M,811
Everett,M,806
Alexander,M,803
Homer,M,794
Arnold,M,767
Julius,M,758
Max,M,734
Ben,M,731
Allen,M,730
Eddie,M,718
Willard,M,718
Johnnie,M,709
Warren,M,697
Leslie,M,693
Jessie,M,692
Jacob,M,691
Virgil,M,684
Marion,M,680
Nicholas,M,676
Luther,M,664
Gilbert,M,649
Hugh,M,648
Oliver,M,646
Wayne,M,617
Horace,M,615
Nathan,M,581
Curtis,M,566
Hubert,M,544
Steve,M,543
Tom,M,538
Abraham,M,533
Otis,M,522
Roland,M,522
Wallace,M,507
Franklin,M,497
Archie,M,496
Wilson,M,496
Earnest,M,486
Jerome,M,486
Wesley,M,485
Alex,M,482
Orville,M,477
Manuel,M,469
Roger,M,464
Glen,M,460
Guy,M,455
Rudolph,M,453
Willis,M,453
Edmund,M,452
Mike,M,430
Patrick,M,430
Emil,M,407
Jerry,M,405
Clifton,M,404
Jim,M,401
Otto,M,398
Marshall,M,397
Ira,M,394
Tony,M,394
Bennie,M,392
Angelo,M,384
Matthew,M,380
Calvin,M,375
Salvatore,M,374
Dale,M,371
Jimmie,M,366
Clinton,M,362
Isaac,M,359
Jose,M,356
Nathaniel,M,356
Douglas,M,350
Nelson,M,349
Sylvester,M,348
Bill,M,347
Clayton,M,346
Irvin,M,344
August,M,343
Elbert,M,342
Ivan,M,339
Percy,M,337
Rufus,M,336
Bert,M,332
Don,M,332
Bruce,M,328
Lonnie,M,327
Delbert,M,325
Lyle,M,325
Karl,M,323
Adolph,M,318
Jay,M,318
Wilfred,M,317
Johnie,M,311
Forrest,M,308
Adam,M,307
Phillip,M,306
Aaron,M,303
Ronald,M,302
Alton,M,300
Felix,M,300
Dan,M,298
Mack,M,295
Ervin,M,294
Julian,M,294
Wilbert,M,291
Emmett,M,290
Charley,M,288
Mark,M,284
Ellis,M,282
Dominick,M,275
Laurence,M,271
Antonio,M,270
Dennis,M,268
Merle,M,268
Roosevelt,M,267
Owen,M,265
Roscoe,M,264
Pete,M,263
Elwood,M,262
Carroll,M,256
Will,M,256
Hyman,M,255
Murray,M,254
Grady,M,252
Leland,M,252
Nick,M,248
Ted,M,244
Amos,M,243
Cornelius,M,243
Ross,M,240
Aubrey,M,236
Malcolm,M,233
Solomon,M,233
Myron,M,231
Ed,M,229
Byron,M,227
Simon,M,226
Lowell,M,225
Austin,M,223
Dave,M,222
Allan,M,221
Reuben,M,220
Grover,M,219
Sherman,M,218
Dominic,M,217
Johnny,M,217
Juan,M,217
Perry,M,216
Wendell,M,212
Erwin,M,210
Emanuel,M,207
Moses,M,207
Preston,M,206
Troy,M,202
Carlton,M,201
Loren,M,201
Edmond,M,200
Tommie,M,199
Dean,M,198
Harley,M,197
Loyd,M,196
Fredrick,M,193
Clark,M,187
Gene,M,187
Jake,M,187
Millard,M,187
Dwight,M,186
Wade,M,181
Jasper,M,178
Alonzo,M,177
Louie,M,177
Monroe,M,175
Abe,M,172
Clement,M,172
Boyd,M,171
Jess,M,171
Harrison,M,170
Elmo,M,169
Grant,M,169
Keith,M,169
Sol,M,169
Ollie,M,167
Dewey,M,166
Kermit,M,165
Larry,M,164
Rex,M,164
Burton,M,163
Gus,M,163
Booker,M,161
Anton,M,159
Barney,M,159
Eli,M,159
Cleveland,M,156
Lynn,M,156
Eldon,M,153
Mario,M,152
Christopher,M,151
Maynard,M,151
Neil,M,151
Steven,M,151
Gerard,M,149
Isadore,M,148
Claud,M,146
Cyril,M,146
Freddie,M,146
Jesus,M,146
Garland,M,145
Meyer,M,143
Alphonse,M,142
Elijah,M,142
Emerson,M,142
Russel,M,142
Bob,M,141
Earle,M,141
Orval,M,141
Randolph,M,141
Buster,M,140
Cleo,M,139
Alva,M,138
Ellsworth,M,138
Emery,M,137
Mitchell,M,137
Morton,M,137
Clair,M,136
Herschel,M,136
Dallas,M,135
Pasquale,M,135
Elton,M,134
Jeff,M,134
Reginald,M,134
Ruben,M,134
Thurman,M,134
Wilmer,M,134
Conrad,M,133
Marcus,M,132
Alfonso,M,131
Adrian,M,130
Stewart,M,130
Armand,M,129
Joel,M,129
Elvin,M,128
Timothy,M,128
Bruno,M,127
Neal,M,127
Irwin,M,126
Norbert,M,126
Saul,M,125
Carlos,M,124
Al,M,121
Forest,M,121
Mathew,M,121
Pedro,M,120
Lionel,M,119
Merrill,M,119
Patsy,M,119
Frederic,M,118
Mary,M,118
Seymour,M,118
Stuart,M,118
Emory,M,117
Ramon,M,117
Levi,M,116
Noah,M,116
Doyle,M,115
Rocco,M,115
Sydney,M,115
Basil,M,114
Hollis,M,114
Ward,M,114
Andy,M,113
Dudley,M,113
Ferdinand,M,113
Maxwell,M,113
Odell,M,112
Wiley,M,112
Ned,M,109
Buford,M,108
Silas,M,108
Delmar,M,107
Hugo,M,107
Augustus,M,106
Francisco,M,106
Weldon,M,106
Carmine,M,105
Spencer,M,105
Norris,M,104
Freeman,M,103
Alan,M,102
Harlan,M,101
Isidore,M,101
Royal,M,100
Sterling,M,100
Milford,M,99
Mose,M,99
Ambrose,M,98
Coy,M,97
Elias,M,97
Foster,M,96
Scott,M,96
Carmen,M,95
Lorenzo,M,95
Milo,M,95
Winston,M,95
Darrell,M,94
Vito,M,94
Eric,M,93
Miles,M,93
Aloysius,M,92
Sanford,M,92
Wilford,M,92
Christian,M,91
Jackson,M,91
Lucius,M,91
Tommy,M,91
Bertram,M,90
Bud,M,90
Hiram,M,90
Jean,M,90
Ezra,M,89
Fletcher,M,89
Omer,M,89
Wilburn,M,89
Lyman,M,88
Rodney,M,88
Benny,M,87
Riley,M,87
Vern,M,87
Gustave,M,86
Newton,M,86
Roman,M,86
Anderson,M,85
Elliott,M,85
Van,M,85
Gabriel,M,84
Harris,M,83
Luke,M,83
Rolland,M,83
Sigmund,M,83
Truman,M,82
Jules,M,81
Dock,M,80
Jewell,M,80
Noel,M,80
Olin,M,80
Thaddeus,M,80
Alden,M,79
Cyrus,M,79
Isiah,M,79
Jimmy,M,79
Laverne,M,79
Waldo,M,79
Morgan,M,78
Dewitt,M,77
Dick,M,77
Evan,M,77
Travis,M,77
Billie,M,76
Chris,M,76
Emile,M,76
Luis,M,76
Merlin,M,76
Theron,M,76
Clay,M,75
Israel,M,75
Linwood,M,75
Pat,M,75
Ulysses,M,75
Duane,M,74
Marlin,M,74
Rubin,M,73
Sheldon,M,73
King,M,72
Mervin,M,72
Palmer,M,72
Noble,M,71
Vance,M,71
Alphonso,M,69
Billy,M,69
Coleman,M,69
Rupert,M,69
Gustav,M,68
Judson,M,68
Major,M,68
Odis,M,68
Orlando,M,68
Porter,M,68
Raleigh,M,68
Casimir,M,67
Harmon,M,67
Justin,M,67
Burl,M,66
Clem,M,66
Cletus,M,66
Oren,M,66
Otho,M,66
Shirley,M,66
Walker,M,66
Columbus,M,65
Gregory,M,65
Lacy,M,65
Ora,M,65
Sammie,M,65
Winfred,M,65
Dee,M,64
Jefferson,M,64
Wilber,M,64
Edd,M,63
Nolan,M,62
Haywood,M,61
Hershel,M,61
Junius,M,61
Lemuel,M,61
Olen,M,61
Hal,M,60
Joshua,M,60
Merton,M,60
Durward,M,59
Enoch,M,59
Isaiah,M,59
Micheal,M,59
Otha,M,59
Albin,M,58
Avery,M,58
Domenic,M,58
Houston,M,58
Mason,M,58
Obie,M,58
Buck,M,57
Elwin,M,57
Everette,M,57
Ford,M,57
Garfield,M,57
Jeremiah,M,57
Kelly,M,57
Phil,M,57
Randall,M,57
Taylor,M,57
Winfield,M,57
Denver,M,56
Elmore,M,56
Fay,M,56
Hans,M,56
Junior,M,56
Lenard,M,56
Napoleon,M,56
Augustine,M,55
Casper,M,55
Eldridge,M,55
Mortimer,M,55
Raphael,M,55
Teddy,M,55
Tomas,M,55
Valentine,M,55
Lavern,M,54
Matt,M,54
Oswald,M,54
Rosario,M,54
Vaughn,M,54
Alvis,M,53
Guadalupe,M,53
Pearl,M,53
Sylvan,M,53
Archibald,M,52
Arther,M,52
Lamar,M,52
Merritt,M,52
Warner,M,52
Alois,M,51
Arlie,M,51
Dorsey,M,51
Granville,M,51
Hector,M,51
Ruby,M,51
Sebastian,M,51
Dalton,M,50
Emilio,M,50
Ike,M,50
Jonas,M,50
Theo,M,50
Walton,M,50
Hoyt,M,49
Jewel,M,49
Lincoln,M,49
Lucian,M,49
Nat,M,49
Prince,M,49
Rene,M,49
Terry,M,49
Webster,M,49
Wilton,M,49
Arden,M,48
Beryl,M,48
Graham,M,48
Haskell,M,48
Jonathan,M,48
Lucien,M,48
Romeo,M,48
Shelby,M,48
Asa,M,47
Carlo,M,47
Davis,M,47
Elwyn,M,47
Guido,M,47
Miguel,M,47
Talmadge,M,47
Benedict,M,46
Connie,M,46
Duncan,M,46
Frances,M,46
Hazel,M,46
Margaret,M,46
Ottis,M,46
Roderick,M,46
Santo,M,46
Abner,M,45
Alfredo,M,45
Carlyle,M,45
Carson,M,45
Carter,M,45
Casey,M,45
Dana,M,45
Darwin,M,45
Delmer,M,45
Emmitt,M,45
Hamilton,M,45
Harland,M,45
Nickolas,M,45
Smith,M,45
Antone,M,44
Bennett,M,44
Beverly,M,44
Chas,M,44
Chauncey,M,44
Eldred,M,44
Elisha,M,44
Gary,M,44
Judge,M,44
Loyal,M,44
Melville,M,44
Omar,M,44
Sandy,M,44
Bradford,M,43
Edison,M,43
Elroy,M,43
Elvis,M,43
Elzie,M,43
Evert,M,43
Gaetano,M,43
Gerhard,M,43
Hayden,M,43
Ignatius,M,43
Orrin,M,43
Reed,M,43
Ruth,M,43
Stanford,M,43
Berry,M,42
Darrel,M,42
Dorothy,M,42
Elden,M,42
Gale,M,42
Garrett,M,42
Jason,M,42
Johnson,M,42
Rafael,M,42
Verne,M,42
Adolphus,M,41
Blaine,M,41
Cleve,M,41
Miller,M,41
Murphy,M,41
Newell,M,41
Orin,M,41
Roberto,M,41
Seth,M,41
Abel,M,40
Alford,M,40
Benton,M,40
Domenick,M,40
Felton,M,40
Gail,M,40
Gaylord,M,40
Golden,M,40
Lucious,M,40
Ocie,M,40
Olaf,M,40
Rollin,M,40
Rosevelt,M,40
Alberto,M,39
Galen,M,39
General,M,39
Hilton,M,39
Josh,M,39
Lindsey,M,39
Oran,M,39
Rogers,M,39
Rudy,M,39
Urban,M,39
Wm,M,39
Aldo,M,38
Carleton,M,38
Clint,M,38
Estel,M,38
Helen,M,38
Hobert,M,38
Mckinley,M,38
Oral,M,38
Americo,M,37
Cedric,M,37
Clarance,M,37
Constantine,M,37
Dillard,M,37
Early,M,37
Emmet,M,37
Finis,M,37
Florian,M,37
Garnett,M,37
Huey,M,37
Leopold,M,37
Royce,M,37
Abram,M,36
Bradley,M,36
Carey,M,36
Carrol,M,36
Clovis,M,36
Crawford,M,36
Josiah,M,36
Llewellyn,M,36
Mac,M,36
Raymon,M,36
Tim,M,36
Watson,M,36
Henderson,M,35
Ivy,M,35
Kyle,M,35
Lafayette,M,35
Lawson,M,35
Leander,M,35
Logan,M,35
Madison,M,35
Mariano,M,35
Worth,M,35
Bertrand,M,34
Buddy,M,34
Burley,M,34
Burt,M,34
Dante,M,34
Ellwood,M,34
Evans,M,34
Fernando,M,34
Godfrey,M,34
Joesph,M,34
Ludwig,M,34
Meredith,M,34
Mitchel,M,34
Parker,M,34
Reynold,M,34
Sherwood,M,34
Tillman,M,34
Tracy,M,34
Turner,M,34
Vivian,M,34
Addison,M,33
Andres,M,33
Armando,M,33
Bernie,M,33
Enos,M,33
Hardy,M,33
Hermon,M,33
Issac,M,33
Jonnie,M,33
Louise,M,33
Caesar,M,32
Carol,M,32
Clare,M,32
Cloyd,M,32
Ennis,M,32
Fritz,M,32
Gaston,M,32
Giles,M,32
Hosea,M,32
Lambert,M,32
Melton,M,32
Myer,M,32
Norwood,M,32
Pablo,M,32
Reinhold,M,32
Santiago,M,32
Vester,M,32
Wayland,M,32
Allie,M,31
Aron,M,31
Bernice,M,31
Damon,M,31
Eino,M,31
Fredric,M,31
Ishmael,M,31
Jordan,M,31
Merl,M,31
Odie,M,31
Orvil,M,31
Quincy,M,31
Rudolf,M,31
Salvador,M,31
Thornton,M,31
Verner,M,31
Williams,M,31
Adelbert,M,30
Alvie,M,30
Artis,M,30
Bonnie,M,30
Brady,M,30
Casimer,M,30
Clemens,M,30
Hampton,M,30
Ivory,M,30
Lillian,M,30
Lois,M,30
Milan,M,30
Moe,M,30
Myles,M,30
Nels,M,30
Ransom,M,30
Anna,M,29
Dexter,M,29
Elza,M,29
Ernesto,M,29
Ewald,M,29
Ewell,M,29
Felipe,M,29
Gregorio,M,29
Hayward,M,29
Hezekiah,M,29
Lonzo,M,29
Loran,M,29
Mahlon,M,29
Norton,M,29
Oris,M,29
Raul,M,29
Theadore,M,29
Vernie,M,29
Wyatt,M,29
Angus,M,28
Artie,M,28
Arvid,M,28
Benjiman,M,28
Claire,M,28
Cliff,M,28
Francesco,M,28
Frankie,M,28
Hilliard,M,28
Howell,M,28
Hunter,M,28
Marcel,M,28
Osborne,M,28
Park,M,28
Reid,M,28
Richmond,M,28
Stanislaus,M,28
Vergil,M,28
Zack,M,28
Algie,M,27
Arch,M,27
Armond,M,27
Axel,M,27
Boyce,M,27
Bryan,M,27
Burdette,M,27
Champ,M,27
Enrique,M,27
Ezekiel,M,27
Furman,M,27
Irene,M,27
Jennings,M,27
Jodie,M,27
Milburn,M,27
Norval,M,27
Reno,M,27
Rowland,M,27
Terrell,M,27
Verl,M,27
Washington,M,27
Winford,M,27
Angel,M,26
Arlo,M,26
Attilio,M,26
Bailey,M,26
Blair,M,26
Brown,M,26
Bryant,M,26
Craig,M,26
Donovan,M,26
Hilbert,M,26
Johny,M,26
Lorin,M,26
Maxie,M,26
Murry,M,26
Regis,M,26
Thurston,M,26
Allison,M,25
Alvah,M,25
Art,M,25
Arvel,M,25
Audrey,M,25
Bishop,M,25
Brooks,M,25
Elgin,M,25
Foy,M,25
Guss,M,25
Gust,M,25
Hobart,M,25
Hughie,M,25
June,M,25
Kirby,M,25
Levy,M,25
Pierce,M,25
Ricardo,M,25
Silvio,M,25
Stanton,M,25
Sumner,M,25
Toney,M,25
Verlin,M,25
Virgle,M,25
Woodroe,M,25
Wylie,M,25
Alma,M,24
Baxter,M,24
Benito,M,24
Cameron,M,24
Emmit,M,24
Henery,M,24
Julio,M,24
Leeroy,M,24
Len,M,24
Lon,M,24
Malcom,M,24
Marcellus,M,24
Minor,M,24
Nunzio,M,24
Ole,M,24
Vincenzo,M,24
Wellington,M,24
Adolf,M,23
Alcide,M,23
Alice,M,23
Ashley,M,23
Burnell,M,23
Christ,M,23
Cole,M,23
Colie,M,23
Cornell,M,23
Courtney,M,23
Edna,M,23
Elizabeth,M,23
Erling,M,23
Essie,M,23
Franklyn,M,23
Fulton,M,23
Gardner,M,23
Gilberto,M,23
Glendon,M,23
Jones,M,23
Larue,M,23
Laurel,M,23
Lige,M,23
Loy,M,23
Masao,M,23
Nevin,M,23
Oakley,M,23
Rayford,M,23
Sammy,M,23
Sampson,M,23
Shelton,M,23
Sid,M,23
Thad,M,23
Vernal,M,23
Welton,M,23
Alf,M,22
Ansel,M,22
Armin,M,22
Chalmer,M,22
Denis,M,22
Florence,M,22
Geo,M,22
Green,M,22
Hilary,M,22
Holland,M,22
Kent,M,22
Lou,M,22
Lucas,M,22
Malvin,M,22
Mildred,M,22
Nicolas,M,22
Paris,M,22
Pierre,M,22
Quentin,M,22
Reese,M,22
Rodger,M,22
Rosco,M,22
Roswell,M,22
Santos,M,22
Simeon,M,22
Taft,M,22
Tyrus,M,22
Val,M,22
Werner,M,22
Wilfrid,M,22
Alec,M,21
Arley,M,21
Arne,M,21
Arvin,M,21
Benson,M,21
Dayton,M,21
Donato,M,21
Ernst,M,21
Ewing,M,21
Gussie,M,21
Helmer,M,21
Ignacio,M,21
Lawerence,M,21
Lew,M,21
Linton,M,21
Murl,M,21
Olan,M,21
Orie,M,21
Ruel,M,21
Stafford,M,21
Tyler,M,21
Vicente,M,21
Wright,M,21
Almon,M,20
Alpha,M,20
Annie,M,20
Aurelio,M,20
Barry,M,20
Caleb,M,20
Cary,M,20
Chalmers,M,20
Claudie,M,20
Cooper,M,20
Cruz,M,20
Curley,M,20
Domingo,M,20
Doris,M,20
Duke,M,20
Durwood,M,20
Ephraim,M,20
Ernie,M,20
Garnet,M,20
Gennaro,M,20
Gilmore,M,20
Gino,M,20
Harlow,M,20
Leighton,M,20
Linus,M,20
Manford,M,20
Marie,M,20
Opal,M,20
Price,M,20
Sanders,M,20
Stephan,M,20
Thelma,M,20
Wardell,M,20
Waymon,M,20
Wells,M,20
West,M,20
Antoine,M,19
Bobbie,M,19
Cicero,M,19
Clemon,M,19
Cleon,M,19
Coley,M,19
Colonel,M,19
Cornelious,M,19
Dell,M,19
Denton,M,19
Elder,M,19
Elie,M,19
Gayle,M,19
Giuseppe,M,19
Harvie,M,19
Heber,M,19
Hudson,M,19
Jerald,M,19
Lauren,M,19
Lesley,M,19
Lonie,M,19
Lorenz,M,19
Manley,M,19
Manny,M,19
Newman,M,19
Orris,M,19
Ossie,M,19
Reece,M,19
Reino,M,19
Rexford,M,19
Rodolfo,M,19
Rollie,M,19
Sim,M,19
Stacy,M,19
Terence,M,19
Williard,M,19
Addie,M,18
Amon,M,18
Bart,M,18
Bertha,M,18
Buddie,M,18
Burnett,M,18
Burnice,M,18
Carmelo,M,18
Chandler,M,18
Earlie,M,18
Einar,M,18
Eligah,M,18
Enrico,M,18
Estill,M,18
Ethel,M,18
Evelyn,M,18
Farrell,M,18
Frazier,M,18
Gladys,M,18
Glenwood,M,18
Guillermo,M,18
Harper,M,18
Ignazio,M,18
Isidor,M,18
Isom,M,18
Jethro,M,18
Kelley,M,18
Kirk,M,18
Kurt,M,18
Laurie,M,18
Layton,M,18
Leigh,M,18
Lupe,M,18
Ogden,M,18
Orvel,M,18
Rayfield,M,18
Robin,M,18
Seldon,M,18
Sonny,M,18
Spurgeon,M,18
Talmage,M,18
Toy,M,18
Alonza,M,17
Arvil,M,17
Barnett,M,17
Barton,M,17
Clarke,M,17
Cletis,M,17
Cullen,M,17
Delmas,M,17
Dorris,M,17
Eduardo,M,17
Eloy,M,17
Esther,M,17
Gilmer,M,17
Glynn,M,17
Hallie,M,17
Heyward,M,17
Humphrey,M,17
Kay,M,17
Kendall,M,17
Leamon,M,17
Lenwood,M,17
Lindsay,M,17
Lovell,M,17
Luigi,M,17
Malachi,M,17
Marcelino,M,17
Margarito,M,17
Nicola,M,17
Oneal,M,17
Orland,M,17
Terrence,M,17
Titus,M,17
Tomie,M,17
Umberto,M,17
Verle,M,17
Vernard,M,17
Zeb,M,17
Acie,M,16
Anson,M,16
Arnett,M,16
Astor,M,16
Auther,M,16
Benjamine,M,16
Berlin,M,16
Bernhard,M,16
Bertil,M,16
Berton,M,16
Bessie,M,16
Bryce,M,16
Burke,M,16
Campbell,M,16
Clide,M,16
Davie,M,16
Dennie,M,16
Donnie,M,16
Edson,M,16
Elliot,M,16
Erman,M,16
Ethan,M,16
Eunice,M,16
Fenton,M,16
Ferd,M,16
Ferris,M,16
Finley,M,16
Glover,M,16
Gorden,M,16
Harvard,M,16
Henri,M,16
Herold,M,16
Iver,M,16
Junious,M,16
Lorenza,M,16
Marco,M,16
Nile,M,16
Olie,M,16
Percival,M,16
Prentice,M,16
Raoul,M,16
Rueben,M,16
Sarah,M,16
Saverio,M,16
Simpson,M,16
Stanislaw,M,16
Wayman,M,16
Wheeler,M,16
Woodie,M,16
Ace,M,15
Adell,M,15
Alfonzo,M,15
Aloys,M,15
Auburn,M,15
Belton,M,15
Brice,M,15
Burr,M,15
Butler,M,15
Cleatus,M,15
Conley,M,15
Deward,M,15
Farris,M,15
Fernand,M,15
Gerson,M,15
Gilman,M,15
Graydon,M,15
Haskel,M,15
Hayes,M,15
Hughes,M,15
Humbert,M,15
Jacques,M,15
Jeffery,M,15
Jonah,M,15
Jule,M,15
Lacey,M,15
Leopoldo,M,15
Mabel,M,15
Merlyn,M,15
Osie,M,15
Pleas,M,15
Robbie,M,15
Romie,M,15
Rush,M,15
Sal,M,15
Stonewall,M,15
Unknown,M,15
Walfred,M,15
Whitney,M,15
Willam,M,15
Winthrop,M,15
Winton,M,15
Woody,M,15
Young,M,15
Zigmund,M,15
Agnes,M,14
Aleck,M,14
Alexis,M,14
Arlington,M,14
Arno,M,14
Arturo,M,14
Ashton,M,14
Atwood,M,14
Augusta,M,14
Author,M,14
Bartholomew,M,14
Benjaman,M,14
Bobby,M,14
Buel,M,14
Calvert,M,14
Carlisle,M,14
Collie,M,14
Comer,M,14
Curtiss,M,14
Danny,M,14
Dawson,M,14
Delos,M,14
Denzil,M,14
Dolphus,M,14
Elihu,M,14
Elvie,M,14
Eston,M,14
Ettore,M,14
Felice,M,14
Fidel,M,14
Garner,M,14
Gertrude,M,14
Gideon,M,14
Gifford,M,14
Grace,M,14
Gray,M,14
Griffin,M,14
Halbert,M,14
Harlin,M,14
Harlon,M,14
Harrell,M,14
Hillard,M,14
Hilmer,M,14
Hoyle,M,14
Ida,M,14
Irby,M,14
Irven,M,14
Ivey,M,14
Joyce,M,14
Kemp,M,14
Ken,M,14
Lemon,M,14
Lenord,M,14
Leonardo,M,14
Lonzie,M,14
Lyndon,M,14
Lynwood,M,14
Macon,M,14
Marian,M,14
Mayo,M,14
Myrl,M,14
Olive,M,14
Ovid,M,14
Ozie,M,14
Prentiss,M,14
Primo,M,14
Rayburn,M,14
Reubin,M,14
Reynolds,M,14
Rob,M,14
Rose,M,14
Salvator,M,14
Seward,M,14
Sheridan,M,14
Sherrill,M,14
Solon,M,14
Son,M,14
Vinson,M,14
Volney,M,14
Westley,M,14
Weston,M,14
Wilmot,M,14
Winslow,M,14
Wyman,M,14
Zygmunt,M,14
Adolfo,M,13
Almer,M,13
Alpheus,M,13
Alto,M,13
Alvan,M,13
Archer,M,13
Audie,M,13
Authur,M,13
Beauford,M,13
Berkley,M,13
Bernhardt,M,13
Bethel,M,13
Blake,M,13
Boris,M,13
Braxton,M,13
Buell,M,13
Carmel,M,13
Cody,M,13
Curt,M,13
Daryl,M,13
Denny,M,13
Doc,M,13
Drew,M,13
Ellie,M,13
Ely,M,13
Emmanuel,M,13
Ester,M,13
Fiore,M,13
Franz,M,13
Gay,M,13
Geno,M,13
Giovanni,M,13
Gunnar,M,13
Herald,M,13
Holger,M,13
Hollie,M,13
Horton,M,13
Hurley,M,13
Huston,M,13
Irvine,M,13
Jame,M,13
Joaquin,M,13
Julia,M,13
Little,M,13
Luciano,M,13
Marino,M,13
Medford,M,13
Melford,M,13
Merril,M,13
Monte,M,13
Namon,M,13
Nora,M,13
Orvin,M,13
Paschal,M,13
Quinton,M,13
Rube,M,13
Rutherford,M,13
Selmer,M,13
Shellie,M,13
Shigeru,M,13
Sigurd,M,13
Thompson,M,13
Thurmon,M,13
Toivo,M,13
Adron,M,12
Aime,M,12
Alfons,M,12
Amadeo,M,12
Anastacio,M,12
Ancil,M,12
Andre,M,12
Ardie,M,12
Bayard,M,12
Beecher,M,12
Bertie,M,12
Blease,M,12
Burrell,M,12
Burtis,M,12
Carman,M,12
Carmon,M,12
Charlton,M,12
Clara,M,12
Colin,M,12
Collins,M,12
Collis,M,12
Colon,M,12
Demetrio,M,12
Dempsey,M,12
Dolores,M,12
Dorman,M,12
Eddy,M,12
Edith,M,12
Elbridge,M,12
Eliseo,M,12
Elmon,M,12
Eula,M,12
Eustace,M,12
Eva,M,12
Ezell,M,12
Fabian,M,12
Filmore,M,12
French,M,12
Gaines,M,12
Garold,M,12
Gentry,M,12
Gerhardt,M,12
Gibson,M,12
Gillis,M,12
Gomer,M,12
Grayson,M,12
Hamp,M,12
Harlen,M,12
Harman,M,12
Hartley,M,12
Hersey,M,12
Hilario,M,12
Hinton,M,12
Holmes,M,12
Horatio,M,12
Hubbard,M,12
Isreal,M,12
Jackie,M,12
Jamie,M,12
Jarvis,M,12
Jeffrey,M,12
Joeseph,M,12
Josef,M,12
Julien,M,12
Julious,M,12
Kazuo,M,12
Laddie,M,12
Lannie,M,12
Lawton,M,12
Leandro,M,12
Lehman,M,12
Lem,M,12
Lilburn,M,12
Luverne,M,12
Mannie,M,12
Marc,M,12
Marcos,M,12
Matthias,M,12
Maury,M,12
Melbourne,M,12
Mervyn,M,12
Mickey,M,12
Moody,M,12
Murrell,M,12
Nestor,M,12
Orlin,M,12
Orman,M,12
Orren,M,12
Orvis,M,12
Osborn,M,12
Osmond,M,12
Pascal,M,12
Pascual,M,12
Pietro,M,12
Reinhardt,M,12
Reynaldo,M,12
Rollo,M,12
Rosalio,M,12
Ruffus,M,12
Ryland,M,12
Samual,M,12
Tobe,M,12
Uno,M,12
Vaughan,M,12
Virgie,M,12
Virginia,M,12
Vollie,M,12
Wash,M,12
Woodson,M,12
Yoshio,M,12
Agustin,M,11
Aldon,M,11
Anselmo,M,11
Armon,M,11
Atlee,M,11
Barnet,M,11
Bascom,M,11
Bernardo,M,11
Bernis,M,11
Blanton,M,11
Budd,M,11
Burgess,M,11
Burnis,M,11
Catherine,M,11
Cephus,M,11
Ciro,M,11
Claiborne,M,11
Clayborn,M,11
Cleophus,M,11
Corbin,M,11
Cosmo,M,11
Cy,M,11
Delma,M,11
Delton,M,11
Delwin,M,11
Devere,M,11
Douglass,M,11
Edmon,M,11
Egbert,M,11
Ellery,M,11
Elma,M,11
Elsie,M,11
Elsworth,M,11
Ephriam,M,11
Epifanio,M,11
Ermal,M,11
Fate,M,11
Ferman,M,11
Garry,M,11
Gasper,M,11
Gordan,M,11
Gradie,M,11
Gustaf,M,11
Hadley,M,11
Hall,M,11
Hazen,M,11
Helmuth,M,11
Hermann,M,11
Holly,M,11
Jens,M,11
Justus,M,11
Landon,M,11
Laroy,M,11
Laurance,M,11
Lennie,M,11
Lessie,M,11
Lindley,M,11
Lorne,M,11
Lucille,M,11
Manning,M,11
Marius,M,11
Masaru,M,11
Masato,M,11
Mearl,M,11
Michel,M,11
Minnie,M,11
Mitsuo,M,11
Odus,M,11
Oneil,M,11
Orion,M,11
Orlo,M,11
Oval,M,11
Pearlie,M,11
Perley,M,11
Quinto,M,11
Quitman,M,11
Rance,M,11
Refugio,M,11
Reinhard,M,11
Stanly,M,11
Stillman,M,11
Sullivan,M,11
Terrance,M,11
Theophil,M,11
Thos,M,11
Tobias,M,11
Vince,M,11
Webb,M,11
Wilburt,M,11
Wilhelm,M,11
Zebedee,M,11
Zollie,M,11
Adan,M,10
Adrain,M,10
Adrien,M,10
Alfonse,M,10
Arnie,M,10
Ashby,M,10
Aubry,M,10
Bartlett,M,10
Beatrice,M,10
Bee,M,10
Bernell,M,10
Boleslaus,M,10
Boleslaw,M,10
Burney,M,10
Caldwell,M,10
Camille,M,10
Camillo,M,10
Carlie,M,10
Casimiro,M,10
Charls,M,10
Chesley,M,10
Clemence,M,10
Clemente,M,10
Clive,M,10
Cloyce,M,10
Collin,M,10
Constant,M,10
Cordell,M,10
Courtland,M,10
Dario,M,10
Deane,M,10
Deno,M,10
Domenico,M,10
Eben,M,10
Elex,M,10
Elige,M,10
Ellison,M,10
Emma,M,10
Emmette,M,10
Erastus,M,10
Erich,M,10
Erle,M,10
Estell,M,10
Federico,M,10
Fermin,M,10
Fielding,M,10
Fleming,M,10
Garvin,M,10
Goldie,M,10
Guilford,M,10
Hansel,M,10
Hansford,M,10
Hardin,M,10
Harrold,M,10
Hershell,M,10
Hilding,M,10
Hiroshi,M,10
Hope,M,10
Hosie,M,10
Hulon,M,10
Isabel,M,10
Italo,M,10
Jenkins,M,10
Johney,M,10
Josephine,M,10
Joy,M,10
Juluis,M,10
Kelsey,M,10
Kennard,M,10
Kennith,M,10
Lazarus,M,10
Lelon,M,10
Libero,M,10
Livingston,M,10
Loris,M,10
Mae,M,10
Marshal,M,10
Menno,M,10
Merwin,M,10
Mont,M,10
Morrison,M,10
Muriel,M,10
Murrel,M,10
Nellie,M,10
Nello,M,10
Newt,M,10
Nils,M,10
Octave,M,10
Onnie,M,10
Orel,M,10
Orrie,M,10
Orson,M,10
Ozell,M,10
Parley,M,10
Pink,M,10
Powell,M,10
Prentis,M,10
Rastus,M,10
Reeves,M,10
Reggie,M,10
Rinaldo,M,10
Roald,M,10
Rolla,M,10
Romaine,M,10
Rossie,M,10
Seaborn,M,10
Simmie,M,10
Sinclair,M,10
Soloman,M,10
Stella,M,10
Temple,M,10
Thelbert,M,10
Therman,M,10
Tolbert,M,10
Tollie,M,10
Trinidad,M,10
Ulyses,M,10
Vernell,M,10
Vinton,M,10
Virgel,M,10
Waino,M,10
Waverly,M,10
Willy,M,10
Winifred,M,10
Woodford,M,10
Yale,M,10
Zeno,M,10
Agapito,M,9
Agostino,M,9
Albertus,M,9
Alejandro,M,9
Algernon,M,9
Amedeo,M,9
Amerigo,M,9
Ammon,M,9
Aniello,M,9
Ann,M,9
Arbie,M,9
Arvo,M,9
Augustin,M,9
Babe,M,9
Baker,M,9
Bluford,M,9
Boone,M,9
Brantley,M,9
Brendan,M,9
Broadus,M,9
Buren,M,9
Cassie,M,9
Ceaser,M,9
Clell,M,9
Conway,M,9
Corwin,M,9
Cuthbert,M,9
Darius,M,9
Darnell,M,9
Debs,M,9
Desmond,M,9
Diego,M,9
Earnie,M,9
Elam,M,9
Eldo,M,9
Elgie,M,9
Ellen,M,9
Elven,M,9
Ermon,M,9
Errol,M,9
Esteban,M,9
Estil,M,9
Eugenio,M,9
Eura,M,9
Evertt,M,9
Fannie,M,9
Ferrell,M,9
Fredie,M,9
Gaither,M,9
Genaro,M,9
Gerardo,M,9
Gerrit,M,9
Giacomo,M,9
Governor,M,9
Gurney,M,9
Handy,M,9
Hanford,M,9
Hart,M,9
Hartwell,M,9
Hattie,M,9
Hebert,M,9
Herschell,M,9
Hiawatha,M,9
Hideo,M,9
Hoke,M,9
Hoy,M,9
Huber,M,9
Hyrum,M,9
Irl,M,9
Isac,M,9
Isidro,M,9
Ivar,M,9
Kenny,M,9
Kevin,M,9
Kiyoshi,M,9
Ladislaus,M,9
Laird,M,9
Lamont,M,9
Laura,M,9
Lawyer,M,9
Leavy,M,9
Lemmie,M,9
Lena,M,9
Lillie,M,9
Lino,M,9
Loyce,M,9
Ludger,M,9
Marty,M,9
Mell,M,9
Milfred,M,9
Myrle,M,9
Nancy,M,9
Nate,M,9
Nehemiah,M,9
Niels,M,9
Norvin,M,9
Odin,M,9
Orange,M,9
Orlan,M,9
Othal,M,9
Owens,M,9
Page,M,9
Pauline,M,9
Payton,M,9
Plummer,M,9
Posey,M,9
Raffaele,M,9
Ramond,M,9
Raynold,M,9
Reedy,M,9
Rembert,M,9
Roe,M,9
Rolf,M,9
Salvadore,M,9
Samie,M,9
Samson,M,9
Sebastiano,M,9
Selden,M,9
Shannon,M,9
Shedrick,M,9
Shelly,M,9
Shepard,M,9
Silvester,M,9
Soren,M,9
Starling,M,9
Sylvia,M,9
Tadashi,M,9
Takeo,M,9
Telford,M,9
Thadeus,M,9
Tyree,M,9
Waldemar,M,9
Wallie,M,9
Wally,M,9
Weaver,M,9
Wendel,M,9
Willian,M,9
Yancy,M,9
Ysidro,M,9
Abbott,M,8
Achilles,M,8
Adelard,M,8
Alberta,M,8
Albion,M,8
Allyn,M,8
Alson,M,8
Amado,M,8
Amelio,M,8
Americus,M,8
Ancel,M,8
Ardell,M,8
Arlan,M,8
Arlin,M,8
Arville,M,8
Asberry,M,8
Aurther,M,8
Beulah,M,8
Biagio,M,8
Bilbo,M,8
Blanche,M,8
Brent,M,8
Bronislaw,M,8
Bufford,M,8
Burlin,M,8
Byrl,M,8
Carney,M,8
Celestine,M,8
Chase,M,8
Claudius,M,8
Clemmie,M,8
Cline,M,8
Cortez,M,8
Curry,M,8
Dannie,M,8
Del,M,8
Delmont,M,8
Delno,M,8
Derwood,M,8
Dewayne,M,8
Dixie,M,8
Dossie,M,8
Duward,M,8
Edie,M,8
Eldor,M,8
Eliga,M,8
Elio,M,8
Eliot,M,8
Elon,M,8
Emitt,M,8
Erick,M,8
Ervie,M,8
Estes,M,8
Estle,M,8
Euel,M,8
Eusebio,M,8
Faye,M,8
Florentino,M,8
Freddy,M,8
Georgia,M,8
Geroge,M,8
Gerold,M,8
Geronimo,M,8
Gilford,M,8
Glyn,M,8
Gonzalo,M,8
Gorman,M,8
Grafton,M,8
Harlie,M,8
Hercules,M,8
Hervey,M,8
Hester,M,8
Hill,M,8
Hurshel,M,8
Hymen,M,8
Isham,M,8
Ismael,M,8
Ivery,M,8
Jan,M,8
Jhon,M,8
Jiles,M,8
Joachim,M,8
Jon,M,8
Kenton,M,8
Knox,M,8
Laurent,M,8
Lavere,M,8
Lavon,M,8
Laymon,M,8
Lemar,M,8
Leona,M,8
Levern,M,8
Levie,M,8
Lewie,M,8
Lex,M,8
Lillard,M,8
Loring,M,8
Lovie,M,8
Lucio,M,8
Ludie,M,8
Luster,M,8
Lyall,M,8
Lysle,M,8
Mabry,M,8
Marjorie,M,8
Marshel,M,8
Mart,M,8
Mat,M,8
Mathias,M,8
Mervil,M,8
Merwyn,M,8
Milbert,M,8
Monico,M,8
Monty,M,8
Naaman,M,8
Natividad,M,8
Noboru,M,8
Norvell,M,8
Okey,M,8
Ola,M,8
Ona,M,8
Orba,M,8
Othel,M,8
Ovila,M,8
Parke,M,8
Parks,M,8
Parnell,M,8
Pasco,M,8
Peyton,M,8
Philmore,M,8
Quintin,M,8
Radford,M,8
Randle,M,8
Rawleigh,M,8
Raynard,M,8
Reinhart,M,8
Remus,M,8
Robie,M,8
Robt,M,8
Rodman,M,8
Ronnie,M,8
Saunders,M,8
Siegfried,M,8
Squire,M,8
Sulo,M,8
Swen,M,8
Sylvio,M,8
Teddie,M,8
Thedore,M,8
Toshio,M,8
Tucker,M,8
Valentin,M,8
Vander,M,8
Von,M,8
Walt,M,8
Wiliam,M,8
Wood,M,8
Woodruff,M,8
Worley,M,8
Zachary,M,8
Addis,M,7
Adolphe,M,7
Agnew,M,7
Albino,M,7
Aldrich,M,7
Almond,M,7
Alvia,M,7
Andrea,M,7
Anne,M,7
Ardis,M,7
Argus,M,7
Arie,M,7
Arlis,M,7
Armour,M,7
Armstead,M,7
Armster,M,7
Artemus,M,7
Athel,M,7
Barnie,M,7
Baron,M,7
Bartley,M,7
Belford,M,7
Benard,M,7
Benedetto,M,7
Bertus,M,7
Beverley,M,7
Bonifacio,M,7
Branson,M,7
Brenton,M,7
Burdell,M,7
Burnie,M,7
Cal,M,7
Carlee,M,7
Carrie,M,7
Casmer,M,7
Cass,M,7
Celestino,M,7
Cipriano,M,7
Claus,M,7
Cleophas,M,7
Cloyde,M,7
Corbett,M,7
Daisy,M,7
Danial,M,7
Delaney,M,7
Dino,M,7
Doctor,M,7
Dolph,M,7
Donn,M,7
Donnell,M,7
Doss,M,7
Dow,M,7
Dozier,M,7
Drexel,M,7
Duard,M,7
Dumas,M,7
Dwayne,M,7
Earley,M,7
Ebb,M,7
Edlow,M,7
Edwards,M,7
Eldrige,M,7
Elston,M,7
Elvan,M,7
Emit,M,7
Erma,M,7
Erving,M,7
Esau,M,7
Esley,M,7
Estelle,M,7
Eual,M,7
Everard,M,7
Fayette,M,7
Fern,M,7
Forney,M,7
France,M,7
Francois,M,7
Fremont,M,7
Gabe,M,7
Garlin,M,7
Geoffrey,M,7
Georgie,M,7
Gildo,M,7
Goodwin,M,7
Gregg,M,7
Griffith,M,7
Guthrie,M,7
Hartford,M,7
Harve,M,7
Herchel,M,7
Hillery,M,7
Hogan,M,7
Holman,M,7
Isador,M,7
Isaih,M,7
Iverson,M,7
Ivo,M,7
Ivor,M,7
Johnney,M,7
Juanita,M,7
Julie,M,7
Justo,M,7
Kalman,M,7
Kennie,M,7
Lafe,M,7
Lake,M,7
Larence,M,7
Larkin,M,7
Lawernce,M,7
Leif,M,7
Lennis,M,7
Lenoard,M,7
Less,M,7
Linden,M,7
Linford,M,7
Link,M,7
Linn,M,7
Loney,M,7
Lorence,M,7
Lovett,M,7
Loys,M,7
Lumir,M,7
Luz,M,7
Maceo,M,7
Mal,M,7
Manfred,M,7
Maria,M,7
Marinus,M,7
Marlow,M,7
Marquis,M,7
Martha,M,7
Mateo,M,7
Matias,M,7
Matteo,M,7
Maxine,M,7
Mcarthur,M,7
Mccoy,M,7
Mendel,M,7
Mercer,M,7
Merrel,M,7
Metro,M,7
Michal,M,7
Miner,M,7
Minoru,M,7
Modesto,M,7
Montgomery,M,7
Morley,M,7
Moss,M,7
Murlin,M,7
Nathanial,M,7
Niles,M,7
Noland,M,7
Normand,M,7
Norvel,M,7
Obert,M,7
Odes,M,7
Oland,M,7
Olden,M,7
Olney,M,7
Orazio,M,7
Orbie,M,7
Oreste,M,7
Orla,M,7
Orley,M,7
Orlie,M,7
Orvill,M,7
Osby,M,7
Other,M,7
Othmar,M,7
Ottie,M,7
Ova,M,7
Overton,M,7
Pate,M,7
Phillips,M,7
Pierson,M,7
Pinkney,M,7
Porfirio,M,7
Ramsey,M,7
Randal,M,7
Ras,M,7
Raymundo,M,7
Rector,M,7
Reo,M,7
Rivers,M,7
Robinson,M,7
Robley,M,7
Rosa,M,7
Ruble,M,7
Rulon,M,7
Sadie,M,7
Schuyler,M,7
Selig,M,7
Serafino,M,7
Shelley,M,7
Shigeo,M,7
Stclair,M,7
Stefan,M,7
Steward,M,7
Sutton,M,7
Sylvanus,M,7
Takeshi,M,7
Thelmer,M,7
Theophilus,M,7
Thor,M,7
Tilford,M,7
Tito,M,7
Tobie,M,7
Torrence,M,7
Tullio,M,7
Vane,M,7
Velton,M,7
Vermon,M,7
Vernice,M,7
Vick,M,7
Voyle,M,7
Wendall,M,7
Whitfield,M,7
Wilbern,M,7
Wilferd,M,7
Wilho,M,7
Wilmont,M,7
Wladyslaw,M,7
Zigmond,M,7
Zoltan,M,7
Abie,M,6
Acy,M,6
Ada,M,6
Agustus,M,6
Ah,M,6
Alferd,M,6
Alger,M,6
Almus,M,6
Alphons,M,6
Alston,M,6
Alvy,M,6
Amador,M,6
Ambrosio,M,6
Amiel,M,6
Amil,M,6
Andrews,M,6
Anselm,M,6
Anthoney,M,6
Antony,M,6
Ara,M,6
Arles,M,6
Arsene,M,6
Asbury,M,6
Aubra,M,6
Audley,M,6
Avis,M,6
Ballard,M,6
Banks,M,6
Barclay,M,6
Barnard,M,6
Barrett,M,6
Basilio,M,6
Belmont,M,6
Berger,M,6
Berman,M,6
Berthold,M,6
Berwyn,M,6
Boniface,M,6
Bookert,M,6
Boss,M,6
Boston,M,6
Boysie,M,6
Brace,M,6
Brian,M,6
Brownie,M,6
Burdett,M,6
Burnard,M,6
Burnham,M,6
Burrel,M,6
Burris,M,6
Callie,M,6
Capers,M,6
Carle,M,6
Carles,M,6
Carsten,M,6
Celso,M,6
Cephas,M,6
Charly,M,6
Chauncy,M,6
Clarnce,M,6
Clearence,M,6
Clenton,M,6
Clerance,M,6
Colman,M,6
Conard,M,6
Concepcion,M,6
Conrado,M,6
Constantino,M,6
Cosimo,M,6
Cosme,M,6
Council,M,6
Cris,M,6
Cristobal,M,6
Damian,M,6
Dane,M,6
Darold,M,6
Deloss,M,6
Demetrius,M,6
Dillon,M,6
Dixon,M,6
Doran,M,6
Earland,M,6
Ebenezer,M,6
Ebert,M,6
Edger,M,6
Edwardo,M,6
Elda,M,6
Eldin,M,6
Eleanor,M,6
Elery,M,6
Eligio,M,6
Eliza,M,6
Elson,M,6
Elva,M,6
Elward,M,6
Elzia,M,6
Elzy,M,6
Emerick,M,6
Emily,M,6
Erven,M,6
Esmond,M,6
Estus,M,6
Eulas,M,6
Evander,M,6
Evaristo,M,6
Faustino,M,6
Ferdinando,M,6
Fitzhugh,M,6
Florencio,M,6
Garnell,M,6
Garnie,M,6
Garrison,M,6
Garth,M,6
Gennie,M,6
Gerhart,M,6
Gottlieb,M,6
Granvil,M,6
Graves,M,6
Guinn,M,6
Guiseppe,M,6
Haakon,M,6
Halley,M,6
Hammond,M,6
Happy,M,6
Harm,M,6
Harrington,M,6
Harvel,M,6
Harvy,M,6
Hastings,M,6
Haven,M,6
Herb,M,6
Herron,M,6
Hewitt,M,6
Hezzie,M,6
Hillary,M,6
Hillis,M,6
Hilmar,M,6
Horice,M,6
Hosey,M,6
Huel,M,6
Ian,M,6
Ignatz,M,6
Inez,M,6
Isamu,M,6
Ival,M,6
Jacinto,M,6
Jacobo,M,6
Jared,M,6
Jeffie,M,6
Jennie,M,6
Jere,M,6
Jerold,M,6
Jeronimo,M,6
Jeter,M,6
Jospeh,M,6
Juel,M,6
Kelvin,M,6
Kerman,M,6
Laban,M,6
Lance,M,6
Landis,M,6
Langston,M,6
Lansing,M,6
Lars,M,6
Lathan,M,6
Lauri,M,6
Lawrance,M,6
Lealon,M,6
Leaman,M,6
Legrand,M,6
Lelan,M,6
Lemoyne,M,6
Leno,M,6
Leverett,M,6
Lewellyn,M,6
Liberato,M,6
Lieutenant,M,6
Linzie,M,6
Lola,M,6
Loraine,M,6
Loretta,M,6
Lorraine,M,6
Lucky,M,6
Mace,M,6
Mansfield,M,6
Manual,M,6
Marcell,M,6
Marvel,M,6
Mathews,M,6
Mathis,M,6
Matthews,M,6
Mattie,M,6
Mc,M,6
Merrell,M,6
Mills,M,6
Mordecai,M,6
Morey,M,6
Mott,M,6
Neely,M,6
Neill,M,6
Neno,M,6
Neville,M,6
Nolen,M,6
Norma,M,6
Oather,M,6
Obed,M,6
Obediah,M,6
Oda,M,6
Orian,M,6
Ozzie,M,6
Pearce,M,6
Pearly,M,6
Phares,M,6
Pleasant,M,6
Ples,M,6
Proctor,M,6
Rae,M,6
Ralston,M,6
Ramirez,M,6
Reinaldo,M,6
Reyes,M,6
Rice,M,6
Richards,M,6
Rito,M,6
Roby,M,6
Rolfe,M,6
Rome,M,6
Roney,M,6
Rosaire,M,6
Rubert,M,6
Sallie,M,6
Sandford,M,6
Selma,M,6
Selwyn,M,6
Seymore,M,6
Silverio,M,6
Silvestre,M,6
Sonnie,M,6
Sotero,M,6
Stirling,M,6
Tadao,M,6
Tate,M,6
Thayer,M,6
Theodus,M,6
Thurl,M,6
Thurlow,M,6
Tilman,M,6
Timoteo,M,6
Trueman,M,6
Tsutomu,M,6
Udell,M,6
Ulys,M,6
Ulysess,M,6
Vallie,M,6
Vasco,M,6
Vearl,M,6
Violet,M,6
Waclaw,M,6
Waddell,M,6
Walden,M,6
Waldon,M,6
Warder,M,6
Welcome,M,6
Willaim,M,6
Wilma,M,6
Wilmar,M,6
Wilsie,M,6
Worthy,M,6
Xavier,M,6
Yaro,M,6
Ygnacio,M,6
Zannie,M,6
Zeak,M,6
Zeke,M,6
Zenon,M,6
Able,M,5
Abron,M,5
Acel,M,5
Ad,M,5
Aden,M,5
Alanson,M,5
Alban,M,5
Algot,M,5
Alphonsa,M,5
Alven,M,5
Alwin,M,5
Amor,M,5
Ananias,M,5
Anders,M,5
Aniceto,M,5
Antonino,M,5
Apolonio,M,5
Aram,M,5
Ardean,M,5
Argo,M,5
Argyle,M,5
Arleigh,M,5
Arlon,M,5
Arlyn,M,5
Arthor,M,5
Asencion,M,5
Aster,M,5
Athol,M,5
Atticus,M,5
Aubert,M,5
Auston,M,5
Avon,M,5
Bedford,M,5
Bela,M,5
Benhard,M,5
Benjeman,M,5
Bennet,M,5
Benno,M,5
Benoit,M,5
Berl,M,5
Bertis,M,5
Birney,M,5
Blanchard,M,5
Bonner,M,5
Boots,M,5
Bosie,M,5
Brack,M,5
Brodie,M,5
Bronislaus,M,5
Brother,M,5
Bruner,M,5
Burns,M,5
Bush,M,5
Byrd,M,5
Calhoun,M,5
Calloway,M,5
Candido,M,5
Carley,M,5
Carlin,M,5
Carlis,M,5
Carmie,M,5
Caroll,M,5
Carrel,M,5
Carvel,M,5
Carver,M,5
Cas,M,5
Catarino,M,5
Cecilio,M,5
Channing,M,5
Charle,M,5
Chet,M,5
Christie,M,5
Christy,M,5
Claron,M,5
Claudy,M,5
Cleaveland,M,5
Clements,M,5
Cliffton,M,5
Cohen,M,5
Colbert,M,5
Colvin,M,5
Copeland,M,5
Cora,M,5
Creed,M,5
Creel,M,5
Creighton,M,5
Crosby,M,5
Dail,M,5
Darl,M,5
Daymon,M,5
Deforest,M,5
Delore,M,5
Denson,M,5
Derrell,M,5
Dessie,M,5
Deverl,M,5
Dionicio,M,5
Doil,M,5
Dominique,M,5
Donley,M,5
Doyal,M,5
Dude,M,5
Earvin,M,5
Easton,M,5
Edman,M,5
Egidio,M,5
Elba,M,5
Elo,M,5
Emerald,M,5
Emmert,M,5
Encarnacion,M,5
English,M,5
Erby,M,5
Ercell,M,5
Erland,M,5
Erskin,M,5
Erskine,M,5
Ervil,M,5
Esequiel,M,5
Estanislado,M,5
Estevan,M,5
Eulie,M,5
Eulis,M,5
Eural,M,5
Evald,M,5
Ewel,M,5
Ezequiel,M,5
Flavio,M,5
Flavius,M,5
Flem,M,5
Garl,M,5
Garret,M,5
Gaspare,M,5
Gates,M,5
Gaylon,M,5
Geneva,M,5
Gerome,M,5
Geza,M,5
Gillespie,M,5
Girard,M,5
Gladwin,M,5
Gleen,M,5
Glennon,M,5
Granger,M,5
Greer,M,5
Gunder,M,5
Hale,M,5
Halvor,M,5
Haruo,M,5
Havard,M,5
Haze,M,5
Heman,M,5
Henley,M,5
Heywood,M,5
Hildred,M,5
Hillie,M,5
Hoffman,M,5
Holley,M,5
Holt,M,5
Howe,M,5
Hub,M,5
Hulan,M,5
Hume,M,5
Hurbert,M,5
Hyland,M,5
Hymie,M,5
Idus,M,5
Ingolf,M,5
Ingram,M,5
Iris,M,5
Isiac,M,5
Iva,M,5
Jacque,M,5
Jacy,M,5
Janes,M,5
Jerrold,M,5
Jewett,M,5
Jimie,M,5
Joan,M,5
Johann,M,5
Jolly,M,5
Jonathon,M,5
Jonie,M,5
Jonny,M,5
Judah,M,5
Jude,M,5
Junus,M,5
Kasper,M,5
Keller,M,5
Kelsie,M,5
Kemper,M,5
Kendrick,M,5
Kennedy,M,5
Kim,M,5
Kingsley,M,5
Lacie,M,5
Ladislav,M,5
Lattie,M,5
Laurier,M,5
Lauris,M,5
Lauro,M,5
Lea,M,5
Lebert,M,5
Lenox,M,5
Lenzy,M,5
Leonce,M,5
Levin,M,5
Lexie,M,5
Linnie,M,5
Linzy,M,5
Liston,M,5
Littleton,M,5
London,M,5
Lorn,M,5
Love,M,5
Lowry,M,5
Loyed,M,5
Lucy,M,5
Ludvik,M,5
Ludy,M,5
Lula,M,5
Lundy,M,5
Luvern,M,5
Lynne,M,5
Maggie,M,5
Mance,M,5
Mancil,M,5
Manly,M,5
Manson,M,5
Marcella,M,5
Marcello,M,5
Marden,M,5
Marlowe,M,5
Masaaki,M,5
Masaichi,M,5
Masami,M,5
Massie,M,5
May,M,5
Mayer,M,5
Mel,M,5
Melburn,M,5
Melvyn,M,5
Meril,M,5
Merrit,M,5
Meryl,M,5
Michele,M,5
Milledge,M,5
Moises,M,5
Myrtle,M,5
Napolean,M,5
Narcisse,M,5
Nash,M,5
Natale,M,5
Nino,M,5
Nolon,M,5
Obbie,M,5
Oden,M,5
Oley,M,5
Ollis,M,5
Onie,M,5
Opie,M,5
Orbin,M,5
Orlean,M,5
Ormand,M,5
Ormond,M,5
Orvie,M,5
Osker,M,5
Othie,M,5
Otie,M,5
Ovide,M,5
Ozro,M,5
Patterson,M,5
Pearson,M,5
Peder,M,5
Pelham,M,5
Pellegrino,M,5
Percell,M,5
Perrin,M,5
Philander,M,5
Phill,M,5
Philo,M,5
Placido,M,5
Presley,M,5
Press,M,5
Pressley,M,5
Purvis,M,5
Raeburn,M,5
Randell,M,5
Rankin,M,5
Rea,M,5
Reeder,M,5
Robey,M,5
Rodell,M,5
Romey,M,5
Romulo,M,5
Romulus,M,5
Rosendo,M,5
Rosser,M,5
Royden,M,5
Rozier,M,5
Rudolphe,M,5
Ruffin,M,5
Rumaldo,M,5
Sabas,M,5
Salem,M,5
Sameul,M,5
Sander,M,5
Satoshi,M,5
Seab,M,5
Seferino,M,5
Shepherd,M,5
Sherwin,M,5
Shoichi,M,5
Sigmond,M,5
Sims,M,5
Simuel,M,5
Sion,M,5
Sloan,M,5
Snyder,M,5
Stevenson,M,5
Tad,M,5
Tadeusz,M,5
Tallie,M,5
Tevis,M,5
Thedford,M,5
Theopolis,M,5
Thermon,M,5
Tildon,M,5
Tip,M,5
Truett,M,5
Truxton,M,5
Trygve,M,5
Tyson,M,5
Ulric,M,5
Ural,M,5
Uriah,M,5
Valdemar,M,5
Valentino,M,5
Vannie,M,5
Vassar,M,5
Velma,M,5
Velmer,M,5
Vertis,M,5
Veryl,M,5
Victoriano,M,5
Vidal,M,5
Virl,M,5
Vonnie,M,5
Watt,M,5
Waymond,M,5
Welby,M,5
Welford,M,5
Wendelin,M,5
Wes,M,5
White,M,5
Wilmon,M,5
Windsor,M,5
Wolf,M,5
Woods,M,5
Wray,M,5
Wynn,M,5
York,M,5
Yutaka,M,5
