name,gender,count
Mary,F,11703
Anna,F,5099
Margaret,F,3065
Elizabeth,F,3059
Emma,F,2884
Florence,F,2715
Ethel,F,2689
Minnie,F,2428
Helen,F,2417
Bertha,F,2372
Clara,F,2360
Bessie,F,2323
Annie,F,2096
Grace,F,2088
Mabel,F,2029
Alice,F,2015
Ida,F,2002
Edna,F,1963
Ruth,F,1857
Lillian,F,1812
Martha,F,1744
Rose,F,1696
Ella,F,1685
Sarah,F,1669
Nellie,F,1647
Gertrude,F,1645
Pearl,F,1605
Marie,F,1596
Edith,F,1509
Laura,F,1509
Myrtle,F,1458
Hazel,F,1447
Eva,F,1412
Frances,F,1397
Cora,F,1343
Carrie,F,1342
Louise,F,1333
Elsie,F,1303
Lillie,F,1247
Jennie,F,1238
Catherine,F,1219
Hattie,F,1219
Julia,F,1200
Maude,F,1188
Lena,F,1174
Mattie,F,1165
Agnes,F,1125
Jessie,F,1119
Josephine,F,1031
Lula,F,1010
Ada,F,975
Irene,F,950
Lucy,F,944
Mae,F,933
Alma,F,929
Blanche,F,917
Fannie,F,916
Dora,F,870
Stella,F,867
Maggie,F,841
Mamie,F,830
Katherine,F,803
Nora,F,801
Mildred,F,761
Rosa,F,729
Esther,F,710
Effie,F,704
May,F,696
Ellen,F,675
Gladys,F,633
Nettie,F,620
Sadie,F,617
Viola,F,609
Della,F,607
Sallie,F,569
Dorothy,F,566
Susie,F,566
Willie,F,562
Daisy,F,557
Ruby,F,554
Beulah,F,526
Lizzie,F,525
Nancy,F,523
Marguerite,F,511
Olive,F,509
Lydia,F,507
Kathryn,F,504
Lottie,F,501
Flora,F,497
Katie,F,494
Beatrice,F,485
Addie,F,467
Pauline,F,455
Etta,F,452
Emily,F,444
Georgia,F,444
Virginia,F,439
Vera,F,426
Marion,F,413
Caroline,F,402
Charlotte,F,387
Jane,F,379
Eleanor,F,376
Ollie,F,376
Amanda,F,371
Susan,F,370
Theresa,F,370
Maud,F,366
Evelyn,F,362
Mollie,F,356
Harriet,F,354
Amelia,F,353
Leona,F,352
Henrietta,F,348
Anne,F,342
Iva,F,341
Ann,F,337
Lela,F,337
Lola,F,337
Matilda,F,336
Ora,F,327
Hilda,F,324
Rebecca,F,320
Lulu,F,315
Nannie,F,315
Goldie,F,306
Kate,F,305
Hannah,F,293
Flossie,F,292
Eliza,F,280
Nina,F,273
Mable,F,268
Estella,F,267
Rachel,F,267
Amy,F,266
Rosie,F,264
Inez,F,263
Sara,F,260
Augusta,F,256
Estelle,F,254
Lucille,F,252
Bernice,F,248
Maria,F,248
Eula,F,246
Belle,F,240
Alta,F,239
Betty,F,239
Eunice,F,237
Olga,F,237
Winifred,F,235
Mayme,F,234
Barbara,F,221
Sophia,F,220
Ola,F,219
Josie,F,218
Sylvia,F,218
Essie,F,217
Ina,F,216
Loretta,F,212
Frieda,F,207
Tillie,F,207
Lois,F,206
Selma,F,206
Janie,F,204
Victoria,F,204
Sophie,F,203
Verna,F,203
Winnie,F,202
Genevieve,F,201
Marjorie,F,195
Callie,F,194
Irma,F,193
Allie,F,192
Millie,F,192
Nell,F,190
Violet,F,188
Celia,F,187
Jean,F,181
Leila,F,178
Delia,F,177
Lucile,F,177
Rena,F,173
Alberta,F,167
Luella,F,163
Christine,F,161
Freda,F,161
Elva,F,158
Bertie,F,156
Isabel,F,150
Leah,F,144
Lelia,F,141
Erma,F,139
Virgie,F,139
Bettie,F,138
Birdie,F,138
Hulda,F,138
Mathilda,F,138
Rhoda,F,138
Bess,F,137
Gussie,F,137
Lora,F,135
Adeline,F,132
Naomi,F,132
Teresa,F,131
Cecelia,F,130
Isabelle,F,130
Cornelia,F,129
Lila,F,128
Norma,F,127
Sue,F,127
Dollie,F,125
Louisa,F,125
Madeline,F,125
Abbie,F,124
Christina,F,124
Fern,F,124
Johanna,F,122
Nelle,F,122
Cecilia,F,121
Roxie,F,120
Adelaide,F,119
Mina,F,119
Elma,F,118
Katharine,F,117
Sally,F,115
Zella,F,115
Adele,F,113
Kathleen,F,113
Myra,F,113
Carolyn,F,110
Lou,F,109
Hettie,F,108
Marian,F,108
Vivian,F,108
Regina,F,105
Velma,F,103
Wilhelmina,F,103
Elsa,F,102
Hester,F,102
Lura,F,102
Harriett,F,101
Jeanette,F,101
Bonnie,F,100
Jeannette,F,98
Lilly,F,98
Lucinda,F,98
Alvina,F,96
Dovie,F,96
Geneva,F,96
Lenora,F,95
Gertie,F,94
Helena,F,94
Fay,F,92
Maudie,F,92
Hallie,F,91
Meta,F,91
Lettie,F,90
Juanita,F,89
Leola,F,89
Lida,F,89
Francis,F,88
Roberta,F,88
Dessie,F,87
Doris,F,86
Emilie,F,85
Veronica,F,85
Claire,F,84
Fanny,F,84
Janet,F,84
Phoebe,F,84
Eugenia,F,83
Miriam,F,83
Ophelia,F,83
Letha,F,82
Orpha,F,82
Claudia,F,81
Cecile,F,79
Gracie,F,79
Isabella,F,79
Linnie,F,79
Mittie,F,79
Elnora,F,78
Linda,F,78
Madge,F,78
Nola,F,78
Opal,F,78
Cleo,F,76
Corinne,F,76
Lorena,F,76
Pearlie,F,76
Cassie,F,75
Louella,F,75
Neva,F,74
Lily,F,73
Ila,F,72
Nona,F,71
Rosalie,F,71
Faye,F,70
Angie,F,69
Antoinette,F,69
Mabelle,F,69
Audrey,F,68
Helene,F,68
June,F,68
Lee,F,68
Cynthia,F,67
Dorothea,F,67
Malinda,F,67
Margie,F,67
Anita,F,66
Olivia,F,66
Oma,F,66
Angeline,F,65
Rita,F,65
Lessie,F,64
Rosetta,F,64
Frankie,F,63
Ona,F,63
Zelma,F,63
Ivy,F,62
Rae,F,62
Vida,F,61
Myrtie,F,60
Vesta,F,60
Alpha,F,59
Leota,F,59
Lyda,F,59
Minerva,F,59
Muriel,F,59
Pansy,F,59
Wilma,F,59
Blanch,F,58
Johnnie,F,58
Polly,F,58
Reba,F,58
Erna,F,57
Tessie,F,57
Artie,F,56
Floy,F,56
Bell,F,55
Ione,F,55
Georgie,F,54
Lona,F,54
Annette,F,53
Catharine,F,53
Edythe,F,53
Elvira,F,53
Zora,F,52
Cordelia,F,51
Priscilla,F,51
Cecil,F,50
Lina,F,50
Pearle,F,50
William,F,50
Geraldine,F,49
Golda,F,49
Lennie,F,49
Odessa,F,49
Chloe,F,48
Evie,F,48
Vina,F,48
Dona,F,47
Hedwig,F,47
Wanda,F,47
Agatha,F,46
Dolly,F,46
Eloise,F,46
Ernestine,F,46
Ettie,F,46
Mandy,F,46
Merle,F,46
Era,F,45
Esta,F,45
Leta,F,45
Maybelle,F,45
Zula,F,45
Constance,F,44
Elise,F,44
John,F,44
Lilla,F,44
Marcella,F,44
Mona,F,44
Paula,F,44
Adah,F,43
Elda,F,43
Tennie,F,43
Angelina,F,41
Ava,F,41
Eda,F,41
Isabell,F,41
Jimmie,F,41
Magdalena,F,41
Savannah,F,40
Verda,F,40
Althea,F,39
Georgiana,F,39
Kittie,F,39
Margret,F,39
Sudie,F,39
Una,F,39
Ellie,F,38
Madeleine,F,38
Mazie,F,38
Adelia,F,37
Bella,F,37
Berta,F,37
Charity,F,37
Donna,F,37
Jeanne,F,37
Jewell,F,37
Susanna,F,37
Vada,F,37
Antonia,F,36
Beryl,F,36
Ethyl,F,36
Iola,F,36
Joanna,F,36
Lauretta,F,36
Minna,F,36
Octavia,F,36
Ray,F,36
Vinnie,F,36
Eddie,F,35
Inga,F,35
Lucia,F,35
Lucretia,F,35
Rilla,F,35
Shirley,F,35
Willa,F,35
Anastasia,F,34
Bridget,F,34
Clare,F,34
Clyde,F,34
Cordie,F,34
Gretchen,F,34
Hilma,F,34
Leora,F,34
Rosella,F,34
Zoe,F,34
Annabelle,F,33
Aurelia,F,33
Dena,F,33
Harriette,F,33
Magdalene,F,33
Molly,F,33
Tena,F,33
Albina,F,32
Avis,F,32
Emmie,F,32
Freida,F,32
Lenna,F,32
Lue,F,32
Pinkie,F,32
Queen,F,32
Rowena,F,32
Vallie,F,32
Aline,F,31
Almeda,F,31
Carmen,F,31
Connie,F,31
Corine,F,31
Emelia,F,31
Hortense,F,31
James,F,31
Jewel,F,31
Julie,F,31
Lavina,F,31
Ludie,F,31
Phyllis,F,31
Tina,F,31
Claudie,F,30
Idella,F,30
Lutie,F,30
Melissa,F,30
Angela,F,29
Charles,F,29
Dixie,F,29
Gail,F,29
Kitty,F,29
Lelah,F,29
Lovie,F,29
Zola,F,29
Adela,F,28
Altha,F,28
Clarice,F,28
Delilah,F,28
Florida,F,28
Iona,F,28
Jannie,F,28
Judith,F,28
Leslie,F,28
Lilian,F,28
Marcia,F,28
Margery,F,28
Ocie,F,28
Verdie,F,28
Elisabeth,F,27
Faith,F,27
Hanna,F,27
Jettie,F,27
Lavinia,F,27
Meda,F,27
Mettie,F,27
Nita,F,27
Retta,F,27
Alida,F,26
Alva,F,26
Arline,F,26
Hope,F,26
Leonora,F,26
Liza,F,26
Mathilde,F,26
Mellie,F,26
Adda,F,25
Dolores,F,25
Iris,F,25
Lenore,F,25
Lucie,F,25
Monica,F,25
Sadye,F,25
Sybil,F,25
Thelma,F,25
Tommie,F,25
Besse,F,24
Beth,F,24
Carol,F,24
Corrine,F,24
Flo,F,24
Francisca,F,24
Hassie,F,24
Luna,F,24
Luvenia,F,24
Mallie,F,24
Mertie,F,24
Nan,F,24
Pattie,F,24
Phebe,F,24
Rhea,F,24
Robbie,F,24
Vernie,F,24
Adella,F,23
Belva,F,23
Camille,F,23
Celestine,F,23
Corrie,F,23
Eleanore,F,23
Evalyn,F,23
George,F,23
Guadalupe,F,23
Imogene,F,23
Ira,F,23
Letitia,F,23
Natalie,F,23
Rosanna,F,23
Rossie,F,23
Theodora,F,23
Therese,F,23
Viva,F,23
Alda,F,22
Cathrine,F,22
Celeste,F,22
Easter,F,22
Frank,F,22
Henry,F,22
Leone,F,22
Lorene,F,22
Mahala,F,22
Maye,F,22
Ottilia,F,22
Patsy,F,22
Sidney,F,22
America,F,21
Bennie,F,21
Carolina,F,21
Clementine,F,21
Docia,F,21
Emeline,F,21
Gena,F,21
Georgianna,F,21
Joe,F,21
Lorraine,F,21
Mariah,F,21
Nevada,F,21
Ottie,F,21
Theo,F,21
Tressie,F,21
Ursula,F,21
Winnifred,F,21
Allene,F,20
Amalia,F,20
Bobbie,F,20
Clemmie,F,20
Delphia,F,20
Eldora,F,20
Elinor,F,20
Elmira,F,20
Emmer,F,20
Estell,F,20
Ester,F,20
Ethelyn,F,20
Eulalia,F,20
Helga,F,20
Hildur,F,20
Loretto,F,20
Onie,F,20
Samantha,F,20
Sena,F,20
Annis,F,19
Berenice,F,19
Bernadette,F,19
Bulah,F,19
Camilla,F,19
Cordia,F,19
Donnie,F,19
Emilia,F,19
Glenna,F,19
Hildegarde,F,19
Icie,F,19
Manda,F,19
Margarita,F,19
Missouri,F,19
Neta,F,19
Selina,F,19
Albertine,F,18
Ara,F,18
Betsy,F,18
Carmela,F,18
Christena,F,18
Clarissa,F,18
Eleanora,F,18
Eudora,F,18
Kathrine,F,18
Louie,F,18
Magdalen,F,18
Margaretta,F,18
Melvina,F,18
Mercedes,F,18
Oda,F,18
Petra,F,18
Rosina,F,18
Sabina,F,18
Sula,F,18
Veda,F,18
Arrie,F,17
Crystal,F,17
Edwina,F,17
Elena,F,17
Ferne,F,17
Glennie,F,17
Grayce,F,17
Jenny,F,17
Joyce,F,17
Juliette,F,17
Leatha,F,17
Liddie,F,17
Lonnie,F,17
Malissa,F,17
Nonie,F,17
Osa,F,17
Rachael,F,17
Rosia,F,17
Selena,F,17
Sina,F,17
Tempie,F,17
Theresia,F,17
Tressa,F,17
Vena,F,17
Zada,F,17
Annabel,F,16
Arizona,F,16
Arlie,F,16
Charlie,F,16
Diana,F,16
Elaine,F,16
Elizebeth,F,16
Florrie,F,16
Frona,F,16
Garnet,F,16
Gene,F,16
Golden,F,16
Goldia,F,16
Huldah,F,16
Libbie,F,16
Louis,F,16
Mame,F,16
Marietta,F,16
Marjory,F,16
Norah,F,16
Peggy,F,16
Philomena,F,16
Pollie,F,16
Thora,F,16
Zelda,F,16
Zena,F,16
Adaline,F,15
Adelina,F,15
Aurora,F,15
Coral,F,15
Deborah,F,15
Donie,F,15
Dottie,F,15
Electa,F,15
Elenora,F,15
Eugenie,F,15
Eura,F,15
Fronie,F,15
Gillie,F,15
Gusta,F,15
Ivah,F,15
Jo,F,15
Lea,F,15
Lonie,F,15
Loraine,F,15
Madie,F,15
Magnolia,F,15
Marvel,F,15
Matie,F,15
Metta,F,15
Minta,F,15
Myrtis,F,15
Nella,F,15
Ossie,F,15
Prudence,F,15
Serena,F,15
Tilda,F,15
Valeria,F,15
Aileen,F,14
Aimee,F,14
Alyce,F,14
Audie,F,14
Effa,F,14
Elvie,F,14
Etha,F,14
Hertha,F,14
Jessica,F,14
Joan,F,14
Josefa,F,14
Joy,F,14
Kattie,F,14
Lassie,F,14
Leonie,F,14
Lovina,F,14
Montie,F,14
Ottilie,F,14
Sister,F,14
Sofia,F,14
Wilda,F,14
Wilhelmine,F,14
Zona,F,14
Alfreda,F,13
Amie,F,13
Ardella,F,13
Arie,F,13
Arlene,F,13
Aurore,F,13
Celina,F,13
Claribel,F,13
Dell,F,13
Dulcie,F,13
Eileen,F,13
Elba,F,13
Eulah,F,13
Evangeline,F,13
Eve,F,13
Fred,F,13
Georgina,F,13
Henriette,F,13
Icy,F,13
India,F,13
Katheryn,F,13
Kizzie,F,13
Lavada,F,13
Leda,F,13
Lotta,F,13
Lular,F,13
Macie,F,13
Malvina,F,13
Nathalie,F,13
Nova,F,13
Novella,F,13
Omie,F,13
Paulina,F,13
Queenie,F,13
Roma,F,13
Rosalia,F,13
Rosalind,F,13
Rubie,F,13
Sophronia,F,13
Thomas,F,13
Trudie,F,13
Vergie,F,13
Verne,F,13
Vertie,F,13
Winona,F,13
Zelpha,F,13
Abby,F,12
Aletha,F,12
Arvilla,F,12
Bernadine,F,12
Bethel,F,12
Beula,F,12
Carmelita,F,12
Cathryn,F,12
Clora,F,12
Dellie,F,12
Doshie,F,12
Drucilla,F,12
Ebba,F,12
Elvina,F,12
Enid,F,12
Erie,F,12
Florine,F,12
Gay,F,12
Glenn,F,12
Hetty,F,12
Irena,F,12
Isa,F,12
Jeanie,F,12
Johnie,F,12
Jule,F,12
Justine,F,12
Laurie,F,12
Leanna,F,12
Loula,F,12
Margarett,F,12
Maymie,F,12
Missie,F,12
Nanie,F,12
Naoma,F,12
Ova,F,12
Patience,F,12
Patricia,F,12
Rosalee,F,12
Signe,F,12
Ura,F,12
Valerie,F,12
Vella,F,12
Villa,F,12
Abigail,F,11
Albertina,F,11
Almira,F,11
Alverta,F,11
Audra,F,11
Avie,F,11
Beaulah,F,11
Billie,F,11
Birtie,F,11
Cara,F,11
Concepcion,F,11
Corda,F,11
Dana,F,11
Delcie,F,11
Elfrieda,F,11
Elisa,F,11
Eloisa,F,11
Enola,F,11
Eveline,F,11
Exie,F,11
Fairy,F,11
Frederica,F,11
Hermine,F,11
Hildegard,F,11
Izetta,F,11
Jamie,F,11
Jesse,F,11
Joseph,F,11
Lelar,F,11
Leva,F,11
Lilah,F,11
Lillia,F,11
Mabell,F,11
Maida,F,11
Martina,F,11
Maxie,F,11
Mima,F,11
Nealie,F,11
Orlena,F,11
Ramona,F,11
Ressie,F,11
Reta,F,11
Reva,F,11
Rosemary,F,11
Roy,F,11
Ruthie,F,11
Sigrid,F,11
Texie,F,11
Treva,F,11
Violette,F,11
Vira,F,11
Yetta,F,11
Zetta,F,11
Zettie,F,11
Aggie,F,10
Amber,F,10
Ammie,F,10
Annetta,F,10
Augustine,F,10
Buna,F,10
Byrd,F,10
Carl,F,10
Celesta,F,10
Clifford,F,10
Dagmar,F,10
Delphine,F,10
Dola,F,10
Earl,F,10
Elna,F,10
Etna,F,10
Evelina,F,10
Genie,F,10
Hellen,F,10
Hessie,F,10
Ima,F,10
Izora,F,10
Janette,F,10
Jemima,F,10
Jossie,F,10
Juana,F,10
Judy,F,10
Junie,F,10
Katharyn,F,10
Katy,F,10
Lacy,F,10
Laurel,F,10
Leontine,F,10
Love,F,10
Macy,F,10
Mammie,F,10
Margarette,F,10
Myrle,F,10
Myrta,F,10
Norine,F,10
Olevia,F,10
Osie,F,10
Otelia,F,10
Roxy,F,10
Salome,F,10
Sylva,F,10
Twila,F,10
Vassie,F,10
Virgil,F,10
Walter,F,10
Adell,F,9
Albert,F,9
Altie,F,9
Alvena,F,9
Attie,F,9
Beda,F,9
Buena,F,9
Concetta,F,9
Daisey,F,9
Daisie,F,9
Delta,F,9
Dillie,F,9
Dina,F,9
Drusilla,F,9
Edyth,F,9
Elta,F,9
Elzie,F,9
Exa,F,9
Felicia,F,9
Filomena,F,9
Florance,F,9
Garnett,F,9
Gayle,F,9
Harry,F,9
Helma,F,9
Honora,F,9
Idabelle,F,9
Idell,F,9
Imo,F,9
Justina,F,9
Lavenia,F,9
Lemma,F,9
Letta,F,9
Letty,F,9
Lexie,F,9
Libby,F,9
Louanna,F,9
Lulla,F,9
Lurline,F,9
Manie,F,9
Maybell,F,9
Melinda,F,9
Melva,F,9
Millicent,F,9
Mira,F,9
Nila,F,9
Ninnie,F,9
Olar,F,9
Paralee,F,9
Penelope,F,9
Robert,F,9
Rosamond,F,9
Sada,F,9
Susanne,F,9
Tabitha,F,9
Thea,F,9
Theodosia,F,9
Velva,F,9
Vennie,F,9
Vernon,F,9
Veva,F,9
Yvonne,F,9
Zenia,F,9
Adelle,F,8
Agness,F,8
Aida,F,8
Alwine,F,8
Ana,F,8
Andrea,F,8
Annabell,F,8
Archie,F,8
Arletta,F,8
Arta,F,8
Aura,F,8
Bula,F,8
Cammie,F,8
Cannie,F,8
Capitola,F,8
Carmella,F,8
Catarina,F,8
Cattie,F,8
Celestia,F,8
Cherry,F,8
Claudine,F,8
Corrinne,F,8
Daphne,F,8
Delfina,F,8
Dessa,F,8
Eleonora,F,8
Elgie,F,8
Elmer,F,8
Emelie,F,8
Ena,F,8
Ether,F,8
Euphemia,F,8
Evalena,F,8
Evelena,F,8
Ferol,F,8
Fleta,F,8
Floyd,F,8
Forest,F,8
Forrest,F,8
Freddie,F,8
Fredericka,F,8
Greta,F,8
Gretta,F,8
Hermina,F,8
Ilo,F,8
Isadora,F,8
Jessamine,F,8
Jonnie,F,8
Juliana,F,8
Kathryne,F,8
Leo,F,8
Leonia,F,8
Lorna,F,8
Mackie,F,8
Mada,F,8
Madelyn,F,8
Margarethe,F,8
Margeret,F,8
Marina,F,8
Maryann,F,8
Maryetta,F,8
Mignon,F,8
Minda,F,8
Myrna,F,8
Myrtice,F,8
Nena,F,8
Netta,F,8
Odelia,F,8
Ouida,F,8
Ozella,F,8
Parthenia,F,8
Rafaela,F,8
Ralph,F,8
Rosy,F,8
Roxanna,F,8
Sabra,F,8
Salina,F,8
Sammie,F,8
Sarrah,F,8
Shellie,F,8
Tennessee,F,8
Tracy,F,8
Ula,F,8
Vadie,F,8
Venus,F,8
Vicie,F,8
Zoa,F,8
Ader,F,7
Adline,F,7
Alene,F,7
Alicia,F,7
Alla,F,7
Alverna,F,7
Amelie,F,7
Anabel,F,7
Arla,F,7
Arminta,F,7
Arthur,F,7
Azzie,F,7
Belvia,F,7
Benita,F,7
Berniece,F,7
Beuna,F,7
Biddie,F,7
Bird,F,7
Birtha,F,7
Caldonia,F,7
Candis,F,7
Christie,F,7
Clair,F,7
Classie,F,7
Claude,F,7
Cuba,F,7
Debbie,F,7
Dee,F,7
Delpha,F,7
Dicie,F,7
Dicy,F,7
Doretta,F,7
Doshia,F,7
Dot,F,7
Edmonia,F,7
Elia,F,7
Elida,F,7
Elmire,F,7
Elodie,F,7
Else,F,7
Elvera,F,7
Elzada,F,7
Emogene,F,7
Exilda,F,7
Fae,F,7
Fronia,F,7
Grady,F,7
Gunda,F,7
Gwen,F,7
Hazle,F,7
Herman,F,7
Idabel,F,7
Ingeborg,F,7
Isla,F,7
Ivey,F,7
Ivory,F,7
Jacqueline,F,7
Jess,F,7
Katheryne,F,7
Lala,F,7
Laurence,F,7
Leafy,F,7
Lilie,F,7
Lillis,F,7
Linna,F,7
Lissie,F,7
Lollie,F,7
Louvenia,F,7
Louvina,F,7
Lupe,F,7
Lurena,F,7
Lyla,F,7
Maebell,F,7
Manuelita,F,7
Margaretha,F,7
Matilde,F,7
Maurine,F,7
Maxine,F,7
Melda,F,7
Mintie,F,7
Mirtie,F,7
Monta,F,7
Mora,F,7
Mossie,F,7
Myrl,F,7
Nadine,F,7
Nana,F,7
Nelia,F,7
Odie,F,7
Oline,F,7
Olivette,F,7
Oral,F,7
Ozie,F,7
Pennie,F,7
Permelia,F,7
Philomene,F,7
Pink,F,7
Rella,F,7
Rennie,F,7
Rhodie,F,7
Rozella,F,7
Sibyl,F,7
Teressa,F,7
Theora,F,7
Thresa,F,7
Trinidad,F,7
Verena,F,7
Vern,F,7
Victorine,F,7
Vinie,F,7
Violetta,F,7
Virdie,F,7
Virgia,F,7
Vlasta,F,7
Vona,F,7
Willia,F,7
Zadie,F,7
Zepha,F,7
Zilpha,F,7
Zollie,F,7
Agusta,F,6
Alba,F,6
Albertha,F,6
Alexina,F,6
Almeta,F,6
Alzina,F,6
Anie,F,6
Annice,F,6
Antonetta,F,6
Antonette,F,6
Arabella,F,6
Ardelia,F,6
Ardell,F,6
Arilla,F,6
Arkie,F,6
Bama,F,6
Bena,F,6
Bert,F,6
Bina,F,6
Caddie,F,6
Carlie,F,6
Carlotta,F,6
Clay,F,6
Delila,F,6
Delma,F,6
Dorathea,F,6
Dorcas,F,6
Dosha,F,6
Dove,F,6
Edward,F,6
Ela,F,6
Elenore,F,6
Elfie,F,6
Elizbeth,F,6
Elvia,F,6
Emaline,F,6
Eola,F,6
Epsie,F,6
Essa,F,6
Euna,F,6
Evalina,F,6
Fredricka,F,6
Georgetta,F,6
Gina,F,6
Girlie,F,6
Gustava,F,6
Gwendolyn,F,6
Gypsy,F,6
Hazell,F,6
Hildred,F,6
Ilah,F,6
Ilma,F,6
Inda,F,6
Ines,F,6
Jeane,F,6
Jim,F,6
Joann,F,6
Juliet,F,6
Karen,F,6
Katharina,F,6
Katherina,F,6
Lady,F,6
Lalla,F,6
Laverne,F,6
Lella,F,6
Leon,F,6
Lesta,F,6
Lidie,F,6
Lizetta,F,6
Lorine,F,6
Lossie,F,6
Lota,F,6
Lu,F,6
Mahalia,F,6
Maisie,F,6
Mandie,F,6
Manuela,F,6
Marceline,F,6
Mariam,F,6
Mata,F,6
Melanie,F,6
Mena,F,6
Mercy,F,6
Miranda,F,6
Mollye,F,6
Monnie,F,6
Mozell,F,6
Neppie,F,6
Orah,F,6
Orilla,F,6
Orra,F,6
Palma,F,6
Pearlee,F,6
Pearline,F,6
Pinkey,F,6
Rebekah,F,6
Rene,F,6
Rettie,F,6
Rosabelle,F,6
Rosaline,F,6
Roxey,F,6
Rubye,F,6
Rutha,F,6
Samuel,F,6
Sedonia,F,6
Sinda,F,6
Sussie,F,6
Tekla,F,6
Tessa,F,6
Texas,F,6
Theodocia,F,6
Tomasa,F,6
Tula,F,6
Varina,F,6
Verlie,F,6
Verona,F,6
Veta,F,6
Virda,F,6
Zita,F,6
Adina,F,5
Affie,F,5
Albena,F,5
Alcie,F,5
Aldine,F,5
Aleda,F,5
Alena,F,5
Allena,F,5
Almedia,F,5
Almer,F,5
Alvera,F,5
Alwilda,F,5
Ama,F,5
Amalie,F,5
Annah,F,5
Ary,F,5
Auguste,F,5
Babe,F,5
Babette,F,5
Bamma,F,5
Berneice,F,5
Bernetta,F,5
Bernie,F,5
Blossom,F,5
Buelah,F,5
Byrdie,F,5
Calla,F,5
Carlota,F,5
Carmel,F,5
Carmelite,F,5
Caro,F,5
Carry,F,5
Chlora,F,5
Christiana,F,5
Cleora,F,5
Clevie,F,5
Clotilde,F,5
Clyda,F,5
Corean,F,5
Corene,F,5
Dale,F,5
Dannie,F,5
Delina,F,5
Delsie,F,5
Docie,F,5
Dorilla,F,5
Dorris,F,5
Early,F,5
Editha,F,5
Elmina,F,5
Elsye,F,5
Emile,F,5
Eppie,F,5
Ercell,F,5
Ermine,F,5
Estie,F,5
Eular,F,5
Euphemie,F,5
Evaline,F,5
Faustina,F,5
Felicita,F,5
Florentine,F,5
Florie,F,5
Florinda,F,5
Freeda,F,5
Gaynell,F,5
Gennie,F,5
Georgette,F,5
Gerda,F,5
Gertha,F,5
Gertude,F,5
Girtie,F,5
Gola,F,5
Gracia,F,5
Guy,F,5
Haley,F,5
Hazelle,F,5
Hennie,F,5
Henretta,F,5
Howard,F,5
Ibbie,F,5
Ilene,F,5
Imelda,F,5
Inis,F,5
Isadore,F,5
Izzie,F,5
Jodie,F,5
Joeanna,F,5
Jose,F,5
Judie,F,5
Julian,F,5
Junnie,F,5
Kay,F,5
Lallie,F,5
Lana,F,5
Lannie,F,5
Lara,F,5
Launa,F,5
Laurine,F,5
Laverna,F,5
Leler,F,5
Leonore,F,5
Levada,F,5
Liller,F,5
Lilliam,F,5
Lorinda,F,5
Louisiana,F,5
Lovenia,F,5
Lucindia,F,5
Lucindy,F,5
Luetta,F,5
Lugarda,F,5
Luisa,F,5
Luta,F,5
Luz,F,5
Lydie,F,5
Lynn,F,5
Mai,F,5
Maie,F,5
Maizie,F,5
Malissie,F,5
Maranda,F,5
Marget,F,5
Margrett,F,5
Marguerita,F,5
Margueritte,F,5
Marianna,F,5
Marianne,F,5
Marilla,F,5
Maryellen,F,5
Maryjane,F,5
Mattye,F,5
Media,F,5
Melia,F,5
Milda,F,5
Milly,F,5
Minervia,F,5
Minie,F,5
Monte,F,5
Morna,F,5
Murl,F,5
Musa,F,5
Nancie,F,5
Nanna,F,5
Nannette,F,5
Naomia,F,5
Nelda,F,5
Nezzie,F,5
Nicolasa,F,5
Nobie,F,5
Noemie,F,5
Nolia,F,5
Norene,F,5
Olie,F,5
Olinda,F,5
Olla,F,5
Ophia,F,5
Orma,F,5
Ota,F,5
Otillia,F,5
Otto,F,5
Patti,F,5
Pearly,F,5
Perle,F,5
Perlie,F,5
Persis,F,5
Pheobe,F,5
Pluma,F,5
Prudie,F,5
Rebeca,F,5
Reka,F,5
Retha,F,5
Rilda,F,5
Romana,F,5
Rosena,F,5
Roslyn,F,5
Ross,F,5
Saint,F,5
Savanah,F,5
Savilla,F,5
Sennie,F,5
Stena,F,5
Stephanie,F,5
Suda,F,5
Susannah,F,5
Suzanne,F,5
Teresita,F,5
Tinnie,F,5
Tiny,F,5
Tishie,F,5
Tomasita,F,5
Tonie,F,5
Urania,F,5
Vannie,F,5
Vashti,F,5
Versa,F,5
Versie,F,5
Vincenza,F,5
Vola,F,5
Wadie,F,5
Will,F,5
Zillah,F,5
John,M,7680
William,M,6763
James,M,4516
George,M,3931
Charles,M,3640
Frank,M,2652
Joseph,M,2572
Robert,M,2240
Harry,M,2132
Henry,M,2049
Edward,M,1989
Thomas,M,1982
Walter,M,1668
Arthur,M,1514
Fred,M,1362
Albert,M,1207
Clarence,M,1007
Roy,M,838
Louis,M,786
Samuel,M,753
Willie,M,739
Ernest,M,715
Charlie,M,707
Carl,M,675
Earl,M,674
David,M,673
Richard,M,609
Ralph,M,587
Joe,M,584
Raymond,M,575
Paul,M,564
Oscar,M,551
Andrew,M,521
Will,M,520
Jesse,M,519
Elmer,M,508
Daniel,M,505
Herbert,M,501
Alfred,M,499
Howard,M,485
Benjamin,M,461
Harold,M,419
Sam,M,418
Frederick,M,412
Peter,M,396
Lawrence,M,389
Herman,M,383
Eugene,M,362
Ray,M,360
Lewis,M,357
Leo,M,353
Lee,M,342
Floyd,M,336
Francis,M,333
Michael,M,333
Martin,M,331
Claude,M,327
Clyde,M,327
Edwin,M,327
Tom,M,318
Ben,M,302
Jack,M,290
Jim,M,288
Edgar,M,277
Harvey,M,274
Otto,M,274
Guy,M,262
Chester,M,252
Jacob,M,238
Ed,M,237
Luther,M,236
Leonard,M,235
Hugh,M,233
Homer,M,230
Jessie,M,227
Theodore,M,224
Oliver,M,212
Patrick,M,212
Archie,M,201
Philip,M,198
Clifford,M,196
Charley,M,193
Lester,M,191
Leroy,M,190
Bernard,M,187
August,M,186
Russell,M,186
Lloyd,M,185
Bert,M,181
Eddie,M,179
Ira,M,179
Stanley,M,178
Everett,M,174
Allen,M,173
Alexander,M,172
Anthony,M,170
Horace,M,165
Leslie,M,164
Grover,M,163
Norman,M,163
Isaac,M,160
Julius,M,155
Victor,M,154
Leon,M,150
Milton,M,141
Stephen,M,140
Warren,M,139
Glenn,M,138
Alex,M,133
Emil,M,133
Percy,M,131
Mack,M,127
Dave,M,124
Virgil,M,123
Alvin,M,121
Marion,M,121
Willis,M,118
Lonnie,M,117
Maurice,M,117
Wesley,M,115
Earnest,M,114
Dan,M,113
Matthew,M,113
Sidney,M,113
Franklin,M,109
Cecil,M,108
Melvin,M,108
Jerry,M,107
Rufus,M,107
Harrison,M,106
Nathan,M,106
Amos,M,104
Calvin,M,104
Perry,M,104
Willard,M,101
Donald,M,100
Jay,M,99
Morris,M,97
Otis,M,97
Wilbur,M,97
Ollie,M,96
Vernon,M,96
Marvin,M,93
Hubert,M,92
Max,M,91
Wallace,M,90
Dennis,M,89
Emmett,M,89
Adam,M,87
Clinton,M,87
Jess,M,87
Felix,M,86
Gilbert,M,86
Mark,M,86
Nelson,M,86
Ross,M,86
Glen,M,85
Gus,M,85
Manuel,M,85
Adolph,M,81
Clifton,M,80
Marshall,M,80
Johnnie,M,79
Jake,M,78
Nicholas,M,78
Elbert,M,77
Jeff,M,77
Jose,M,77
Sherman,M,77
Noah,M,76
Bennie,M,75
Cornelius,M,75
Irving,M,75
Reuben,M,75
Alonzo,M,74
Claud,M,74
Phillip,M,74
Vincent,M,74
Irvin,M,73
Owen,M,73
Gordon,M,71
Roscoe,M,71
Moses,M,70
Aaron,M,69
Roland,M,69
Levi,M,68
Rudolph,M,68
Alva,M,66
Ellis,M,66
Timothy,M,66
Austin,M,65
Bill,M,65
Kenneth,M,65
Clayton,M,64
Harley,M,64
Mike,M,64
Sylvester,M,64
Simon,M,63
Abraham,M,62
Christopher,M,62
Curtis,M,62
Edmund,M,61
Karl,M,61
Andy,M,59
Forrest,M,59
Jasper,M,58
Silas,M,58
Wilson,M,58
Arnold,M,57
Elijah,M,57
Grant,M,56
Orville,M,56
Steve,M,56
Bob,M,55
Fredrick,M,55
Mose,M,55
Roger,M,55
Millard,M,54
Byron,M,53
Edd,M,53
Pete,M,53
Tony,M,53
Anton,M,51
Ora,M,51
Preston,M,51
Wiley,M,51
Bruce,M,50
Cleveland,M,50
Barney,M,49
Dock,M,49
Eli,M,49
Hiram,M,49
Don,M,48
Van,M,48
Gustave,M,47
Monroe,M,47
Asa,M,46
Nathaniel,M,46
Gerald,M,45
Mathew,M,44
Miles,M,44
Conrad,M,43
Enoch,M,43
Julian,M,43
Ike,M,42
Ivan,M,42
Juan,M,42
Earle,M,41
Forest,M,41
Jerome,M,41
Abe,M,40
Edmond,M,40
Jefferson,M,40
Jimmie,M,40
Nick,M,40
Wilfred,M,40
Columbus,M,39
Laurence,M,39
Mary,M,39
Augustus,M,38
Ezra,M,38
Johnie,M,38
Omer,M,38
Wade,M,38
Delbert,M,37
Emery,M,37
Solomon,M,37
Ward,M,37
Clark,M,36
Leland,M,36
Myron,M,36
Newton,M,36
Clement,M,35
Ervin,M,35
Neal,M,35
Scott,M,35
Christian,M,34
Elwood,M,34
Lynn,M,34
Major,M,34
Merle,M,34
Ulysses,M,34
Dallas,M,33
Douglas,M,33
Erwin,M,33
Freeman,M,33
Grady,M,33
Royal,M,33
Spencer,M,33
Vern,M,33
Chris,M,32
Clair,M,32
Foster,M,32
Jeremiah,M,32
Lemuel,M,32
Stewart,M,32
Antonio,M,31
Dewitt,M,31
Jackson,M,31
Joel,M,31
Johnny,M,31
Lyle,M,31
Malcolm,M,31
Pearl,M,31
Anderson,M,30
Lorenzo,M,30
Lyman,M,30
Benjiman,M,29
Boyd,M,29
Bud,M,29
Burton,M,29
Carroll,M,29
Emanuel,M,29
Lon,M,29
Loyd,M,29
Mitchell,M,29
Wayne,M,29
Elisha,M,28
Ferdinand,M,28
Fletcher,M,28
Marcus,M,28
Riley,M,28
Tommie,M,28
Wilbert,M,28
Ambrose,M,27
Chauncey,M,27
General,M,27
Hugo,M,27
Isiah,M,27
Louie,M,27
Matt,M,27
Sanford,M,27
Arch,M,26
Dean,M,26
Harris,M,26
Junius,M,26
Ned,M,26
Prince,M,26
Winfield,M,26
Allie,M,25
Aloysius,M,25
Dwight,M,25
Hans,M,25
Judge,M,25
Neil,M,25
Pedro,M,25
Ruben,M,25
Sterling,M,25
Cleve,M,24
Dudley,M,24
Elias,M,24
Elzie,M,24
Johnson,M,24
Joshua,M,24
Loren,M,24
Napoleon,M,24
Raleigh,M,24
Rex,M,24
Emory,M,23
Garfield,M,23
Gustav,M,23
Luke,M,23
Troy,M,23
Albin,M,22
Carlton,M,22
Clem,M,22
Cyrus,M,22
Isaiah,M,22
Randolph,M,22
Reginald,M,22
Rolla,M,22
Russel,M,22
Seth,M,22
Taylor,M,22
Ted,M,22
Truman,M,22
Al,M,21
Elliott,M,21
Emerson,M,21
Fay,M,21
Francisco,M,21
Harmon,M,21
Lucius,M,21
Murray,M,21
Walker,M,21
Alton,M,20
Aubrey,M,20
Buck,M,20
Burl,M,20
Casper,M,20
Houston,M,20
Madison,M,20
Porter,M,20
Roswell,M,20
Stuart,M,20
Wilford,M,20
Abner,M,19
Allan,M,19
Archibald,M,19
Christ,M,19
Colonel,M,19
Early,M,19
Herschel,M,19
Josh,M,19
Morgan,M,19
Noble,M,19
Sandy,M,19
Tillman,M,19
Vance,M,19
Wilmer,M,19
Abram,M,18
Antone,M,18
Chas,M,18
Dee,M,18
Dick,M,18
Elmore,M,18
Elza,M,18
Eric,M,18
Evan,M,18
Garland,M,18
Green,M,18
Israel,M,18
Jonas,M,18
Lige,M,18
Nels,M,18
Steven,M,18
Alphonse,M,17
Arther,M,17
Axel,M,17
Blaine,M,17
Dale,M,17
Fritz,M,17
Granville,M,17
Hal,M,17
Hezekiah,M,17
Jean,M,17
Larry,M,17
Lionel,M,17
Maynard,M,17
Zack,M,17
Adrian,M,16
Arlie,M,16
Carlos,M,16
Coleman,M,16
Crawford,M,16
Davis,M,16
Frederic,M,16
Gust,M,16
Henderson,M,16
Lucious,M,16
Milo,M,16
Olin,M,16
Otho,M,16
Pat,M,16
Phil,M,16
Anna,M,15
Bruno,M,15
Dana,M,15
Ellsworth,M,15
Elmo,M,15
Gene,M,15
Jason,M,15
Lincoln,M,15
Logan,M,15
Morton,M,15
Olaf,M,15
Orval,M,15
Palmer,M,15
Parker,M,15
Roderick,M,15
Shirley,M,15
Thurman,M,15
Tim,M,15
Waldo,M,15
Warner,M,15
Adolphus,M,14
Berry,M,14
Burt,M,14
Carleton,M,14
Clint,M,14
Dorsey,M,14
Elvin,M,14
Emile,M,14
Emmet,M,14
Hamilton,M,14
Hollis,M,14
Irwin,M,14
Lacy,M,14
Lawson,M,14
Ole,M,14
Oren,M,14
Sheridan,M,14
Sol,M,14
Tracy,M,14
Washington,M,14
Wellington,M,14
Alma,M,13
Bertram,M,13
Buster,M,13
Carter,M,13
Cloyd,M,13
Elton,M,13
Emma,M,13
Freddie,M,13
Hampton,M,13
Hardy,M,13
Hazel,M,13
Heber,M,13
Hector,M,13
Hoyt,M,13
Isadore,M,13
Judson,M,13
Jules,M,13
King,M,13
Mathias,M,13
Merritt,M,13
Mortimer,M,13
Norris,M,13
Otha,M,13
Pinkney,M,13
Rubin,M,13
Rush,M,13
Verne,M,13
Alois,M,12
Basil,M,12
Buford,M,12
Cliff,M,12
Connie,M,12
Coy,M,12
Ellie,M,12
Evert,M,12
Fate,M,12
Florence,M,12
French,M,12
Garrett,M,12
Guss,M,12
Harve,M,12
Isom,M,12
Jimmy,M,12
Jodie,M,12
Jonathan,M,12
Jordan,M,12
Lindsey,M,12
Lonzo,M,12
Lowell,M,12
Lucien,M,12
Mahlon,M,12
Margaret,M,12
Maude,M,12
Merton,M,12
Minnie,M,12
Nat,M,12
Orrin,M,12
Pink,M,12
Ramon,M,12
Rogers,M,12
Rollie,M,12
Smith,M,12
Walton,M,12
Wash,M,12
Watson,M,12
West,M,12
Wilburn,M,12
Alf,M,11
Angus,M,11
Bee,M,11
Bernice,M,11
Bryant,M,11
Carey,M,11
Clarance,M,11
Clay,M,11
Ford,M,11
Gertrude,M,11
Grace,M,11
Hunter,M,11
Leander,M,11
Loyal,M,11
Mason,M,11
Merrill,M,11
Norbert,M,11
Orlando,M,11
Ransom,M,11
Reese,M,11
Rodney,M,11
Rolland,M,11
Rollin,M,11
Ruby,M,11
Sammie,M,11
Theo,M,11
Toney,M,11
Turner,M,11
Valentine,M,11
Webster,M,11
Wilber,M,11
Willam,M,11
Wilton,M,11
Abel,M,10
Addison,M,10
Adolf,M,10
Alfonso,M,10
Alford,M,10
Ammon,M,10
Anson,M,10
Auther,M,10
Bailey,M,10
Blair,M,10
Burr,M,10
Cicero,M,10
Clara,M,10
Cleo,M,10
Cyril,M,10
Duncan,M,10
Elwin,M,10
Essie,M,10
Frances,M,10
Gabriel,M,10
Hamp,M,10
Haywood,M,10
Hosea,M,10
Jones,M,10
Jule,M,10
Lem,M,10
Mart,M,10
Myles,M,10
Orin,M,10
Pablo,M,10
Reed,M,10
Roman,M,10
Rowland,M,10
Sid,M,10
Uriah,M,10
Verner,M,10
Vivian,M,10
Wright,M,10
Adelbert,M,9
Alan,M,9
Alberto,M,9
Alden,M,9
Alice,M,9
Allison,M,9
Alvah,M,9
Angelo,M,9
Arvid,M,9
Avery,M,9
Benjamine,M,9
Bennett,M,9
Berton,M,9
Beverly,M,9
Bonnie,M,9
Boss,M,9
Bradford,M,9
Brown,M,9
Cal,M,9
Collins,M,9
Courtney,M,9
Dewey,M,9
Dominick,M,9
Eldon,M,9
Emmitt,M,9
Ethel,M,9
Ezekiel,M,9
Felipe,M,9
Gregorio,M,9
Hallie,M,9
Hayden,M,9
Helen,M,9
Hermon,M,9
Howell,M,9
Irl,M,9
Ivey,M,9
Ivy,M,9
Josiah,M,9
June,M,9
Kelly,M,9
Lambert,M,9
Lenard,M,9
Lew,M,9
Lillian,M,9
Luis,M,9
Marie,M,9
Merl,M,9
Nellie,M,9
Noel,M,9
Orrie,M,9
Park,M,9
Perley,M,9
Pierre,M,9
Plummer,M,9
Quincy,M,9
Raphael,M,9
Richmond,M,9
Saul,M,9
Sim,M,9
Son,M,9
Talmage,M,9
Thaddeus,M,9
Travis,M,9
Unknown,M,9
Woodie,M,9
Addie,M,8
Ansel,M,8
Aron,M,8
Art,M,8
Artie,M,8
Ashley,M,8
Barry,M,8
Bartholomew,M,8
Barton,M,8
Bernie,M,8
Bertha,M,8
Bertie,M,8
Bessie,M,8
Burley,M,8
Carrie,M,8
Cary,M,8
Cato,M,8
Commodore,M,8
Dexter,M,8
Doctor,M,8
Dolphus,M,8
Edna,M,8
Eliga,M,8
Elliot,M,8
Elsie,M,8
Gabe,M,8
Garnett,M,8
Gerard,M,8
Gerhard,M,8
Gustaf,M,8
Harlan,M,8
Haskell,M,8
Hattie,M,8
Hilary,M,8
Issac,M,8
Jonah,M,8
Justin,M,8
Lafayette,M,8
Lillie,M,8
Linwood,M,8
Lorin,M,8
Lou,M,8
Lucas,M,8
Lucian,M,8
Mabel,M,8
Maggie,M,8
Manley,M,8
Melville,M,8
Mervin,M,8
Minor,M,8
Mont,M,8
Newman,M,8
Obie,M,8
Oral,M,8
Price,M,8
Ronald,M,8
Seymour,M,8
Sigurd,M,8
Stanton,M,8
Sullivan,M,8
Sydney,M,8
Thompson,M,8
Tommy,M,8
Wendell,M,8
Whit,M,8
Zeb,M,8
Ace,M,7
Ada,M,7
Almon,M,7
Alpha,M,7
Alphonso,M,7
Armand,M,7
Augustine,M,7
Blanche,M,7
Boston,M,7
Brady,M,7
Brice,M,7
Byrd,M,7
Caleb,M,7
Carmine,M,7
Carson,M,7
Cash,M,7
Chalmer,M,7
Claus,M,7
Curt,M,7
Dawson,M,7
Dayton,M,7
Dell,M,7
Dennie,M,7
Doc,M,7
Doyle,M,7
Eligah,M,7
Ella,M,7
Enos,M,7
Erastus,M,7
Erle,M,7
Ernst,M,7
Eva,M,7
Evans,M,7
Everette,M,7
Gail,M,7
Gardner,M,7
Graham,M,7
Hayes,M,7
Henery,M,7
Hollie,M,7
Jonnie,M,7
Kent,M,7
Kirby,M,7
Kirk,M,7
Kyle,M,7
Lawyer,M,7
Levy,M,7
Ludwig,M,7
Lum,M,7
Marcellus,M,7
Maxwell,M,7
Miguel,M,7
Miller,M,7
Miner,M,7
Murl,M,7
Olen,M,7
Olof,M,7
Presley,M,7
Randall,M,7
Randle,M,7
Ras,M,7
Reinhold,M,7
Ricardo,M,7
Rollo,M,7
Rube,M,7
Santiago,M,7
Spurgeon,M,7
Stacy,M,7
Tomie,M,7
Vicente,M,7
Wilfrid,M,7
Williams,M,7
Winfred,M,7
Wm,M,7
Wong,M,7
Adlai,M,6
Alec,M,6
Alger,M,6
Algie,M,6
Alonza,M,6
Alvie,M,6
Alvis,M,6
Antoine,M,6
Authur,M,6
Benedict,M,6
Benito,M,6
Benny,M,6
Bertrand,M,6
Billy,M,6
Brooks,M,6
Buddie,M,6
Burk,M,6
Burns,M,6
Caesar,M,6
Campbell,M,6
Carol,M,6
Cassius,M,6
Catherine,M,6
Chalmers,M,6
Chesley,M,6
Cora,M,6
Cornelious,M,6
Creed,M,6
Darrell,M,6
Deforest,M,6
Dessie,M,6
Dominic,M,6
Edison,M,6
Edson,M,6
Effie,M,6
Elam,M,6
Elbridge,M,6
Eldridge,M,6
Elige,M,6
Elizabeth,M,6
Emmit,M,6
Ephraim,M,6
Ernie,M,6
Ester,M,6
Ethan,M,6
Gary,M,6
Gaston,M,6
Gay,M,6
Gaylord,M,6
Geo,M,6
Gifford,M,6
Giles,M,6
Golden,M,6
Goldie,M,6
Griffin,M,6
Hardin,M,6
Harlow,M,6
Harper,M,6
Hayward,M,6
Hurbert,M,6
Hyman,M,6
Isham,M,6
Iver,M,6
Iverson,M,6
Jennie,M,6
Jewel,M,6
Jewell,M,6
Job,M,6
Julia,M,6
Laura,M,6
Leamon,M,6
Lena,M,6
Lindsay,M,6
Linn,M,6
Linton,M,6
Lue,M,6
Mannie,M,6
Marlin,M,6
Marshal,M,6
Merlin,M,6
Micheal,M,6
Mitchel,M,6
Murphy,M,6
Myrtle,M,6
Newell,M,6
Newt,M,6
Okey,M,6
Olive,M,6
Oran,M,6
Orie,M,6
Ott,M,6
Ottie,M,6
Percival,M,6
Peyton,M,6
Pleas,M,6
Powell,M,6
Rafael,M,6
Rene,M,6
Rexford,M,6
Roe,M,6
Roma,M,6
Romie,M,6
Rupert,M,6
Sanders,M,6
Selmer,M,6
Shade,M,6
Shelby,M,6
Shelly,M,6
Simmie,M,6
Sumner,M,6
Theron,M,6
Tomas,M,6
Vaughn,M,6
Vester,M,6
Vick,M,6
Virgle,M,6
Waldemar,M,6
Waymon,M,6
Worth,M,6
Young,M,6
Zebulon,M,6
Zollie,M,6
Abb,M,5
Abbie,M,5
Add,M,5
Adelard,M,5
Aden,M,5
Aleck,M,5
Alferd,M,5
Alfredo,M,5
Algot,M,5
Alphons,M,5
Alta,M,5
Amon,M,5
Anastacio,M,5
Angel,M,5
Annie,M,5
Audley,M,5
Aurthur,M,5
Banks,M,5
Barnard,M,5
Bart,M,5
Baxter,M,5
Beecher,M,5
Belton,M,5
Benjaman,M,5
Benton,M,5
Berkley,M,5
Bernhard,M,5
Bethel,M,5
Bradley,M,5
Butler,M,5
Cap,M,5
Carlie,M,5
Caroline,M,5
Clare,M,5
Claudie,M,5
Cleave,M,5
Cletus,M,5
Coley,M,5
Corbin,M,5
Cullen,M,5
Danial,M,5
Delmer,M,5
Delos,M,5
Dempsey,M,5
Denis,M,5
Dora,M,5
Dossie,M,5
Duane,M,5
Duke,M,5
Durward,M,5
Elie,M,5
Elva,M,5
Ephriam,M,5
Erick,M,5
Essex,M,5
Esteban,M,5
Eston,M,5
Ferman,M,5
Gideon,M,5
Gilford,M,5
Glover,M,5
Handy,M,5
Hardie,M,5
Harland,M,5
Hartwell,M,5
Harvy,M,5
Helmer,M,5
Hilton,M,5
Horton,M,5
Hoy,M,5
Hudson,M,5
Humphrey,M,5
Hurley,M,5
Ignacio,M,5
Ignatius,M,5
Isidor,M,5
Ivory,M,5
Jared,M,5
Jesus,M,5
Joeseph,M,5
Joesph,M,5
Jolly,M,5
Josephine,M,5
Junious,M,5
Katherine,M,5
Kelsey,M,5
Knute,M,5
Lake,M,5
Lamar,M,5
Lawton,M,5
Leigh,M,5
Lemmie,M,5
Lemon,M,5
Llewellyn,M,5
Loran,M,5
Lorenz,M,5
Love,M,5
Lovell,M,5
Loy,M,5
Lucy,M,5
Mac,M,5
Magnus,M,5
Malachi,M,5
May,M,5
Mckinley,M,5
Mell,M,5
Meyer,M,5
Milford,M,5
Monte,M,5
Montgomery,M,5
Montie,M,5
Moody,M,5
Moss,M,5
Murry,M,5
Navajo,M,5
Norton,M,5
Odie,M,5
Oley,M,5
Olie,M,5
Ollis,M,5
Omar,M,5
Orel,M,5
Oris,M,5
Orla,M,5
Orson,M,5
Ossie,M,5
Oswald,M,5
Page,M,5
Payton,M,5
Phineas,M,5
Pierce,M,5
Pleasant,M,5
Raoul,M,5
Reece,M,5
Rocco,M,5
Rodger,M,5
Rose,M,5
Rossie,M,5
Ruel,M,5
Sampson,M,5
Seward,M,5
Sherwood,M,5
Sigmund,M,5
Singleton,M,5
Squire,M,5
Stella,M,5
Sylvan,M,5
Terry,M,5
Thad,M,5
Theophile,M,5
Thos,M,5
Tobe,M,5
Tolbert,M,5
Viola,M,5
Wallie,M,5
Wayland,M,5
Wayman,M,5
Weldon,M,5
Wess,M,5
Wheeler,M,5
Willian,M,5
Winford,M,5
Winston,M,5
Wyatt,M,5
Wylie,M,5
