name,gender,count
Mary,F,6919
Anna,F,2698
Emma,F,2034
Elizabeth,F,1852
Margaret,F,1658
Minnie,F,1653
Ida,F,1439
Annie,F,1326
Bertha,F,1324
Alice,F,1308
Clara,F,1242
Sarah,F,1226
Ella,F,1148
Nellie,F,1096
Grace,F,1089
Florence,F,1046
Martha,F,1044
Cora,F,969
Laura,F,962
Carrie,F,958
Maude,F,923
Bessie,F,903
Mabel,F,893
Gertrude,F,791
Ethel,F,788
Jennie,F,784
Edith,F,778
Hattie,F,775
Mattie,F,754
Julia,F,737
Rose,F,734
Lillian,F,723
Lillie,F,678
Eva,F,661
Jessie,F,661
Lula,F,655
Myrtle,F,643
Pearl,F,641
Edna,F,637
Catherine,F,635
Ada,F,628
Louise,F,617
Helen,F,612
Lucy,F,611
Frances,F,586
Dora,F,585
Fannie,F,565
Josephine,F,563
Daisy,F,562
Lena,F,555
Maggie,F,532
Katherine,F,504
Rosa,F,500
Marie,F,499
Nora,F,498
Effie,F,463
Blanche,F,456
May,F,451
Nancy,F,429
Della,F,428
Agnes,F,424
Nettie,F,419
Sallie,F,416
Stella,F,416
Ellen,F,413
Mamie,F,412
Lizzie,F,396
Susie,F,367
Sadie,F,366
Elsie,F,344
Maud,F,328
Flora,F,317
Caroline,F,316
Etta,F,316
Mae,F,314
Lulu,F,313
Lydia,F,299
Alma,F,293
Susan,F,292
Lottie,F,289
Addie,F,287
Mollie,F,281
Katie,F,279
Ruth,F,275
Harriet,F,270
Kate,F,267
Amanda,F,263
Nannie,F,258
Georgia,F,256
Emily,F,244
Eliza,F,238
Viola,F,237
Amelia,F,235
Willie,F,229
Charlotte,F,227
Rebecca,F,226
Belle,F,219
Kathryn,F,218
Jane,F,216
Olive,F,211
Virginia,F,210
Irene,F,206
Hannah,F,196
Ora,F,191
Esther,F,189
Matilda,F,187
Henrietta,F,181
Theresa,F,173
Ollie,F,169
Pauline,F,166
Estella,F,163
Beulah,F,162
Augusta,F,157
Rachel,F,157
Mildred,F,154
Josie,F,149
Sara,F,147
Amy,F,145
Louisa,F,142
Luella,F,141
Leona,F,138
Anne,F,131
Ann,F,130
Barbara,F,130
Lola,F,129
Estelle,F,127
Lela,F,125
Millie,F,124
Nina,F,123
Iva,F,122
Sophia,F,122
Maria,F,120
Ruby,F,119
Victoria,F,117
Evelyn,F,116
Mayme,F,115
Alta,F,114
Lou,F,114
Janie,F,113
Betty,F,112
Delia,F,111
Eleanor,F,110
Marion,F,110
Dorothy,F,109
Ina,F,108
Celia,F,107
Callie,F,104
Bettie,F,103
Allie,F,98
Inez,F,95
Dollie,F,90
Ola,F,90
Lucinda,F,88
Mable,F,88
Rena,F,88
Beatrice,F,87
Harriett,F,86
Rosie,F,85
Birdie,F,84
Eula,F,84
Rhoda,F,84
Winnie,F,84
Christina,F,82
Isabelle,F,82
Tillie,F,82
Abbie,F,81
Winifred,F,81
Essie,F,80
Lora,F,80
Sally,F,79
Sophie,F,78
Eunice,F,77
Leila,F,77
Isabel,F,76
Nell,F,75
Lelia,F,74
Myra,F,72
Nelle,F,72
Roxie,F,72
Mathilda,F,69
Bertie,F,68
Katharine,F,68
Lenora,F,68
Lettie,F,68
Christine,F,67
Sue,F,67
Sylvia,F,67
Cornelia,F,66
Linnie,F,65
Alberta,F,64
Hettie,F,64
Adelaide,F,62
Mina,F,62
Helena,F,61
Carolyn,F,60
Adeline,F,58
Genevieve,F,58
Johanna,F,58
Loretta,F,58
Lida,F,57
Fanny,F,55
Hester,F,55
Lilly,F,55
Naomi,F,55
Lois,F,53
Minerva,F,53
Mittie,F,53
Bess,F,52
Claudia,F,52
Leah,F,52
Lucretia,F,52
Marguerite,F,52
Cecelia,F,51
Elva,F,51
Olivia,F,51
Gussie,F,50
Hazel,F,50
Isabella,F,50
Cordelia,F,49
Rosetta,F,49
Wilhelmina,F,49
Bernice,F,48
Hilda,F,48
Lucille,F,48
Polly,F,48
Vera,F,48
Cynthia,F,47
Elnora,F,47
Francis,F,47
Selma,F,47
Lily,F,46
Lura,F,46
Phoebe,F,46
Teresa,F,46
Angie,F,44
Hulda,F,44
Jean,F,44
Louella,F,44
Myrtie,F,44
Adele,F,43
Jeannette,F,43
Lyda,F,43
Virgie,F,43
Dessie,F,42
Lila,F,42
Violet,F,42
Elma,F,41
Madge,F,41
Regina,F,41
Roberta,F,41
Catharine,F,40
Eugenia,F,40
Gladys,F,40
Malinda,F,40
Mandy,F,40
Melissa,F,40
Cecilia,F,39
Goldie,F,39
Lee,F,39
Lina,F,39
Marian,F,39
Elvira,F,38
Emilie,F,38
Ivy,F,38
Linda,F,38
Nona,F,38
Zella,F,38
Hallie,F,36
Irma,F,36
Jeanette,F,36
Leola,F,36
Lucile,F,36
Geneva,F,35
Gertie,F,35
Bridget,F,34
Freda,F,34
Dolly,F,33
Molly,F,33
Georgie,F,32
Lilla,F,32
Margie,F,32
Nola,F,32
Dovie,F,31
Letha,F,31
Olga,F,31
George,F,30
Meta,F,30
Verna,F,30
William,F,30
Adah,F,29
Alvina,F,29
Antoinette,F,29
Bell,F,29
Janet,F,29
Mabelle,F,29
Mertie,F,29
Cassie,F,28
Erma,F,28
Flossie,F,28
Louie,F,28
Alpha,F,27
Blanch,F,27
Ellie,F,27
Johnnie,F,27
Lona,F,27
Lorena,F,27
Miriam,F,27
Ophelia,F,27
Priscilla,F,27
Sudie,F,27
Zula,F,27
Annette,F,26
John,F,26
Norma,F,26
Rosalie,F,26
Vina,F,26
Bonnie,F,25
Corinne,F,25
Elisabeth,F,25
Elsa,F,25
Frieda,F,25
Juanita,F,25
Melvina,F,25
Tennie,F,25
Bella,F,24
Cecile,F,24
Dona,F,24
Frankie,F,24
Gracie,F,24
James,F,24
Kittie,F,24
Leota,F,24
Maudie,F,24
Orpha,F,24
Savannah,F,24
Vinnie,F,24
Vivian,F,24
Anita,F,23
Claire,F,23
Cleo,F,23
Dena,F,23
Eda,F,23
Leonora,F,23
Leora,F,23
Liza,F,23
Almeda,F,22
Artie,F,22
Charity,F,22
Elise,F,22
Georgianna,F,22
Harriette,F,22
Isabell,F,22
Jimmie,F,22
Julie,F,22
Kitty,F,22
Margret,F,22
Nan,F,22
Pearlie,F,22
Zoe,F,22
Adelia,F,21
Angeline,F,21
Dorothea,F,21
Ernestine,F,21
Joanna,F,21
Lennie,F,21
Leta,F,21
Lue,F,21
Marietta,F,21
Ona,F,21
Pearle,F,21
Rilla,F,21
Susanna,F,21
Zora,F,21
Adda,F,20
Clare,F,20
Georgiana,F,20
Helene,F,20
Ila,F,20
Libbie,F,20
Magdalena,F,20
Phebe,F,20
Rita,F,20
Vesta,F,20
Edythe,F,19
Kathrine,F,19
Letitia,F,19
Nella,F,19
Octavia,F,19
Oma,F,19
Tena,F,19
Tina,F,19
Velma,F,19
Adaline,F,18
Ava,F,18
Cathrine,F,18
Emmie,F,18
Ettie,F,18
Evie,F,18
Fay,F,18
Iona,F,18
Lavina,F,18
Lessie,F,18
Luna,F,18
Matie,F,18
Charles,F,17
Clyde,F,17
Elmira,F,17
Floy,F,17
Hanna,F,17
Hilma,F,17
Isa,F,17
Mellie,F,17
Missouri,F,17
Pinkie,F,17
Reba,F,17
Retta,F,17
Zelma,F,17
Adella,F,16
Alida,F,16
Cecil,F,16
Eugenie,F,16
India,F,16
June,F,16
Katheryn,F,16
Lilian,F,16
Lotta,F,16
Lucia,F,16
Lutie,F,16
Malissa,F,16
Maybelle,F,16
Sidney,F,16
Sophronia,F,16
Tilda,F,16
Albina,F,15
Arvilla,F,15
Aurelia,F,15
Donna,F,15
Inga,F,15
Jenny,F,15
Lauretta,F,15
Marjorie,F,15
Neva,F,15
Odessa,F,15
Pattie,F,15
Queen,F,15
Veronica,F,15
Adell,F,14
Berta,F,14
Celeste,F,14
Chloe,F,14
Constance,F,14
Deborah,F,14
Docia,F,14
Donnie,F,14
Eloise,F,14
Hortense,F,14
Imogene,F,14
Iola,F,14
Lavinia,F,14
Loula,F,14
Madeline,F,14
Magdalene,F,14
Mame,F,14
Manda,F,14
Mazie,F,14
Mona,F,14
Opal,F,14
Una,F,14
Vida,F,14
Alva,F,13
Annabelle,F,13
Antonia,F,13
Betsy,F,13
Florida,F,13
Henry,F,13
Idella,F,13
Kathleen,F,13
Lenna,F,13
Ludie,F,13
Mahala,F,13
Malvina,F,13
Marcia,F,13
Mariah,F,13
Myrta,F,13
Norah,F,13
Paralee,F,13
Serena,F,13
Sina,F,13
Tressie,F,13
Vernie,F,13
Camille,F,12
Connie,F,12
Dell,F,12
Faye,F,12
Magnolia,F,12
Minta,F,12
Natalie,F,12
Patsy,F,12
Permelia,F,12
Rosella,F,12
Samantha,F,12
Tessie,F,12
Aimee,F,11
Alda,F,11
Aline,F,11
Altha,F,11
Amalia,F,11
America,F,11
Anastasia,F,11
Annetta,F,11
Audrey,F,11
Camilla,F,11
Celina,F,11
Christena,F,11
Cordie,F,11
Easter,F,11
Eddie,F,11
Ethelyn,F,11
Geraldine,F,11
Jeanne,F,11
Kattie,F,11
Leatha,F,11
Leslie,F,11
Lonie,F,11
Lovina,F,11
Mathilde,F,11
Melinda,F,11
Mettie,F,11
Muriel,F,11
Ocie,F,11
Ottilie,F,11
Philomena,F,11
Ray,F,11
Sena,F,11
Thomas,F,11
Walter,F,11
Winona,F,11
Zadie,F,11
Agatha,F,10
Almira,F,10
Arrie,F,10
Aura,F,10
Carol,F,10
Carolina,F,10
Daisie,F,10
Delilah,F,10
Dixie,F,10
Dolores,F,10
Doris,F,10
Elta,F,10
Emelia,F,10
Eve,F,10
Eveline,F,10
Fern,F,10
Glenna,F,10
Grayce,F,10
Huldah,F,10
Ione,F,10
Joe,F,10
Joseph,F,10
Judith,F,10
Lelah,F,10
Lenore,F,10
Leone,F,10
Lucie,F,10
Mammie,F,10
Marcella,F,10
Maye,F,10
Metta,F,10
Minna,F,10
Mintie,F,10
Monica,F,10
Nanie,F,10
Petra,F,10
Rella,F,10
Rosalia,F,10
Vada,F,10
Vallie,F,10
Willa,F,10
Wilma,F,10
Zola,F,10
Amie,F,9
Ana,F,9
Angela,F,9
Becky,F,9
Bennie,F,9
Claude,F,9
Corrie,F,9
Corrine,F,9
Delphine,F,9
Doshia,F,9
Elvie,F,9
Elvina,F,9
Era,F,9
Evelina,F,9
Frank,F,9
Fred,F,9
Frona,F,9
Genie,F,9
Glennie,F,9
Honora,F,9
Janette,F,9
Jannie,F,9
Juliet,F,9
Juliette,F,9
Kizzie,F,9
Lovie,F,9
Mallie,F,9
Mannie,F,9
Margaretta,F,9
Mercy,F,9
Miranda,F,9
Nana,F,9
Oda,F,9
Osa,F,9
Paula,F,9
Prudence,F,9
Robert,F,9
Selina,F,9
Sibyl,F,9
Zilpah,F,9
Zona,F,9
Abigail,F,8
Almedia,F,8
Althea,F,8
Angelina,F,8
Anner,F,8
Ara,F,8
Berdie,F,8
Beryl,F,8
Besse,F,8
Byrdie,F,8
Calla,F,8
Carlotta,F,8
Claribel,F,8
Clarice,F,8
Clemmie,F,8
Clifford,F,8
Coral,F,8
Dillie,F,8
Edwina,F,8
Elinor,F,8
Elizebeth,F,8
Emmer,F,8
Esta,F,8
Exie,F,8
Felicia,F,8
Ira,F,8
Iris,F,8
Jettie,F,8
Juana,F,8
Justine,F,8
Leanna,F,8
Leonie,F,8
Louvenia,F,8
Malissie,F,8
Manie,F,8
Margery,F,8
Maymie,F,8
Meda,F,8
Myrtice,F,8
Narcissus,F,8
Nonie,F,8
Onie,F,8
Pansy,F,8
Paulina,F,8
Rachael,F,8
Rosamond,F,8
Rosanna,F,8
Theo,F,8
Theresia,F,8
Tommie,F,8
Valeria,F,8
Vessie,F,8
Victorine,F,8
Wilhelmine,F,8
Winnifred,F,8
Zada,F,8
Abby,F,7
Adela,F,7
Alfreda,F,7
Alicia,F,7
Alla,F,7
Arabella,F,7
Ardella,F,7
Arminda,F,7
Arminta,F,7
Audie,F,7
Cammie,F,7
Carmen,F,7
Claudie,F,7
Cordia,F,7
Delila,F,7
Dessa,F,7
Diana,F,7
Dicie,F,7
Dottie,F,7
Dove,F,7
Drucilla,F,7
Edyth,F,7
Effa,F,7
Eleanora,F,7
Emilia,F,7
Etha,F,7
Ethyl,F,7
Etna,F,7
Eulalia,F,7
Flo,F,7
Fredericka,F,7
Gloria,F,7
Gusta,F,7
Hessie,F,7
Hope,F,7
Icie,F,7
Jessica,F,7
Lea,F,7
Letta,F,7
Liddie,F,7
Lillia,F,7
Lota,F,7
Lulie,F,7
Madie,F,7
Manuela,F,7
Margarita,F,7
Nathalie,F,7
Nevada,F,7
Nita,F,7
Ota,F,7
Parthenia,F,7
Queenie,F,7
Rae,F,7
Ramona,F,7
Rosina,F,7
Selena,F,7
Tempie,F,7
Texie,F,7
Will,F,7
Zetta,F,7
Zillah,F,7
Aida,F,6
Albertine,F,6
Allene,F,6
Annabel,F,6
Arizona,F,6
Arra,F,6
Aurora,F,6
Belva,F,6
Biddie,F,6
Bird,F,6
Bula,F,6
Carry,F,6
Clementine,F,6
Corine,F,6
Courtney,F,6
Crete,F,6
Daisey,F,6
Dee,F,6
Dicy,F,6
Donie,F,6
Dorcas,F,6
Dossie,F,6
Elda,F,6
Eldora,F,6
Elenora,F,6
Ellar,F,6
Emelie,F,6
Emeline,F,6
Emmaline,F,6
Ester,F,6
Euphemia,F,6
Evaline,F,6
Evangeline,F,6
Flavia,F,6
Fleta,F,6
Florance,F,6
Fronia,F,6
Gillie,F,6
Guadalupe,F,6
Hassie,F,6
Icy,F,6
Ivah,F,6
Jewel,F,6
Jinnie,F,6
Joan,F,6
Jonnie,F,6
Karen,F,6
Katharina,F,6
Kathryne,F,6
Lella,F,6
Leo,F,6
Luvenia,F,6
Mai,F,6
Margarett,F,6
Mell,F,6
Merle,F,6
Mirtie,F,6
Mora,F,6
Nelia,F,6
Nena,F,6
Ninnie,F,6
Odie,F,6
Osie,F,6
Patience,F,6
Pink,F,6
Rettie,F,6
Rosia,F,6
Rowena,F,6
Rozella,F,6
Ruthie,F,6
Salome,F,6
Sammie,F,6
Sofia,F,6
Sula,F,6
Suzanne,F,6
Sybil,F,6
Sylvania,F,6
Theodosia,F,6
Therese,F,6
Tilla,F,6
Tressa,F,6
Ursula,F,6
Veda,F,6
Vena,F,6
Verdie,F,6
Wanda,F,6
Zaida,F,6
Zena,F,6
Zenobia,F,6
Zilpha,F,6
Aggie,F,5
Alba,F,5
Aletha,F,5
Alvena,F,5
Alverta,F,5
Amber,F,5
Andrea,F,5
Andrew,F,5
Annis,F,5
Ason,F,5
Avis,F,5
Bama,F,5
Bernadette,F,5
Bina,F,5
Birtie,F,5
Byrd,F,5
Celesta,F,5
Charlie,F,5
Cherry,F,5
Chloie,F,5
Christie,F,5
Claudine,F,5
Corda,F,5
Corean,F,5
Corinna,F,5
Donia,F,5
Doshie,F,5
Earl,F,5
Eleanore,F,5
Elena,F,5
Elodie,F,5
Ena,F,5
Epsie,F,5
Erna,F,5
Eugene,F,5
Eulah,F,5
Evalena,F,5
Exa,F,5
Faith,F,5
Gail,F,5
Georgine,F,5
Glenn,F,5
Gretta,F,5
Gwendolyn,F,5
Hedwig,F,5
Henriette,F,5
Indiana,F,5
Izora,F,5
Jeffie,F,5
Jemima,F,5
Jesse,F,5
Jo,F,5
Johnie,F,5
Josefa,F,5
Josiephine,F,5
Judy,F,5
Juliana,F,5
Junie,F,5
Katharyn,F,5
Lannie,F,5
Lavada,F,5
Lavenia,F,5
Leda,F,5
Leonore,F,5
Levina,F,5
Libby,F,5
Lilie,F,5
Lissie,F,5
Littie,F,5
Lollie,F,5
Loma,F,5
Lonnie,F,5
Louanna,F,5
Lugenia,F,5
Mabell,F,5
Madeleine,F,5
Mahalia,F,5
Margarette,F,5
Marinda,F,5
Mila,F,5
Minda,F,5
Nealie,F,5
Neta,F,5
Netta,F,5
Orlena,F,5
Ottie,F,5
Ottilia,F,5
Ova,F,5
Ozella,F,5
Phyllis,F,5
Pollie,F,5
Ressie,F,5
Rosena,F,5
Rosey,F,5
Sabina,F,5
Senora,F,5
Siddie,F,5
Susana,F,5
Susanne,F,5
Texanna,F,5
Texas,F,5
Thea,F,5
Theodora,F,5
Tiney,F,5
Tinie,F,5
Tiny,F,5
Vernon,F,5
Verona,F,5
Viney,F,5
John,M,8769
William,M,8524
James,M,5441
George,M,4664
Charles,M,4636
Frank,M,2834
Joseph,M,2456
Henry,M,2339
Thomas,M,2282
Edward,M,2177
Robert,M,2140
Harry,M,2002
Walter,M,1670
Arthur,M,1575
Fred,M,1418
Albert,M,1319
Samuel,M,919
David,M,750
Louis,M,746
Charlie,M,668
Clarence,M,668
Richard,M,641
Joe,M,639
Andrew,M,588
Ernest,M,571
Will,M,550
Jesse,M,536
Oscar,M,530
Daniel,M,527
Willie,M,498
Benjamin,M,481
Sam,M,481
Alfred,M,466
Roy,M,440
Lewis,M,439
Frederick,M,433
Peter,M,428
Elmer,M,388
Jacob,M,381
Herbert,M,369
Carl,M,359
Howard,M,359
Tom,M,349
Lee,M,342
Ralph,M,329
Martin,M,327
Jim,M,323
Earl,M,314
Eugene,M,314
Bert,M,312
Edgar,M,312
Herman,M,304
Claude,M,302
Michael,M,298
Paul,M,291
Ben,M,289
Ira,M,286
Harvey,M,282
Chester,M,274
Edwin,M,274
Ed,M,272
Charley,M,266
Francis,M,259
Isaac,M,258
Luther,M,249
Lawrence,M,244
Oliver,M,238
Clyde,M,232
Otto,M,221
Hugh,M,219
Alexander,M,209
Leonard,M,206
Jack,M,197
Raymond,M,195
Patrick,M,188
Guy,M,186
Homer,M,181
Floyd,M,178
Theodore,M,178
Allen,M,172
August,M,172
Marion,M,162
Philip,M,156
Warren,M,156
Horace,M,152
Dan,M,148
Ray,M,148
Garfield,M,147
Stephen,M,147
Emil,M,145
Jessie,M,143
Milton,M,143
Willis,M,142
Calvin,M,138
Dave,M,135
Bernard,M,130
Julius,M,129
Leroy,M,129
Sidney,M,129
Anthony,M,128
Archie,M,125
Perry,M,123
Leo,M,122
Leon,M,121
Rufus,M,121
Harold,M,120
Franklin,M,117
Adam,M,116
Alex,M,114
Alonzo,M,111
Everett,M,111
Clifford,M,110
Victor,M,110
Eddie,M,109
Alvin,M,105
Levi,M,104
Amos,M,102
Roscoe,M,102
Wesley,M,102
Dennis,M,99
Eli,M,97
Jerry,M,97
Jay,M,96
Hiram,M,95
Norman,M,95
Percy,M,95
Aaron,M,94
Gus,M,94
Mark,M,94
Willard,M,94
Moses,M,93
Earnest,M,92
Gilbert,M,92
Jake,M,92
Leslie,M,92
Nathan,M,91
Adolph,M,90
Nelson,M,90
Otis,M,89
Irvin,M,88
Wallace,M,88
Clinton,M,87
Lester,M,87
Lloyd,M,87
Morris,M,87
Abraham,M,86
Jess,M,85
Elbert,M,84
Phillip,M,84
Jasper,M,83
Ross,M,82
Noah,M,81
Wilbur,M,81
Claud,M,80
Cornelius,M,80
Mack,M,80
Matthew,M,80
Lonnie,M,77
Jose,M,76
Melvin,M,76
Stanley,M,76
Sylvester,M,76
Wiley,M,76
Simon,M,75
Reuben,M,73
Silas,M,73
Wilson,M,73
Curtis,M,72
Felix,M,72
Maurice,M,72
Alva,M,70
Elijah,M,69
Christopher,M,68
Owen,M,67
Austin,M,66
Clark,M,66
Max,M,66
Asa,M,65
Emmett,M,65
Fredrick,M,65
Russell,M,65
Virgil,M,65
Winfield,M,65
Mose,M,63
Timothy,M,63
Rudolph,M,62
Edmund,M,61
Harley,M,61
Harrison,M,61
Jeff,M,61
Orville,M,61
Irving,M,60
Andy,M,58
Ellis,M,58
Lemuel,M,58
Monroe,M,58
Anton,M,57
Joel,M,57
Manuel,M,57
Marvin,M,57
Pete,M,57
Vernon,M,57
Marshall,M,56
Nicholas,M,56
Ike,M,55
Mathew,M,55
Ora,M,55
Christian,M,53
Emery,M,53
Newton,M,53
Chris,M,52
Clayton,M,52
Pearl,M,52
Wade,M,52
Augustus,M,51
Columbus,M,51
Scott,M,51
Bob,M,50
Solomon,M,49
Emanuel,M,48
Nathaniel,M,48
Riley,M,47
Sherman,M,47
Glenn,M,45
Johnnie,M,45
Juan,M,45
Marcus,M,45
Ollie,M,45
Enoch,M,44
Ezra,M,44
Mike,M,44
Steve,M,44
Ambrose,M,43
Arch,M,43
Dock,M,43
Hubert,M,43
Bill,M,42
Burton,M,42
Edmond,M,42
Emory,M,42
Luke,M,42
Ole,M,42
Elias,M,41
Anderson,M,40
Barney,M,40
Byron,M,40
Cyrus,M,40
Edd,M,40
Joshua,M,40
Major,M,40
Miles,M,40
Chas,M,39
Clifton,M,39
Gustave,M,39
Nick,M,39
Taylor,M,39
Bud,M,38
Jerome,M,38
Lucius,M,38
Burt,M,37
Ward,M,37
Abe,M,36
Hugo,M,36
Julian,M,36
Millard,M,36
Preston,M,36
Tony,M,36
Cecil,M,35
Seth,M,35
Bruce,M,34
Fletcher,M,34
Jeremiah,M,34
Grant,M,33
Green,M,33
Neal,M,33
Bennie,M,32
Conrad,M,32
Dee,M,32
Ervin,M,32
Gordon,M,32
Grover,M,32
Isaiah,M,32
Lorenzo,M,32
Porter,M,32
Van,M,32
Glen,M,31
Jefferson,M,31
Louie,M,31
Abner,M,30
Abram,M,30
Dudley,M,30
Lucian,M,30
Roland,M,30
Vincent,M,30
Wayne,M,30
Arnold,M,29
Elisha,M,29
Elwood,M,29
Karl,M,29
Kenneth,M,29
Mary,M,29
Matt,M,29
Myron,M,29
Pink,M,29
Roger,M,29
Wilbert,M,29
Forrest,M,28
Irwin,M,28
Jackson,M,28
Laurence,M,28
Madison,M,28
Sanford,M,28
Archibald,M,27
Delbert,M,27
Donald,M,27
Lon,M,27
Stewart,M,27
Antonio,M,26
Chauncey,M,26
Don,M,26
Noble,M,26
Otho,M,26
Spencer,M,26
Avery,M,25
Dallas,M,25
Freeman,M,25
Jonas,M,25
Lige,M,25
Napoleon,M,25
Walker,M,25
Zack,M,25
Boyd,M,24
Clay,M,24
Dewitt,M,24
Emmet,M,24
Evan,M,24
General,M,24
Isiah,M,24
Josiah,M,24
Omer,M,24
Perley,M,24
Ferdinand,M,23
Hans,M,23
Israel,M,23
Judson,M,23
Morgan,M,23
Waldo,M,23
Berry,M,22
Carroll,M,22
Clement,M,22
Elliott,M,22
Ezekiel,M,22
Foster,M,22
Gust,M,22
Jason,M,22
Josh,M,22
Junius,M,22
Loren,M,22
Wilfred,M,22
Adolphus,M,21
Allie,M,21
Benjiman,M,21
Christ,M,21
Dwight,M,21
Earle,M,21
Francisco,M,21
Giles,M,21
Granville,M,21
Jonathan,M,21
Lafayette,M,21
Leander,M,21
Lyman,M,21
Lynn,M,21
Ruben,M,21
Dick,M,20
Elvin,M,20
Emerson,M,20
Emile,M,20
Isom,M,20
Jimmie,M,20
King,M,20
Mitchell,M,20
Orrin,M,20
Pat,M,20
Royal,M,20
Sim,M,20
Truman,M,20
Washington,M,20
Al,M,19
Carlos,M,19
Lem,M,19
Milo,M,19
Oren,M,19
Orlando,M,19
Allan,M,18
Arther,M,18
Caleb,M,18
Cicero,M,18
Clem,M,18
Clint,M,18
Forest,M,18
Gustav,M,18
Harmon,M,18
Ivan,M,18
Jordan,M,18
Ned,M,18
Nels,M,18
Phil,M,18
Randolph,M,18
Smith,M,18
Tomas,M,18
Turner,M,18
Ulysses,M,18
Vern,M,18
Wilford,M,18
Addison,M,17
Alford,M,17
Art,M,17
Benjamine,M,17
Dean,M,17
Enos,M,17
Erwin,M,17
Gabriel,M,17
Issac,M,17
Lucious,M,17
Malcolm,M,17
Merton,M,17
Micheal,M,17
Prince,M,17
Simeon,M,17
Anna,M,16
Carlton,M,16
Coleman,M,16
Douglas,M,16
Finis,M,16
Hardy,M,16
Hosea,M,16
Jules,M,16
Rolla,M,16
Tobe,M,16
Wash,M,16
Almon,M,15
Aubrey,M,15
Bertram,M,15
Casper,M,15
Ellsworth,M,15
Ephraim,M,15
Fay,M,15
Hamilton,M,15
Harris,M,15
Henery,M,15
Lou,M,15
Mat,M,15
Rollin,M,15
Sol,M,15
Steven,M,15
Verne,M,15
West,M,15
Wm,M,15
Adelbert,M,14
Alma,M,14
Aron,M,14
Axel,M,14
Bennett,M,14
Brown,M,14
Buck,M,14
Colonel,M,14
Elton,M,14
Elza,M,14
Gerald,M,14
Ivy,M,14
Johnie,M,14
Judge,M,14
Lenard,M,14
Minor,M,14
Morton,M,14
Murray,M,14
Nat,M,14
Newell,M,14
Norris,M,14
Pedro,M,14
Rollie,M,14
Sandy,M,14
Wilber,M,14
Wilburn,M,14
Wyatt,M,14
Davis,M,13
Dell,M,13
Doc,M,13
Fate,M,13
Frederic,M,13
Harlan,M,13
Harve,M,13
Henderson,M,13
Johnny,M,13
Logan,M,13
Mason,M,13
Merle,M,13
Merritt,M,13
Noel,M,13
Valentine,M,13
Wellington,M,13
Abel,M,12
Adrian,M,12
Alphonse,M,12
Carter,M,12
Cary,M,12
Cleveland,M,12
Crawford,M,12
Curt,M,12
Duncan,M,12
Early,M,12
Ernst,M,12
Frances,M,12
Gene,M,12
Hal,M,12
Hamp,M,12
Hezekiah,M,12
Lawson,M,12
Luis,M,12
Mathias,M,12
Olin,M,12
Parker,M,12
Pleasant,M,12
Reginald,M,12
Rich,M,12
Seymour,M,12
Solon,M,12
Stuart,M,12
Thaddeus,M,12
Tim,M,12
Winfred,M,12
Alton,M,11
Asbury,M,11
Bart,M,11
Benton,M,11
Beverly,M,11
Birt,M,11
Burl,M,11
Chin,M,11
Elihu,M,11
Erastus,M,11
Ford,M,11
Hampton,M,11
Houston,M,11
Johnson,M,11
Len,M,11
Lonzo,M,11
Loyd,M,11
Lucas,M,11
Lucien,M,11
Miller,M,11
Mortimer,M,11
Omar,M,11
Orval,M,11
Pierre,M,11
Raleigh,M,11
Ransom,M,11
Rush,M,11
Shelby,M,11
Tommie,M,11
Wilmer,M,11
Alonza,M,10
Artie,M,10
Bee,M,10
Benjaman,M,10
Bradley,M,10
Cal,M,10
Cloyd,M,10
Danial,M,10
Dexter,M,10
Emmitt,M,10
Finley,M,10
Guss,M,10
June,M,10
Lacy,M,10
Larkin,M,10
Meyer,M,10
Mont,M,10
Newt,M,10
Paris,M,10
Pleas,M,10
Rupert,M,10
Russel,M,10
Santiago,M,10
Sid,M,10
Soloman,M,10
Thornton,M,10
Walton,M,10
Warner,M,10
Watson,M,10
Willam,M,10
Wylie,M,10
Zeb,M,10
Allison,M,9
Alpha,M,9
Angus,M,9
Anson,M,9
Asberry,M,9
Basil,M,9
Bertie,M,9
Berton,M,9
Bryant,M,9
Buford,M,9
Byrd,M,9
Cassius,M,9
Clair,M,9
Cornelious,M,9
Dana,M,9
Deforest,M,9
Denis,M,9
Dillard,M,9
Dolph,M,9
Dorsey,M,9
Edith,M,9
Eldridge,M,9
Elmo,M,9
Emma,M,9
Eric,M,9
Freddie,M,9
Geo,M,9
Godfrey,M,9
Harper,M,9
Haywood,M,9
Jean,M,9
Jule,M,9
Lambert,M,9
Leland,M,9
Lew,M,9
Margaret,M,9
Marshal,M,9
Miguel,M,9
Milford,M,9
Ocie,M,9
Olen,M,9
Orange,M,9
Orin,M,9
Ottis,M,9
Park,M,9
Pinkney,M,9
Ples,M,9
Press,M,9
Rafael,M,9
Ramon,M,9
Randall,M,9
Reece,M,9
Roe,M,9
Rube,M,9
Thad,M,9
Vivian,M,9
Willian,M,9
Young,M,9
Aloysius,M,8
Ambers,M,8
Archer,M,8
Bailey,M,8
Bartholomew,M,8
Bessie,M,8
Billie,M,8
Bishop,M,8
Carey,M,8
Collins,M,8
Connie,M,8
Drew,M,8
Elbridge,M,8
Eldon,M,8
Elvis,M,8
Ely,M,8
Fritz,M,8
Gaston,M,8
Guadalupe,M,8
Hartwell,M,8
Herschel,M,8
Isadore,M,8
Jesus,M,8
Kelly,M,8
Knox,M,8
Larry,M,8
Lindsay,M,8
Llewellyn,M,8
Lue,M,8
Manning,M,8
Marcellus,M,8
Mervin,M,8
Minnie,M,8
Odie,M,8
Ola,M,8
Palmer,M,8
Reed,M,8
Reese,M,8
Sampson,M,8
Samual,M,8
Sanders,M,8
Squire,M,8
Sterling,M,8
Sumner,M,8
Theo,M,8
Thos,M,8
Todd,M,8
Tommy,M,8
Unknown,M,8
Watt,M,8
Wendell,M,8
Wirt,M,8
Wong,M,8
Woodie,M,8
Addie,M,7
Albion,M,7
Alec,M,7
Alice,M,7
Alphonso,M,7
Alvis,M,7
Ammon,M,7
Auther,M,7
Ballard,M,7
Barton,M,7
Boss,M,7
Burley,M,7
Cas,M,7
Cass,M,7
Chalmer,M,7
Chesley,M,7
Cora,M,7
Coy,M,7
Denton,M,7
Doss,M,7
Edson,M,7
Egbert,M,7
Elder,M,7
Elie,M,7
Elsworth,M,7
Elzie,M,7
Erving,M,7
Evans,M,7
Evert,M,7
Florence,M,7
Fredric,M,7
Furman,M,7
Garland,M,7
Garrett,M,7
Gideon,M,7
Halsey,M,7
Handy,M,7
Helen,M,7
Horatio,M,7
Hyrum,M,7
Isham,M,7
Justin,M,7
Leopold,M,7
Levy,M,7
Lindsey,M,7
Lum,M,7
Mac,M,7
Mahlon,M,7
Mart,M,7
Merrill,M,7
Nellie,M,7
Oda,M,7
Olaf,M,7
Oran,M,7
Orson,M,7
Pearlie,M,7
Percival,M,7
Pierce,M,7
Plummer,M,7
Presley,M,7
Price,M,7
Quincy,M,7
Rex,M,7
Rollo,M,7
Roswell,M,7
Ruffus,M,7
Sheldon,M,7
Shirley,M,7
Ted,M,7
Tilman,M,7
Vance,M,7
Williams,M,7
Worth,M,7
York,M,7
Acie,M,6
Alden,M,6
Alfonso,M,6
Alois,M,6
Alvah,M,6
Alvie,M,6
Andres,M,6
Asher,M,6
Ashley,M,6
Ashton,M,6
Augustine,M,6
Baxter,M,6
Bernhard,M,6
Bertrand,M,6
Billy,M,6
Bird,M,6
Blaine,M,6
Bruno,M,6
Burke,M,6
Cap,M,6
Carrie,M,6
Carson,M,6
Casimiro,M,6
Collie,M,6
Curley,M,6
Dale,M,6
Dixon,M,6
Dominick,M,6
Ennis,M,6
Erasmus,M,6
Ferd,M,6
Garret,M,6
Gary,M,6
Gee,M,6
Gerrit,M,6
Gregory,M,6
Griffin,M,6
Hall,M,6
Heber,M,6
Hector,M,6
Hermann,M,6
Hosteen,M,6
Howell,M,6
Huey,M,6
Humphrey,M,6
Hunter,M,6
Hurley,M,6
Isidore,M,6
Ivey,M,6
Jones,M,6
Lafe,M,6
Lonie,M,6
Lorenza,M,6
Lyle,M,6
Marian,M,6
Maud,M,6
Maude,M,6
Melville,M,6
Murphy,M,6
Neil,M,6
Obe,M,6
Obie,M,6
Orla,M,6
Orlo,M,6
Orrie,M,6
Oswald,M,6
Otha,M,6
Richmond,M,6
Rodney,M,6
Rutherford,M,6
Sebastian,M,6
Stanton,M,6
Starling,M,6
Stonewall,M,6
Sydney,M,6
Thurman,M,6
Tolbert,M,6
Toney,M,6
Troy,M,6
Uriah,M,6
Vernie,M,6
Weaver,M,6
Webb,M,6
Whit,M,6
Yee,M,6
Adrien,M,5
Albin,M,5
Alf,M,5
Alto,M,5
Angelo,M,5
Annie,M,5
Antone,M,5
Arden,M,5
Arlington,M,5
Atticus,M,5
Augustin,M,5
Author,M,5
Authur,M,5
Bedford,M,5
Belton,M,5
Bertha,M,5
Blair,M,5
Burrell,M,5
Buster,M,5
Caesar,M,5
Callie,M,5
Campbell,M,5
Champ,M,5
Clara,M,5
Clarance,M,5
Clarke,M,5
Cliff,M,5
Coley,M,5
Colin,M,5
Conway,M,5
Craig,M,5
Dalton,M,5
Darwin,M,5
Delmar,M,5
Dennie,M,5
Dolphus,M,5
Duke,M,5
Ebb,M,5
Ebbie,M,5
Eber,M,5
Edna,M,5
Ellison,M,5
Elmore,M,5
Elonzo,M,5
Emit,M,5
Emry,M,5
Ephram,M,5
Esequiel,M,5
Essie,M,5
Esta,M,5
Ethel,M,5
Evertt,M,5
Fayette,M,5
Flem,M,5
Fleming,M,5
Gabe,M,5
Garner,M,5
Garnett,M,5
Golden,M,5
Graham,M,5
Gregg,M,5
Gustaf,M,5
Gustavus,M,5
Halbert,M,5
Hardie,M,5
Hardin,M,5
Harvie,M,5
Harvy,M,5
Hayes,M,5
Hilliard,M,5
Hollis,M,5
Hubbard,M,5
Hudson,M,5
Ida,M,5
Jared,M,5
Jere,M,5
Joesph,M,5
Johnathan,M,5
Jonah,M,5
Julious,M,5
Juluis,M,5
Justus,M,5
Kirby,M,5
Kyle,M,5
Lane,M,5
Lawerence,M,5
Layton,M,5
Less,M,5
Lincoln,M,5
Linwood,M,5
Louise,M,5
Lowell,M,5
Loy,M,5
Lucy,M,5
Malachi,M,5
Manly,M,5
Mannie,M,5
Marcel,M,5
Marius,M,5
Marrion,M,5
Math,M,5
Mercer,M,5
Monte,M,5
Montgomery,M,5
Nolan,M,5
Okey,M,5
Orley,M,5
Page,M,5
Philo,M,5
Primus,M,5
Prosper,M,5
Pryor,M,5
Rene,M,5
Robin,M,5
Roll,M,5
Rolland,M,5
Seward,M,5
Shannon,M,5
Talmage,M,5
Urban,M,5
Vaughn,M,5
Verner,M,5
Waverly,M,5
Webster,M,5
Weldon,M,5
Wells,M,5
Wiliam,M,5
Wilton,M,5
Wing,M,5
Wood,M,5
Wright,M,5
