name,gender,count
Mary,F,11754
Anna,F,4982
Elizabeth,F,3224
Emma,F,3087
Margaret,F,2904
Minnie,F,2654
Bertha,F,2450
Florence,F,2444
Ethel,F,2374
Bessie,F,2278
Clara,F,2230
Ida,F,2229
Alice,F,2202
Annie,F,2188
Grace,F,2090
Helen,F,1847
Mabel,F,1830
Ella,F,1774
Martha,F,1769
Sarah,F,1755
Nellie,F,1736
Edna,F,1687
Lillian,F,1656
Carrie,F,1647
Laura,F,1624
Pearl,F,1591
Rose,F,1590
Gertrude,F,1468
Edith,F,1453
Frances,F,1452
Cora,F,1433
Maude,F,1396
Louise,F,1334
Eva,F,1329
Myrtle,F,1310
Hattie,F,1298
Jennie,F,1298
Julia,F,1292
Mattie,F,1268
Marie,F,1258
Lillie,F,1249
Catherine,F,1212
Jessie,F,1200
Lula,F,1173
Lena,F,1162
Ada,F,1116
Elsie,F,1112
Agnes,F,1046
Josephine,F,1001
Fannie,F,991
Lucy,F,964
Blanche,F,942
Mamie,F,917
Dora,F,898
Hazel,F,898
Katherine,F,893
Maggie,F,882
Alma,F,853
Ruth,F,850
Mae,F,836
Nora,F,832
Rosa,F,832
May,F,782
Stella,F,775
Effie,F,744
Irene,F,722
Nettie,F,692
Ellen,F,691
Sadie,F,691
Sallie,F,633
Della,F,621
Susie,F,621
Daisy,F,612
Viola,F,596
Lizzie,F,593
Nancy,F,582
Esther,F,572
Flora,F,541
Willie,F,522
Katie,F,516
Lottie,F,511
Etta,F,500
Mildred,F,499
Georgia,F,477
Lydia,F,472
Maud,F,469
Olive,F,465
Charlotte,F,464
Caroline,F,458
Emily,F,457
Addie,F,455
Jane,F,446
Kathryn,F,446
Ruby,F,445
Beulah,F,426
Ollie,F,411
Amanda,F,404
Pauline,F,393
Harriet,F,389
Virginia,F,385
Theresa,F,377
Mollie,F,375
Dorothy,F,373
Nannie,F,373
Lulu,F,367
Susan,F,363
Kate,F,360
Amelia,F,358
Henrietta,F,349
Eliza,F,343
Rebecca,F,337
Matilda,F,328
Ora,F,325
Marion,F,322
Belle,F,317
Beatrice,F,316
Gladys,F,314
Leona,F,311
Lola,F,304
Nina,F,304
Estella,F,303
Iva,F,302
Ann,F,295
Hannah,F,295
Sara,F,293
Anne,F,292
Lela,F,292
Eleanor,F,288
Rachel,F,281
Estelle,F,274
Augusta,F,270
Vera,F,263
Goldie,F,261
Josie,F,257
Barbara,F,253
Sophia,F,251
Mayme,F,247
Maria,F,239
Evelyn,F,237
Amy,F,236
Marguerite,F,235
Inez,F,233
Essie,F,230
Allie,F,223
Eula,F,223
Hilda,F,219
Alta,F,218
Betty,F,214
Millie,F,213
Rosie,F,211
Mable,F,209
Victoria,F,207
Ina,F,206
Janie,F,206
Delia,F,200
Ola,F,200
Celia,F,196
Callie,F,195
Nell,F,188
Flossie,F,182
Birdie,F,181
Eunice,F,180
Bertie,F,179
Lucille,F,179
Winifred,F,176
Olga,F,172
Rena,F,172
Luella,F,171
Sophie,F,171
Christine,F,170
Leila,F,170
Bettie,F,169
Lou,F,169
Sylvia,F,166
Verna,F,165
Bess,F,164
Bernice,F,157
Loretta,F,157
Frieda,F,154
Genevieve,F,154
Tillie,F,154
Isabelle,F,153
Louisa,F,152
Alberta,F,147
Jean,F,145
Violet,F,145
Isabel,F,144
Winnie,F,143
Sally,F,142
Selma,F,139
Abbie,F,137
Roxie,F,136
Myra,F,134
Dollie,F,133
Mathilda,F,133
Rhoda,F,130
Adeline,F,128
Elva,F,128
Lelia,F,128
Hulda,F,126
Jeanette,F,126
Lilly,F,124
Carolyn,F,123
Hettie,F,120
Irma,F,120
Lois,F,120
Gussie,F,118
Harriett,F,118
Johanna,F,118
Leah,F,118
Marjorie,F,118
Sue,F,117
Adele,F,116
Cornelia,F,116
Christina,F,114
Cecelia,F,113
Hester,F,113
Virgie,F,112
Teresa,F,111
Zella,F,111
Geneva,F,109
Jeannette,F,109
Katharine,F,108
Lora,F,107
Lenora,F,105
Nelle,F,105
Mina,F,104
Helena,F,103
Lily,F,102
Norma,F,101
Frankie,F,100
Meta,F,99
Adelaide,F,98
Cecilia,F,97
Elma,F,97
Lucinda,F,97
Freda,F,95
Linnie,F,95
Lucile,F,94
Hallie,F,93
Naomi,F,93
Marian,F,92
Regina,F,92
Gertie,F,91
Lura,F,91
Lettie,F,90
Francis,F,88
Lila,F,88
Wilhelmina,F,88
Elsa,F,87
Mittie,F,86
Lida,F,84
Erma,F,83
Elnora,F,82
Cassie,F,81
Cecile,F,81
Claudia,F,81
Ophelia,F,81
Madeline,F,80
Minerva,F,79
Dessie,F,78
Fern,F,77
Juanita,F,77
Linda,F,77
Madge,F,77
Vivian,F,77
Fanny,F,75
Lorena,F,75
Roberta,F,74
Claire,F,73
Malinda,F,73
Pearlie,F,73
Ivy,F,72
Leola,F,72
Myrtie,F,72
Olivia,F,71
Alvina,F,70
Bonnie,F,70
Eugenia,F,70
Corinne,F,69
Lessie,F,69
Margie,F,69
Nona,F,69
Janet,F,68
Maudie,F,68
Kathleen,F,67
Velma,F,67
Antoinette,F,66
Belva,F,66
Catharine,F,66
Emilie,F,65
Gracie,F,65
Oma,F,65
Phoebe,F,65
Miriam,F,64
Cleo,F,63
Dovie,F,63
Fay,F,63
Isabella,F,63
Letha,F,63
Neva,F,63
Rosalie,F,63
Blanch,F,62
Chloe,F,62
Lee,F,61
Mabelle,F,61
Rosetta,F,61
Dolly,F,60
Orpha,F,60
Polly,F,60
Anita,F,59
Elvira,F,59
Veronica,F,59
Cynthia,F,58
Mandy,F,58
Ona,F,58
Angeline,F,57
Johnnie,F,57
Pearle,F,57
Faye,F,56
Leota,F,56
Lilla,F,56
Lona,F,56
Priscilla,F,56
Doris,F,55
Georgie,F,55
Cordelia,F,54
Kittie,F,54
Nola,F,54
Sudie,F,54
Artie,F,53
Floy,F,53
John,F,52
Opal,F,52
Rita,F,52
Vida,F,52
Angie,F,51
Lyda,F,51
Octavia,F,51
Vesta,F,51
June,F,50
Louella,F,50
Ila,F,49
Maybelle,F,49
Pansy,F,49
Rae,F,49
Alpha,F,47
Charity,F,47
Dona,F,46
Edythe,F,46
Ernestine,F,46
Evie,F,46
Isabell,F,46
Margret,F,46
Nan,F,46
Annette,F,45
Bell,F,45
Iola,F,45
James,F,45
Lina,F,45
Zula,F,45
Antonia,F,44
Jannie,F,44
Mazie,F,44
Tessie,F,44
Clare,F,43
Constance,F,43
Muriel,F,43
Adelia,F,42
Pattie,F,42
William,F,42
Zoe,F,42
Zora,F,42
Audrey,F,41
Ava,F,41
Ellie,F,41
Leonora,F,41
Leta,F,41
Magdalena,F,41
Eda,F,40
Florida,F,40
Geraldine,F,40
Leora,F,40
Melissa,F,40
Melvina,F,40
Tina,F,40
Bridget,F,39
Helene,F,39
Mellie,F,39
Pinkie,F,39
Tena,F,39
Vina,F,39
Willa,F,39
Adah,F,38
Berta,F,38
Dena,F,38
Dixie,F,38
Dorothea,F,38
Hanna,F,38
Lauretta,F,38
Lavina,F,38
Rosella,F,38
Angelina,F,37
Donna,F,37
Hilma,F,37
Joanna,F,37
Marietta,F,37
Missouri,F,37
Molly,F,37
Savannah,F,37
Wilma,F,37
Zelma,F,37
Aline,F,36
Aurelia,F,36
Cecil,F,36
George,F,36
Hortense,F,36
Jimmie,F,36
Winnifred,F,36
Bennie,F,35
Besse,F,35
Ethyl,F,35
Golda,F,35
Lucretia,F,35
Clyde,F,34
Eloise,F,34
Erna,F,34
Georgianna,F,34
Hedwig,F,34
Lucia,F,34
Agatha,F,33
Angela,F,33
Elisabeth,F,33
Elise,F,33
Emelia,F,33
Marcella,F,33
Reba,F,33
Una,F,33
Alva,F,32
Ettie,F,32
Mona,F,32
Shirley,F,32
Bella,F,31
Iona,F,31
Lenore,F,31
Louie,F,31
Ludie,F,31
Minna,F,31
Retta,F,31
Sena,F,31
Dolores,F,30
Libbie,F,30
Lue,F,30
Mallie,F,30
Vernie,F,30
Vinnie,F,30
Zona,F,30
Clementine,F,29
Cordie,F,29
Inga,F,29
Jettie,F,29
Lennie,F,29
Lonie,F,29
Manda,F,29
Mertie,F,29
Phyllis,F,29
Ray,F,29
Tennie,F,29
Vallie,F,29
Charles,F,28
Docia,F,28
Idella,F,28
Ione,F,28
Kitty,F,28
Liza,F,28
Adda,F,27
Celeste,F,27
Eddie,F,27
Elda,F,27
Eugenie,F,27
Jewell,F,27
Lovie,F,27
Paula,F,27
Susanna,F,27
Vada,F,27
Albina,F,26
Carmen,F,26
Coral,F,26
Deborah,F,26
Elenora,F,26
Emmie,F,26
Era,F,26
Georgiana,F,26
Julie,F,26
Lenna,F,26
Letitia,F,26
Marcia,F,26
Mathilde,F,26
Natalie,F,26
Rilla,F,26
Veda,F,26
Verda,F,26
Almeda,F,25
Corine,F,25
Glenna,F,25
Henry,F,25
Madeleine,F,25
Madie,F,25
Merle,F,25
Odessa,F,25
Queen,F,25
Avis,F,24
Carolina,F,24
Corrie,F,24
Donnie,F,24
Easter,F,24
Esta,F,24
Jenny,F,24
Joe,F,24
Luna,F,24
Onie,F,24
Petra,F,24
Philomena,F,24
Wilda,F,24
Celestine,F,23
Elizebeth,F,23
Emilia,F,23
Ira,F,23
Leslie,F,23
Mahala,F,23
Ocie,F,23
Zola,F,23
Amalia,F,22
Betsy,F,22
Clemmie,F,22
Donie,F,22
Imogene,F,22
Kathrine,F,22
Kattie,F,22
Lavinia,F,22
Lilian,F,22
Lucie,F,22
Patsy,F,22
Rosina,F,22
Sophronia,F,22
Theresia,F,22
Wanda,F,22
Adela,F,21
Altha,F,21
Althea,F,21
Connie,F,21
Corrine,F,21
Delphia,F,21
Elinor,F,21
Ester,F,21
Frank,F,21
Melinda,F,21
Anastasia,F,20
Annetta,F,20
Ara,F,20
Carol,F,20
Lorraine,F,20
Lutie,F,20
Maye,F,20
Metta,F,20
Myrta,F,20
Prudence,F,20
Rhea,F,20
Rubie,F,20
Tommie,F,20
Vena,F,20
Adella,F,19
Alida,F,19
Annabelle,F,19
Beryl,F,19
Birtie,F,19
Cathrine,F,19
Clarice,F,19
Delilah,F,19
Elmira,F,19
Evalyn,F,19
Francisca,F,19
Harriette,F,19
Jeanne,F,19
Kathryne,F,19
Lelah,F,19
Lotta,F,19
Magdalene,F,19
Mariah,F,19
Ottilie,F,19
Robert,F,19
Rowena,F,19
Abigail,F,18
Christena,F,18
Ebba,F,18
Eleanore,F,18
Ethelyn,F,18
Gretchen,F,18
Guadalupe,F,18
India,F,18
Jessica,F,18
Joseph,F,18
Luvenia,F,18
Meda,F,18
Nita,F,18
Ottie,F,18
Rachael,F,18
Samantha,F,18
Selena,F,18
Sula,F,18
Theodora,F,18
America,F,17
Annabel,F,17
Arrie,F,17
Carmela,F,17
Cordia,F,17
Eleanora,F,17
Icie,F,17
Iris,F,17
Isa,F,17
Jewel,F,17
Lea,F,17
Leone,F,17
Mettie,F,17
Nelia,F,17
Nella,F,17
Phebe,F,17
Rosanna,F,17
Rossie,F,17
Sadye,F,17
Theo,F,17
Tilda,F,17
Tressie,F,17
Zetta,F,17
Zilpha,F,17
Adaline,F,16
Albertine,F,16
Amie,F,16
Annis,F,16
Arizona,F,16
Aura,F,16
Bernadette,F,16
Camille,F,16
Christie,F,16
Clora,F,16
Corda,F,16
Dottie,F,16
Effa,F,16
Emmer,F,16
Eudora,F,16
Eulalia,F,16
Judith,F,16
Liddie,F,16
Louvenia,F,16
Lular,F,16
Malissa,F,16
Margaretta,F,16
Maybell,F,16
Mintie,F,16
Sybil,F,16
Winona,F,16
Zada,F,16
Alda,F,15
Alvena,F,15
Camilla,F,15
Dagmar,F,15
Dorcas,F,15
Edyth,F,15
Elena,F,15
Elisa,F,15
Emeline,F,15
Fred,F,15
Gail,F,15
Huldah,F,15
Ivah,F,15
Janette,F,15
Lera,F,15
Loula,F,15
Malvina,F,15
Mame,F,15
Nonie,F,15
Norah,F,15
Nova,F,15
Tempie,F,15
Thelma,F,15
Tressa,F,15
Valeria,F,15
Vergie,F,15
Vertie,F,15
Albert,F,14
Almira,F,14
Arie,F,14
Delphine,F,14
Dillie,F,14
Eileen,F,14
Elta,F,14
Evangeline,F,14
Felicia,F,14
Florrie,F,14
Gay,F,14
Gena,F,14
Glennie,F,14
Helga,F,14
Joan,F,14
Katheryn,F,14
Leanna,F,14
Loraine,F,14
Magnolia,F,14
Manie,F,14
Matie,F,14
Maymie,F,14
Mima,F,14
Minta,F,14
Odie,F,14
Osie,F,14
Peggy,F,14
Savanah,F,14
Serena,F,14
Thea,F,14
Therese,F,14
Thomas,F,14
Tinnie,F,14
Ursula,F,14
Arlie,F,13
Arline,F,13
Aurora,F,13
Berdie,F,13
Bulah,F,13
Charlie,F,13
Claudie,F,13
Delta,F,13
Dessa,F,13
Dot,F,13
Edwina,F,13
Emmaline,F,13
Etha,F,13
Eve,F,13
Faith,F,13
Fronia,F,13
Fronie,F,13
Harry,F,13
Henriette,F,13
Lollie,F,13
Monica,F,13
Myrtis,F,13
Nena,F,13
Pollie,F,13
Queenie,F,13
Robbie,F,13
Selina,F,13
Signe,F,13
Zettie,F,13
Aimee,F,12
Ana,F,12
Arabella,F,12
Arvilla,F,12
Clarissa,F,12
Dell,F,12
Dinah,F,12
Enid,F,12
Epsie,F,12
Erie,F,12
Etna,F,12
Eulah,F,12
Evelina,F,12
Florine,F,12
Gene,F,12
Goldia,F,12
Jesse,F,12
Juliet,F,12
Kizzie,F,12
Lissie,F,12
Magdalen,F,12
Maida,F,12
Mammie,F,12
Margarete,F,12
Margery,F,12
Margrett,F,12
Minda,F,12
Myrle,F,12
Nadine,F,12
Novella,F,12
Oda,F,12
Pallie,F,12
Patricia,F,12
Ramona,F,12
Ressie,F,12
Reta,F,12
Sarrah,F,12
Sofia,F,12
Tiny,F,12
Wilhelmine,F,12
Albertina,F,11
Anner,F,11
Arminta,F,11
Audie,F,11
Avie,F,11
Beaulah,F,11
Bird,F,11
Cathryn,F,11
Celina,F,11
Dee,F,11
Drucilla,F,11
Drusilla,F,11
Elfie,F,11
Ellar,F,11
Elvie,F,11
Elvina,F,11
Exie,F,11
Ferne,F,11
Florance,F,11
Freida,F,11
Georgina,F,11
Hassie,F,11
Icy,F,11
Joyce,F,11
Juana,F,11
Leatha,F,11
Lonnie,F,11
Lorene,F,11
Louetta,F,11
Mabell,F,11
Melva,F,11
Millicent,F,11
Nanie,F,11
Nealie,F,11
Neta,F,11
Nevada,F,11
Odelia,F,11
Paralee,F,11
Rosia,F,11
Sabina,F,11
Sammie,F,11
Sibyl,F,11
Zelda,F,11
Zoa,F,11
Aileen,F,10
Alicia,F,10
Allene,F,10
Atha,F,10
Attie,F,10
Bee,F,10
Bernadine,F,10
Betsey,F,10
Beula,F,10
Carl,F,10
Cleta,F,10
Clyda,F,10
Crystal,F,10
Dicie,F,10
Electa,F,10
Elfrieda,F,10
Ena,F,10
Eura,F,10
Evaline,F,10
Filomena,F,10
Flo,F,10
Fredericka,F,10
Genie,F,10
Grayce,F,10
Hertha,F,10
Honora,F,10
Izetta,F,10
Jeannie,F,10
Jodie,F,10
Johnie,F,10
Joy,F,10
Junie,F,10
Katharina,F,10
Leda,F,10
Leo,F,10
Loretto,F,10
Mannie,F,10
Manuelita,F,10
Montie,F,10
Olevia,F,10
Orra,F,10
Osa,F,10
Paulina,F,10
Pluma,F,10
Rosalee,F,10
Roxy,F,10
Ruthie,F,10
Sidney,F,10
Sina,F,10
Suzanne,F,10
Tishie,F,10
Ura,F,10
Vassie,F,10
Verdie,F,10
Verona,F,10
Vira,F,10
Zelia,F,10
Abby,F,9
Aletha,F,9
Alverta,F,9
Alyce,F,9
Amber,F,9
Antonette,F,9
Arlene,F,9
Ason,F,9
Augustine,F,9
Bama,F,9
Calla,F,9
Cara,F,9
Clella,F,9
Daisey,F,9
Dellar,F,9
Dellia,F,9
Dellie,F,9
Edmonia,F,9
Edward,F,9
Eldora,F,9
Elna,F,9
Emaline,F,9
Golden,F,9
Greta,F,9
Gwendolyn,F,9
Hessie,F,9
Ima,F,9
Johannah,F,9
Jossie,F,9
Lalla,F,9
Lana,F,9
Lanie,F,9
Lavada,F,9
Leana,F,9
Lelar,F,9
Lella,F,9
Leontine,F,9
Lockie,F,9
Luetta,F,9
Lurline,F,9
Margarette,F,9
Margarita,F,9
Margretta,F,9
Maxie,F,9
Mercedes,F,9
Mossie,F,9
Nelly,F,9
Norine,F,9
Odile,F,9
Pairlee,F,9
Parthenia,F,9
Permelia,F,9
Rella,F,9
Roma,F,9
Roseanna,F,9
Roxanna,F,9
Roy,F,9
Sabra,F,9
Sigrid,F,9
Thresa,F,9
Vicie,F,9
Villa,F,9
Viva,F,9
Yetta,F,9
Zana,F,9
Adline,F,8
Agness,F,8
Aida,F,8
Albertha,F,8
Alfreda,F,8
Ardelia,F,8
Arthur,F,8
Audra,F,8
Beth,F,8
Bobbie,F,8
Carra,F,8
Chaney,F,8
Cinda,F,8
Claude,F,8
Corene,F,8
Dana,F,8
Doshia,F,8
Dove,F,8
Dulcie,F,8
Elia,F,8
Estell,F,8
Etter,F,8
Evalena,F,8
Fleta,F,8
Francies,F,8
Freddie,F,8
Frona,F,8
Glenn,F,8
Hildegarde,F,8
Howard,F,8
Indiana,F,8
Jeanie,F,8
Josefa,F,8
Josiephine,F,8
Juliette,F,8
Katy,F,8
Lala,F,8
Laurie,F,8
Lavenia,F,8
Leonia,F,8
Libby,F,8
Lidie,F,8
Linna,F,8
Luda,F,8
Lulie,F,8
Martina,F,8
Milda,F,8
Myrna,F,8
Nana,F,8
Nelda,F,8
Neola,F,8
Noma,F,8
Olie,F,8
Omie,F,8
Opha,F,8
Orlena,F,8
Ossie,F,8
Ottilia,F,8
Patience,F,8
Penelope,F,8
Pheobe,F,8
Richard,F,8
Rosemary,F,8
Rosy,F,8
Sada,F,8
Salome,F,8
Siddie,F,8
Sylva,F,8
Thekla,F,8
Thora,F,8
Tracy,F,8
Tula,F,8
Vannie,F,8
Vennie,F,8
Veva,F,8
Zena,F,8
Zennie,F,8
Adelina,F,7
Adell,F,7
Alba,F,7
Allena,F,7
Alvie,F,7
Andrea,F,7
Ardella,F,7
Azzie,F,7
Bannie,F,7
Beadie,F,7
Bert,F,7
Blossom,F,7
Cannie,F,7
Carie,F,7
Carlie,F,7
Carry,F,7
Celie,F,7
Cherry,F,7
Chrissie,F,7
Cleora,F,7
Clifford,F,7
Cloe,F,7
Cornelius,F,7
Dassie,F,7
Debbie,F,7
Dina,F,7
Dorthy,F,7
Doshie,F,7
Dossie,F,7
Ela,F,7
Elaine,F,7
Euna,F,7
Euphemia,F,7
Eveline,F,7
Exa,F,7
Floyd,F,7
Frederica,F,7
Georgeanna,F,7
Gerda,F,7
Gina,F,7
Glendora,F,7
Gusta,F,7
Hermine,F,7
Idell,F,7
Inda,F,7
Ines,F,7
Ivie,F,7
Izora,F,7
Jo,F,7
Josefita,F,7
Jule,F,7
Lady,F,7
Lassie,F,7
Launa,F,7
Leva,F,7
Lilia,F,7
Lonia,F,7
Louis,F,7
Louisiana,F,7
Love,F,7
Lovina,F,7
Lurena,F,7
Lydie,F,7
Lyle,F,7
Malissie,F,7
Margarett,F,7
Maxine,F,7
Miranda,F,7
Missie,F,7
Mozella,F,7
Nolia,F,7
Orah,F,7
Ozella,F,7
Parlee,F,7
Patty,F,7
Pearly,F,7
Peggie,F,7
Rene,F,7
Rosalia,F,7
Rosalind,F,7
Rosamond,F,7
Salina,F,7
Sallye,F,7
Santos,F,7
Savilla,F,7
Sibbie,F,7
Sidonia,F,7
Simmie,F,7
Sister,F,7
Susanne,F,7
Texie,F,7
Trudie,F,7
Valley,F,7
Venus,F,7
Vernice,F,7
Vinie,F,7
Vonnie,F,7
Yvonne,F,7
Zadie,F,7
Zilla,F,7
Adra,F,6
Aggie,F,6
Allice,F,6
Alphonsine,F,6
Alys,F,6
Angelita,F,6
Anie,F,6
Antha,F,6
Archie,F,6
Arta,F,6
Bah,F,6
Bea,F,6
Becky,F,6
Billie,F,6
Bina,F,6
Bonita,F,6
Buna,F,6
Byrd,F,6
Caldonia,F,6
Candace,F,6
Catarina,F,6
Cattie,F,6
Celesta,F,6
Cena,F,6
Charlottie,F,6
Chattie,F,6
Chessie,F,6
Christene,F,6
Claribel,F,6
Clarinda,F,6
Claudine,F,6
Cleva,F,6
Clothilde,F,6
Dale,F,6
Delpha,F,6
Dema,F,6
Diana,F,6
Dicy,F,6
Dorris,F,6
Dosha,F,6
Earlie,F,6
Elenore,F,6
Ellena,F,6
Eller,F,6
Ellis,F,6
Elvia,F,6
Emelie,F,6
Ernest,F,6
Eulalie,F,6
Fairy,F,6
Fannye,F,6
Flavia,F,6
Forrest,F,6
Gennie,F,6
Girtie,F,6
Gregoria,F,6
Gretta,F,6
Gustava,F,6
Hazle,F,6
Helma,F,6
Hetty,F,6
Hildegard,F,6
Hollie,F,6
Honor,F,6
Hope,F,6
Ilo,F,6
Imo,F,6
Ivey,F,6
Iza,F,6
Jemima,F,6
Jennette,F,6
Jess,F,6
Josepha,F,6
Juliana,F,6
Justina,F,6
Katharyn,F,6
Kay,F,6
Lacy,F,6
Lannie,F,6
Lavonia,F,6
Leonor,F,6
Letta,F,6
Lexie,F,6
Lidia,F,6
Lilie,F,6
Lita,F,6
Lorenza,F,6
Lorna,F,6
Lossie,F,6
Ludia,F,6
Lugenia,F,6
Luisa,F,6
Luvada,F,6
Luvina,F,6
Lynda,F,6
Mandie,F,6
Manerva,F,6
Manuela,F,6
Margaretha,F,6
Maryann,F,6
Marybelle,F,6
Matilde,F,6
Media,F,6
Minnette,F,6
Monnie,F,6
Mora,F,6
Myrl,F,6
Narcissus,F,6
Netta,F,6
Nicie,F,6
Nonnie,F,6
Olar,F,6
Orie,F,6
Ota,F,6
Penny,F,6
Persis,F,6
Ragna,F,6
Ralph,F,6
Rosebud,F,6
Rosey,F,6
Saphronia,F,6
Senie,F,6
Sinda,F,6
Sydney,F,6
Tabitha,F,6
Thressa,F,6
Van,F,6
Vashti,F,6
Vela,F,6
Velva,F,6
Venia,F,6
Venie,F,6
Verlie,F,6
Verta,F,6
Victorine,F,6
Violetta,F,6
Virgia,F,6
Vita,F,6
Willia,F,6
Zillah,F,6
Adel,F,5
Adelle,F,5
Adina,F,5
Adriana,F,5
Adrienne,F,5
Agusta,F,5
Alease,F,5
Alene,F,5
Alga,F,5
Alline,F,5
Almyra,F,5
Altie,F,5
Alwine,F,5
Anabel,F,5
Annah,F,5
Arena,F,5
Arilla,F,5
Arla,F,5
Arletta,F,5
Auda,F,5
Augustina,F,5
Austa,F,5
Bamma,F,5
Beda,F,5
Bena,F,5
Bernardine,F,5
Beuna,F,5
Birda,F,5
Birdia,F,5
Birtha,F,5
Cammie,F,5
Carlota,F,5
Carmel,F,5
Carrye,F,5
Cathern,F,5
Cecille,F,5
Channie,F,5
Charlene,F,5
Charlotta,F,5
China,F,5
Chloa,F,5
Chloie,F,5
Cindy,F,5
Cleda,F,5
Clemence,F,5
Clementina,F,5
Clotilda,F,5
Clotilde,F,5
Clytie,F,5
Corrinne,F,5
Courtney,F,5
Dallie,F,5
Dannie,F,5
Daphne,F,5
Dawn,F,5
Dean,F,5
Dela,F,5
Delfina,F,5
Dennie,F,5
Domitila,F,5
Donia,F,5
Doretta,F,5
Dosia,F,5
Echo,F,5
Edie,F,5
Edla,F,5
Ednah,F,5
Elba,F,5
Elfreda,F,5
Emer,F,5
Emmeline,F,5
Erin,F,5
Ermine,F,5
Essa,F,5
Etelka,F,5
Evelena,F,5
Evelyne,F,5
Ever,F,5
Evia,F,5
Florene,F,5
Floss,F,5
Gaynell,F,5
Genoveva,F,5
Georgette,F,5
Gertha,F,5
Glen,F,5
Gracia,F,5
Hazelle,F,5
Hedvig,F,5
Hellen,F,5
Henretta,F,5
Hermena,F,5
Hermina,F,5
Hildur,F,5
Ingeborg,F,5
Inger,F,5
Isadora,F,5
Jamie,F,5
Jeane,F,5
Jeffie,F,5
Jetta,F,5
Jim,F,5
Joanne,F,5
Julius,F,5
Karen,F,5
Lacey,F,5
Lanora,F,5
Laverne,F,5
Leathie,F,5
Ledia,F,5
Lemma,F,5
Lillia,F,5
Litha,F,5
Littie,F,5
Lota,F,5
Louanna,F,5
Lova,F,5
Lovella,F,5
Lovey,F,5
Loyola,F,5
Lu,F,5
Luanna,F,5
Lulla,F,5
Luz,F,5
Mada,F,5
Magda,F,5
Mahalia,F,5
Mahalie,F,5
Maie,F,5
Margarite,F,5
Margueritte,F,5
Mariana,F,5
Marianna,F,5
Marilla,F,5
Marinda,F,5
Marry,F,5
Marta,F,5
Maryetta,F,5
Maybel,F,5
Medie,F,5
Melina,F,5
Melvia,F,5
Mercy,F,5
Mira,F,5
Missouria,F,5
Myrtice,F,5
Naoma,F,5
Neely,F,5
Neoma,F,5
Oleta,F,5
Oral,F,5
Orelia,F,5
Otha,F,5
Otillia,F,5
Otillie,F,5
Ova,F,5
Ovie,F,5
Ozie,F,5
Pantha,F,5
Parrie,F,5
Patti,F,5
Paulita,F,5
Perle,F,5
Pernie,F,5
Petronila,F,5
Rebeca,F,5
Reine,F,5
Rilda,F,5
Rina,F,5
Rittie,F,5
Rosena,F,5
Rosita,F,5
Rubye,F,5
Saloma,F,5
Sam,F,5
Silvia,F,5
Sussie,F,5
Sylvania,F,5
Tennessee,F,5
Texas,F,5
Thecla,F,5
Theodosia,F,5
Thirza,F,5
Tilla,F,5
Valerie,F,5
Vara,F,5
Varina,F,5
Vella,F,5
Vernia,F,5
Virda,F,5
Virgil,F,5
Walter,F,5
Will,F,5
Woodie,F,5
Wren,F,5
Zelpha,F,5
Zeta,F,5
Zilphia,F,5
Zonie,F,5
John,M,9247
William,M,8705
James,M,5562
George,M,4912
Charles,M,4591
Frank,M,3459
Joseph,M,2993
Robert,M,2814
Harry,M,2759
Henry,M,2596
Edward,M,2470
Thomas,M,2449
Walter,M,2040
Arthur,M,1710
Fred,M,1665
Albert,M,1569
Clarence,M,1022
Samuel,M,931
Louis,M,884
Roy,M,856
David,M,801
Charlie,M,796
Joe,M,789
Willie,M,786
Benjamin,M,781
Richard,M,772
Ernest,M,766
Will,M,707
Carl,M,675
Earl,M,675
Oscar,M,647
Jesse,M,637
Andrew,M,615
Sam,M,607
Daniel,M,566
Ralph,M,547
Alfred,M,536
Paul,M,529
Elmer,M,527
Howard,M,513
Peter,M,498
Frederick,M,496
Herbert,M,485
Grover,M,474
Raymond,M,469
Michael,M,466
Ben,M,463
Lee,M,430
Tom,M,416
Lewis,M,412
Herman,M,403
Harrison,M,400
Eugene,M,398
Martin,M,378
Claude,M,374
Jim,M,362
Francis,M,353
Jacob,M,353
Leo,M,353
Clyde,M,344
Lawrence,M,343
Harvey,M,334
Ray,M,331
Jack,M,329
Edgar,M,321
Otto,M,312
Floyd,M,302
Ed,M,301
Edwin,M,298
Harold,M,298
Guy,M,297
Chester,M,288
Bert,M,282
Luther,M,275
Allen,M,260
Homer,M,256
Charley,M,254
Jessie,M,254
Hugh,M,253
Theodore,M,249
Patrick,M,245
Alexander,M,237
Leonard,M,225
Ira,M,222
Isaac,M,221
August,M,213
Bernard,M,207
Oliver,M,206
Julius,M,197
Leon,M,196
Philip,M,196
Clifford,M,194
Anthony,M,193
Eddie,M,193
Leroy,M,192
Archie,M,191
Lester,M,189
Stephen,M,187
Leslie,M,175
Lloyd,M,175
Sidney,M,168
Alex,M,167
Horace,M,165
Milton,M,165
Marion,M,162
Alvin,M,157
Everett,M,156
Norman,M,156
Dan,M,154
Stanley,M,154
Percy,M,151
Warren,M,148
Wesley,M,147
Dave,M,146
Russell,M,146
Emil,M,142
Roscoe,M,141
Earnest,M,138
Willis,M,135
Victor,M,134
Gus,M,133
Jess,M,132
Franklin,M,129
Nathan,M,129
Rufus,M,126
Perry,M,124
Calvin,M,123
Willard,M,123
Jay,M,122
Adam,M,120
Melvin,M,119
Max,M,118
Otis,M,116
Phillip,M,116
Mark,M,115
Matthew,M,114
Virgil,M,112
Wallace,M,111
Alonzo,M,110
Glenn,M,110
Gilbert,M,109
Simon,M,109
Adolph,M,107
Jake,M,107
Dennis,M,106
Cornelius,M,105
Wilbur,M,103
Clinton,M,101
Felix,M,101
Lonnie,M,101
Manuel,M,101
Emmett,M,100
Maurice,M,100
Jose,M,99
Elbert,M,98
Owen,M,98
Nicholas,M,97
Cecil,M,96
Mack,M,96
Morris,M,95
Amos,M,94
Jeff,M,93
Jerry,M,92
Levi,M,91
Marshall,M,91
Aaron,M,90
Marvin,M,90
Ross,M,90
Curtis,M,89
Irving,M,89
Elijah,M,88
Claud,M,87
Cleveland,M,87
Orville,M,87
Nelson,M,85
Reuben,M,84
Gordon,M,83
Noah,M,83
Steve,M,83
Sylvester,M,83
Fredrick,M,82
Harley,M,82
Johnnie,M,82
Pete,M,82
Mike,M,81
Moses,M,80
Austin,M,79
Christopher,M,79
Sherman,M,79
Abraham,M,78
Irvin,M,78
Jasper,M,78
Vernon,M,78
Bennie,M,77
Donald,M,77
Glen,M,77
Edmund,M,76
Ollie,M,76
Timothy,M,76
Eli,M,75
Hubert,M,75
Alva,M,74
Monroe,M,74
Anton,M,72
Thurman,M,72
Ellis,M,71
Karl,M,71
Silas,M,71
Hiram,M,70
Millard,M,70
Ora,M,70
Barney,M,69
Pearl,M,69
Dock,M,68
Edd,M,68
Mathew,M,67
Vincent,M,67
Augustus,M,66
Clifton,M,64
Wiley,M,64
Clayton,M,63
Nathaniel,M,63
Forrest,M,62
Mose,M,62
Wilson,M,62
Andy,M,60
Columbus,M,60
Bob,M,59
Chris,M,59
Asa,M,58
Bill,M,58
Preston,M,58
Tony,M,57
Benjiman,M,56
Juan,M,56
Lon,M,55
Ervin,M,54
Rudolph,M,54
Ike,M,53
Morton,M,53
Byron,M,52
Gustave,M,52
Arnold,M,51
Christian,M,51
Don,M,50
Douglas,M,50
Joshua,M,50
Mary,M,50
Newton,M,50
Wade,M,50
Roland,M,49
Bud,M,48
Joel,M,48
Louie,M,48
Nick,M,48
Antonio,M,47
Julian,M,47
Marcus,M,47
Roger,M,47
Abe,M,46
Anderson,M,46
Bruce,M,45
Clark,M,45
Cyrus,M,45
Delbert,M,45
Grant,M,45
Kenneth,M,45
Luke,M,45
Cleve,M,44
Conrad,M,44
Mitchell,M,44
Scott,M,44
Edmond,M,43
Johnie,M,43
Matt,M,43
Miles,M,43
Solomon,M,43
Burton,M,42
Ferdinand,M,42
Ambrose,M,41
Boyd,M,41
Earle,M,41
Wayne,M,41
Ole,M,40
Royal,M,40
Allie,M,38
Laurence,M,38
Spencer,M,38
Carroll,M,37
Elisha,M,37
Emery,M,37
Leland,M,37
Major,M,37
Neal,M,37
Porter,M,37
Riley,M,37
Fletcher,M,36
Forest,M,36
Jackson,M,36
Lorenzo,M,36
Wilfred,M,36
Arch,M,35
Dee,M,35
Emory,M,35
Isiah,M,35
Jerome,M,35
Walker,M,35
Freeman,M,34
Jeremiah,M,34
Lucius,M,34
Lyman,M,34
Chas,M,33
Jefferson,M,33
Clement,M,32
Dewitt,M,32
Ezra,M,32
Green,M,32
Ivan,M,32
Jimmie,M,32
Judson,M,32
Lemuel,M,32
Myron,M,32
Nels,M,32
Clay,M,31
Elwood,M,31
Garfield,M,31
General,M,31
Isaiah,M,31
Van,M,31
Allan,M,30
Burt,M,30
Dallas,M,30
Dudley,M,30
Emanuel,M,30
Emmet,M,30
Enoch,M,30
Gerald,M,30
Gustav,M,30
Jonas,M,30
Ned,M,30
Pat,M,30
Seth,M,30
Carlos,M,29
Clem,M,29
Omer,M,29
Taylor,M,29
Ward,M,29
Wilbert,M,29
Erwin,M,28
Loyd,M,28
Rex,M,28
Vern,M,28
Dick,M,27
Hans,M,27
Harris,M,27
Hugo,M,27
King,M,27
Turner,M,27
Abram,M,26
Anna,M,26
Clair,M,26
Elliott,M,26
Foster,M,26
Herschel,M,26
Lucian,M,26
Malcolm,M,26
Ramon,M,26
Washington,M,26
Abner,M,25
Casper,M,25
Ellsworth,M,25
Gust,M,25
Pedro,M,25
Sterling,M,25
Ulysses,M,25
Wm,M,25
Chauncey,M,24
Elias,M,24
Granville,M,24
Hardy,M,24
Josh,M,24
Lige,M,24
Smith,M,24
Wash,M,24
Winfield,M,24
Zack,M,24
Al,M,23
Benjaman,M,23
Fritz,M,23
Houston,M,23
Israel,M,23
Judge,M,23
Loren,M,23
Neil,M,23
Otho,M,23
Randolph,M,23
Warner,M,23
Archibald,M,22
Evan,M,22
Lyle,M,22
Napoleon,M,22
Sandy,M,22
Sanford,M,22
Berry,M,21
Dwight,M,21
Emile,M,21
Francisco,M,21
Jason,M,21
Johnny,M,21
Madison,M,21
Morgan,M,21
Ruben,M,21
Stewart,M,21
Ted,M,21
Tommie,M,21
Addison,M,20
Alphonse,M,20
Basil,M,20
Burl,M,20
Enos,M,20
Giles,M,20
Hal,M,20
Jesus,M,20
Lawson,M,20
Mathias,M,20
Milo,M,20
Saul,M,20
Steven,M,20
Troy,M,20
Adrian,M,19
Carlton,M,19
Davis,M,19
Frederic,M,19
Lafayette,M,19
Larry,M,19
Micheal,M,19
Olin,M,19
Omar,M,19
Prince,M,19
Thornton,M,19
Webster,M,19
Adolphus,M,18
Albin,M,18
Alton,M,18
Aubrey,M,18
Barton,M,18
Buck,M,18
Early,M,18
Emerson,M,18
Garland,M,18
Harmon,M,18
Harve,M,18
Hector,M,18
Irwin,M,18
Johnson,M,18
Jordan,M,18
Jules,M,18
Logan,M,18
Lonzo,M,18
Murray,M,18
Simeon,M,18
Sydney,M,18
Truman,M,18
Aloysius,M,17
Arlie,M,17
Caleb,M,17
Christ,M,17
Coleman,M,17
Dorsey,M,17
Elmo,M,17
Elza,M,17
Emma,M,17
Hosea,M,17
Jonathan,M,17
Lynn,M,17
Oren,M,17
Phil,M,17
Pink,M,17
Sim,M,17
Valentine,M,17
Wendell,M,17
Wilburn,M,17
Wilford,M,17
Axel,M,16
Bryant,M,16
Cary,M,16
Elmore,M,16
Elton,M,16
Elzie,M,16
Ephraim,M,16
Ezekiel,M,16
Geo,M,16
Hunter,M,16
Josiah,M,16
Lucien,M,16
Orrin,M,16
Palmer,M,16
Price,M,16
Rollie,M,16
Tobe,M,16
Toney,M,16
Wilmer,M,16
Wyatt,M,16
Zeb,M,16
Alford,M,15
Bennett,M,15
Carter,M,15
Cliff,M,15
Dale,M,15
Dell,M,15
Duncan,M,15
Elvin,M,15
Frances,M,15
Junius,M,15
Lincoln,M,15
Lum,M,15
Melton,M,15
Merle,M,15
Noble,M,15
Reed,M,15
Ronald,M,15
Shelby,M,15
Stuart,M,15
Terry,M,15
Thaddeus,M,15
Tomas,M,15
Waldo,M,15
Alvah,M,14
Angus,M,14
Bart,M,14
Bertram,M,14
Billie,M,14
Cicero,M,14
Eben,M,14
Emmitt,M,14
Evans,M,14
Fay,M,14
Harlan,M,14
Issac,M,14
Jean,M,14
Jones,M,14
Mason,M,14
Merrill,M,14
Minnie,M,14
Norris,M,14
Orlando,M,14
Orval,M,14
Pierce,M,14
Reginald,M,14
Rolla,M,14
Roman,M,14
Shirley,M,14
Sol,M,14
Avery,M,13
Bernie,M,13
Bertha,M,13
Blaine,M,13
Buford,M,13
Carey,M,13
Clint,M,13
Cloyd,M,13
Eric,M,13
Fate,M,13
Gabriel,M,13
Gideon,M,13
Godfrey,M,13
Hazel,M,13
Henderson,M,13
Hilliard,M,13
Ida,M,13
Isom,M,13
Lacy,M,13
Lem,M,13
Levy,M,13
Lindsey,M,13
Noel,M,13
Rolland,M,13
Vester,M,13
Wylie,M,13
Bessie,M,12
Clarance,M,12
Clare,M,12
Cleo,M,12
Dean,M,12
Doc,M,12
Elizabeth,M,12
Erastus,M,12
Ernst,M,12
Ethel,M,12
Gene,M,12
Hollis,M,12
Isadore,M,12
Larkin,M,12
Lucious,M,12
Merritt,M,12
Miller,M,12
Minor,M,12
Nat,M,12
Olaf,M,12
Orin,M,12
Rodney,M,12
Ruby,M,12
Russel,M,12
Thad,M,12
Walton,M,12
Webb,M,12
West,M,12
Wong,M,12
Ace,M,11
Alma,M,11
Alonza,M,11
Alphonso,M,11
Alvis,M,11
Annie,M,11
Antone,M,11
Benjamine,M,11
Bishop,M,11
Blair,M,11
Chin,M,11
Colonel,M,11
Crawford,M,11
Dillard,M,11
Eldon,M,11
Evert,M,11
Florence,M,11
Hallie,M,11
Jule,M,11
Laura,M,11
Mac,M,11
Martha,M,11
May,M,11
Melville,M,11
Merton,M,11
Mont,M,11
Oral,M,11
Oswald,M,11
Pablo,M,11
Parker,M,11
Press,M,11
Rube,M,11
Rupert,M,11
Verne,M,11
Wheeler,M,11
Wilber,M,11
Willam,M,11
Worth,M,11
Adelbert,M,10
Alf,M,10
Alvie,M,10
Archer,M,10
Artie,M,10
Auther,M,10
Baxter,M,10
Bee,M,10
Billy,M,10
Cassius,M,10
Clara,M,10
Coy,M,10
Cyril,M,10
Danial,M,10
Delmar,M,10
Dexter,M,10
Drew,M,10
Ennis,M,10
Fleming,M,10
Furman,M,10
Garrett,M,10
Golden,M,10
Grace,M,10
Guss,M,10
Handy,M,10
Haywood,M,10
Henery,M,10
June,M,10
Kelly,M,10
Len,M,10
Linwood,M,10
Lou,M,10
Manley,M,10
Margaret,M,10
Mat,M,10
Maude,M,10
Ocie,M,10
Odis,M,10
Orange,M,10
Pierre,M,10
Raleigh,M,10
Ransom,M,10
Richmond,M,10
Rogers,M,10
Rome,M,10
Rubin,M,10
Seymour,M,10
Son,M,10
Talmage,M,10
Terrence,M,10
Tim,M,10
Tommy,M,10
Tracy,M,10
Urban,M,10
Watson,M,10
Weldon,M,10
Woodie,M,10
Alec,M,9
Angelo,M,9
Arther,M,9
Augustine,M,9
Benton,M,9
Brady,M,9
Cal,M,9
Carlisle,M,9
Carson,M,9
Cora,M,9
Courtney,M,9
Domingo,M,9
Elie,M,9
Grady,M,9
Hayes,M,9
Heber,M,9
Hezekiah,M,9
Hollie,M,9
Hosie,M,9
Hudson,M,9
Hughie,M,9
Huston,M,9
Hyrum,M,9
Ivy,M,9
Joeseph,M,9
Justin,M,9
Kyle,M,9
Lennie,M,9
Lew,M,9
Lionel,M,9
Louise,M,9
Love,M,9
Lowell,M,9
Luis,M,9
Marcellus,M,9
Milford,M,9
Norbert,M,9
Orie,M,9
Orvel,M,9
Perley,M,9
Rafael,M,9
Rich,M,9
Rose,M,9
Sampson,M,9
Sid,M,9
Terence,M,9
Theo,M,9
Tollie,M,9
Verner,M,9
Wellington,M,9
Williams,M,9
Abel,M,8
Anastacio,M,8
Angel,M,8
Antoine,M,8
Bascom,M,8
Bonnie,M,8
Brown,M,8
Daisy,M,8
Dawson,M,8
Doctor,M,8
Duke,M,8
Earlie,M,8
Egbert,M,8
Ella,M,8
Elliot,M,8
Elwin,M,8
Emmit,M,8
Epifanio,M,8
Everette,M,8
Finley,M,8
Ford,M,8
Gabe,M,8
Gay,M,8
Graham,M,8
Hamp,M,8
Harvy,M,8
Helmer,M,8
Henri,M,8
Holly,M,8
Horton,M,8
Ivory,M,8
Lena,M,8
Lindsay,M,8
Lorenza,M,8
Loy,M,8
Mahlon,M,8
Manning,M,8
Marie,M,8
Marshal,M,8
Maynard,M,8
Mervin,M,8
Michel,M,8
Mortimer,M,8
Nellie,M,8
Obie,M,8
Ola,M,8
Ossie,M,8
Park,M,8
Pleasant,M,8
Rice,M,8
Rush,M,8
Sammie,M,8
Samual,M,8
Santiago,M,8
Sullivan,M,8
Theron,M,8
Tillman,M,8
Vicente,M,8
Waymon,M,8
Wright,M,8
Alfonso,M,7
Alger,M,7
Alois,M,7
Arno,M,7
Aron,M,7
Arvid,M,7
Asbury,M,7
Ashby,M,7
Ashley,M,7
Bartholomew,M,7
Beecher,M,7
Burley,M,7
Burney,M,7
Burnie,M,7
Burr,M,7
Buster,M,7
Callie,M,7
Clovis,M,7
Cody,M,7
Craig,M,7
Dayton,M,7
Denis,M,7
Dennie,M,7
Dewey,M,7
Doss,M,7
Douglass,M,7
Edith,M,7
Edson,M,7
Elgie,M,7
Eliga,M,7
Ellie,M,7
Ellison,M,7
Elsie,M,7
Emit,M,7
Erie,M,7
Ernie,M,7
Estes,M,7
Ewald,M,7
Fannie,M,7
Felipe,M,7
Felton,M,7
Fenton,M,7
Finis,M,7
Frazier,M,7
Freddie,M,7
Gail,M,7
Gaston,M,7
Glover,M,7
Harlie,M,7
Hershel,M,7
Howell,M,7
Ignatius,M,7
Irl,M,7
Isham,M,7
Jarvis,M,7
Jewell,M,7
Julious,M,7
Junior,M,7
Kirk,M,7
Knox,M,7
Lamar,M,7
Laverne,M,7
Leigh,M,7
Lillian,M,7
Lillie,M,7
Llewellyn,M,7
Malachi,M,7
Manford,M,7
Mart,M,7
Maxie,M,7
Maxwell,M,7
Mitchel,M,7
Myles,M,7
Newt,M,7
Nils,M,7
Nora,M,7
Odell,M,7
Odie,M,7
Oran,M,7
Orson,M,7
Osborne,M,7
Ottis,M,7
Reece,M,7
Reese,M,7
Roderick,M,7
Rollin,M,7
Rosco,M,7
Rowland,M,7
Sanders,M,7
Sie,M,7
Soloman,M,7
Sonny,M,7
Thos,M,7
Tobias,M,7
Uriah,M,7
Vance,M,7
Vere,M,7
Virgie,M,7
Vivian,M,7
Volney,M,7
Willian,M,7
Zollie,M,7
Abbott,M,6
Alan,M,6
Alden,M,6
Alpha,M,6
Alpheus,M,6
Armand,M,6
Art,M,6
Bailey,M,6
Benjman,M,6
Benny,M,6
Bernardo,M,6
Bertie,M,6
Beverly,M,6
Boss,M,6
Brooks,M,6
Bruno,M,6
Burnett,M,6
Burrell,M,6
Butler,M,6
Caesar,M,6
Cameron,M,6
Carleton,M,6
Carrie,M,6
Casey,M,6
Catherine,M,6
Celestino,M,6
Cephus,M,6
Cleave,M,6
Collins,M,6
Cornelious,M,6
Courtland,M,6
Dana,M,6
Della,M,6
Denton,M,6
Dolph,M,6
Dolphus,M,6
Dora,M,6
Ebb,M,6
Eber,M,6
Effie,M,6
Eldridge,M,6
Ely,M,6
Ephriam,M,6
Fayette,M,6
Ferd,M,6
Fredric,M,6
Gardner,M,6
Garnett,M,6
Gary,M,6
Gregorio,M,6
Gussie,M,6
Hamilton,M,6
Hardin,M,6
Hart,M,6
Harvie,M,6
Hayden,M,6
Hayward,M,6
Hermon,M,6
Hillary,M,6
Hilmer,M,6
Holland,M,6
Hosteen,M,6
Hurley,M,6
Iver,M,6
Jacques,M,6
Jodie,M,6
Johny,M,6
Jonah,M,6
Jordon,M,6
Julia,M,6
Julien,M,6
Julio,M,6
Kay,M,6
Keith,M,6
Kelley,M,6
Kirby,M,6
Lavern,M,6
Le,M,6
Leeroy,M,6
Leopold,M,6
Linus,M,6
Liston,M,6
Lonie,M,6
Lott,M,6
Lottie,M,6
Lucas,M,6
Ludwig,M,6
Meyer,M,6
Moe,M,6
Nickolas,M,6
Orion,M,6
Overton,M,6
Payton,M,6
Ples,M,6
Randall,M,6
Ricardo,M,6
Robin,M,6
Roby,M,6
Rollo,M,6
Ruffus,M,6
Selmer,M,6
Solon,M,6
Stanton,M,6
Sumner,M,6
Travis,M,6
Unknown,M,6
Vander,M,6
Virgle,M,6
Waverly,M,6
Whit,M,6
Wood,M,6
York,M,6
Young,M,6
Zeke,M,6
Ad,M,5
Ada,M,5
Addie,M,5
Adelard,M,5
Alcide,M,5
Algie,M,5
Alice,M,5
Allison,M,5
Almond,M,5
Alson,M,5
Ancil,M,5
Ansel,M,5
Arlington,M,5
Asberry,M,5
Ballard,M,5
Bartley,M,5
Bedford,M,5
Bengiman,M,5
Benjamen,M,5
Benson,M,5
Bernice,M,5
Bird,M,5
Birl,M,5
Blake,M,5
Bradford,M,5
Brice,M,5
Buel,M,5
Cap,M,5
Ceasar,M,5
Chalmer,M,5
Chancey,M,5
Charlton,M,5
Chesley,M,5
Clabe,M,5
Claudie,M,5
Cletus,M,5
Colby,M,5
Connie,M,5
Corneluis,M,5
Creed,M,5
Dionicio,M,5
Edna,M,5
Elder,M,5
Elex,M,5
Elihu,M,5
Eliott,M,5
Ellwood,M,5
Elroy,M,5
Enrique,M,5
Essie,M,5
Ester,M,5
Evander,M,5
Ewell,M,5
Fernando,M,5
Flem,M,5
Fountain,M,5
Fox,M,5
Franklyn,M,5
French,M,5
Gale,M,5
Georgia,M,5
Gerhard,M,5
Gertrude,M,5
Gilford,M,5
Goff,M,5
Gottlieb,M,5
Gregory,M,5
Gustaf,M,5
Hampton,M,5
Harper,M,5
Helen,M,5
Humphrey,M,5
Irene,M,5
Irven,M,5
Irvine,M,5
Isidor,M,5
Isidore,M,5
Jewel,M,5
Jimmy,M,5
Joesph,M,5
Johney,M,5
Josephine,M,5
Laird,M,5
Lamont,M,5
Lazarus,M,5
Lenard,M,5
Letcher,M,5
Lizzie,M,5
London,M,5
Lot,M,5
Lue,M,5
Mamie,M,5
Marcelino,M,5
Marcos,M,5
Marian,M,5
Mauricio,M,5
Mercer,M,5
Murphy,M,5
Nevin,M,5
Newell,M,5
Newman,M,5
Nimrod,M,5
Norton,M,5
Odes,M,5
Okey,M,5
Olen,M,5
Olney,M,5
Oron,M,5
Orren,M,5
Orrie,M,5
Page,M,5
Paris,M,5
Pascual,M,5
Percival,M,5
Pleas,M,5
Posey,M,5
Powell,M,5
Proctor,M,5
Quincy,M,5
Raliegh,M,5
Rasmus,M,5
Red,M,5
Reid,M,5
Reynolds,M,5
Roe,M,5
Rolly,M,5
Salvador,M,5
Salvatore,M,5
Santos,M,5
Shed,M,5
Shellie,M,5
Shelton,M,5
Shepherd,M,5
Squire,M,5
Steward,M,5
Stonewall,M,5
Sylvan,M,5
Temple,M,5
Theophilus,M,5
Thorvald,M,5
Tyler,M,5
Vannie,M,5
Vaughn,M,5
Vernie,M,5
Watt,M,5
Winston,M,5
Zelma,M,5
