name,gender,count
Mary,F,11648
Anna,F,5062
Elizabeth,F,3058
Margaret,F,2917
Emma,F,2884
Minnie,F,2624
Florence,F,2465
Ethel,F,2463
Bessie,F,2343
Clara,F,2319
Bertha,F,2293
Alice,F,2145
Annie,F,2123
Ida,F,2122
Grace,F,2049
Mabel,F,1947
Helen,F,1909
Edna,F,1815
Nellie,F,1752
Sarah,F,1730
Martha,F,1711
Ella,F,1647
Lillian,F,1640
Pearl,F,1588
Laura,F,1567
Rose,F,1550
Carrie,F,1547
Gertrude,F,1543
Edith,F,1523
Marie,F,1436
Eva,F,1372
Cora,F,1365
Myrtle,F,1361
Frances,F,1351
Hattie,F,1328
Maude,F,1293
Lillie,F,1289
Louise,F,1283
Jennie,F,1252
Julia,F,1201
Elsie,F,1199
Catherine,F,1198
Jessie,F,1196
Mattie,F,1173
Lena,F,1096
Ruth,F,1073
Lula,F,1067
Hazel,F,1056
Josephine,F,1047
Agnes,F,1033
Ada,F,1005
Blanche,F,972
Fannie,F,909
Lucy,F,893
Stella,F,891
Katherine,F,889
Mae,F,883
Mamie,F,883
Dora,F,882
Nora,F,831
Maggie,F,825
Alma,F,819
Irene,F,737
May,F,723
Effie,F,711
Rosa,F,707
Sadie,F,664
Ellen,F,653
Mildred,F,625
Nettie,F,622
Susie,F,607
Della,F,606
Daisy,F,583
Lizzie,F,570
Esther,F,553
Viola,F,536
Sallie,F,525
Ruby,F,522
Flora,F,516
Katie,F,502
Beulah,F,498
Lottie,F,498
Lydia,F,496
Caroline,F,491
Willie,F,488
Nancy,F,470
Etta,F,465
Olive,F,464
Charlotte,F,455
Addie,F,448
Georgia,F,445
Maud,F,432
Emily,F,429
Kathryn,F,415
Pauline,F,415
Gladys,F,414
Amanda,F,413
Mollie,F,402
Harriet,F,397
Nannie,F,396
Virginia,F,395
Dorothy,F,377
Jane,F,374
Ollie,F,366
Kate,F,362
Theresa,F,359
Susan,F,356
Beatrice,F,352
Leona,F,348
Amelia,F,346
Ora,F,346
Ann,F,341
Lulu,F,341
Rebecca,F,337
Marion,F,331
Henrietta,F,323
Iva,F,321
Evelyn,F,320
Matilda,F,320
Marguerite,F,315
Nina,F,315
Vera,F,313
Eleanor,F,312
Lola,F,312
Anne,F,311
Eliza,F,307
Hannah,F,301
Estella,F,288
Estelle,F,286
Sara,F,286
Inez,F,277
Augusta,F,273
Lela,F,268
Rachel,F,266
Belle,F,265
Essie,F,265
Amy,F,252
Hilda,F,251
Sophia,F,251
Barbara,F,246
Goldie,F,246
Rosie,F,239
Maria,F,238
Mayme,F,237
Allie,F,236
Mable,F,231
Alta,F,226
Janie,F,226
Flossie,F,221
Ina,F,209
Ola,F,209
Lucille,F,208
Josie,F,207
Bernice,F,206
Genevieve,F,201
Nell,F,194
Olga,F,194
Eula,F,193
Betty,F,189
Christine,F,189
Tillie,F,188
Winifred,F,186
Eunice,F,185
Bess,F,182
Delia,F,182
Callie,F,181
Victoria,F,175
Millie,F,174
Verna,F,174
Loretta,F,172
Luella,F,172
Sophie,F,172
Jean,F,171
Louisa,F,170
Mathilda,F,168
Celia,F,167
Birdie,F,166
Sylvia,F,166
Frieda,F,162
Winnie,F,162
Rena,F,161
Marjorie,F,157
Violet,F,155
Adeline,F,154
Lois,F,154
Isabel,F,153
Rhoda,F,148
Bettie,F,144
Bertie,F,143
Christina,F,142
Isabelle,F,141
Hulda,F,139
Cecelia,F,138
Lora,F,138
Elva,F,135
Lucile,F,135
Irma,F,134
Leah,F,134
Carolyn,F,133
Gussie,F,133
Selma,F,133
Lelia,F,131
Alberta,F,130
Dollie,F,130
Leila,F,126
Roxie,F,125
Sally,F,123
Myra,F,121
Virgie,F,121
Lou,F,120
Katharine,F,119
Nelle,F,119
Geneva,F,117
Cornelia,F,116
Adele,F,115
Johanna,F,114
Lila,F,113
Teresa,F,113
Freda,F,112
Sue,F,112
Hester,F,109
Hettie,F,109
Norma,F,108
Abbie,F,107
Gertie,F,106
Jeanette,F,106
Adelaide,F,105
Harriett,F,105
Elsa,F,104
Fern,F,103
Helena,F,103
Leola,F,102
Lura,F,100
Olivia,F,100
Elma,F,98
Regina,F,98
Erma,F,96
Hallie,F,96
Zella,F,96
Lilly,F,95
Wilhelmina,F,95
Linnie,F,93
Jeannette,F,92
Lenora,F,91
Marian,F,90
Mina,F,90
Cecilia,F,89
Claudia,F,88
Francis,F,88
Madeline,F,88
Fanny,F,87
Kathleen,F,87
Lettie,F,87
Myrtie,F,86
Meta,F,85
Fay,F,84
Lily,F,84
Lucinda,F,84
Maudie,F,84
Vivian,F,83
Mittie,F,82
Alvina,F,80
Isabella,F,80
Madge,F,80
Miriam,F,80
Margie,F,79
Minerva,F,79
Naomi,F,79
Eugenia,F,78
Lida,F,78
Elnora,F,77
Lee,F,77
Cynthia,F,76
Lorena,F,76
Ophelia,F,75
Rita,F,75
Floy,F,74
Lessie,F,74
Linda,F,74
Roberta,F,73
Velma,F,72
Oma,F,71
Cleo,F,70
Dessie,F,70
Anita,F,69
Antoinette,F,69
Lyda,F,69
Nola,F,69
Bonnie,F,68
Corinne,F,68
Gracie,F,68
Nona,F,68
Pearlie,F,68
Cecile,F,67
Juanita,F,67
Mabelle,F,67
Opal,F,67
Phoebe,F,67
Cassie,F,66
Rosetta,F,66
Chloe,F,64
Frankie,F,64
Georgie,F,64
Angie,F,63
Catharine,F,63
Kittie,F,63
Claire,F,62
Dolly,F,62
Dovie,F,62
Emilie,F,62
Lona,F,62
Audrey,F,61
Ivy,F,61
Neva,F,61
Doris,F,60
Elvira,F,60
Evie,F,60
Veronica,F,60
Leta,F,59
Letha,F,59
Alpha,F,58
Isabell,F,58
Rosalie,F,58
Angeline,F,57
Cordelia,F,57
Edythe,F,57
Janet,F,57
Pearle,F,57
Artie,F,56
Dorothea,F,56
Pansy,F,56
Polly,F,56
Vina,F,56
Bell,F,55
Cecil,F,55
Faye,F,55
Zula,F,55
Ila,F,54
June,F,54
Vesta,F,54
Annette,F,53
Blanch,F,53
Muriel,F,53
Ona,F,53
Zora,F,53
John,F,52
Lina,F,52
Nan,F,52
Leota,F,51
Georgiana,F,50
Louella,F,49
Una,F,47
Berta,F,46
Constance,F,46
Melissa,F,46
Sudie,F,46
William,F,46
Elisabeth,F,45
Golda,F,45
Tessie,F,45
Vida,F,45
Ava,F,44
Dona,F,44
Helene,F,44
Malinda,F,44
Mandy,F,44
Rae,F,44
Inga,F,43
Minna,F,43
Zelma,F,43
Angela,F,42
Elise,F,42
Erna,F,42
Ernestine,F,42
George,F,42
Merle,F,42
Orpha,F,42
Shirley,F,42
Adelia,F,41
Donna,F,41
Johnnie,F,40
Lilla,F,40
Missouri,F,40
Odessa,F,40
Tina,F,40
Willa,F,40
Wilma,F,40
Besse,F,39
Dixie,F,39
Mazie,F,39
Priscilla,F,39
Reba,F,39
Clyde,F,38
Elmira,F,38
Iola,F,38
Lucia,F,38
Vada,F,38
Bella,F,37
Beryl,F,37
Iona,F,37
Jimmie,F,37
Lenore,F,37
Magdalena,F,37
Marcella,F,37
Charity,F,36
Esta,F,36
Julie,F,36
Maybelle,F,36
Tena,F,36
Antonia,F,35
Aurelia,F,35
Eloise,F,35
Ettie,F,35
Ludie,F,35
Molly,F,35
Clare,F,34
Ellie,F,34
Jannie,F,34
Kathrine,F,34
Lovie,F,34
Adah,F,33
Agatha,F,33
Corine,F,33
Lavinia,F,33
Lue,F,33
Octavia,F,33
Paula,F,33
Savannah,F,33
Vernie,F,32
Avis,F,31
Belva,F,31
Eda,F,31
Leonora,F,31
Leora,F,31
Lilian,F,31
Queen,F,31
Rhea,F,31
Verda,F,31
Adella,F,30
Aline,F,30
Althea,F,30
Bridget,F,30
Carol,F,30
Clarice,F,30
Dena,F,30
Eddie,F,30
Lucretia,F,30
Mariah,F,30
Melvina,F,30
Phebe,F,30
Ray,F,30
Rosella,F,30
Vinnie,F,30
Adela,F,29
Angelina,F,29
Annabelle,F,29
Emmie,F,29
Geraldine,F,29
Hilma,F,29
Idella,F,29
Lauretta,F,29
Lavina,F,29
Mona,F,29
Ocie,F,29
Tommie,F,29
Zoe,F,29
Zona,F,29
Charles,F,28
Evangeline,F,28
Jettie,F,28
Kitty,F,28
Liza,F,28
Luvenia,F,28
Margret,F,28
Almeda,F,27
Carmen,F,27
Carolina,F,27
Eugenie,F,27
Jewel,F,27
Joanna,F,27
Lennie,F,27
Louie,F,27
Mallie,F,27
Pinkie,F,27
Rilla,F,27
Beth,F,26
Connie,F,26
Era,F,26
Hanna,F,26
Imogene,F,26
Ione,F,26
James,F,26
Jewell,F,26
Leatha,F,26
Marcia,F,26
Meda,F,26
Mellie,F,26
Oda,F,26
Delphia,F,25
Georgianna,F,25
Harriette,F,25
Hortense,F,25
Letitia,F,25
Lorene,F,25
Mathilde,F,25
Matie,F,25
Natalie,F,25
Patsy,F,25
Pattie,F,25
Phyllis,F,25
Susanna,F,25
Tennie,F,25
Vallie,F,25
Wanda,F,25
Wilda,F,25
Annabel,F,24
Cordie,F,24
Donnie,F,24
Elinor,F,24
Ethyl,F,24
Ira,F,24
Jeanne,F,24
Lelah,F,24
Libbie,F,24
Lonnie,F,24
Malissa,F,24
Mertie,F,24
Petra,F,24
Retta,F,24
Serena,F,24
Thelma,F,24
Adda,F,23
Albina,F,23
Bernadette,F,23
Elda,F,23
Eleanora,F,23
Hassie,F,23
Leslie,F,23
Lucie,F,23
Rosanna,F,23
Rosina,F,23
Vena,F,23
Alva,F,22
Ara,F,22
Claudie,F,22
Clementine,F,22
Clemmie,F,22
Gretchen,F,22
Judith,F,22
Leone,F,22
Onie,F,22
Ottilie,F,22
Philomena,F,22
Zola,F,22
Anastasia,F,21
Annetta,F,21
Corrie,F,21
Docia,F,21
Elizebeth,F,21
Florida,F,21
Grayce,F,21
Joan,F,21
Lenna,F,21
Leonie,F,21
Louvenia,F,21
Winnifred,F,21
Abigail,F,20
Alida,F,20
America,F,20
Berenice,F,20
Camille,F,20
Christena,F,20
Clarissa,F,20
Delilah,F,20
Diana,F,20
Donie,F,20
Effa,F,20
Eileen,F,20
Glenna,F,20
Icie,F,20
Iris,F,20
Jenny,F,20
Josefa,F,20
Joy,F,20
Lorraine,F,20
Lutie,F,20
Sadye,F,20
Tressie,F,20
Adell,F,19
Alda,F,19
Estell,F,19
Gail,F,19
Luna,F,19
Madie,F,19
Nonie,F,19
Sabina,F,19
Tressa,F,19
Veda,F,19
Zetta,F,19
Altha,F,18
Bula,F,18
Cathryn,F,18
Cordia,F,18
Dolores,F,18
Emeline,F,18
Emilia,F,18
Ester,F,18
Hedwig,F,18
Henry,F,18
Hope,F,18
Joe,F,18
Margaretta,F,18
Maye,F,18
Selina,F,18
Sina,F,18
Theo,F,18
Theodora,F,18
Theresia,F,18
Ursula,F,18
Bennie,F,17
Bernadine,F,17
Bulah,F,17
Celestine,F,17
Corrine,F,17
Dessa,F,17
Frank,F,17
India,F,17
Kathryne,F,17
Lera,F,17
Liddie,F,17
Magnolia,F,17
Manda,F,17
Melinda,F,17
Minta,F,17
Patricia,F,17
Prudence,F,17
Reta,F,17
Rowena,F,17
Sophronia,F,17
Sula,F,17
Adaline,F,16
Aimee,F,16
Annis,F,16
Clora,F,16
Elenora,F,16
Elvina,F,16
Etha,F,16
Faith,F,16
Greta,F,16
Hellen,F,16
Kattie,F,16
Magdalene,F,16
Neta,F,16
Odie,F,16
Rachael,F,16
Sammie,F,16
Aletha,F,15
Allene,F,15
Amalia,F,15
Arrie,F,15
Betsy,F,15
Buena,F,15
Carmela,F,15
Dinah,F,15
Dulcie,F,15
Emmer,F,15
Florine,F,15
Frona,F,15
Glennie,F,15
Hazle,F,15
Izora,F,15
Kizzie,F,15
Lollie,F,15
Lonie,F,15
Loraine,F,15
Margarita,F,15
Marietta,F,15
Millicent,F,15
Myrtis,F,15
Queenie,F,15
Robbie,F,15
Sena,F,15
Sidney,F,15
Signe,F,15
Valeria,F,15
Verdie,F,15
Aileen,F,14
Albertine,F,14
Amie,F,14
Camilla,F,14
Cathrine,F,14
Coral,F,14
Corda,F,14
Dillie,F,14
Edyth,F,14
Eve,F,14
Flo,F,14
Fred,F,14
Goldia,F,14
Guadalupe,F,14
Helga,F,14
Icy,F,14
Isa,F,14
Jesse,F,14
Madeleine,F,14
Malvina,F,14
Margarette,F,14
Marjory,F,14
Maxie,F,14
Monica,F,14
Myrta,F,14
Novella,F,14
Ossie,F,14
Robert,F,14
Rosemary,F,14
Rossie,F,14
Rubie,F,14
Samantha,F,14
Sybil,F,14
Vergie,F,14
Winona,F,14
Zita,F,14
Zoa,F,14
Arie,F,13
Betsey,F,13
Billie,F,13
Birtie,F,13
Clifford,F,13
Dell,F,13
Dicie,F,13
Ebba,F,13
Emelia,F,13
Ethelyn,F,13
Eulah,F,13
Eura,F,13
Fairy,F,13
Freida,F,13
Huldah,F,13
Ivah,F,13
Janette,F,13
Jossie,F,13
Lady,F,13
Mahala,F,13
Margery,F,13
Mercedes,F,13
Mettie,F,13
Nevada,F,13
Ottie,F,13
Paralee,F,13
Peggy,F,13
Sada,F,13
Thea,F,13
Tilda,F,13
Vertie,F,13
Zadie,F,13
Zelda,F,13
Adelle,F,12
Arizona,F,12
Arlie,F,12
Bobbie,F,12
Byrd,F,12
Celina,F,12
Deborah,F,12
Delphine,F,12
Edward,F,12
Emelie,F,12
Erie,F,12
Floyd,F,12
Garnett,F,12
Gay,F,12
Gena,F,12
Genie,F,12
Gwendolyn,F,12
Joyce,F,12
Juliana,F,12
Junie,F,12
Katheryn,F,12
Lelar,F,12
Lella,F,12
Leontine,F,12
Lotta,F,12
Mame,F,12
Minda,F,12
Nealie,F,12
Netta,F,12
Nita,F,12
Nova,F,12
Ova,F,12
Ressie,F,12
Roma,F,12
Rosia,F,12
Ruthie,F,12
Salome,F,12
Sigrid,F,12
Sofia,F,12
Thomas,F,12
Valerie,F,12
Vira,F,12
Viva,F,12
Zada,F,12
Zena,F,12
Adline,F,11
Almira,F,11
Attie,F,11
Aura,F,11
Celeste,F,11
Charlie,F,11
Delma,F,11
Delta,F,11
Dorcas,F,11
Edla,F,11
Edmonia,F,11
Elena,F,11
Elfrieda,F,11
Elisa,F,11
Euphemia,F,11
Felicia,F,11
Ferne,F,11
Francisca,F,11
Fronie,F,11
Garnet,F,11
Georgina,F,11
Golden,F,11
Jo,F,11
Juana,F,11
Lockie,F,11
Martina,F,11
Miranda,F,11
Mossie,F,11
Osie,F,11
Ottilia,F,11
Roxana,F,11
Selena,F,11
Suzanne,F,11
Therese,F,11
Thora,F,11
Tracy,F,11
Ula,F,11
Alba,F,10
Alicia,F,10
Altie,F,10
Alyce,F,10
Andrea,F,10
Annabell,F,10
Audie,F,10
Beaulah,F,10
Berdie,F,10
Biddie,F,10
Carry,F,10
Claribel,F,10
Cressie,F,10
Daisey,F,10
Dot,F,10
Dottie,F,10
Edwina,F,10
Eleanore,F,10
Elenor,F,10
Ellar,F,10
Eller,F,10
Elvie,F,10
Ena,F,10
Erla,F,10
Eugene,F,10
Evalyn,F,10
Fleda,F,10
Florrie,F,10
Helma,F,10
Herma,F,10
Hertha,F,10
Jeanie,F,10
Justine,F,10
Karen,F,10
Leda,F,10
Love,F,10
Lovina,F,10
Luetta,F,10
Maida,F,10
Mammie,F,10
Margaretha,F,10
Margarett,F,10
Maybell,F,10
Maymie,F,10
Melva,F,10
Mercy,F,10
Mintie,F,10
Nana,F,10
Nelia,F,10
Nella,F,10
Oliva,F,10
Ozella,F,10
Pinkey,F,10
Retha,F,10
Rosalia,F,10
Rosalind,F,10
Rosey,F,10
Susana,F,10
Tabitha,F,10
Vella,F,10
Verne,F,10
Vernon,F,10
Zillah,F,10
Adelina,F,9
Albertina,F,9
Alverda,F,9
Alverta,F,9
Ana,F,9
Ardelia,F,9
Arline,F,9
Arthur,F,9
Augustine,F,9
Capitola,F,9
Carmelita,F,9
Celesta,F,9
Celestia,F,9
Chessie,F,9
Daisie,F,9
Daphne,F,9
Dellie,F,9
Donia,F,9
Elta,F,9
Ernest,F,9
Fronia,F,9
Gene,F,9
Gretta,F,9
Henriette,F,9
Jessica,F,9
Johnie,F,9
Lala,F,9
Lanie,F,9
Lavada,F,9
Leana,F,9
Lillis,F,9
Lota,F,9
Louis,F,9
Lulah,F,9
Magdalen,F,9
Marvel,F,9
Metta,F,9
Monnie,F,9
Noemie,F,9
Pheobe,F,9
Rosy,F,9
Theodosia,F,9
Tilla,F,9
Tishie,F,9
Verona,F,9
Walter,F,9
Zenobia,F,9
Zettie,F,9
Abby,F,8
Aggie,F,8
Alphonsine,F,8
Amber,F,8
Anner,F,8
Arkie,F,8
Arminta,F,8
Azzie,F,8
Cammie,F,8
Carlotta,F,8
Cinda,F,8
Clotilde,F,8
Doshia,F,8
Doshie,F,8
Drucilla,F,8
Drusilla,F,8
Easter,F,8
Elaine,F,8
Eldora,F,8
Elgie,F,8
Ema,F,8
Emaline,F,8
Enid,F,8
Ether,F,8
Euna,F,8
Evalena,F,8
Eveline,F,8
Exie,F,8
Filomena,F,8
Florance,F,8
Frederica,F,8
Fredericka,F,8
Gregoria,F,8
Gunda,F,8
Hildur,F,8
Imo,F,8
Jeffie,F,8
Josefina,F,8
Josiephine,F,8
Justina,F,8
Lannie,F,8
Laurie,F,8
Laverne,F,8
Lea,F,8
Leaner,F,8
Leo,F,8
Lidie,F,8
Loretto,F,8
Lu,F,8
Manuela,F,8
Margarete,F,8
Media,F,8
Mell,F,8
Mima,F,8
Nathalie,F,8
Nelda,F,8
Noma,F,8
Odelia,F,8
Olevia,F,8
Omie,F,8
Orrie,F,8
Penelope,F,8
Philomene,F,8
Ramona,F,8
Sibyl,F,8
Texanna,F,8
Thekla,F,8
Tinnie,F,8
Unknown,F,8
Vannie,F,8
Vashti,F,8
Venie,F,8
Wilhelmine,F,8
Willia,F,8
Zela,F,8
Adelene,F,7
Ader,F,7
Albertha,F,7
Alla,F,7
Almeta,F,7
Anabel,F,7
Angelita,F,7
Armina,F,7
Arra,F,7
Ary,F,7
Aurora,F,7
Bama,F,7
Ben,F,7
Cannie,F,7
Cara,F,7
Cathern,F,7
Clemma,F,7
Cloe,F,7
Crystal,F,7
Dallie,F,7
Dee,F,7
Delcie,F,7
Dellar,F,7
Denise,F,7
Dossie,F,7
Earlie,F,7
Edrie,F,7
Ela,F,7
Eleonore,F,7
Elia,F,7
Ellena,F,7
Ellis,F,7
Elmire,F,7
Elsia,F,7
Emogene,F,7
Eudora,F,7
Evaline,F,7
Ever,F,7
Florene,F,7
Forrest,F,7
Gerda,F,7
Gertha,F,7
Glenn,F,7
Hessie,F,7
Ima,F,7
Irena,F,7
Izetta,F,7
Jeannie,F,7
Jessamine,F,7
Joseph,F,7
Juliet,F,7
Juliette,F,7
Kay,F,7
Lattie,F,7
Lavenia,F,7
Laverna,F,7
Letty,F,7
Leva,F,7
Lilah,F,7
Lilia,F,7
Lilie,F,7
Liller,F,7
Lillia,F,7
Lissie,F,7
Litha,F,7
Littie,F,7
Mabell,F,7
Mahalie,F,7
Mandie,F,7
Melanie,F,7
Minnette,F,7
Montie,F,7
Mozelle,F,7
Myrle,F,7
Myrtice,F,7
Nanie,F,7
Nannette,F,7
Narcissus,F,7
Neola,F,7
Neoma,F,7
Nezzie,F,7
Nicie,F,7
Norah,F,7
Odell,F,7
Olie,F,7
Onnie,F,7
Orah,F,7
Orilla,F,7
Orra,F,7
Osa,F,7
Othella,F,7
Ouida,F,7
Pallie,F,7
Parthenia,F,7
Patti,F,7
Pennie,F,7
Perle,F,7
Pluma,F,7
Rene,F,7
Renee,F,7
Rosamond,F,7
Rozella,F,7
Rubye,F,7
Shellie,F,7
Silvia,F,7
Sweetie,F,7
Teckla,F,7
Tekla,F,7
Texas,F,7
Texie,F,7
Thresa,F,7
Trudie,F,7
Vassie,F,7
Velva,F,7
Vernia,F,7
Veva,F,7
Violetta,F,7
Virgia,F,7
Vista,F,7
Yetta,F,7
Zelia,F,7
Zelpha,F,7
Aida,F,6
Albena,F,6
Alene,F,6
Allean,F,6
Alvena,F,6
Ammie,F,6
Anice,F,6
Antha,F,6
Ardella,F,6
Ason,F,6
Becky,F,6
Bina,F,6
Blandina,F,6
Buna,F,6
Byrdie,F,6
Candis,F,6
Carl,F,6
Cenie,F,6
Cherrie,F,6
Christian,F,6
Christie,F,6
Cleopatra,F,6
Dannie,F,6
Debbie,F,6
Dola,F,6
Dosha,F,6
Dove,F,6
Earle,F,6
Earnestine,F,6
Eathel,F,6
Editha,F,6
Elba,F,6
Elberta,F,6
Elfie,F,6
Elida,F,6
Elmer,F,6
Elna,F,6
Emmaline,F,6
Enola,F,6
Erin,F,6
Estefana,F,6
Etna,F,6
Eulalia,F,6
Evelina,F,6
Fae,F,6
Fleta,F,6
Gracia,F,6
Gusta,F,6
Hermina,F,6
Hermine,F,6
Hetty,F,6
Honora,F,6
Honorine,F,6
Idell,F,6
Inda,F,6
Indiana,F,6
Isadora,F,6
Isadore,F,6
Jennette,F,6
Jessye,F,6
Judy,F,6
Katy,F,6
Laurel,F,6
Leanna,F,6
Leonia,F,6
Leonore,F,6
Lidia,F,6
Loney,F,6
Loula,F,6
Luisa,F,6
Lupe,F,6
Lyla,F,6
Macie,F,6
Malissia,F,6
Manie,F,6
Maranda,F,6
Marge,F,6
Margrete,F,6
Marilla,F,6
Marry,F,6
Maryann,F,6
Mignon,F,6
Mira,F,6
Mirtie,F,6
Nadine,F,6
Nena,F,6
Ninnie,F,6
Norine,F,6
Octa,F,6
Odile,F,6
Olivette,F,6
Olla,F,6
Orlena,F,6
Otie,F,6
Parlee,F,6
Paulina,F,6
Permelia,F,6
Pernie,F,6
Persis,F,6
Pollie,F,6
Rafaela,F,6
Ragna,F,6
Raye,F,6
Reva,F,6
Romaine,F,6
Rosabelle,F,6
Roseanna,F,6
Roy,F,6
Sam,F,6
Sarrah,F,6
Savilla,F,6
Sister,F,6
Susanne,F,6
Tempie,F,6
Tess,F,6
Tiny,F,6
Tomasa,F,6
Tony,F,6
Tula,F,6
Tura,F,6
Valentine,F,6
Vennie,F,6
Vernice,F,6
Versa,F,6
Veta,F,6
Vicie,F,6
Viney,F,6
Violette,F,6
Vita,F,6
Weltha,F,6
Will,F,6
Zaida,F,6
Adelaida,F,5
Aileene,F,5
Ala,F,5
Aleda,F,5
Amalie,F,5
Amma,F,5
Angele,F,5
Anie,F,5
Annice,F,5
Antonette,F,5
Aquilla,F,5
Arda,F,5
Ardell,F,5
Arlena,F,5
Arlene,F,5
Armilda,F,5
Arminda,F,5
Arnie,F,5
Atha,F,5
Aubrey,F,5
Auda,F,5
Audra,F,5
Azilda,F,5
Bea,F,5
Beda,F,5
Belinda,F,5
Benita,F,5
Beula,F,5
Birtha,F,5
Brooksie,F,5
Buelah,F,5
Burnie,F,5
Carlie,F,5
Carrye,F,5
Cary,F,5
Cena,F,5
Cherry,F,5
Chlora,F,5
Christene,F,5
Christiana,F,5
Clair,F,5
Clarinda,F,5
Claude,F,5
Clem,F,5
Coletta,F,5
Cordella,F,5
Dagmar,F,5
Darthula,F,5
Dean,F,5
Delima,F,5
Delina,F,5
Dicy,F,5
Dorathea,F,5
Dortha,F,5
Dosia,F,5
Earline,F,5
Ebbie,F,5
Electa,F,5
Eleonora,F,5
Elinore,F,5
Eloisa,F,5
Elouise,F,5
Elzina,F,5
Ermie,F,5
Ernie,F,5
Ethie,F,5
Eupha,F,5
Evah,F,5
Evia,F,5
Exa,F,5
Fan,F,5
Felicitas,F,5
Ferol,F,5
Flavia,F,5
Flonnie,F,5
Freddie,F,5
Fredonia,F,5
Gennie,F,5
Genoveva,F,5
Georgine,F,5
Gertude,F,5
Glendora,F,5
Gratia,F,5
Hanora,F,5
Harry,F,5
Hasel,F,5
Hedvig,F,5
Henretta,F,5
Hermie,F,5
Hildred,F,5
Ibbie,F,5
Idalia,F,5
Ilo,F,5
Ingeborg,F,5
Inger,F,5
Isla,F,5
Isola,F,5
Ivory,F,5
Jack,F,5
Jemima,F,5
Jodie,F,5
Jonnie,F,5
Jule,F,5
Junia,F,5
Katharyn,F,5
Katherina,F,5
Lacy,F,5
Lalla,F,5
Lassie,F,5
Lavonia,F,5
Leannah,F,5
Lear,F,5
Leathie,F,5
Lester,F,5
Letta,F,5
Libby,F,5
Lille,F,5
Lita,F,5
Litta,F,5
Lizette,F,5
Lorine,F,5
Lorna,F,5
Lossie,F,5
Louisiana,F,5
Lular,F,5
Lulie,F,5
Luverna,F,5
Malisa,F,5
Manerva,F,5
Mariana,F,5
Marina,F,5
Marinda,F,5
Maryjane,F,5
Matilde,F,5
Mattye,F,5
Medora,F,5
Mena,F,5
Mila,F,5
Miley,F,5
Minervia,F,5
Minie,F,5
Minne,F,5
Mora,F,5
Mozella,F,5
Myrl,F,5
Myrna,F,5
Neda,F,5
Neita,F,5
Nelva,F,5
Nonnie,F,5
Notie,F,5
Octavie,F,5
Olinda,F,5
Opie,F,5
Oral,F,5
Oscar,F,5
Ota,F,5
Otillia,F,5
Otis,F,5
Otta,F,5
Ozie,F,5
Palma,F,5
Parrie,F,5
Patty,F,5
Pearley,F,5
Pearline,F,5
Perlie,F,5
Phila,F,5
Prudie,F,5
Ralph,F,5
Reita,F,5
Reka,F,5
Rella,F,5
Richard,F,5
Roena,F,5
Roxa,F,5
Roxanna,F,5
Roxy,F,5
Salena,F,5
Savanah,F,5
Senie,F,5
Sidonia,F,5
Signa,F,5
Tennessee,F,5
Terese,F,5
Tiney,F,5
Trannie,F,5
Treva,F,5
Ura,F,5
Vara,F,5
Venia,F,5
Venus,F,5
Verlie,F,5
Vinia,F,5
Virdie,F,5
Vollie,F,5
Wessie,F,5
Zepha,F,5
Zilpha,F,5
Zulema,F,5
Zuma,F,5
John,M,8548
William,M,7772
James,M,5020
George,M,4430
Charles,M,4199
Frank,M,2975
Joseph,M,2729
Harry,M,2559
Robert,M,2513
Edward,M,2299
Henry,M,2286
Thomas,M,2233
Walter,M,1916
Arthur,M,1668
Fred,M,1554
Albert,M,1353
Clarence,M,984
Roy,M,888
Louis,M,837
Samuel,M,810
Benjamin,M,760
David,M,757
Ernest,M,736
Richard,M,711
Joe,M,708
Willie,M,708
Carl,M,704
Earl,M,688
Charlie,M,685
Will,M,631
Jesse,M,576
Oscar,M,572
Andrew,M,561
Elmer,M,557
Paul,M,556
Daniel,M,515
Raymond,M,511
Howard,M,503
Ralph,M,495
Sam,M,486
Alfred,M,472
Herbert,M,472
Ben,M,453
Frederick,M,451
Peter,M,425
Lee,M,415
Lewis,M,414
Herman,M,405
Claude,M,386
Tom,M,379
Michael,M,377
Eugene,M,369
Martin,M,367
Ray,M,355
Francis,M,346
Lawrence,M,342
Harold,M,340
Jim,M,328
Leo,M,325
Edgar,M,322
Jack,M,322
Clyde,M,318
Floyd,M,313
Harvey,M,311
Otto,M,309
Edwin,M,306
Jacob,M,295
Harrison,M,288
Chester,M,274
Guy,M,271
Ed,M,270
Luther,M,270
Homer,M,255
Patrick,M,236
Bert,M,231
Theodore,M,231
Leonard,M,229
Hugh,M,225
Allen,M,222
Anthony,M,219
Bernard,M,215
Lester,M,213
Grover,M,210
Oliver,M,210
Ira,M,207
Jessie,M,207
Clifford,M,202
Charley,M,199
Russell,M,198
Archie,M,195
Isaac,M,188
Leroy,M,186
Alexander,M,185
Leon,M,184
Philip,M,183
August,M,171
Milton,M,171
Lloyd,M,167
Warren,M,167
Horace,M,166
Stephen,M,164
Everett,M,163
Julius,M,159
Victor,M,158
Eddie,M,155
Leslie,M,155
Marion,M,153
Stanley,M,151
Emil,M,146
Percy,M,144
Sidney,M,144
Norman,M,141
Alvin,M,137
Alex,M,127
Willis,M,124
Jess,M,121
Nathan,M,121
Matthew,M,118
Dan,M,116
Dave,M,116
Otis,M,116
Ross,M,115
Wallace,M,115
Amos,M,114
Gus,M,114
Morris,M,112
Sylvester,M,112
Dennis,M,111
Jerry,M,110
Mack,M,110
Maurice,M,109
Emmett,M,108
Rufus,M,108
Calvin,M,107
Jake,M,107
Lonnie,M,106
Gilbert,M,105
Perry,M,105
Jay,M,104
Glenn,M,103
Alonzo,M,102
Cecil,M,102
Wilbur,M,102
Adolph,M,101
Earnest,M,101
Mark,M,101
Wesley,M,101
Franklin,M,100
Willard,M,100
Melvin,M,97
Clinton,M,95
Elbert,M,95
Adam,M,93
Virgil,M,93
Edmund,M,89
Claud,M,88
Levi,M,88
Aaron,M,85
Noah,M,85
Abraham,M,83
Felix,M,83
Hubert,M,83
Max,M,83
Roscoe,M,83
Rudolph,M,83
Timothy,M,82
Manuel,M,81
Ellis,M,80
Jose,M,80
Nelson,M,80
Moses,M,78
Phillip,M,78
Cornelius,M,77
Marshall,M,77
Marvin,M,77
Clayton,M,76
Irvin,M,76
Jasper,M,76
Ollie,M,76
Donald,M,75
Owen,M,75
Anton,M,74
Reuben,M,73
Vernon,M,73
Wiley,M,73
Mike,M,72
Christopher,M,71
Johnnie,M,71
Jeff,M,70
Simon,M,69
Austin,M,68
Fredrick,M,68
Monroe,M,68
Nicholas,M,68
Curtis,M,67
Silas,M,67
Bennie,M,66
Hiram,M,66
Kenneth,M,66
Forrest,M,65
Irving,M,65
Vincent,M,65
Orville,M,64
Steve,M,64
Alva,M,62
Bruce,M,62
Don,M,62
Bill,M,61
Elijah,M,61
Juan,M,61
Cleveland,M,60
Eli,M,60
Gordon,M,60
Harley,M,60
Pete,M,60
Roland,M,60
Clifton,M,59
Sherman,M,59
Glen,M,58
Dock,M,57
Mose,M,57
Barney,M,54
Edd,M,52
Ervin,M,52
Ike,M,52
Bob,M,51
Christian,M,51
Clark,M,51
Karl,M,50
Pearl,M,50
Julian,M,49
Roger,M,49
Bud,M,48
Gerald,M,48
Jerome,M,48
Nathaniel,M,48
Boyd,M,47
Earle,M,47
Ivan,M,47
Ora,M,47
Scott,M,46
Andy,M,45
Tony,M,45
Edmond,M,44
Luke,M,44
Lynn,M,44
Major,M,44
Riley,M,44
Wilson,M,44
Lon,M,43
Anderson,M,42
Arnold,M,42
Chris,M,42
Emery,M,42
Jackson,M,42
Jeremiah,M,42
Mathew,M,42
Millard,M,42
Wade,M,42
Clem,M,41
Emanuel,M,41
Mary,M,41
Columbus,M,40
Louie,M,40
Solomon,M,40
Abe,M,39
Douglas,M,39
Grant,M,39
Jefferson,M,39
Preston,M,39
Johnie,M,38
Marcus,M,38
Neal,M,38
Asa,M,37
Byron,M,37
Conrad,M,37
Emory,M,37
Joel,M,37
Royal,M,37
Wilfred,M,37
Elias,M,36
Morton,M,36
Newton,M,36
Augustus,M,35
Cyrus,M,35
Freeman,M,35
Merle,M,35
Dewitt,M,34
Ferdinand,M,34
General,M,34
Myron,M,34
Nick,M,34
Van,M,34
Carroll,M,33
Dallas,M,33
Enoch,M,33
Ezra,M,33
Grady,M,33
Hugo,M,33
Joshua,M,33
Matt,M,33
Miles,M,33
Ruben,M,33
Walker,M,33
Chas,M,32
Delbert,M,32
Fletcher,M,32
Laurence,M,32
Logan,M,32
Tommie,M,32
Ward,M,32
Wayne,M,32
Allan,M,31
Antonio,M,31
Arch,M,31
Harris,M,31
Loyd,M,31
Benjiman,M,30
Dudley,M,30
Jimmie,M,30
Thurman,M,30
Carlton,M,29
Chauncey,M,29
Clay,M,29
Elisha,M,29
Elwood,M,29
Erwin,M,29
Garfield,M,29
Leland,M,29
Lemuel,M,29
Vern,M,29
Casper,M,28
Gustave,M,28
Ned,M,28
Neil,M,28
Spencer,M,28
Taylor,M,28
Ambrose,M,27
Clement,M,27
Emile,M,27
Foster,M,27
Gust,M,27
Gustav,M,27
Malcolm,M,27
Omer,M,27
Randolph,M,27
Seth,M,27
Alton,M,26
Lucius,M,26
Pedro,M,26
Carlos,M,25
Dorsey,M,25
Hans,M,25
Hardy,M,25
Harmon,M,25
Jonas,M,25
Sanford,M,25
Ted,M,25
Wilbert,M,25
Burton,M,24
Dee,M,24
Emmet,M,24
Forest,M,24
Lorenzo,M,24
Morgan,M,24
Murray,M,24
Noble,M,24
Winfield,M,24
Abram,M,23
Al,M,23
Anna,M,23
Archibald,M,23
Berry,M,23
Frederic,M,23
Madison,M,23
Ramon,M,23
Rex,M,23
Warner,M,23
Abner,M,22
Cleve,M,22
Dick,M,22
Elza,M,22
Emerson,M,22
Irwin,M,22
Josh,M,22
Leander,M,22
Loren,M,22
Adolphus,M,21
Davis,M,21
Dean,M,21
Elvin,M,21
Eric,M,21
Fritz,M,21
Green,M,21
Judson,M,21
King,M,21
Lem,M,21
Lucian,M,21
Lyman,M,21
Mason,M,21
Mitchell,M,21
Raleigh,M,21
Sol,M,21
Stuart,M,21
Christ,M,20
Clair,M,20
Early,M,20
Henderson,M,20
Israel,M,20
Johnny,M,20
Judge,M,20
Napoleon,M,20
Ole,M,20
Porter,M,20
Blaine,M,19
Caleb,M,19
Clint,M,19
Dale,M,19
Elton,M,19
Fay,M,19
Francisco,M,19
Geo,M,19
Herschel,M,19
Lowell,M,19
Oren,M,19
Orval,M,19
Pat,M,19
Phil,M,19
Sandy,M,19
Stewart,M,19
Ulysses,M,19
Washington,M,19
Zack,M,19
Axel,M,18
Bertram,M,18
Hamilton,M,18
Jason,M,18
Lyle,M,18
Olin,M,18
Pink,M,18
Rollie,M,18
Sydney,M,18
Turner,M,18
Verne,M,18
Waldo,M,18
Alphonse,M,17
Burt,M,17
Ellsworth,M,17
Evan,M,17
Granville,M,17
Kelly,M,17
Lige,M,17
Lou,M,17
Miller,M,17
Milo,M,17
Nels,M,17
Odie,M,17
Olaf,M,17
Otho,M,17
Rolla,M,17
Rolland,M,17
Thornton,M,17
Wash,M,17
Adrian,M,16
Alvie,M,16
Basil,M,16
Bertie,M,16
Duncan,M,16
Dwight,M,16
Elizabeth,M,16
Evans,M,16
Garrett,M,16
Hezekiah,M,16
Isiah,M,16
Junius,M,16
Lafayette,M,16
Lindsey,M,16
Orin,M,16
Reese,M,16
Troy,M,16
Webster,M,16
Aubrey,M,15
Buster,M,15
Carey,M,15
Cliff,M,15
Evert,M,15
Ford,M,15
Frances,M,15
Hosea,M,15
Mathias,M,15
Melville,M,15
Orrin,M,15
Smith,M,15
Sterling,M,15
Tracy,M,15
Valentine,M,15
Wyatt,M,15
Adelbert,M,14
Albin,M,14
Angus,M,14
Annie,M,14
Beverly,M,14
Billie,M,14
Dominick,M,14
Elmore,M,14
Emmitt,M,14
Ethel,M,14
Ezekiel,M,14
Finis,M,14
Harlan,M,14
Henery,M,14
Josiah,M,14
Lincoln,M,14
Lonie,M,14
Prince,M,14
Reginald,M,14
Sammie,M,14
Sim,M,14
Simeon,M,14
Steven,M,14
Tim,M,14
Verner,M,14
Wilber,M,14
Wilmer,M,14
Alma,M,13
Angelo,M,13
Antone,M,13
Benjamine,M,13
Benton,M,13
Cal,M,13
Connie,M,13
Dewey,M,13
Doc,M,13
Elmo,M,13
Isaiah,M,13
Johnson,M,13
Larry,M,13
Lucious,M,13
Margaret,M,13
Minnie,M,13
Noel,M,13
Parker,M,13
Randall,M,13
Ransom,M,13
Rollin,M,13
Roman,M,13
Shirley,M,13
Truman,M,13
Alf,M,12
Allie,M,12
Alois,M,12
Ballard,M,12
Benjaman,M,12
Bennett,M,12
Bertha,M,12
Brady,M,12
Burl,M,12
Butler,M,12
Cloyd,M,12
Coleman,M,12
Cyril,M,12
Freddie,M,12
Giles,M,12
Hal,M,12
Hamp,M,12
Jean,M,12
Jonathan,M,12
Jules,M,12
Lawson,M,12
Lucien,M,12
Marcellus,M,12
Merritt,M,12
Norris,M,12
Orlando,M,12
Oswald,M,12
Reed,M,12
Vance,M,12
Walton,M,12
Winfred,M,12
Wm,M,12
Addison,M,11
Aloysius,M,11
Alvah,M,11
Arlie,M,11
Artie,M,11
Bart,M,11
Bee,M,11
Bernie,M,11
Bryant,M,11
Burr,M,11
Carter,M,11
Cary,M,11
Clare,M,11
Courtney,M,11
Crawford,M,11
Eldon,M,11
Elliott,M,11
Essie,M,11
Ferd,M,11
Gene,M,11
Guss,M,11
Haywood,M,11
Houston,M,11
Hunter,M,11
Irl,M,11
Linton,M,11
Lonzo,M,11
Luis,M,11
Mattie,M,11
Maxwell,M,11
Maynard,M,11
Mont,M,11
Omar,M,11
Otha,M,11
Pablo,M,11
Pierce,M,11
Price,M,11
Raphael,M,11
Rose,M,11
Rupert,M,11
Russel,M,11
Shelby,M,11
Theron,M,11
Tobe,M,11
Wilburn,M,11
Wilford,M,11
Wylie,M,11
Addie,M,10
Alan,M,10
Alden,M,10
Alford,M,10
Bailey,M,10
Bartholomew,M,10
Bernhard,M,10
Bishop,M,10
Dolphus,M,10
Egbert,M,10
Elwin,M,10
Emma,M,10
Ernst,M,10
Everette,M,10
Florence,M,10
Gustaf,M,10
Harve,M,10
Hollie,M,10
Hollis,M,10
Isadore,M,10
Isom,M,10
Ivory,M,10
Ivy,M,10
Lacy,M,10
Larkin,M,10
Lenard,M,10
Lindsay,M,10
Manley,M,10
Myrtle,M,10
Newt,M,10
Octave,M,10
Ola,M,10
Orange,M,10
Pierre,M,10
Quincy,M,10
Ronald,M,10
Rowland,M,10
Seymour,M,10
Sullivan,M,10
Thaddeus,M,10
Tillman,M,10
Tobias,M,10
Urban,M,10
Vivian,M,10
Young,M,10
Abel,M,9
Alice,M,9
Alonza,M,9
Aron,M,9
Arvid,M,9
Avery,M,9
Benson,M,9
Bonnie,M,9
Brown,M,9
Buck,M,9
Burley,M,9
Clara,M,9
Colonel,M,9
Dora,M,9
Doyle,M,9
Eber,M,9
Elden,M,9
Gabriel,M,9
Garland,M,9
Gerard,M,9
Golden,M,9
Helmer,M,9
Hershel,M,9
Hubbard,M,9
Ignatius,M,9
Jennie,M,9
Jesus,M,9
Jodie,M,9
Lennie,M,9
Lew,M,9
Lionel,M,9
Maude,M,9
May,M,9
Merrill,M,9
Mervin,M,9
Mitchel,M,9
Oral,M,9
Orie,M,9
Park,M,9
Rene,M,9
Richmond,M,9
Roderick,M,9
Rodney,M,9
Rube,M,9
Terry,M,9
Tomas,M,9
Tommy,M,9
Willam,M,9
Wilton,M,9
Ace,M,8
Acie,M,8
Alfonzo,M,8
Algie,M,8
Andres,M,8
Arther,M,8
Augusta,M,8
Augustine,M,8
Barton,M,8
Carlie,M,8
Cicero,M,8
Dana,M,8
Darwin,M,8
Edna,M,8
Effie,M,8
Eldridge,M,8
Elzie,M,8
Ennis,M,8
Erick,M,8
Fredric,M,8
Gerhard,M,8
Hallie,M,8
Hazel,M,8
Heber,M,8
Helen,M,8
Hermon,M,8
Hilliard,M,8
Howell,M,8
Humphrey,M,8
Hyman,M,8
Ida,M,8
Isham,M,8
Issac,M,8
Jones,M,8
Justin,M,8
Lambert,M,8
Levy,M,8
Loy,M,8
Mahlon,M,8
Mannie,M,8
Marie,M,8
Mell,M,8
Micheal,M,8
Miguel,M,8
Milford,M,8
Nat,M,8
Nellie,M,8
Norbert,M,8
Oakley,M,8
Olen,M,8
Oran,M,8
Palmer,M,8
Press,M,8
Rafael,M,8
Rubin,M,8
Sampson,M,8
Sanders,M,8
Shelly,M,8
Sid,M,8
Son,M,8
Thad,M,8
Theo,M,8
Vernie,M,8
Watson,M,8
Whitney,M,8
Willian,M,8
Zeb,M,8
Ada,M,7
Adelard,M,7
Adolfo,M,7
Aleck,M,7
Alfonso,M,7
Alfredo,M,7
Allison,M,7
Alpha,M,7
Auther,M,7
Barry,M,7
Bartley,M,7
Baxter,M,7
Benedict,M,7
Bernice,M,7
Bertrand,M,7
Bessie,M,7
Blair,M,7
Branch,M,7
Brice,M,7
Bruno,M,7
Bush,M,7
Carson,M,7
Clarance,M,7
Cleo,M,7
Collins,M,7
Commodore,M,7
Cora,M,7
Dell,M,7
Denver,M,7
Dexter,M,7
Doss,M,7
Eben,M,7
Edith,M,7
Edmon,M,7
Elgin,M,7
Emmit,M,7
Ephraim,M,7
Ernie,M,7
Ewald,M,7
Ewell,M,7
Fannie,M,7
Fate,M,7
Federico,M,7
Florencio,M,7
Franz,M,7
Garnet,M,7
Gertrude,M,7
Governor,M,7
Graham,M,7
Gray,M,7
Griffin,M,7
Hayward,M,7
Hector,M,7
Isidore,M,7
Iva,M,7
Jewel,M,7
Jewell,M,7
Jonah,M,7
Jordan,M,7
Josephus,M,7
Jule,M,7
June,M,7
Laverne,M,7
Lillian,M,7
Linwood,M,7
Ludwig,M,7
Lum,M,7
Mabel,M,7
Maury,M,7
Merton,M,7
Nancy,M,7
Newman,M,7
Obie,M,7
Ocie,M,7
Odell,M,7
Orion,M,7
Paris,M,7
Pinkney,M,7
Pleas,M,7
Rice,M,7
Rollo,M,7
Salvatore,M,7
Theadore,M,7
Travis,M,7
Tyler,M,7
Wayland,M,7
Werner,M,7
West,M,7
Winston,M,7
Alcide,M,6
Alger,M,6
Almon,M,6
Alto,M,6
Ammon,M,6
Ansel,M,6
Anson,M,6
Barrett,M,6
Bedford,M,6
Blanche,M,6
Boss,M,6
Burrel,M,6
Callie,M,6
Carrie,M,6
Cassius,M,6
Chalmer,M,6
Cody,M,6
Coley,M,6
Colin,M,6
Coy,M,6
Curley,M,6
Dalton,M,6
Denis,M,6
Dixie,M,6
Donnie,M,6
Dow,M,6
Earley,M,6
Edw,M,6
Elder,M,6
Eldred,M,6
Elie,M,6
Enos,M,6
Ernesto,M,6
Fayette,M,6
Fed,M,6
Fitzhugh,M,6
Foy,M,6
Gabe,M,6
Gail,M,6
Galen,M,6
Gaylord,M,6
Genie,M,6
Godfrey,M,6
Gregorio,M,6
Gregory,M,6
Harland,M,6
Hayden,M,6
Hjalmar,M,6
Hjalmer,M,6
Jarvis,M,6
Jens,M,6
Joesph,M,6
Josephine,M,6
Keith,M,6
Knute,M,6
Lawton,M,6
Len,M,6
Leonce,M,6
Levin,M,6
Lillie,M,6
Lish,M,6
Lorenz,M,6
Lorenza,M,6
Louise,M,6
Love,M,6
Malachi,M,6
Manford,M,6
Marshal,M,6
Mat,M,6
Minor,M,6
Montgomery,M,6
Okey,M,6
Ossie,M,6
Pascal,M,6
Percival,M,6
Posey,M,6
Redmond,M,6
Robin,M,6
Rosco,M,6
Rosendo,M,6
Rush,M,6
Sebastian,M,6
Sheldon,M,6
Stafford,M,6
Starling,M,6
Steward,M,6
Talmadge,M,6
Thos,M,6
Unknown,M,6
Vester,M,6
Virgle,M,6
Waverly,M,6
Wellington,M,6
Williams,M,6
Winford,M,6
Wright,M,6
Abie,M,5
Alphonsus,M,5
Alta,M,5
Alver,M,5
Ananias,M,5
Anatole,M,5
Archer,M,5
Armand,M,5
Art,M,5
Benjamen,M,5
Benny,M,5
Billy,M,5
Bird,M,5
Bobbie,M,5
Booker,M,5
Boone,M,5
Bradford,M,5
Brooks,M,5
Buell,M,5
Byrd,M,5
Chesley,M,5
Chin,M,5
Claiborne,M,5
Cleave,M,5
Clemens,M,5
Collie,M,5
Cooper,M,5
Damon,M,5
Dawson,M,5
Delmar,M,5
Dempsey,M,5
Dennie,M,5
Denny,M,5
Dillard,M,5
Dominic,M,5
Drew,M,5
Ebb,M,5
Eligah,M,5
Elige,M,5
Elija,M,5
Elroy,M,5
Elsie,M,5
Elvis,M,5
English,M,5
Essex,M,5
Estella,M,5
Eva,M,5
Fern,M,5
Fernand,M,5
Festus,M,5
Finley,M,5
Gardner,M,5
Garnett,M,5
Garry,M,5
Gottlieb,M,5
Hampton,M,5
Harvie,M,5
Hillard,M,5
Hillary,M,5
Horton,M,5
Hosie,M,5
Hoyt,M,5
Hudson,M,5
Hughie,M,5
Huston,M,5
Ignacio,M,5
Jimmy,M,5
Kit,M,5
Kyle,M,5
Laurel,M,5
Lawrance,M,5
Lemmie,M,5
Less,M,5
Linden,M,5
Lisle,M,5
Little,M,5
Llewellyn,M,5
Loran,M,5
Lorin,M,5
Lue,M,5
Lula,M,5
Mac,M,5
Mance,M,5
Maud,M,5
Melton,M,5
Meyer,M,5
Michel,M,5
Mildred,M,5
Moe,M,5
Monte,M,5
Montie,M,5
Namon,M,5
Ney,M,5
Nicolas,M,5
Nolan,M,5
Norton,M,5
Norval,M,5
Ode,M,5
Odis,M,5
Olive,M,5
Oneal,M,5
Orlo,M,5
Orrie,M,5
Pearley,M,5
Perley,M,5
Philo,M,5
Ples,M,5
Profit,M,5
Ras,M,5
Raymon,M,5
Remus,M,5
Rich,M,5
Robbie,M,5
Roe,M,5
Romie,M,5
Ruby,M,5
Rudy,M,5
Sadie,M,5
Samual,M,5
Sarah,M,5
Schuyler,M,5
Squire,M,5
Stacy,M,5
Stanton,M,5
Sumner,M,5
Swan,M,5
Talmage,M,5
Terrence,M,5
Theophile,M,5
Toy,M,5
Viola,M,5
Waymon,M,5
Webb,M,5
Weldon,M,5
Wendell,M,5
Wilhelm,M,5
Zeke,M,5
Zenas,M,5
