name,gender,count
Mary,F,13172
Anna,F,5115
Helen,F,5048
Margaret,F,4249
Ruth,F,3912
Florence,F,3314
Elizabeth,F,3287
Marie,F,3156
Ethel,F,2999
Lillian,F,2703
Edna,F,2534
Alice,F,2523
Emma,F,2445
Clara,F,2441
Grace,F,2353
Bertha,F,2294
Mildred,F,2291
Annie,F,2289
Bessie,F,2280
Gladys,F,2228
Rose,F,2197
Mabel,F,2127
Gertrude,F,2110
Frances,F,2058
Minnie,F,2036
Hazel,F,2033
Pearl,F,1999
Martha,F,1907
Esther,F,1823
Myrtle,F,1821
Ida,F,1804
Edith,F,1793
Elsie,F,1706
Irene,F,1703
Dorothy,F,1687
Catherine,F,1628
Agnes,F,1611
Sarah,F,1587
Eva,F,1582
Louise,F,1536
Nellie,F,1510
Ella,F,1502
Laura,F,1472
Josephine,F,1388
Lillie,F,1350
Carrie,F,1346
Julia,F,1297
Mattie,F,1171
Lena,F,1159
Viola,F,1156
Alma,F,1146
Ruby,F,1103
Hattie,F,1087
Jessie,F,1081
Blanche,F,1063
Beatrice,F,1061
Jennie,F,1061
Cora,F,1056
Mae,F,1035
Lucy,F,1018
Ada,F,984
Stella,F,975
Marion,F,973
Mamie,F,966
Katherine,F,942
Maude,F,908
Lula,F,894
Fannie,F,886
Vera,F,864
Maggie,F,814
Lucille,F,812
Pauline,F,811
Willie,F,806
Evelyn,F,802
Virginia,F,776
Beulah,F,770
Rosa,F,765
Thelma,F,736
Dora,F,717
Nora,F,709
Ellen,F,708
Sadie,F,705
Marguerite,F,693
Leona,F,665
Daisy,F,660
Susie,F,622
Hilda,F,621
Kathryn,F,621
Nettie,F,611
Effie,F,597
Della,F,595
Ann,F,586
Lottie,F,584
Eleanor,F,575
May,F,571
Emily,F,569
Lydia,F,566
Olive,F,565
Georgia,F,553
Sallie,F,544
Theresa,F,532
Flora,F,520
Bernice,F,515
Charlotte,F,496
Lizzie,F,492
Anne,F,476
Nancy,F,475
Katie,F,459
Marjorie,F,448
Lola,F,437
Violet,F,435
Iva,F,432
Doris,F,431
Harriet,F,431
Inez,F,431
Lela,F,417
Lois,F,415
Addie,F,412
Betty,F,410
Henrietta,F,410
Loretta,F,410
Goldie,F,397
Etta,F,394
Caroline,F,393
Nina,F,390
Eunice,F,385
Ollie,F,383
Jane,F,382
Estelle,F,376
Sylvia,F,371
Ora,F,357
Genevieve,F,356
Eula,F,354
Susan,F,350
Rebecca,F,347
Essie,F,342
Mable,F,339
Marian,F,336
Velma,F,334
Amelia,F,332
Rosie,F,332
Nannie,F,331
Verna,F,329
Amanda,F,326
Rachel,F,324
Sara,F,323
Jean,F,318
Madeline,F,316
Matilda,F,312
Frieda,F,307
Lucile,F,305
Alberta,F,304
Mollie,F,301
Christine,F,299
Olga,F,292
Victoria,F,289
Estella,F,288
Hannah,F,288
Amy,F,281
Ola,F,280
Alta,F,278
Opal,F,278
Sophie,F,278
Irma,F,276
Barbara,F,273
Naomi,F,272
Freda,F,266
Maria,F,266
Flossie,F,265
Winnie,F,264
Eliza,F,256
Vivian,F,250
Erma,F,247
Luella,F,246
Maud,F,244
Ina,F,243
Isabel,F,243
Josie,F,243
Winifred,F,241
Sophia,F,238
Wilma,F,235
Fern,F,232
Celia,F,231
Kathleen,F,230
Augusta,F,228
Janie,F,224
Allie,F,219
Kate,F,219
Geneva,F,218
Cecelia,F,214
Norma,F,214
Callie,F,208
Selma,F,206
Virgie,F,206
Cecilia,F,205
Adeline,F,200
Elva,F,194
Rena,F,193
Juanita,F,192
Millie,F,192
Nell,F,192
Lila,F,190
Sally,F,185
Veronica,F,182
Isabelle,F,181
Miriam,F,181
Belle,F,180
Delia,F,180
Lulu,F,179
Tillie,F,175
Mayme,F,170
Muriel,F,167
Adele,F,164
Birdie,F,163
Bertie,F,162
Jeanette,F,162
Teresa,F,162
Bonnie,F,159
Lora,F,154
Maudie,F,153
Leola,F,151
Roxie,F,151
Leah,F,149
Dollie,F,148
Hester,F,148
Lelia,F,148
Cecile,F,147
Rita,F,147
Adelaide,F,144
Anita,F,142
Carolyn,F,141
Jewell,F,141
Lorena,F,140
Roberta,F,140
Fay,F,139
Leila,F,139
Gussie,F,137
Elma,F,136
Bettie,F,135
Helena,F,135
Cleo,F,132
Neva,F,131
Regina,F,131
Antoinette,F,130
Geraldine,F,130
Audrey,F,129
Letha,F,129
Johanna,F,128
Mathilda,F,127
Rhoda,F,127
Faye,F,125
Jeannette,F,125
Lou,F,125
Hallie,F,124
Bess,F,123
Marcella,F,123
Cornelia,F,122
Madge,F,122
Sue,F,122
Claire,F,121
Zelma,F,120
Hulda,F,118
Cecil,F,117
Hettie,F,117
Margie,F,117
Harriett,F,116
Lily,F,115
Myra,F,115
Ila,F,113
Christina,F,112
Ophelia,F,112
Phyllis,F,111
Dessie,F,110
Olivia,F,110
Elnora,F,109
Eugenia,F,109
Wilhelmina,F,109
Gracie,F,108
Lilly,F,107
Meta,F,107
Constance,F,106
Erna,F,106
Nola,F,106
Angeline,F,105
Jewel,F,105
Elvira,F,104
Katharine,F,104
Nona,F,104
Alvina,F,103
Corinne,F,103
Rosalie,F,103
Gertie,F,102
Zella,F,102
Francis,F,101
Lessie,F,101
Louisa,F,101
Oma,F,101
Linda,F,98
Pearlie,F,97
Rosetta,F,97
Angelina,F,96
Catharine,F,95
June,F,95
Annette,F,94
Dorothea,F,94
Isabella,F,94
Johnnie,F,94
Lee,F,94
Lucinda,F,94
Reba,F,93
Vesta,F,93
Eloise,F,92
Lenora,F,92
Edythe,F,91
Elsa,F,90
Claudia,F,89
Helene,F,89
Lettie,F,89
Alpha,F,88
Merle,F,88
Abbie,F,87
Dovie,F,87
Nelle,F,87
Orpha,F,86
Mina,F,85
Wanda,F,85
Lona,F,84
Phoebe,F,84
Blanch,F,83
Floy,F,82
Lura,F,82
Minerva,F,82
Pansy,F,82
Golda,F,81
Mittie,F,81
Angela,F,80
Janet,F,80
Clarice,F,79
Cassie,F,77
Eileen,F,77
Leota,F,77
Aline,F,76
Frankie,F,76
Lorraine,F,75
Ona,F,75
Ernestine,F,74
Shirley,F,74
Artie,F,73
Fanny,F,73
Isabell,F,73
Jeanne,F,72
Cynthia,F,71
Vada,F,71
Dolly,F,70
Linnie,F,69
Lenore,F,68
Verda,F,68
Ivy,F,67
Rae,F,66
Tessie,F,66
Carol,F,65
Corine,F,65
Lorene,F,65
Maybelle,F,65
Vida,F,65
Dolores,F,64
Lida,F,63
Cordelia,F,62
Louella,F,62
Yvonne,F,62
Ione,F,61
Rhea,F,61
Willa,F,61
Evie,F,60
Georgie,F,60
Leta,F,60
Zula,F,60
Leora,F,59
Malinda,F,59
Priscilla,F,59
Agatha,F,58
Mazie,F,58
Myrtie,F,58
Emilie,F,57
Mona,F,57
Polly,F,57
Lyda,F,56
Patricia,F,56
Zora,F,56
Aurelia,F,54
Chloe,F,54
Jannie,F,54
Jimmie,F,54
Odessa,F,54
Vina,F,54
Angie,F,53
Antonia,F,53
Bella,F,53
Clyde,F,53
Tommie,F,53
Una,F,53
Bell,F,52
Connie,F,52
Donna,F,52
Elisabeth,F,52
Idella,F,52
Lina,F,52
Bernadette,F,51
Glenna,F,51
Madeleine,F,51
Peggy,F,51
Sybil,F,51
Veva,F,51
Lovie,F,50
Veda,F,50
Aileen,F,49
Berta,F,49
Carmela,F,49
Eddie,F,49
Zola,F,49
Elise,F,48
Ellie,F,48
Era,F,48
Hilma,F,47
Hortense,F,47
Lavina,F,47
Melissa,F,47
Molly,F,47
Philomena,F,47
Iola,F,46
Melba,F,46
Rosella,F,46
Annabelle,F,45
Dixie,F,45
Joyce,F,45
Nan,F,45
Tressie,F,45
Ava,F,44
Esta,F,44
Ester,F,44
Iris,F,44
Robbie,F,44
Avis,F,43
Dona,F,43
Evangeline,F,43
Mabelle,F,43
Mandy,F,43
Maurine,F,43
Estell,F,42
Lauretta,F,42
Leone,F,42
Lilla,F,42
Tina,F,42
Yetta,F,42
Albina,F,41
Althea,F,41
Emmie,F,41
Margery,F,41
Marietta,F,41
Octavia,F,41
Joanna,F,40
John,F,40
Paula,F,40
Pearle,F,40
Queen,F,40
Ramona,F,40
Adah,F,39
Alda,F,39
Alva,F,39
Beryl,F,39
Cordie,F,39
Elda,F,39
Inga,F,39
Iona,F,39
Susanna,F,39
Carmen,F,38
Natalie,F,38
Rowena,F,38
Viva,F,38
Belva,F,37
Camille,F,37
Clare,F,37
Dena,F,37
Freida,F,37
Gretchen,F,37
Ima,F,37
Marvel,F,37
Reva,F,37
Savannah,F,37
Adela,F,36
Adelia,F,36
Camilla,F,36
Lennie,F,36
Leonora,F,36
Ludie,F,36
Sudie,F,36
Tena,F,36
Almeda,F,35
Clementine,F,35
Elenora,F,35
Florine,F,35
Harriette,F,35
Judith,F,35
Mercedes,F,35
Pinkie,F,35
Zelda,F,35
Altha,F,34
Bernadine,F,34
Crystal,F,34
Julie,F,34
Loraine,F,34
Manila,F,34
Maxine,F,34
Arlene,F,33
Celeste,F,33
Charlie,F,33
Easter,F,33
Ettie,F,33
George,F,33
Lue,F,33
Margret,F,33
Odie,F,33
Ray,F,33
Retha,F,33
Wilda,F,33
Beth,F,32
Eve,F,32
Gail,F,32
Garnet,F,32
Hedwig,F,32
Imogene,F,32
Lucia,F,32
Mallie,F,32
Martina,F,32
Ocie,F,32
Retta,F,32
Charity,F,31
Diana,F,31
Donnie,F,31
Ethyl,F,31
Florida,F,31
Ira,F,31
Jettie,F,31
Liza,F,31
Mellie,F,31
Onie,F,31
Sadye,F,31
Vinnie,F,31
Zona,F,31
Claudie,F,30
Clemmie,F,30
Delphia,F,30
Eleanora,F,30
Emilia,F,30
Georgiana,F,30
Georgianna,F,30
Hanna,F,30
Hildred,F,30
Luna,F,30
Margarita,F,30
Monica,F,30
Rilla,F,30
Rosina,F,30
Winnifred,F,30
Arline,F,29
Berniece,F,29
Corrine,F,29
Eda,F,29
Elmira,F,29
Faith,F,29
Filomena,F,29
Helga,F,29
Kittie,F,29
Letitia,F,29
Lucretia,F,29
Ursula,F,29
Verdie,F,29
Edwina,F,28
Eleanore,F,28
Elna,F,28
Emelia,F,28
Ferne,F,28
Icy,F,28
Joan,F,28
Johnie,F,28
Juliette,F,28
Leatha,F,28
Luvenia,F,28
Madelyn,F,28
Magdalena,F,28
Melvina,F,28
Nadine,F,28
Alida,F,27
Alyce,F,27
Billie,F,27
Elaine,F,27
Elinor,F,27
Guadalupe,F,27
Gwendolyn,F,27
James,F,27
Jenny,F,27
Lelah,F,27
Maxie,F,27
Minna,F,27
Zoe,F,27
Bulah,F,26
Corrie,F,26
Ethelyn,F,26
Eulalia,F,26
Gay,F,26
Hertha,F,26
Laverne,F,26
Magdalen,F,26
Magdalene,F,26
Manda,F,26
Audra,F,25
Berenice,F,25
Cordia,F,25
Dottie,F,25
Hildegarde,F,25
Kitty,F,25
Lavinia,F,25
Lonnie,F,25
Manuela,F,25
Maybell,F,25
Myrtice,F,25
Tennie,F,25
Vergie,F,25
America,F,24
Annabel,F,24
Delilah,F,24
Dewey,F,24
Elvie,F,24
Grayce,F,24
Hildur,F,24
Meda,F,24
Myrl,F,24
Pattie,F,24
Queenie,F,24
Rosanna,F,24
Rubie,F,24
Valeria,F,24
Verona,F,24
Anastasia,F,23
Carmella,F,23
Charles,F,23
Clarissa,F,23
Elena,F,23
Elizebeth,F,23
Greta,F,23
Icie,F,23
Joy,F,23
Katheryn,F,23
Kay,F,23
Lenna,F,23
Madie,F,23
Marcia,F,23
Mertie,F,23
Oda,F,23
Rosemary,F,23
Rubye,F,23
Sibyl,F,23
William,F,23
Aletha,F,22
Bennie,F,22
Bridget,F,22
Edyth,F,22
Eulah,F,22
Evalyn,F,22
Kathrine,F,22
Louie,F,22
Myrtis,F,22
Nita,F,22
Norine,F,22
Petra,F,22
Rachael,F,22
Sammie,F,22
Therese,F,22
Vena,F,22
Adaline,F,21
Aimee,F,21
Amalia,F,21
Antonette,F,21
Arrie,F,21
Etha,F,21
Fairy,F,21
Flo,F,21
Frank,F,21
Freddie,F,21
Henry,F,21
Leda,F,21
Lorna,F,21
Magnolia,F,21
Melva,F,21
Monnie,F,21
Nevada,F,21
Patsy,F,21
Ressie,F,21
Reta,F,21
Signe,F,21
Tressa,F,21
Treva,F,21
Vallie,F,21
Allene,F,20
Annetta,F,20
Annis,F,20
Celestine,F,20
Concetta,F,20
Donie,F,20
Enid,F,20
Eugenie,F,20
Florrie,F,20
Francisca,F,20
Henriette,F,20
Hildegard,F,20
Lexie,F,20
Libbie,F,20
Liddie,F,20
Loretto,F,20
Louvenia,F,20
Macie,F,20
Nova,F,20
Ottie,F,20
Ova,F,20
Rosalia,F,20
Vernie,F,20
Winona,F,20
Adella,F,19
Ardis,F,19
Arvilla,F,19
Cathryn,F,19
Christena,F,19
Delma,F,19
Delores,F,19
Elfrieda,F,19
Fae,F,19
Freeda,F,19
India,F,19
Irva,F,19
Joseph,F,19
Kathryne,F,19
Lavada,F,19
Lea,F,19
Lera,F,19
Lilian,F,19
Lorine,F,19
Lucie,F,19
Novella,F,19
Ouida,F,19
Rosalee,F,19
Sabina,F,19
Sigrid,F,19
Sophronia,F,19
Tempie,F,19
Tula,F,19
Adell,F,18
Alfreda,F,18
Arizona,F,18
Bethel,F,18
Bobbie,F,18
Claribel,F,18
Delpha,F,18
Delta,F,18
Doshie,F,18
Earline,F,18
Elta,F,18
Emmer,F,18
Exie,F,18
Felicia,F,18
Glennie,F,18
Hazle,F,18
Hellen,F,18
Hessie,F,18
Hope,F,18
Joe,F,18
Leonie,F,18
Leslie,F,18
Lonie,F,18
Malissa,F,18
Malvina,F,18
Maye,F,18
Missouri,F,18
Myrle,F,18
Robert,F,18
Ruthie,F,18
Sula,F,18
Twila,F,18
Versie,F,18
Violette,F,18
Zelia,F,18
Adelina,F,17
Adline,F,17
Alline,F,17
Aurora,F,17
Celina,F,17
Christie,F,17
Dessa,F,17
Emeline,F,17
Janette,F,17
Jesse,F,17
Jo,F,17
Juliet,F,17
Justine,F,17
Katy,F,17
Libby,F,17
Lilah,F,17
Lissie,F,17
Mabell,F,17
Mariah,F,17
Melinda,F,17
Minta,F,17
Osa,F,17
Serena,F,17
Andrea,F,16
Arlie,F,16
Atha,F,16
Cathrine,F,16
Corene,F,16
Ebba,F,16
Goldia,F,16
Hassie,F,16
Honora,F,16
Izora,F,16
Luetta,F,16
Marjory,F,16
Odelia,F,16
Prudence,F,16
Roma,F,16
Rosamond,F,16
Theo,F,16
Theodora,F,16
Theresia,F,16
Velva,F,16
Zettie,F,16
Adda,F,15
Albertha,F,15
Albertine,F,15
Alicia,F,15
Alvena,F,15
Alverta,F,15
Audie,F,15
Augustine,F,15
Beaulah,F,15
Carolina,F,15
Clair,F,15
Clella,F,15
Clora,F,15
Dana,F,15
Dorris,F,15
Dorthy,F,15
Euna,F,15
Garnett,F,15
Gene,F,15
Georgina,F,15
Gwen,F,15
Ilo,F,15
Ivah,F,15
Izetta,F,15
Josefina,F,15
Juana,F,15
Loma,F,15
Millicent,F,15
Mozelle,F,15
Myrna,F,15
Nanie,F,15
Neta,F,15
Samantha,F,15
Stephanie,F,15
Suzanne,F,15
Tilda,F,15
Tomasa,F,15
Vannie,F,15
Velda,F,15
Vella,F,15
Veta,F,15
Vira,F,15
Zetta,F,15
Anner,F,14
Ardella,F,14
Berneice,F,14
Besse,F,14
Betsy,F,14
Coral,F,14
Cuba,F,14
Delphine,F,14
Dicie,F,14
Doshia,F,14
Dulcie,F,14
Eldora,F,14
Eloisa,F,14
Fleta,F,14
Gerda,F,14
Jamie,F,14
Jessica,F,14
Lempi,F,14
Leonore,F,14
Mammie,F,14
Margarett,F,14
Metta,F,14
Olevia,F,14
Osie,F,14
Rosalind,F,14
Rossie,F,14
Thora,F,14
Villa,F,14
Zada,F,14
Adelle,F,13
Alene,F,13
Amie,F,13
Ana,F,13
Buena,F,13
Dellie,F,13
Eathel,F,13
Eleonora,F,13
Elvera,F,13
Eulalie,F,13
Frona,F,13
Fronie,F,13
Isa,F,13
Janice,F,13
Lilie,F,13
Lupe,F,13
Lutie,F,13
Madaline,F,13
Marybelle,F,13
Maymie,F,13
Mintie,F,13
Nena,F,13
Pollie,F,13
Salome,F,13
Selina,F,13
Sena,F,13
Trudie,F,13
Zilpha,F,13
Annabell,F,12
Ara,F,12
Chrystal,F,12
Claudine,F,12
Cressie,F,12
Daphne,F,12
Elvia,F,12
Eola,F,12
Eudora,F,12
Eura,F,12
Gayle,F,12
Gertha,F,12
Glenn,F,12
Huldah,F,12
Idell,F,12
Ilah,F,12
Ilene,F,12
Ines,F,12
Jodie,F,12
Judy,F,12
Lacy,F,12
Leontine,F,12
Luisa,F,12
Margarete,F,12
Margaretha,F,12
Margaretta,F,12
Margarite,F,12
Marianne,F,12
Mathilde,F,12
Mettie,F,12
Mossie,F,12
Nealie,F,12
Odette,F,12
Ottilia,F,12
Ozella,F,12
Phebe,F,12
Philomene,F,12
Prudie,F,12
Rozella,F,12
Sidney,F,12
Silvia,F,12
Sina,F,12
Susanne,F,12
Valerie,F,12
Verla,F,12
Vernice,F,12
Virgil,F,12
Zita,F,12
Adrienne,F,11
Alverda,F,11
Amber,F,11
Antonina,F,11
Arie,F,11
Arthur,F,11
Berdie,F,11
Bernardine,F,11
Cara,F,11
Cherry,F,11
Concepcion,F,11
Consuelo,F,11
Deborah,F,11
Delsie,F,11
Drucilla,F,11
Gena,F,11
Helma,F,11
Hermina,F,11
Irena,F,11
Ivory,F,11
Josefa,F,11
Jossie,F,11
Kizzie,F,11
Lady,F,11
Laurel,F,11
Lella,F,11
Lethia,F,11
Lovina,F,11
Manilla,F,11
Mima,F,11
Mimie,F,11
Nonie,F,11
Norene,F,11
Reatha,F,11
Sada,F,11
Santos,F,11
Selena,F,11
Sidonia,F,11
Sylva,F,11
Texie,F,11
Thera,F,11
Theressa,F,11
Thresa,F,11
Ura,F,11
Vara,F,11
Vennie,F,11
Verena,F,11
Vertie,F,11
Vicie,F,11
Wilhelmine,F,11
Zenobia,F,11
Adelaida,F,10
Albertina,F,10
Angelita,F,10
Ardelia,F,10
Bama,F,10
Birtha,F,10
Buna,F,10
Cleora,F,10
Dagmar,F,10
Dale,F,10
Dellar,F,10
Electa,F,10
Enola,F,10
Etna,F,10
Euphemia,F,10
Eveline,F,10
Evia,F,10
Fannye,F,10
Felipa,F,10
Fred,F,10
Fredericka,F,10
Hollie,F,10
Jetta,F,10
Justina,F,10
Kattie,F,10
Larue,F,10
Laurette,F,10
Lavera,F,10
Leanna,F,10
Leo,F,10
Leonia,F,10
Lester,F,10
Letty,F,10
Leva,F,10
Macy,F,10
Madelene,F,10
Mahala,F,10
Margarette,F,10
Mavis,F,10
Medora,F,10
Miranda,F,10
Myrta,F,10
Naoma,F,10
Nelda,F,10
Nella,F,10
Noma,F,10
Nonnie,F,10
Norah,F,10
Odell,F,10
Otha,F,10
Patience,F,10
Rella,F,10
Rosaline,F,10
Rutha,F,10
Sister,F,10
Sofia,F,10
Stephania,F,10
Thea,F,10
Unknown,F,10
Verlie,F,10
Vernita,F,10
Vernon,F,10
Willetta,F,10
Zadie,F,10
Zena,F,10
Algie,F,9
Almira,F,9
Anice,F,9
Ardell,F,9
Arlena,F,9
Aura,F,9
Azzie,F,9
Beula,F,9
Bina,F,9
Bula,F,9
Capitola,F,9
Carra,F,9
Carry,F,9
Clarence,F,9
Daisey,F,9
Daisie,F,9
Dell,F,9
Dillie,F,9
Dimple,F,9
Docia,F,9
Dorcas,F,9
Dortha,F,9
Drusilla,F,9
Earnestine,F,9
Edward,F,9
Elberta,F,9
Eleonore,F,9
Elisa,F,9
Elvina,F,9
Erie,F,9
Erva,F,9
Etter,F,9
Evalena,F,9
Everline,F,9
Flonnie,F,9
Florene,F,9
Fronia,F,9
Gennie,F,9
Gina,F,9
Herma,F,9
Inda,F,9
Jackie,F,9
Jacqueline,F,9
Jinnie,F,9
Karen,F,9
Kathern,F,9
Lala,F,9
Leonor,F,9
Loney,F,9
Loree,F,9
Lorenza,F,9
Lotta,F,9
Louis,F,9
Lular,F,9
Lynn,F,9
Maebelle,F,9
Maida,F,9
Margrett,F,9
Mariam,F,9
Matilde,F,9
Melanie,F,9
Nila,F,9
Olinda,F,9
Omie,F,9
Orelia,F,9
Ottilie,F,9
Ozie,F,9
Palma,F,9
Paralee,F,9
Parlee,F,9
Pearline,F,9
Romaine,F,9
Roxy,F,9
Tennessee,F,9
Tess,F,9
Trula,F,9
Ula,F,9
Vashti,F,9
Venie,F,9
Venus,F,9
Zelpha,F,9
Zeola,F,9
Aggie,F,8
Aldea,F,8
Almedia,F,8
Altie,F,8
Alvera,F,8
Arabella,F,8
Carlota,F,8
Carmelita,F,8
Cathleen,F,8
Cecille,F,8
Cleone,F,8
Cleta,F,8
Clifford,F,8
Clotilde,F,8
Colette,F,8
Courtney,F,8
Debbie,F,8
Dee,F,8
Diane,F,8
Dinah,F,8
Elenor,F,8
Elfreda,F,8
Ellar,F,8
Ellis,F,8
Elouise,F,8
Emmaline,F,8
Emmy,F,8
Evelena,F,8
Exa,F,8
Ferol,F,8
Fidelia,F,8
Floe,F,8
Florentine,F,8
Floretta,F,8
Florie,F,8
Florina,F,8
Forrest,F,8
Gilma,F,8
Glendora,F,8
Golden,F,8
Gusta,F,8
Hermine,F,8
Imelda,F,8
Indiana,F,8
Inza,F,8
Iowa,F,8
Irine,F,8
Ivie,F,8
Jack,F,8
Jeffie,F,8
Jesusa,F,8
Juliana,F,8
Junie,F,8
Lacie,F,8
Lannie,F,8
Launa,F,8
Laurence,F,8
Laurie,F,8
Lavonia,F,8
Lennis,F,8
Leocadia,F,8
Levie,F,8
Littie,F,8
Lossie,F,8
Lurline,F,8
Madalene,F,8
Madelon,F,8
Mahalia,F,8
Marge,F,8
Maryann,F,8
Matie,F,8
Merna,F,8
Minda,F,8
Mozell,F,8
Nathalie,F,8
Neoma,F,8
Odile,F,8
Oliva,F,8
Olla,F,8
Oneida,F,8
Ossie,F,8
Pennie,F,8
Perry,F,8
Pheobe,F,8
Portia,F,8
Rafaela,F,8
Rebekah,F,8
Rettie,F,8
Rosine,F,8
Rosy,F,8
Theodosia,F,8
Thomas,F,8
Vassie,F,8
Veola,F,8
Vivien,F,8
Zeta,F,8
Zina,F,8
Abigail,F,7
Afton,F,7
Aida,F,7
Albert,F,7
Albie,F,7
Alfred,F,7
Alla,F,7
Arleen,F,7
Beata,F,7
Birtie,F,7
Blanchie,F,7
Borghild,F,7
Buelah,F,7
Byrd,F,7
Calla,F,7
Cannie,F,7
Carl,F,7
Carlotta,F,7
Classie,F,7
Claude,F,7
Columbia,F,7
Coy,F,7
Creasie,F,7
Decie,F,7
Delila,F,7
Deloris,F,7
Dola,F,7
Dorotha,F,7
Edithe,F,7
Edla,F,7
Edwin,F,7
Elgie,F,7
Ersie,F,7
Esma,F,7
Evaline,F,7
Evelina,F,7
Flavia,F,7
Floye,F,7
Genie,F,7
Gloria,F,7
Hazelle,F,7
Henretta,F,7
Hyacinth,F,7
Ica,F,7
Isadora,F,7
Isobel,F,7
Iza,F,7
Izola,F,7
Jerry,F,7
Jonnie,F,7
Jule,F,7
Junia,F,7
Katharina,F,7
Kathlyn,F,7
Lanie,F,7
Leaner,F,7
Lilia,F,7
Lillia,F,7
Lisa,F,7
Lockie,F,7
Louetta,F,7
Lucienne,F,7
Luvina,F,7
Luz,F,7
Mada,F,7
Madalyn,F,7
Madgie,F,7
Manuelita,F,7
Marcelle,F,7
Margurite,F,7
Mariana,F,7
Marianna,F,7
Marylou,F,7
Mattye,F,7
Melina,F,7
Mirtie,F,7
Missie,F,7
Montie,F,7
Mozella,F,7
Nana,F,7
Nobie,F,7
Nolie,F,7
Orie,F,7
Orlean,F,7
Ota,F,7
Otilia,F,7
Otis,F,7
Oza,F,7
Parthenia,F,7
Paulina,F,7
Permelia,F,7
Rene,F,7
Richie,F,7
Rosalyn,F,7
Rosena,F,7
Roy,F,7
Ruie,F,7
Sarrah,F,7
Savanah,F,7
Shellie,F,7
Signa,F,7
Soledad,F,7
Sonia,F,7
Stacy,F,7
Susana,F,7
Teodora,F,7
Thekla,F,7
Tiny,F,7
Velta,F,7
Verne,F,7
Versa,F,7
Violetta,F,7
Vlasta,F,7
Willard,F,7
Willia,F,7
Willis,F,7
Albirda,F,6
Albirta,F,6
Aleda,F,6
Alethia,F,6
Alexina,F,6
Alphia,F,6
Alverna,F,6
Alvira,F,6
Alwina,F,6
Amelie,F,6
Amma,F,6
Annice,F,6
Arabelle,F,6
Archie,F,6
Argie,F,6
Arnetta,F,6
Aurore,F,6
Austa,F,6
Beatrix,F,6
Beckie,F,6
Bee,F,6
Bena,F,6
Bitha,F,6
Blodwen,F,6
Blossom,F,6
Bonita,F,6
Caldonia,F,6
Cammie,F,6
Candis,F,6
Carey,F,6
Carie,F,6
Carlie,F,6
Catarina,F,6
Celestia,F,6
Celestina,F,6
Celie,F,6
Charlene,F,6
Charlott,F,6
Chester,F,6
Cinda,F,6
Clarabell,F,6
Clarabelle,F,6
Clarisse,F,6
Clemence,F,6
Cleona,F,6
Clydie,F,6
Corda,F,6
Corean,F,6
Cornie,F,6
Cruz,F,6
Dahlia,F,6
Dallas,F,6
Darlene,F,6
Darthula,F,6
Dean,F,6
Delfina,F,6
Dominga,F,6
Doretta,F,6
Dossie,F,6
Dove,F,6
Earl,F,6
Edmee,F,6
Edris,F,6
Effa,F,6
Eithel,F,6
Elba,F,6
Elenore,F,6
Elia,F,6
Elmer,F,6
Elodie,F,6
Elsye,F,6
Elzie,F,6
Ema,F,6
Ermal,F,6
Estefana,F,6
Ether,F,6
Eular,F,6
Everlena,F,6
Felice,F,6
Felicie,F,6
Felicita,F,6
Felicitas,F,6
Fleeta,F,6
Florance,F,6
Floyd,F,6
Frederica,F,6
Fredonia,F,6
Gaynell,F,6
Georgette,F,6
Georgine,F,6
Girlie,F,6
Gola,F,6
Gregoria,F,6
Gretta,F,6
Inger,F,6
Irlene,F,6
Isla,F,6
Isola,F,6
Ivey,F,6
Izma,F,6
Jaunita,F,6
Jeane,F,6
Jeanie,F,6
Jeannie,F,6
Joann,F,6
Josepha,F,6
Julian,F,6
Lallie,F,6
Lassie,F,6
Laurena,F,6
Laverna,F,6
Lear,F,6
Leathie,F,6
Leita,F,6
Lema,F,6
Leoma,F,6
Letta,F,6
Levada,F,6
Loda,F,6
Lodema,F,6
Loie,F,6
Louida,F,6
Loula,F,6
Madlyn,F,6
Maebell,F,6
Maie,F,6
Maisie,F,6
Mame,F,6
Maree,F,6
Margart,F,6
Margot,F,6
Marina,F,6
Marry,F,6
Marybell,F,6
Mayola,F,6
Minnette,F,6
Monna,F,6
Nada,F,6
Natalia,F,6
Nelia,F,6
Netta,F,6
Nezzie,F,6
Octavie,F,6
Olena,F,6
Omega,F,6
Oneta,F,6
Onita,F,6
Onnie,F,6
Orene,F,6
Orilla,F,6
Orla,F,6
Orma,F,6
Otie,F,6
Ottis,F,6
Parlie,F,6
Patty,F,6
Paul,F,6
Pearly,F,6
Persis,F,6
Peter,F,6
Pluma,F,6
Reather,F,6
Reeta,F,6
Renna,F,6
Roena,F,6
Roselle,F,6
Rosita,F,6
Roslyn,F,6
Roxanna,F,6
Saima,F,6
Salina,F,6
Sallye,F,6
Santa,F,6
Savilla,F,6
Sedonia,F,6
Senia,F,6
Susannah,F,6
Sybilla,F,6
Sydney,F,6
Tera,F,6
Thalia,F,6
Thecla,F,6
Theora,F,6
Tirzah,F,6
Tishie,F,6
Tola,F,6
Tracie,F,6
Trannie,F,6
Trixie,F,6
Venia,F,6
Venice,F,6
Vessie,F,6
Vietta,F,6
Vinie,F,6
Virdie,F,6
Walter,F,6
Wave,F,6
Wilsie,F,6
Wylma,F,6
Wynona,F,6
Zera,F,6
Zoa,F,6
Adelyn,F,5
Adra,F,5
Agness,F,5
Alcie,F,5
Aldora,F,5
Alean,F,5
Aleen,F,5
Alena,F,5
Aleta,F,5
Alethea,F,5
Aletta,F,5
Alfhild,F,5
Almyra,F,5
Alvaretta,F,5
Ama,F,5
Amada,F,5
Annah,F,5
Annia,F,5
Arbie,F,5
Ardath,F,5
Ardie,F,5
Arena,F,5
Ariel,F,5
Arla,F,5
Arley,F,5
Armella,F,5
Arminta,F,5
Astrid,F,5
Atlanta,F,5
Austie,F,5
Avie,F,5
Avo,F,5
Beadie,F,5
Belinda,F,5
Bette,F,5
Bettye,F,5
Beverly,F,5
Billy,F,5
Birdia,F,5
Burnice,F,5
Calista,F,5
Candace,F,5
Carmel,F,5
Carola,F,5
Carroll,F,5
Cathern,F,5
Ceil,F,5
Ceola,F,5
Chattie,F,5
Chloie,F,5
Chlora,F,5
Christy,F,5
Claris,F,5
Cleda,F,5
Cleopatra,F,5
Cletus,F,5
Coralee,F,5
Corina,F,5
Cornelius,F,5
Corrinne,F,5
Creta,F,5
Cuma,F,5
Curtis,F,5
Deanna,F,5
Delima,F,5
Dennie,F,5
Dicy,F,5
Dollye,F,5
Dosha,F,5
Eather,F,5
Ed,F,5
Edrie,F,5
Ela,F,5
Eletha,F,5
Elinore,F,5
Ellamae,F,5
Ellena,F,5
Eller,F,5
Elodia,F,5
Elza,F,5
Emogene,F,5
Ena,F,5
Enga,F,5
Ennis,F,5
Epsie,F,5
Ernest,F,5
Ernestina,F,5
Estie,F,5
Ethelwyn,F,5
Eutha,F,5
Evadne,F,5
Evalina,F,5
Evea,F,5
Exilda,F,5
Fanchon,F,5
Fleda,F,5
Floria,F,5
Floride,F,5
Forest,F,5
Gabriella,F,5
Gaynelle,F,5
Genoveva,F,5
Gertude,F,5
Gladyce,F,5
Gracia,F,5
Gradie,F,5
Gudrun,F,5
Gustava,F,5
Haley,F,5
Halie,F,5
Harold,F,5
Hedvig,F,5
Helyn,F,5
Hetty,F,5
Hettye,F,5
Hildagarde,F,5
Holly,F,5
Howard,F,5
Idelle,F,5
Ilda,F,5
Ionia,F,5
Isma,F,5
Janey,F,5
Jencie,F,5
Jenette,F,5
Jess,F,5
Jim,F,5
Josiephine,F,5
Katherina,F,5
Laila,F,5
Lake,F,5
Lara,F,5
Laurene,F,5
Lauryl,F,5
Lavon,F,5
Lawrence,F,5
Leana,F,5
Lelar,F,5
Lenice,F,5
Levia,F,5
Lidia,F,5
Lillis,F,5
Linna,F,5
Loa,F,5
Lollie,F,5
Lomie,F,5
Lorean,F,5
Loy,F,5
Lu,F,5
Lucetta,F,5
Luda,F,5
Ludia,F,5
Luta,F,5
Luttie,F,5
Lyla,F,5
Madelin,F,5
Madolin,F,5
Magdelena,F,5
Malissia,F,5
Margarethe,F,5
Margreat,F,5
Margretta,F,5
Marguerita,F,5
Marilyn,F,5
Maryalice,F,5
Maryanna,F,5
Mena,F,5
Mira,F,5
Mozel,F,5
Narcissus,F,5
Nathalia,F,5
Neita,F,5
Nelie,F,5
Neola,F,5
Noemie,F,5
Norman,F,5
Novia,F,5
Odella,F,5
Olar,F,5
Oleva,F,5
Olie,F,5
Olivette,F,5
Olympia,F,5
Opha,F,5
Orlena,F,5
Orpah,F,5
Orva,F,5
Otelia,F,5
Ovie,F,5
Pellie,F,5
Penny,F,5
Percy,F,5
Phillis,F,5
Pinkey,F,5
Placida,F,5
Raffaela,F,5
Ralph,F,5
Reina,F,5
Richard,F,5
Ricka,F,5
Rissie,F,5
Rosabelle,F,5
Rosebud,F,5
Rosia,F,5
Rushie,F,5
Russell,F,5
Ruthe,F,5
Saddie,F,5
Salena,F,5
Senie,F,5
Senora,F,5
Severa,F,5
Stasia,F,5
Sweetie,F,5
Syble,F,5
Tabitha,F,5
Teckla,F,5
Temple,F,5
Terese,F,5
Theda,F,5
Tiney,F,5
Tinnie,F,5
Toy,F,5
Tracy,F,5
Trudy,F,5
Ulla,F,5
Vadie,F,5
Valda,F,5
Valeda,F,5
Vanda,F,5
Vela,F,5
Velora,F,5
Veneta,F,5
Verta,F,5
Victorine,F,5
Vienna,F,5
Violett,F,5
Vista,F,5
Vola,F,5
Vonda,F,5
Vonnie,F,5
Vora,F,5
Wanita,F,5
Willette,F,5
Zara,F,5
Zilla,F,5
Zollie,F,5
John,M,6990
William,M,6086
James,M,4597
George,M,4018
Charles,M,3147
Joseph,M,2679
Robert,M,2609
Frank,M,2550
Edward,M,1901
Henry,M,1831
Thomas,M,1811
Walter,M,1749
Harry,M,1732
Arthur,M,1357
Albert,M,1210
Fred,M,1182
Clarence,M,1139
Willie,M,1088
Harold,M,914
Roy,M,912
Paul,M,885
Raymond,M,869
Earl,M,821
Joe,M,780
Carl,M,774
Louis,M,770
Ernest,M,744
Richard,M,744
Ralph,M,742
Samuel,M,704
Charlie,M,678
David,M,646
Herbert,M,590
Howard,M,589
Jack,M,582
Andrew,M,578
Elmer,M,514
Francis,M,501
Dewey,M,499
Lawrence,M,497
Alfred,M,496
Daniel,M,485
Leo,M,482
Sam,M,469
Eugene,M,449
Oscar,M,447
Jesse,M,423
Will,M,414
Herman,M,413
Lee,M,388
Michael,M,375
Floyd,M,356
Peter,M,354
Lewis,M,352
Frederick,M,350
Russell,M,338
Benjamin,M,335
Clyde,M,330
Edwin,M,329
Leonard,M,321
Ray,M,315
Clifford,M,297
Claude,M,293
Anthony,M,291
Lester,M,290
Chester,M,288
Tom,M,288
Lloyd,M,287
Leroy,M,269
Jessie,M,261
Jim,M,261
Martin,M,260
Ben,M,259
Donald,M,258
Eddie,M,258
Stanley,M,258
Cecil,M,256
Theodore,M,252
Harvey,M,251
Edgar,M,249
Luther,M,248
Homer,M,239
Norman,M,223
Philip,M,223
Bernard,M,222
Patrick,M,221
Kenneth,M,214
Hugh,M,209
Milton,M,207
Guy,M,200
Allen,M,191
Jacob,M,189
Leon,M,188
Otis,M,185
Everett,M,181
Leslie,M,181
Alexander,M,178
Stephen,M,178
Archie,M,177
Victor,M,175
Ed,M,174
Otto,M,174
Alvin,M,173
Warren,M,173
Horace,M,169
Melvin,M,166
Glenn,M,161
Julius,M,161
Oliver,M,161
Mack,M,160
Virgil,M,154
Marion,M,152
Johnnie,M,151
Earnest,M,146
Sidney,M,144
Willard,M,144
August,M,142
Percy,M,142
Isaac,M,139
Ira,M,138
Marvin,M,138
Alex,M,133
Vernon,M,130
Emil,M,128
Bert,M,127
Max,M,127
Rufus,M,127
Willis,M,126
Hubert,M,125
Vincent,M,125
Wallace,M,121
Charley,M,120
Dave,M,120
Dan,M,119
Lonnie,M,119
Wesley,M,119
Maurice,M,117
Franklin,M,116
Morris,M,116
Wilbur,M,115
Nathan,M,112
Jerry,M,111
Calvin,M,108
Gerald,M,108
Gilbert,M,107
Gordon,M,107
Nelson,M,107
Perry,M,104
Curtis,M,103
Glen,M,101
Matthew,M,101
Roland,M,101
Rudolph,M,100
Arnold,M,98
Ellis,M,98
Emmett,M,97
Manuel,M,97
Irving,M,95
Ross,M,95
Bennie,M,94
Clifton,M,94
Orville,M,94
Sylvester,M,94
Felix,M,93
Jose,M,90
Mark,M,89
Phillip,M,88
Edmund,M,87
Dennis,M,86
Jess,M,86
Abraham,M,85
Johnie,M,84
Roscoe,M,84
Bill,M,83
Forrest,M,83
Mike,M,83
Elbert,M,81
Adolph,M,80
Amos,M,79
Alonzo,M,78
Ollie,M,78
Steve,M,78
Moses,M,77
Jake,M,76
Adam,M,74
Pete,M,74
Douglas,M,73
Irvin,M,73
Mckinley,M,72
Nathaniel,M,72
Aaron,M,71
Gus,M,71
Clinton,M,70
Cornelius,M,70
Marshall,M,70
Nicholas,M,69
Claud,M,68
Simon,M,68
Roger,M,67
Bruce,M,66
Owen,M,66
Don,M,65
Jasper,M,65
Sherman,M,65
Elijah,M,64
Jerome,M,64
Reuben,M,64
Jay,M,63
Laurence,M,63
Levi,M,63
Leland,M,62
Wade,M,62
Alva,M,61
Clayton,M,61
Jimmie,M,61
Carroll,M,60
Juan,M,60
Timothy,M,60
Bob,M,59
Harley,M,59
Ivan,M,59
Mose,M,59
Wilson,M,59
Wayne,M,57
Austin,M,56
Silas,M,55
Harrison,M,54
Boyd,M,53
Ervin,M,53
Millard,M,53
Anton,M,52
Preston,M,52
Wilfred,M,52
Barney,M,50
Louie,M,50
Mary,M,50
Wiley,M,50
Delbert,M,49
Karl,M,49
Grady,M,48
Ike,M,48
Jeff,M,48
Ward,M,48
Byron,M,47
Noah,M,47
Clark,M,46
Erwin,M,46
Loyd,M,46
Marcus,M,46
Julian,M,45
Garland,M,44
Hiram,M,44
Monroe,M,44
Earle,M,43
Fredrick,M,43
Lowell,M,43
Aubrey,M,42
Christian,M,42
Christopher,M,42
Dock,M,42
Emanuel,M,42
Lyle,M,42
Major,M,42
Merle,M,42
Tony,M,42
Andy,M,41
Antonio,M,41
Dale,M,41
Dwight,M,41
Edd,M,41
Edmond,M,41
Emory,M,41
Enoch,M,41
Columbus,M,40
Grant,M,40
Abe,M,39
Cleveland,M,39
Cyril,M,39
Mathew,M,39
Spencer,M,39
Eli,M,38
Emery,M,38
Forest,M,38
Ned,M,38
Tommie,M,38
Joel,M,37
Solomon,M,37
Wilbert,M,37
Bryan,M,36
Carlos,M,36
Chris,M,36
Johnny,M,36
Miles,M,36
Ferdinand,M,35
Foster,M,35
Luke,M,35
Malcolm,M,35
Myron,M,35
Riley,M,35
Elwood,M,34
Fletcher,M,34
Larry,M,34
Newton,M,34
Stewart,M,34
Ted,M,34
Alton,M,33
Grover,M,33
Lyman,M,33
Murray,M,33
Neal,M,33
Burton,M,32
Clement,M,32
Ruben,M,32
Van,M,32
Augustus,M,31
Carlton,M,31
Dominick,M,31
Hobart,M,31
Jackson,M,31
Lynn,M,31
Maynard,M,31
Adrian,M,30
Asa,M,30
Clair,M,30
Dick,M,30
Ellsworth,M,30
Gustave,M,30
Loren,M,30
Morgan,M,30
Vern,M,30
Francisco,M,29
Isaiah,M,29
Ora,M,29
Pearl,M,29
Rex,M,29
Allan,M,28
Ambrose,M,28
Basil,M,28
Dee,M,28
General,M,28
Mitchell,M,28
Nick,M,28
Noble,M,28
Royal,M,28
Troy,M,28
Al,M,27
Anderson,M,27
Herschel,M,27
Lucius,M,27
Merrill,M,27
Pat,M,27
Ronald,M,27
Russel,M,27
Taylor,M,27
Dudley,M,26
Elisha,M,26
Irwin,M,26
Neil,M,26
Orval,M,26
Sanford,M,26
Walker,M,26
Bud,M,25
Conrad,M,25
Dallas,M,25
Dean,M,25
Early,M,25
Ezra,M,25
Freddie,M,25
Haywood,M,25
Junius,M,25
Pedro,M,25
Porter,M,25
Reginald,M,25
Scott,M,25
Warner,M,25
Aloysius,M,24
Cyrus,M,24
Harmon,M,24
Jeremiah,M,24
Joshua,M,24
Omer,M,24
Ramon,M,24
Waldo,M,24
Anna,M,23
Clay,M,23
Dewitt,M,23
Emile,M,23
Fay,M,23
King,M,23
Randolph,M,23
Roosevelt,M,23
Wheeler,M,23
Winfield,M,23
Clem,M,22
Frederic,M,22
Freeman,M,22
Gene,M,22
Hobert,M,22
Johnson,M,22
Merritt,M,22
Wendell,M,22
Buck,M,21
Burt,M,21
Eldon,M,21
Elton,M,21
Elvin,M,21
Harlan,M,21
Isiah,M,21
Matt,M,21
Milo,M,21
Noel,M,21
Roman,M,21
Rupert,M,21
Tommy,M,21
Booker,M,20
Elias,M,20
Elmo,M,20
Florence,M,20
Hal,M,20
Harris,M,20
Jesus,M,20
Lemuel,M,20
Napoleon,M,20
Alford,M,19
Angelo,M,19
Archibald,M,19
Billy,M,19
Emerson,M,19
Garfield,M,19
Green,M,19
Mason,M,19
Odie,M,19
Richmond,M,19
Rollie,M,19
Sammie,M,19
Thaddeus,M,19
Wm,M,19
Abner,M,18
Alphonse,M,18
Buford,M,18
Chauncey,M,18
Elliott,M,18
Fritz,M,18
Granville,M,18
Gustav,M,18
Hugo,M,18
Lionel,M,18
Lorenzo,M,18
Micheal,M,18
Olin,M,18
Rodney,M,18
Sampson,M,18
Sol,M,18
Sterling,M,18
Steven,M,18
Stuart,M,18
Angus,M,17
Avery,M,17
Berry,M,17
Connie,M,17
Eric,M,17
Evan,M,17
Everette,M,17
Giles,M,17
Hans,M,17
Jennings,M,17
Josh,M,17
Obie,M,17
Omar,M,17
Oren,M,17
Otha,M,17
Otho,M,17
Ottis,M,17
Salvatore,M,17
Saul,M,17
Shelby,M,17
Sydney,M,17
Thornton,M,17
Thurman,M,17
Tomas,M,17
Alan,M,16
Arther,M,16
Bryant,M,16
Buster,M,16
Casper,M,16
Clare,M,16
Coy,M,16
Dora,M,16
Garrett,M,16
Gust,M,16
Helen,M,16
Judson,M,16
Lem,M,16
Lucian,M,16
Nat,M,16
Orrin,M,16
Rogers,M,16
Sandy,M,16
Turner,M,16
Washington,M,16
Zack,M,16
Abel,M,15
Allie,M,15
Art,M,15
Bertram,M,15
Cliff,M,15
Dana,M,15
Ethel,M,15
Hamilton,M,15
Hardy,M,15
Hobson,M,15
Hollis,M,15
Isadore,M,15
Lacy,M,15
Norris,M,15
Prince,M,15
Rocco,M,15
Valentine,M,15
Vance,M,15
Wilmer,M,15
Albin,M,14
Axel,M,14
Brady,M,14
Carter,M,14
Cleve,M,14
Edna,M,14
Guss,M,14
Houston,M,14
Isidore,M,14
Ivory,M,14
Jimmy,M,14
Keith,M,14
Lenard,M,14
Lincoln,M,14
Linwood,M,14
Lon,M,14
Lucien,M,14
Luis,M,14
Miguel,M,14
Murry,M,14
Nels,M,14
Phil,M,14
Raleigh,M,14
Shirley,M,14
Smith,M,14
Ulysses,M,14
Wright,M,14
Abram,M,13
Admiral,M,13
Arlie,M,13
Benny,M,13
Billie,M,13
Burl,M,13
Carey,M,13
Chas,M,13
Elder,M,13
Elizabeth,M,13
Elliot,M,13
Elmore,M,13
Elzie,M,13
Emmet,M,13
Emmit,M,13
Hallie,M,13
Howell,M,13
Jean,M,13
Jodie,M,13
Jules,M,13
Lindsey,M,13
Lou,M,13
Lucious,M,13
Madison,M,13
Margaret,M,13
Norbert,M,13
Odis,M,13
Pablo,M,13
Rose,M,13
Tim,M,13
Verne,M,13
Vernie,M,13
Wilburn,M,13
Winfred,M,13
Wyatt,M,13
Addison,M,12
Alois,M,12
Butler,M,12
Cicero,M,12
Davis,M,12
Dorsey,M,12
Doyle,M,12
Emmitt,M,12
Essie,M,12
Frances,M,12
Gabriel,M,12
Hazel,M,12
Hector,M,12
Henderson,M,12
Hezekiah,M,12
Israel,M,12
Judge,M,12
Lamar,M,12
Maxie,M,12
Maxwell,M,12
Milford,M,12
Odell,M,12
Pierre,M,12
Rollin,M,12
Tracy,M,12
Urban,M,12
Walton,M,12
Wash,M,12
Watson,M,12
Webster,M,12
Adolphus,M,11
Alfonso,M,11
Alphonso,M,11
Annie,M,11
Arch,M,11
Arden,M,11
Armand,M,11
Bailey,M,11
Benjiman,M,11
Bonnie,M,11
Burr,M,11
Claire,M,11
Cleo,M,11
Clint,M,11
Cloyd,M,11
Dillard,M,11
Edith,M,11
Elvis,M,11
Evans,M,11
Fannie,M,11
Ford,M,11
Gaston,M,11
Gregory,M,11
Helmer,M,11
Hyman,M,11
Jefferson,M,11
Jewell,M,11
Lambert,M,11
Lawson,M,11
Lawton,M,11
Louise,M,11
Manley,M,11
Melville,M,11
Miller,M,11
Morton,M,11
Ole,M,11
Oswald,M,11
Pink,M,11
Rowland,M,11
Ruby,M,11
Sarah,M,11
Seth,M,11
Sim,M,11
Sylvan,M,11
Tillman,M,11
Travis,M,11
Vester,M,11
Wilford,M,11
Adelbert,M,10
Alvah,M,10
Arvid,M,10
Bennett,M,10
Bernie,M,10
Brooks,M,10
Burrell,M,10
Carmen,M,10
Carson,M,10
Cletus,M,10
Denver,M,10
Duncan,M,10
Elsie,M,10
Emma,M,10
Ezekiel,M,10
Gerhard,M,10
Guadalupe,M,10
Hattie,M,10
Hoyt,M,10
Hunter,M,10
Huston,M,10
Ida,M,10
Jones,M,10
Lillie,M,10
Lindsay,M,10
Logan,M,10
Loy,M,10
Lucas,M,10
Ludwig,M,10
Merl,M,10
Michel,M,10
Minnie,M,10
Mortimer,M,10
Newell,M,10
Nolan,M,10
Olen,M,10
Oral,M,10
Orlando,M,10
Palmer,M,10
Quincy,M,10
Rafael,M,10
Raphael,M,10
Raymon,M,10
Rene,M,10
Rolla,M,10
Rolland,M,10
Selmer,M,10
Tandy,M,10
Theo,M,10
Theron,M,10
Vivian,M,10
Weldon,M,10
Worth,M,10
Addie,M,9
Alden,M,9
Alfredo,M,9
Alma,M,9
Almon,M,9
Alvie,M,9
Alvis,M,9
Aron,M,9
Artie,M,9
Barnett,M,9
Burley,M,9
Christ,M,9
Clarance,M,9
Clell,M,9
Coleman,M,9
Crawford,M,9
Delmer,M,9
Doc,M,9
Dominic,M,9
Elige,M,9
Elza,M,9
Eva,M,9
Ewell,M,9
French,M,9
Furman,M,9
Garnett,M,9
Gaylord,M,9
Geo,M,9
Glover,M,9
Godfrey,M,9
Grace,M,9
Haven,M,9
Hayden,M,9
Heber,M,9
Horatio,M,9
Huey,M,9
Hughie,M,9
Irene,M,9
Jonas,M,9
Junior,M,9
Justin,M,9
Kelly,M,9
Lafayette,M,9
Lige,M,9
Llewellyn,M,9
Luster,M,9
Maceo,M,9
Mahlon,M,9
Marcellus,M,9
Marie,M,9
Milburn,M,9
Olaf,M,9
Parker,M,9
Perley,M,9
Reed,M,9
Roswell,M,9
Rubin,M,9
Ruth,M,9
Shelley,M,9
Shelton,M,9
Sid,M,9
Simmie,M,9
Son,M,9
Steward,M,9
Sullivan,M,9
Truman,M,9
Wayman,M,9
Westley,M,9
Whitney,M,9
Williams,M,9
Williard,M,9
Winston,M,9
Agnes,M,8
Antone,M,8
Asbury,M,8
Augustine,M,8
Barry,M,8
Bernice,M,8
Blanche,M,8
Bradley,M,8
Carrie,M,8
Cary,M,8
Clive,M,8
Courtney,M,8
Darrell,M,8
Dell,M,8
Donnie,M,8
Dorothy,M,8
Duke,M,8
Elden,M,8
Elgin,M,8
Eligah,M,8
Ella,M,8
Emilio,M,8
Enos,M,8
Erich,M,8
Fernando,M,8
Gail,M,8
Gary,M,8
Gladys,M,8
Gussie,M,8
Hampton,M,8
Harland,M,8
Harper,M,8
Henery,M,8
Hershel,M,8
Hilliard,M,8
Hilton,M,8
Issac,M,8
Jewel,M,8
Joesph,M,8
Jonathan,M,8
Jonnie,M,8
Josiah,M,8
June,M,8
Landon,M,8
Lemon,M,8
Lillian,M,8
Lois,M,8
Lucy,M,8
Martha,M,8
Mat,M,8
Mattie,M,8
Merlin,M,8
Mervin,M,8
Oakley,M,8
Orie,M,8
Pierce,M,8
Price,M,8
Reese,M,8
Romeo,M,8
Romie,M,8
Seymour,M,8
Spurgeon,M,8
Stephan,M,8
Stonewall,M,8
Unknown,M,8
Virgle,M,8
Webb,M,8
West,M,8
Wilfrid,M,8
Wilton,M,8
Zeb,M,8
Alice,M,7
Allison,M,7
Alonza,M,7
Angel,M,7
Arley,M,7
Ashley,M,7
Augusta,M,7
Benito,M,7
Benjaman,M,7
Bernhard,M,7
Bertrand,M,7
Bishop,M,7
Brown,M,7
Bruno,M,7
Caleb,M,7
Casimir,M,7
Chesley,M,7
Clara,M,7
Collins,M,7
Collis,M,7
Damon,M,7
Edison,M,7
Effie,M,7
Einar,M,7
Eldridge,M,7
Elwin,M,7
Elwyn,M,7
Ennis,M,7
Erick,M,7
Estel,M,7
Eugenio,M,7
Evert,M,7
Felipe,M,7
Ferd,M,7
Fidel,M,7
Gay,M,7
Gertrude,M,7
Golden,M,7
Gottlieb,M,7
Griffith,M,7
Harvy,M,7
Hayward,M,7
Hurley,M,7
Ignatius,M,7
Irven,M,7
Isom,M,7
Jethro,M,7
Jonah,M,7
Jordan,M,7
Jule,M,7
Kirby,M,7
Kyle,M,7
Larkin,M,7
Leander,M,7
Len,M,7
Leopold,M,7
Levy,M,7
Moe,M,7
Myrtle,M,7
Namon,M,7
Newt,M,7
Ocie,M,7
Oris,M,7
Orvil,M,7
Ossie,M,7
Robt,M,7
Terry,M,7
Toney,M,7
Vaughn,M,7
Vic,M,7
Viola,M,7
Alberto,M,6
Alcide,M,6
Alferd,M,6
Almer,M,6
Alpha,M,6
Alto,M,6
Andres,M,6
Armond,M,6
Armstead,M,6
Arvil,M,6
Audie,M,6
Babe,M,6
Baker,M,6
Ballard,M,6
Bart,M,6
Bartholomew,M,6
Bascom,M,6
Beatrice,M,6
Benedict,M,6
Benton,M,6
Beverly,M,6
Britt,M,6
Bynum,M,6
Callie,M,6
Campbell,M,6
Carleton,M,6
Casimer,M,6
Claudie,M,6
Clemon,M,6
Cody,M,6
Colvin,M,6
Cornelious,M,6
Dayton,M,6
Delmar,M,6
Doris,M,6
Dow,M,6
Elizah,M,6
Ely,M,6
Ephraim,M,6
Ernst,M,6
Ester,M,6
Eunice,M,6
Evertt,M,6
Ezell,M,6
Fate,M,6
Fayette,M,6
Finis,M,6
Fitzhugh,M,6
Florian,M,6
Floy,M,6
Frazier,M,6
Fremont,M,6
Gideon,M,6
Gurney,M,6
Gustaf,M,6
Hamp,M,6
Hermon,M,6
Hillard,M,6
Hosea,M,6
Hosie,M,6
Ignacio,M,6
Isreal,M,6
Ivy,M,6
Jarrett,M,6
Josephine,M,6
Julious,M,6
Lane,M,6
Lavern,M,6
Lawerence,M,6
Leighton,M,6
Lennie,M,6
Linnie,M,6
Lizzie,M,6
Loran,M,6
Lovell,M,6
Lum,M,6
Mabel,M,6
Manson,M,6
Marian,M,6
Marlin,M,6
Mercer,M,6
Merton,M,6
Meyer,M,6
Mildred,M,6
Montgomery,M,6
Montie,M,6
Myrl,M,6
Nellie,M,6
Norton,M,6
Ola,M,6
Onnie,M,6
Orin,M,6
Orla,M,6
Orrie,M,6
Osborne,M,6
Overton,M,6
Ovila,M,6
Paris,M,6
Patsy,M,6
Pauline,M,6
Prentice,M,6
Rae,M,6
Ransom,M,6
Reubin,M,6
Rich,M,6
Roby,M,6
Roderick,M,6
Rodger,M,6
Rosa,M,6
Rush,M,6
Sallie,M,6
Sebastian,M,6
Shelly,M,6
Squire,M,6
Stanford,M,6
Thompson,M,6
Tobe,M,6
Weston,M,6
Wilber,M,6
Willian,M,6
Winnie,M,6
Wong,M,6
Zollie,M,6
Ace,M,5
Acy,M,5
Adelard,M,5
Adolf,M,5
Alec,M,5
Amanda,M,5
Amzie,M,5
Arlo,M,5
Audrey,M,5
Auther,M,5
Baxter,M,5
Bedford,M,5
Berlin,M,5
Bertha,M,5
Bertie,M,5
Boyce,M,5
Braxton,M,5
Buddy,M,5
Burdette,M,5
Burleigh,M,5
Burrel,M,5
Caesar,M,5
Carlyle,M,5
Carmine,M,5
Catherine,M,5
Ceasar,M,5
Cedric,M,5
Celestino,M,5
Clemens,M,5
Clemmie,M,5
Cole,M,5
Collie,M,5
Corbett,M,5
Craig,M,5
Cullen,M,5
Della,M,5
Dennie,M,5
Denny,M,5
Dolphus,M,5
Donato,M,5
Duane,M,5
Egbert,M,5
Einer,M,5
Elbridge,M,5
Ellie,M,5
Ernesto,M,5
Erven,M,5
Estell,M,5
Eustace,M,5
Everitt,M,5
Ewald,M,5
Fredric,M,5
Galen,M,5
Gardner,M,5
Gerard,M,5
Gibson,M,5
Goebel,M,5
Gorge,M,5
Graham,M,5
Gray,M,5
Hannibal,M,5
Hanson,M,5
Hardin,M,5
Harman,M,5
Hartley,M,5
Harvie,M,5
Haskell,M,5
Hershell,M,5
Hester,M,5
Hill,M,5
Hjalmer,M,5
Hollie,M,5
Hosey,M,5
Hudson,M,5
Hyrum,M,5
Ingvald,M,5
Isac,M,5
Ivey,M,5
Jason,M,5
Jennie,M,5
Johny,M,5
Jolly,M,5
Joy,M,5
Julio,M,5
Junious,M,5
Kay,M,5
Kenney,M,5
Kent,M,5
Kurt,M,5
Lake,M,5
Lance,M,5
Laurie,M,5
Lea,M,5
Leeroy,M,5
Leigh,M,5
Littleton,M,5
Lola,M,5
Lonie,M,5
Loyal,M,5
Lupe,M,5
Mathias,M,5
Matthias,M,5
Melton,M,5
Merville,M,5
Murl,M,5
Nickolas,M,5
Nile,M,5
Norwood,M,5
Olan,M,5
Olive,M,5
Oran,M,5
Orion,M,5
Orson,M,5
Park,M,5
Pasquale,M,5
Perrin,M,5
Ples,M,5
Posey,M,5
Powell,M,5
Prentiss,M,5
Rachel,M,5
Randall,M,5
Raoul,M,5
Ras,M,5
Reinhold,M,5
Reynold,M,5
Robin,M,5
Rollo,M,5
Roma,M,5
Ruel,M,5
Sanders,M,5
Sheldon,M,5
Sie,M,5
Sigurd,M,5
Simpson,M,5
Soloman,M,5
Stanton,M,5
Talmadge,M,5
Teodoro,M,5
Thad,M,5
Theadore,M,5
Toy,M,5
Tyler,M,5
Vick,M,5
Volney,M,5
Waddie,M,5
Wilhelm,M,5
Winford,M,5
Winton,M,5
Young,M,5
