name,gender,count
Mary,F,22848
Helen,F,10479
Margaret,F,8226
Dorothy,F,7318
Ruth,F,7212
Anna,F,6436
Elizabeth,F,5800
Mildred,F,5692
Marie,F,4790
Alice,F,4671
Frances,F,4448
Florence,F,4282
Ethel,F,4146
Lillian,F,4127
Gladys,F,3842
Rose,F,3837
Evelyn,F,3777
Edna,F,3664
Annie,F,3519
Louise,F,3457
Irene,F,3281
Catherine,F,3161
Grace,F,3145
Hazel,F,3032
Thelma,F,2976
Gertrude,F,2932
Ruby,F,2893
Martha,F,2858
Virginia,F,2855
Josephine,F,2801
Lucille,F,2692
Clara,F,2665
Bertha,F,2651
Emma,F,2607
Edith,F,2592
Beatrice,F,2459
Bessie,F,2392
Esther,F,2378
Pearl,F,2177
Sarah,F,2173
Agnes,F,2163
Pauline,F,2153
Myrtle,F,2145
Elsie,F,2141
Eva,F,2123
Mabel,F,2123
Ida,F,2107
Viola,F,2090
Julia,F,2074
Minnie,F,1983
Nellie,F,1928
Ann,F,1842
Laura,F,1834
Lillie,F,1824
Eleanor,F,1798
Willie,F,1796
Katherine,F,1752
Bernice,F,1721
Marion,F,1703
Mattie,F,1687
Alma,F,1630
Ella,F,1587
Jessie,F,1541
Doris,F,1536
Mae,F,1453
Lena,F,1431
Anne,F,1413
Marjorie,F,1391
Betty,F,1389
Carrie,F,1381
Vera,F,1346
Stella,F,1319
Hattie,F,1314
Blanche,F,1288
Lucy,F,1283
Lois,F,1271
Jean,F,1246
Fannie,F,1237
Leona,F,1220
Kathryn,F,1198
Jennie,F,1183
Beulah,F,1131
Rosa,F,1131
Marguerite,F,1086
Cora,F,1079
Mamie,F,1079
Opal,F,1051
Ellen,F,1038
Violet,F,1037
Velma,F,1035
Georgia,F,1010
Sylvia,F,1000
Lula,F,975
Ada,F,960
Maggie,F,940
Theresa,F,926
Inez,F,916
Genevieve,F,908
Charlotte,F,896
Sadie,F,886
Daisy,F,877
Susie,F,858
Dora,F,833
Alberta,F,832
Nancy,F,811
Marian,F,806
Vivian,F,801
Flora,F,793
Hilda,F,793
Emily,F,785
Nora,F,753
Estelle,F,749
Eunice,F,742
Rosie,F,736
Juanita,F,732
Jane,F,709
Geneva,F,699
Lucile,F,698
Wilma,F,698
Lola,F,685
Mable,F,679
Katie,F,672
Christine,F,665
Loretta,F,655
Olive,F,646
Harriet,F,637
Lottie,F,634
Sara,F,633
Nettie,F,627
Verna,F,626
Kathleen,F,622
Maria,F,621
Sophie,F,621
Essie,F,620
Eula,F,615
Barbara,F,612
Della,F,602
May,F,594
Goldie,F,592
Erma,F,577
Maude,F,575
Victoria,F,574
Effie,F,572
Sallie,F,569
Madeline,F,560
Caroline,F,553
Sally,F,553
Geraldine,F,551
Irma,F,547
Ollie,F,538
Rachel,F,538
Lydia,F,537
Henrietta,F,525
Rebecca,F,519
Lizzie,F,505
Naomi,F,502
Addie,F,495
Ora,F,495
Norma,F,486
Nina,F,478
Lela,F,469
Audrey,F,453
Amelia,F,449
Roberta,F,433
Etta,F,430
Leola,F,423
Ola,F,422
Iva,F,406
Celia,F,402
Mollie,F,399
Maxine,F,397
Adeline,F,395
Susan,F,395
Fern,F,394
Phyllis,F,392
Isabel,F,389
Isabelle,F,389
Flossie,F,387
Jeanette,F,382
Olga,F,381
Estella,F,377
Janie,F,377
Bonnie,F,374
Luella,F,374
Winifred,F,370
Miriam,F,368
Muriel,F,365
Jewell,F,362
Regina,F,359
Cleo,F,357
Alta,F,347
Jeannette,F,347
Freda,F,345
Elva,F,342
Anita,F,338
Cecelia,F,335
Nannie,F,334
Rita,F,333
Carolyn,F,331
Antoinette,F,320
Frieda,F,319
Jewel,F,318
Nell,F,318
Shirley,F,318
Fay,F,316
Patricia,F,316
Veronica,F,314
Faye,F,312
Lila,F,311
Lorraine,F,310
Wanda,F,308
Dorothea,F,307
Hannah,F,305
Margie,F,305
Johnnie,F,299
Ina,F,296
Janet,F,296
June,F,295
Marcella,F,295
Dolores,F,294
Selma,F,293
Virgie,F,292
Lorene,F,290
Adele,F,288
Amy,F,287
Cecilia,F,287
Matilda,F,281
Rosalie,F,281
Amanda,F,278
Dollie,F,278
Sue,F,277
Angeline,F,276
Claire,F,274
Eliza,F,273
Elma,F,273
Eloise,F,273
Sophia,F,271
Constance,F,261
Angela,F,260
Eileen,F,258
Rena,F,253
Josie,F,251
Angelina,F,249
Winnie,F,248
Millie,F,247
Gracie,F,246
Callie,F,244
Elnora,F,241
Gussie,F,240
Allie,F,237
Reba,F,236
Hallie,F,233
Annette,F,232
Francis,F,227
Helene,F,226
Lee,F,224
Jeanne,F,220
Teresa,F,220
Zelma,F,220
Tillie,F,219
Madge,F,217
Lenora,F,214
Elvira,F,213
Hester,F,212
Lorena,F,212
Olivia,F,211
Lessie,F,208
Arlene,F,207
Leah,F,207
Adelaide,F,206
Kate,F,206
Peggy,F,204
Cornelia,F,202
Letha,F,202
Ila,F,199
Maudie,F,198
Joan,F,196
Bertie,F,195
Elaine,F,195
Odessa,F,194
Belle,F,193
Edythe,F,189
Birdie,F,187
Cecile,F,187
Carol,F,185
Ernestine,F,184
Clarice,F,182
Augusta,F,181
Carmen,F,181
Harriett,F,177
Pearlie,F,176
Rosetta,F,176
Helena,F,175
Iola,F,175
Lora,F,173
Rhoda,F,170
Ophelia,F,169
Roxie,F,169
Eugenia,F,168
Bettie,F,166
Frankie,F,166
Billie,F,165
Dessie,F,164
Leila,F,163
Melba,F,160
Nola,F,158
Katharine,F,157
Corine,F,156
Myra,F,155
Lily,F,154
Gwendolyn,F,151
Isabella,F,151
Zella,F,151
Delia,F,149
Corinne,F,146
Molly,F,145
Eleanore,F,144
Lou,F,144
Iris,F,143
Maud,F,143
Wilhelmina,F,143
Jannie,F,142
Mayme,F,142
Priscilla,F,142
Aline,F,141
Alyce,F,141
Johanna,F,141
Neva,F,141
Rosemary,F,141
Carmela,F,140
Lenore,F,140
Catharine,F,139
Lelia,F,138
Merle,F,138
Claudia,F,137
Linda,F,137
Natalie,F,136
Joyce,F,135
Nona,F,135
Laverne,F,134
Oma,F,134
Willa,F,134
Dolly,F,133
Elinor,F,133
Gertie,F,131
Yvonne,F,131
Cecil,F,130
Christina,F,130
Jimmie,F,130
Connie,F,129
Isabell,F,129
Lilly,F,129
Pansy,F,129
Berniece,F,127
Eddie,F,126
Iona,F,124
Aileen,F,123
Lucinda,F,123
Rosella,F,123
Maurine,F,122
Annabelle,F,121
Erna,F,120
Tessie,F,118
Louella,F,117
Dovie,F,115
Gloria,F,115
Verda,F,113
Lulu,F,112
Ione,F,111
Loraine,F,111
Florine,F,110
Lona,F,110
Polly,F,110
Vesta,F,109
Blanch,F,108
Cassie,F,108
Leota,F,108
Donna,F,107
Hettie,F,107
Vada,F,107
Georgie,F,106
Kay,F,106
Maybelle,F,106
Sybil,F,106
Alvina,F,105
Estell,F,105
Arline,F,104
Floy,F,104
Leora,F,104
Elisabeth,F,102
Fanny,F,102
Hortense,F,102
Lettie,F,102
Mona,F,101
Artie,F,100
Minerva,F,100
Mittie,F,100
Imogene,F,98
Leone,F,98
Bernadine,F,97
Leta,F,97
Bernadette,F,96
Gretchen,F,95
Lura,F,95
Mathilda,F,95
Alpha,F,94
Clare,F,94
Concetta,F,94
Ona,F,94
Earline,F,93
Ester,F,92
Althea,F,91
Beryl,F,91
Era,F,91
Reva,F,91
Nadine,F,90
Phoebe,F,90
Carmella,F,89
Janice,F,89
Paula,F,89
Bess,F,88
John,F,88
Stephanie,F,88
Angie,F,87
Rae,F,87
Adell,F,86
Allene,F,86
Cynthia,F,86
Dixie,F,86
Lauretta,F,86
Zelda,F,86
Linnie,F,85
Magnolia,F,85
Louisa,F,84
Mozelle,F,84
Ramona,F,84
Rubye,F,84
Orpha,F,83
Tommie,F,83
Avis,F,82
Corrine,F,82
Mercedes,F,82
Idella,F,81
Philomena,F,81
Alva,F,80
Elsa,F,80
Mazie,F,80
Queen,F,80
Abbie,F,79
Agatha,F,79
Ava,F,79
Golda,F,79
Harriette,F,79
Monica,F,79
Zola,F,79
Yetta,F,78
Wilda,F,77
Evangeline,F,76
Eve,F,76
Tressie,F,76
Cordelia,F,75
Hulda,F,75
Evie,F,74
Garnet,F,74
Idell,F,74
Antonia,F,73
Bella,F,73
Elda,F,73
Ocie,F,73
Patsy,F,73
Robbie,F,73
Almeda,F,72
Belva,F,72
Celeste,F,72
Ivy,F,72
Julie,F,72
Mandy,F,72
Odell,F,72
Retha,F,72
Clementine,F,71
Lovie,F,71
Melva,F,71
Mina,F,71
Myrtis,F,71
Una,F,71
Vergie,F,71
Filomena,F,70
Lue,F,70
Zula,F,70
Aurelia,F,69
Camille,F,69
Guadalupe,F,69
Ferne,F,68
Lina,F,68
Dorthy,F,67
Easter,F,67
Johnie,F,67
Judith,F,67
Margret,F,67
Glenna,F,66
Lorine,F,66
Margery,F,66
Bennie,F,65
Charlie,F,65
Elena,F,65
Ethelyn,F,65
Madelyn,F,65
Nelle,F,65
Octavia,F,65
Petra,F,65
Veda,F,65
Vida,F,65
Winona,F,65
Dorotha,F,64
Lucia,F,64
Pinkie,F,64
Beth,F,63
James,F,63
Elise,F,62
Hope,F,62
Kattie,F,62
Aurora,F,61
Delma,F,61
Leatha,F,61
Manuela,F,61
Marietta,F,61
Sudie,F,61
Albina,F,60
Crystal,F,60
Margarita,F,60
Rhea,F,60
Savannah,F,60
Valeria,F,60
Alene,F,59
Ruthie,F,59
George,F,58
Suzanne,F,58
Tina,F,58
Freida,F,57
Marcia,F,57
Rosia,F,57
Zora,F,57
Beverly,F,56
Claudie,F,56
Hellen,F,56
Jacqueline,F,56
Ray,F,56
Rubie,F,56
Velva,F,56
Adela,F,55
Bulah,F,55
Clyde,F,55
Diana,F,55
Lyda,F,55
Myrtie,F,55
Oleta,F,55
Rosalind,F,55
Rowena,F,55
Ursula,F,55
Elvera,F,54
Magdalene,F,54
Millicent,F,54
Reta,F,54
Corene,F,53
Edwina,F,53
Eleanora,F,53
Georgiana,F,53
Nan,F,53
Verla,F,53
Celestine,F,52
Delphine,F,52
Elna,F,52
Lavina,F,52
Leslie,F,52
Madeleine,F,52
Albertha,F,51
Claudine,F,51
Emilie,F,51
Freddie,F,51
Lorna,F,51
Macie,F,51
Myrtice,F,51
Queenie,F,51
Bell,F,50
Bobbie,F,50
Chloe,F,50
Delores,F,50
Delphia,F,50
Ellie,F,50
Ima,F,50
Lennie,F,50
Melvina,F,50
Donnie,F,49
Dorris,F,49
Esta,F,49
Joanna,F,49
Leonora,F,49
Marianne,F,49
Marvel,F,49
Nita,F,49
Novella,F,49
Rosamond,F,49
Vernice,F,49
Berta,F,48
Joy,F,48
Juliette,F,48
Malinda,F,48
Meta,F,48
Zona,F,48
Anastasia,F,47
Elmira,F,47
Lida,F,47
Lupe,F,47
Melissa,F,47
Pattie,F,47
Roma,F,47
Velda,F,47
Vernie,F,47
Winnifred,F,47
Altha,F,46
Camilla,F,46
Emmie,F,46
Francisca,F,46
Katheryn,F,46
Kitty,F,46
Madie,F,46
Mallie,F,46
Rosalee,F,46
Tennie,F,46
Annabel,F,45
Cathrine,F,45
Germaine,F,45
Ira,F,45
Rachael,F,45
Susanna,F,45
Therese,F,45
Valerie,F,45
Verdie,F,45
Vina,F,45
Alda,F,44
Charity,F,44
Earnestine,F,44
Lonnie,F,44
Audra,F,43
Birtha,F,43
Carolina,F,43
Eldora,F,43
Florida,F,43
Hedwig,F,43
Jackie,F,43
Luvenia,F,43
Mabelle,F,43
Marjory,F,43
Ossie,F,43
Pearle,F,43
Pearline,F,43
Verona,F,43
Joe,F,42
Kathrine,F,42
Liza,F,42
Maxie,F,42
Rosina,F,42
Adelia,F,41
Adrienne,F,41
Dona,F,41
Emilia,F,41
Goldia,F,41
Hilma,F,41
Jenny,F,41
Maybell,F,41
Mozell,F,41
Bethel,F,40
Carmel,F,40
Georgianna,F,40
Grayce,F,40
Jo,F,40
Margarette,F,40
Theodora,F,40
Arvilla,F,39
Berneice,F,39
Bonita,F,39
Cathryn,F,39
Hazle,F,39
Hildegarde,F,39
Jettie,F,39
Juana,F,39
Lilla,F,39
Ludie,F,39
Vallie,F,39
Yolanda,F,39
Aletha,F,38
Consuelo,F,38
Eulalia,F,38
Evalyn,F,38
Garnett,F,38
Luna,F,38
Versie,F,38
Annabell,F,37
Dortha,F,37
Martina,F,37
Mavis,F,37
Sofia,F,37
Thora,F,37
William,F,37
Betsy,F,36
Bridget,F,36
Magdalena,F,36
Rosanna,F,36
Treva,F,36
Antonette,F,35
Corrie,F,35
Faith,F,35
Josefa,F,35
Justine,F,35
Lera,F,35
Libby,F,35
Maryann,F,35
Onie,F,35
Renee,F,35
Verlie,F,35
Viva,F,35
Zada,F,35
Clemmie,F,34
Cordie,F,34
Dorcas,F,34
Elisa,F,34
Elouise,F,34
Emmer,F,34
Enid,F,34
Ethyl,F,34
Felicia,F,34
Gilda,F,34
Lilyan,F,34
Nella,F,34
Norene,F,34
Zoe,F,34
Adella,F,33
Annis,F,33
Audie,F,33
Deborah,F,33
Diane,F,33
Elenora,F,33
Gail,F,33
Hermine,F,33
Ilene,F,33
Jerry,F,33
Lilian,F,33
Lucie,F,33
Minna,F,33
Palma,F,33
Tiny,F,33
Violette,F,33
Alverta,F,32
Amie,F,32
Berenice,F,32
Charlene,F,32
Charles,F,32
Concepcion,F,32
Gene,F,32
Icie,F,32
Irine,F,32
Ivory,F,32
Josefina,F,32
Maye,F,32
Nova,F,32
Ressie,F,32
Sibyl,F,32
Willia,F,32
Alfreda,F,31
Alicia,F,31
Amalia,F,31
Bettye,F,31
Eda,F,31
Fae,F,31
Kathryne,F,31
Mellie,F,31
Norine,F,31
Ouida,F,31
Serena,F,31
Signe,F,31
Delilah,F,30
Dell,F,30
Dena,F,30
Emelia,F,30
Eveline,F,30
Hanna,F,30
Letitia,F,30
Lonie,F,30
Magdalen,F,30
Marianna,F,30
Rosalia,F,30
Sammie,F,30
Trudie,F,30
Adelina,F,29
Adelle,F,29
Annetta,F,29
Beaulah,F,29
Elvie,F,29
Elvina,F,29
Fairy,F,29
Inga,F,29
Joseph,F,29
Judy,F,29
Lavada,F,29
Louie,F,29
Louvenia,F,29
Lucretia,F,29
Nelda,F,29
Robert,F,29
Theo,F,29
Vincenza,F,29
Alida,F,28
Amber,F,28
Elizebeth,F,28
Ena,F,28
Glennie,F,28
Greta,F,28
Henry,F,28
Hildred,F,28
Jaunita,F,28
Jessica,F,28
Joanne,F,28
Lavinia,F,28
Louis,F,28
Mammie,F,28
Myrna,F,28
Naoma,F,28
Osie,F,28
Ozella,F,28
Vena,F,28
Alvera,F,27
Andrea,F,27
Cathleen,F,27
Clarissa,F,27
Exie,F,27
Flo,F,27
Georgina,F,27
Hertha,F,27
Jonnie,F,27
Myrle,F,27
Odelia,F,27
Omie,F,27
Theola,F,27
Vinnie,F,27
Almeta,F,26
Arlie,F,26
Delta,F,26
Drusilla,F,26
Gay,F,26
Janette,F,26
Jossie,F,26
Lacy,F,26
Loree,F,26
Meda,F,26
Rossie,F,26
Sadye,F,26
Vivien,F,26
Zadie,F,26
Adaline,F,25
Augustine,F,25
Ceola,F,25
Coletta,F,25
Eulah,F,25
Golden,F,25
Hassie,F,25
Izora,F,25
Lelah,F,25
Leo,F,25
Luetta,F,25
Madaline,F,25
Manda,F,25
Mariah,F,25
Nedra,F,25
Reatha,F,25
Rilla,F,25
Syble,F,25
Arie,F,24
Buelah,F,24
Dale,F,24
Dola,F,24
Gwen,F,24
Hermina,F,24
Ines,F,24
Juliet,F,24
Larue,F,24
Lexie,F,24
Luisa,F,24
Margarett,F,24
Mathilde,F,24
Meredith,F,24
Missouri,F,24
Mozella,F,24
Neoma,F,24
Odie,F,24
Ottie,F,24
Ara,F,23
Bernardine,F,23
Elberta,F,23
Eloisa,F,23
Erie,F,23
Ether,F,23
Florrie,F,23
Izetta,F,23
Lea,F,23
Lenna,F,23
Lilie,F,23
Lynn,F,23
Marcelle,F,23
Myrl,F,23
Nevada,F,23
Olevia,F,23
Tena,F,23
Zetta,F,23
Adline,F,22
Alba,F,22
Albertine,F,22
Anner,F,22
Ardella,F,22
Buna,F,22
Clarabelle,F,22
Elease,F,22
Elenor,F,22
Enola,F,22
Eugenie,F,22
Freeda,F,22
Gertha,F,22
Hessie,F,22
Lannie,F,22
Laverna,F,22
Leonor,F,22
Lossie,F,22
Malissa,F,22
Nathalie,F,22
Oda,F,22
Retta,F,22
Tempie,F,22
Ula,F,22
Vella,F,22
Vertie,F,22
Vonnie,F,22
Angelita,F,21
Ardis,F,21
Bette,F,21
Classie,F,21
Corean,F,21
Dana,F,21
Delfina,F,21
Doretha,F,21
Ettie,F,21
Euna,F,21
Eura,F,21
Evaline,F,21
Florene,F,21
Frank,F,21
Lassie,F,21
Lurline,F,21
Lyla,F,21
Maebelle,F,21
Margaretta,F,21
Neta,F,21
Nila,F,21
Ova,F,21
Pennie,F,21
Rosemarie,F,21
Roslyn,F,21
Rozella,F,21
Selena,F,21
Stephania,F,21
Zena,F,21
Adah,F,20
Aili,F,20
Alvena,F,20
Arlena,F,20
Bea,F,20
Beula,F,20
Blossom,F,20
Clifford,F,20
Dallas,F,20
Deloris,F,20
Emogene,F,20
Evelena,F,20
Florance,F,20
Fronie,F,20
Gennie,F,20
Helga,F,20
Joann,F,20
Lavon,F,20
Leanna,F,20
Libbie,F,20
Madalyn,F,20
Mossie,F,20
Ozell,F,20
Sonia,F,20
Tomasa,F,20
Trula,F,20
Veva,F,20
Allean,F,19
Alys,F,19
Antonetta,F,19
Arietta,F,19
Benita,F,19
Berdie,F,19
Blanchie,F,19
Cara,F,19
Creola,F,19
Darlene,F,19
Dimple,F,19
Elvia,F,19
Emeline,F,19
Gladyce,F,19
Henretta,F,19
Hollie,F,19
India,F,19
Justina,F,19
Leana,F,19
Leonia,F,19
Leonore,F,19
Luz,F,19
Madelene,F,19
Margueritte,F,19
Monnie,F,19
Otis,F,19
Pat,F,19
Salome,F,19
Selina,F,19
Silvia,F,19
Tressa,F,19
Venita,F,19
Zenobia,F,19
Arrie,F,18
Astrid,F,18
Bernetta,F,18
Cherry,F,18
Cleta,F,18
Dominga,F,18
Edmonia,F,18
Edward,F,18
Electa,F,18
Elinore,F,18
Etha,F,18
Evia,F,18
Flonnie,F,18
Gerda,F,18
Laurie,F,18
Lavera,F,18
Leda,F,18
Lorean,F,18
Luciel,F,18
Macy,F,18
Margurite,F,18
Marilyn,F,18
Marry,F,18
Mettie,F,18
Nada,F,18
Ozie,F,18
Pollie,F,18
Prudence,F,18
Romaine,F,18
Santa,F,18
Sister,F,18
Theda,F,18
Thomas,F,18
Twila,F,18
Vassie,F,18
Vennie,F,18
Verne,F,18
Vernia,F,18
Virgil,F,18
Aimee,F,17
Alease,F,17
Alline,F,17
Almira,F,17
Alvira,F,17
Ardell,F,17
Bernita,F,17
Christena,F,17
Cleopatra,F,17
Cleora,F,17
Cruz,F,17
Daphne,F,17
Dessa,F,17
Drucilla,F,17
Elmer,F,17
Elzie,F,17
Emaline,F,17
Glendora,F,17
Herma,F,17
Huldah,F,17
Imelda,F,17
Isobel,F,17
Jeffie,F,17
Kizzie,F,17
Lavern,F,17
Leon,F,17
Malvina,F,17
Mertie,F,17
Nanie,F,17
Oneita,F,17
Paralee,F,17
Pinkey,F,17
Rafaela,F,17
Rea,F,17
Susana,F,17
Texie,F,17
Valda,F,17
Veola,F,17
Vernon,F,17
Virgia,F,17
Yvette,F,17
Abigail,F,16
Aggie,F,16
Albertina,F,16
Alexandria,F,16
Altie,F,16
Bettina,F,16
Bobby,F,16
Borghild,F,16
Cammie,F,16
Carlotta,F,16
Carmelita,F,16
Charline,F,16
Cleona,F,16
Clora,F,16
Dagmar,F,16
Daisie,F,16
Dee,F,16
Delsie,F,16
Dicie,F,16
Dottie,F,16
Earlene,F,16
Edyth,F,16
Elfrieda,F,16
Erline,F,16
Evelina,F,16
Georgette,F,16
Gladis,F,16
Gregoria,F,16
Gusta,F,16
Hildreth,F,16
Ivah,F,16
Izola,F,16
Jamie,F,16
Jeane,F,16
Josiephine,F,16
Jule,F,16
Katy,F,16
Kittie,F,16
Loma,F,16
Loyce,F,16
Madelon,F,16
Mariana,F,16
Melinda,F,16
Odella,F,16
Oneida,F,16
Orene,F,16
Pearly,F,16
Portia,F,16
Rosalyn,F,16
Roselle,F,16
Sigrid,F,16
Stacia,F,16
Terry,F,16
Toby,F,16
Trinidad,F,16
Trudy,F,16
Valera,F,16
Vicie,F,16
Vivienne,F,16
Vlasta,F,16
Williemae,F,16
Aleen,F,15
Alvie,F,15
Alyne,F,15
Annamae,F,15
Ardath,F,15
Carry,F,15
Celina,F,15
Clarence,F,15
Cleone,F,15
Edra,F,15
Evelyne,F,15
Gayle,F,15
Hildur,F,15
Ingrid,F,15
Jack,F,15
Juliana,F,15
Laurene,F,15
Letty,F,15
Linnea,F,15
Lissie,F,15
Lorenza,F,15
Lovella,F,15
Madonna,F,15
Margarete,F,15
Mima,F,15
Noma,F,15
Otelia,F,15
Peggie,F,15
Rosaline,F,15
Sabina,F,15
Santina,F,15
Sophronia,F,15
Sula,F,15
Sydney,F,15
Tilda,F,15
Venus,F,15
Afton,F,14
Alean,F,14
Antonina,F,14
Arbutus,F,14
Archie,F,14
Arleen,F,14
Arthur,F,14
Audrie,F,14
Azalee,F,14
Beatriz,F,14
Burnice,F,14
Caldonia,F,14
Ceil,F,14
Christeen,F,14
Christene,F,14
Colette,F,14
Cordia,F,14
Daisey,F,14
Dallie,F,14
Delcie,F,14
Dezzie,F,14
Dillie,F,14
Dina,F,14
Domenica,F,14
Elia,F,14
Elta,F,14
Evlyn,F,14
Felipa,F,14
Florie,F,14
Francine,F,14
Girtha,F,14
Hazelle,F,14
Ingeborg,F,14
Isla,F,14
Jeanie,F,14
Lady,F,14
Laurine,F,14
Lillia,F,14
Lita,F,14
Madalene,F,14
Marge,F,14
Marina,F,14
Maryanna,F,14
Maryjane,F,14
Matilde,F,14
Maureen,F,14
Maymie,F,14
Mennie,F,14
Merna,F,14
Michelina,F,14
Oletha,F,14
Oneta,F,14
Sena,F,14
Sidney,F,14
Susanne,F,14
Theodosia,F,14
Tinnie,F,14
Venice,F,14
Waneta,F,14
Zelia,F,14
Aida,F,13
Albert,F,13
Anabel,F,13
Apolonia,F,13
Artelia,F,13
Atha,F,13
Audry,F,13
Aurore,F,13
Avie,F,13
Bula,F,13
Chrystal,F,13
Colleen,F,13
Coral,F,13
Corina,F,13
Corrinne,F,13
Earlie,F,13
Eathel,F,13
Enriqueta,F,13
Esperanza,F,13
Felicitas,F,13
Floye,F,13
Frona,F,13
Georgetta,F,13
Helyn,F,13
Illa,F,13
Inell,F,13
Jennette,F,13
Jesusa,F,13
Jim,F,13
Lavonia,F,13
Leaner,F,13
Leontine,F,13
Lethia,F,13
Liddie,F,13
Lilah,F,13
Lilia,F,13
Lolita,F,13
Loreta,F,13
Lota,F,13
Luberta,F,13
Malissie,F,13
Margeret,F,13
Margo,F,13
Mariam,F,13
Marylee,F,13
Melvia,F,13
Melvin,F,13
Mitzi,F,13
Neola,F,13
Ofelia,F,13
Parthenia,F,13
Patty,F,13
Pearlene,F,13
Perlie,F,13
Precious,F,13
Raye,F,13
Rene,F,13
Romayne,F,13
Rosaria,F,13
Sam,F,13
Santos,F,13
Shellie,F,13
Stefania,F,13
Sylva,F,13
Thyra,F,13
Vela,F,13
Vester,F,13
Zelpha,F,13
Agness,F,12
Alverna,F,12
America,F,12
Antionette,F,12
Arabelle,F,12
Ardelia,F,12
Arizona,F,12
Arletta,F,12
Bebe,F,12
Bee,F,12
Carl,F,12
Catalina,F,12
Cleda,F,12
Clella,F,12
Clyda,F,12
Clytie,F,12
Columbia,F,12
Coy,F,12
Dean,F,12
Delila,F,12
Delpha,F,12
Dinah,F,12
Edrie,F,12
Elida,F,12
Ellouise,F,12
Elzora,F,12
Ernie,F,12
Eudora,F,12
Eugene,F,12
Evalena,F,12
Everlena,F,12
Fannye,F,12
Faustina,F,12
Floria,F,12
Genevie,F,12
Genie,F,12
Georgeanna,F,12
Gizella,F,12
Haley,F,12
Harold,F,12
Henriette,F,12
Herminia,F,12
Hildegard,F,12
Ivey,F,12
Jinnie,F,12
Jodie,F,12
Kathaleen,F,12
Lala,F,12
Lattie,F,12
Laurel,F,12
Lavelle,F,12
Laveta,F,12
Leanore,F,12
Lempi,F,12
Leoma,F,12
Leonie,F,12
Lockie,F,12
Love,F,12
Luevenia,F,12
Mabell,F,12
Mahala,F,12
Maple,F,12
Marceline,F,12
Margot,F,12
Marybelle,F,12
Mickey,F,12
Mignon,F,12
Mimi,F,12
Norah,F,12
Odette,F,12
Olena,F,12
Oliva,F,12
Olla,F,12
Omega,F,12
Oralee,F,12
Rella,F,12
Rochelle,F,12
Roxanna,F,12
Stasia,F,12
Thalia,F,12
Veatrice,F,12
Vita,F,12
Will,F,12
Wilmer,F,12
Zilpha,F,12
Zita,F,12
Alethia,F,11
Ana,F,11
Angelica,F,11
Arabella,F,11
Ardith,F,11
Argie,F,11
Arvella,F,11
Assunta,F,11
Aura,F,11
Azzie,F,11
Bama,F,11
Bert,F,11
Birtie,F,11
Capitola,F,11
Carmon,F,11
Carrol,F,11
Carroll,F,11
Channie,F,11
Cherrie,F,11
Chester,F,11
Claribel,F,11
Clover,F,11
Curtis,F,11
Dellie,F,11
Docia,F,11
Doratha,F,11
Dorthea,F,11
Eather,F,11
Elmina,F,11
Elnor,F,11
Emmaline,F,11
Eola,F,11
Ermine,F,11
Euphemia,F,11
Felice,F,11
Fleeta,F,11
Florentine,F,11
Frederica,F,11
Gabrielle,F,11
Gaynell,F,11
Genoveva,F,11
Halley,F,11
Henryetta,F,11
Icy,F,11
Ilah,F,11
Ilda,F,11
Inis,F,11
Jesse,F,11
Johnny,F,11
Johnsie,F,11
Juel,F,11
Julianna,F,11
Karen,F,11
Kathern,F,11
Lavaughn,F,11
Lavonne,F,11
Loretto,F,11
Lovey,F,11
Madgie,F,11
Maebell,F,11
Magdaline,F,11
Marita,F,11
Marquerite,F,11
Melda,F,11
Metta,F,11
Nelia,F,11
Nezzie,F,11
Nobie,F,11
Nonie,F,11
Olar,F,11
Olean,F,11
Olympia,F,11
Onnie,F,11
Orelia,F,11
Otha,F,11
Pasqualina,F,11
Patience,F,11
Paulina,F,11
Providence,F,11
Refugia,F,11
Roselyn,F,11
Rosena,F,11
Rosita,F,11
Rufina,F,11
Rutha,F,11
Sallye,F,11
Samella,F,11
Simona,F,11
Thais,F,11
Ura,F,11
Valentine,F,11
Velia,F,11
Vernal,F,11
Vernell,F,11
Vernetta,F,11
Vienna,F,11
Vola,F,11
Walter,F,11
Zeta,F,11
Zettie,F,11
Adel,F,10
Aldea,F,10
Alexandra,F,10
Almetta,F,10
Anniemae,F,10
Aretha,F,10
Aretta,F,10
Arilla,F,10
Avery,F,10
Azilee,F,10
Bernie,F,10
Blonnie,F,10
Carlota,F,10
Casimira,F,10
Catarina,F,10
Cecille,F,10
Cele,F,10
Chlora,F,10
Christie,F,10
Cinda,F,10
Cleola,F,10
Clorinda,F,10
Clotilde,F,10
Coralee,F,10
Dannie,F,10
Darline,F,10
Dasie,F,10
Doshia,F,10
Doshie,F,10
Dossie,F,10
Dot,F,10
Eleonora,F,10
Ellamae,F,10
Ellar,F,10
Ema,F,10
Etna,F,10
Ever,F,10
Fidelia,F,10
Francies,F,10
Fredericka,F,10
Geneveive,F,10
Girtie,F,10
Glenda,F,10
Gretta,F,10
Gustava,F,10
Hilja,F,10
Hyacinth,F,10
Ignacia,F,10
Isola,F,10
Lacie,F,10
Lana,F,10
Lanie,F,10
Lavenia,F,10
Lear,F,10
Leitha,F,10
Lella,F,10
Leonard,F,10
Lester,F,10
Lovenia,F,10
Luanna,F,10
Luceal,F,10
Lucetta,F,10
Luvina,F,10
Macel,F,10
Mannie,F,10
Margrett,F,10
Marlene,F,10
Marye,F,10
Mayola,F,10
Mercy,F,10
Monna,F,10
Montie,F,10
Naida,F,10
Nealie,F,10
Nicolina,F,10
Nolia,F,10
Orlena,F,10
Otila,F,10
Otilia,F,10
Ottilia,F,10
Oza,F,10
Perry,F,10
Phebe,F,10
Piccola,F,10
Princess,F,10
Raymond,F,10
Robena,F,10
Roseanna,F,10
Roxy,F,10
Ruie,F,10
Saima,F,10
Salina,F,10
Samantha,F,10
Sheila,F,10
Shizuko,F,10
Sussie,F,10
Sylvester,F,10
Teodora,F,10
Theora,F,10
Thresa,F,10
Vannie,F,10
Vara,F,10
Velna,F,10
Verena,F,10
Versa,F,10
Veta,F,10
Vilma,F,10
Virdie,F,10
Wava,F,10
Wilhelmine,F,10
Willard,F,10
Yoshiko,F,10
Ysabel,F,10
Adda,F,9
Ader,F,9
Aldine,F,9
Alethea,F,9
Allen,F,9
Alzina,F,9
Ammie,F,9
Ardelle,F,9
Arkie,F,9
Arla,F,9
Aubrey,F,9
Audree,F,9
Babe,F,9
Beadie,F,9
Bernece,F,9
Buena,F,9
Carlene,F,9
Carole,F,9
Carra,F,9
Charlsie,F,9
Claude,F,9
Cleva,F,9
Clovis,F,9
Clydia,F,9
Corda,F,9
Cornelious,F,9
David,F,9
Domitila,F,9
Dorathea,F,9
Doretta,F,9
Echo,F,9
Elener,F,9
Elenore,F,9
Elfreda,F,9
Eller,F,9
Elois,F,9
Emelda,F,9
Emmy,F,9
Ercel,F,9
Erin,F,9
Esma,F,9
Ethyle,F,9
Fabiola,F,9
Flavia,F,9
Floyd,F,9
Forrest,F,9
Fredia,F,9
Fronia,F,9
Gabriella,F,9
Gaetana,F,9
Garland,F,9
Genevia,F,9
Girlie,F,9
Harry,F,9
Herlinda,F,9
Honora,F,9
Ilo,F,9
Indiana,F,9
Irena,F,9
Ivery,F,9
Ivie,F,9
Jeanetta,F,9
Jenette,F,9
Jesusita,F,9
Katharyn,F,9
Laurence,F,9
Leala,F,9
Leanora,F,9
Leita,F,9
Leva,F,9
Liller,F,9
Lisa,F,9
Louisiana,F,9
Lovetta,F,9
Lovina,F,9
Lucienne,F,9
Lucyle,F,9
Luddie,F,9
Lurene,F,9
Luretta,F,9
Maddie,F,9
Madolyn,F,9
Marcelline,F,9
Margarite,F,9
Margrette,F,9
Marylou,F,9
Maydell,F,9
Michael,F,9
Minette,F,9
Modesta,F,9
Murl,F,9
Nana,F,9
Nena,F,9
Nolie,F,9
Novie,F,9
Odessia,F,9
Odile,F,9
Okie,F,9
Olie,F,9
Othella,F,9
Ottilie,F,9
Ovella,F,9
Pankie,F,9
Paul,F,9
Pilar,F,9
Pluma,F,9
Pocahontas,F,9
Reather,F,9
Refugio,F,9
Renna,F,9
Reola,F,9
Rheba,F,9
Richard,F,9
Roena,F,9
Rosana,F,9
Roy,F,9
Ruthe,F,9
Sabra,F,9
Sandra,F,9
Savanah,F,9
Savilla,F,9
Sennie,F,9
Sydell,F,9
Tennessee,F,9
Theresia,F,9
Thomasina,F,9
Tishie,F,9
Toni,F,9
Trixie,F,9
Victorine,F,9
Villa,F,9
Vira,F,9
Vista,F,9
Vonda,F,9
Wynona,F,9
Zara,F,9
Zelphia,F,9
Zera,F,9
Zuma,F,9
Aileene,F,8
Ala,F,8
Aleda,F,8
Alvenia,F,8
Alverda,F,8
Amelie,F,8
Andrew,F,8
Annice,F,8
Anniebell,F,8
Antonietta,F,8
Arah,F,8
Arminta,F,8
Avice,F,8
Avo,F,8
Babette,F,8
Beauty,F,8
Belma,F,8
Bertina,F,8
Billy,F,8
Brenda,F,8
Calista,F,8
Carla,F,8
Cary,F,8
Caterina,F,8
Charley,F,8
China,F,8
Chiyoko,F,8
Clair,F,8
Clarinda,F,8
Clarine,F,8
Clarise,F,8
Clema,F,8
Collette,F,8
Concha,F,8
Courtney,F,8
Dawn,F,8
Dellar,F,8
Delphina,F,8
Dema,F,8
Doll,F,8
Donie,F,8
Dorathy,F,8
Dorothe,F,8
Dorthey,F,8
Dulcie,F,8
Earl,F,8
Ebba,F,8
Elba,F,8
Elnore,F,8
Elza,F,8
Erlinda,F,8
Evva,F,8
Exa,F,8
Fayetta,F,8
Fleda,F,8
Fleta,F,8
Floris,F,8
Fortunata,F,8
Francesca,F,8
Fred,F,8
Gatha,F,8
Gena,F,8
Glenn,F,8
Hasel,F,8
Heloise,F,8
Hollis,F,8
Honor,F,8
Idelle,F,8
Ilean,F,8
Inda,F,8
Isa,F,8
Janis,F,8
Jay,F,8
Jayne,F,8
Jeannie,F,8
Jessye,F,8
Joesphine,F,8
Jovita,F,8
Judie,F,8
Lara,F,8
Lawrence,F,8
Leather,F,8
Ledora,F,8
Leeta,F,8
Lelar,F,8
Leolia,F,8
Letta,F,8
Librada,F,8
Lilliemae,F,8
Littie,F,8
Loise,F,8
Loney,F,8
Louetta,F,8
Lular,F,8
Lyle,F,8
Lynette,F,8
Mada,F,8
Mahalie,F,8
Maidie,F,8
Maizie,F,8
Manuelita,F,8
Maree,F,8
Margart,F,8
Margretta,F,8
Marguerita,F,8
Marinda,F,8
Marta,F,8
Marvin,F,8
Maybel,F,8
Medora,F,8
Melanie,F,8
Meryl,F,8
Milda,F,8
Milly,F,8
Minta,F,8
Modena,F,8
Naomia,F,8
Nelma,F,8
Netta,F,8
Odessie,F,8
Olivette,F,8
Otie,F,8
Pearlean,F,8
Pecola,F,8
Penelope,F,8
Percy,F,8
Pheobe,F,8
Phillis,F,8
Philomene,F,8
Placida,F,8
Prince,F,8
Raquel,F,8
Rennie,F,8
Robina,F,8
Rosabelle,F,8
Roselee,F,8
Rosemond,F,8
Simone,F,8
Stacy,F,8
Syd,F,8
Thea,F,8
Theodore,F,8
Thersa,F,8
Tommy,F,8
Twyla,F,8
Vadie,F,8
Valentina,F,8
Vashti,F,8
Veneta,F,8
Verta,F,8
Vinita,F,8
Violetta,F,8
Virgina,F,8
Virtie,F,8
Wanita,F,8
Wauneta,F,8
Wessie,F,8
Wilhelmena,F,8
Willena,F,8
Willetta,F,8
Zela,F,8
Zylpha,F,8
Adelene,F,7
Aldora,F,7
Aleta,F,7
Aliene,F,7
Alise,F,7
Alleen,F,7
Allena,F,7
Almedia,F,7
Almeter,F,7
Alyse,F,7
Anice,F,7
Annamarie,F,7
Antoinetta,F,7
Arlean,F,7
Arletha,F,7
Armella,F,7
Auda,F,7
Averil,F,7
Becky,F,7
Beda,F,7
Belen,F,7
Belvia,F,7
Berneta,F,7
Bernyce,F,7
Bertice,F,7
Beuna,F,7
Birdia,F,7
Blondell,F,7
Brookie,F,7
Burma,F,7
Canary,F,7
Candida,F,7
Candis,F,7
Carlee,F,7
Carlena,F,7
Carlie,F,7
Cathern,F,7
Celestia,F,7
Clementina,F,7
Clothilde,F,7
Clydie,F,7
Coreen,F,7
Cuba,F,7
Daphna,F,7
Deane,F,7
Deanna,F,7
Decie,F,7
Deena,F,7
Dellia,F,7
Delora,F,7
Denise,F,7
Diamond,F,7
Doloris,F,7
Doreen,F,7
Elmyra,F,7
Elodia,F,7
Elzada,F,7
Erla,F,7
Erlene,F,7
Ermal,F,7
Ersie,F,7
Ethelene,F,7
Ethie,F,7
Etter,F,7
Eular,F,7
Everleaner,F,7
Famie,F,7
Fanchon,F,7
Floda,F,7
Floree,F,7
Floretta,F,7
Floride,F,7
Foy,F,7
France,F,7
Gale,F,7
Gaynelle,F,7
Gean,F,7
Gerry,F,7
Girtrude,F,7
Gracia,F,7
Grethel,F,7
Helma,F,7
Henritta,F,7
Hildagard,F,7
Holly,F,7
Hortensia,F,7
Icle,F,7
Idamae,F,7
Imo,F,7
Jenetta,F,7
Josepha,F,7
Katrina,F,7
Laila,F,7
Laurette,F,7
Lavilla,F,7
Leneve,F,7
Leocadia,F,7
Leonarda,F,7
Lesta,F,7
Lewis,F,7
Lillar,F,7
Lillis,F,7
Lorayne,F,7
Lorretta,F,7
Louanna,F,7
Loula,F,7
Lovena,F,7
Loveta,F,7
Luceil,F,7
Ludy,F,7
Luellar,F,7
Luise,F,7
Lyndall,F,7
Mackie,F,7
Madlyn,F,7
Mafalda,F,7
Maida,F,7
Majorie,F,7
Manie,F,7
Margorie,F,7
Marilla,F,7
Mark,F,7
Marrie,F,7
Martin,F,7
Maryanne,F,7
Maryelizabeth,F,7
Maryland,F,7
Matie,F,7
Mattye,F,7
Maurene,F,7
Maysel,F,7
Media,F,7
Melina,F,7
Mena,F,7
Merline,F,7
Micaela,F,7
Mintie,F,7
Missie,F,7
Monta,F,7
Montine,F,7
Mozel,F,7
Murriel,F,7
Nanette,F,7
Natalia,F,7
Nelly,F,7
Norris,F,7
Odeal,F,7
Olinda,F,7
Onalee,F,7
Opha,F,7
Oral,F,7
Oretha,F,7
Orie,F,7
Ota,F,7
Ovie,F,7
Ozelle,F,7
Ozzie,F,7
Parlee,F,7
Parrie,F,7
Peachie,F,7
Penny,F,7
Permelia,F,7
Philip,F,7
Prudie,F,7
Raffaela,F,7
Ralph,F,7
Rebeca,F,7
Recie,F,7
Reka,F,7
Relda,F,7
Ricarda,F,7
Rosebud,F,7
Rosy,F,7
Rozelle,F,7
Rubbie,F,7
Ruberta,F,7
Rushie,F,7
Saddie,F,7
Sedonia,F,7
Senaida,F,7
Simonne,F,7
Sonya,F,7
Suddie,F,7
Teressa,F,7
Texana,F,7
Theressa,F,7
Theta,F,7
Topsy,F,7
Tula,F,7
Twylah,F,7
Valeda,F,7
Valley,F,7
Venia,F,7
Verdell,F,7
Vicenta,F,7
Viney,F,7
Warren,F,7
Wesley,F,7
Wilhemina,F,7
Willis,F,7
Wilna,F,7
Wylma,F,7
Zell,F,7
Zephyr,F,7
Zollie,F,7
Abby,F,6
Adriana,F,6
Albirta,F,6
Alcie,F,6
Aleatha,F,6
Alena,F,6
Alexina,F,6
Alfhild,F,6
Alie,F,6
Alla,F,6
Allyne,F,6
Alveretta,F,6
Anastacia,F,6
Angelena,F,6
Anona,F,6
Anthony,F,6
Araminta,F,6
Arcola,F,6
Aria,F,6
Ariel,F,6
Armelia,F,6
Arnell,F,6
Arta,F,6
Autie,F,6
Beatrix,F,6
Beckie,F,6
Bedie,F,6
Belinda,F,6
Bena,F,6
Benedetta,F,6
Bera,F,6
Berda,F,6
Bernadene,F,6
Bernarda,F,6
Billye,F,6
Blanca,F,6
Blannie,F,6
Blossie,F,6
Brownie,F,6
Bruna,F,6
Buford,F,6
Candace,F,6
Carey,F,6
Carlean,F,6
Carline,F,6
Carmelina,F,6
Carola,F,6
Cecila,F,6
Celena,F,6
Clarabel,F,6
Claris,F,6
Clelia,F,6
Clemence,F,6
Clessie,F,6
Clifton,F,6
Clorine,F,6
Clotilda,F,6
Colletta,F,6
Collie,F,6
Conchetta,F,6
Congetta,F,6
Corena,F,6
Cornelius,F,6
Cressie,F,6
Creta,F,6
Cristina,F,6
Delena,F,6
Deloras,F,6
Delva,F,6
Dominica,F,6
Donald,F,6
Earlean,F,6
Early,F,6
Ednah,F,6
Eldred,F,6
Electra,F,6
Eletha,F,6
Ellan,F,6
Ellena,F,6
Elodie,F,6
Elvena,F,6
Elvy,F,6
Elzina,F,6
Equilla,F,6
Ermina,F,6
Erminia,F,6
Estefana,F,6
Estel,F,6
Estela,F,6
Estie,F,6
Estoria,F,6
Ethelda,F,6
Eunie,F,6
Evalee,F,6
Evalina,F,6
Evelynne,F,6
Everlean,F,6
Everlyn,F,6
Felicita,F,6
Florice,F,6
Fredda,F,6
Fumiko,F,6
Gaye,F,6
Gearldine,F,6
Gemma,F,6
Geneieve,F,6
Genoa,F,6
Georga,F,6
Geraldyne,F,6
Gertrue,F,6
Gertude,F,6
Gillie,F,6
Gina,F,6
Gladies,F,6
Glayds,F,6
Glenice,F,6
Gracy,F,6
Grady,F,6
Gudrun,F,6
Gurtha,F,6
Gustavia,F,6
Gypsy,F,6
Haruko,F,6
Herman,F,6
Hetty,F,6
Hortencia,F,6
Iantha,F,6
Icel,F,6
Ilona,F,6
Irja,F,6
Isadora,F,6
Izella,F,6
Jacquelyn,F,6
Jeanett,F,6
Jemima,F,6
Jeneva,F,6
Jesus,F,6
Jill,F,6
Jocie,F,6
Joeanna,F,6
Joella,F,6
Jose,F,6
Josphine,F,6
Katheryne,F,6
Kathyrn,F,6
Kaye,F,6
Kelly,F,6
Laney,F,6
Laurena,F,6
Lemma,F,6
Levada,F,6
Levonia,F,6
Lilliam,F,6
Lloyd,F,6
Lodema,F,6
Loleta,F,6
Lorain,F,6
Loretha,F,6
Lorette,F,6
Lorina,F,6
Louellen,F,6
Lovell,F,6
Lu,F,6
Lubertha,F,6
Ludmilla,F,6
Luevina,F,6
Lulla,F,6
Lurena,F,6
Lynda,F,6
Lynne,F,6
Madelin,F,6
Madora,F,6
Magaret,F,6
Malta,F,6
Margreat,F,6
Marybell,F,6
Marylouise,F,6
Maryon,F,6
Massie,F,6
Meriam,F,6
Merry,F,6
Minda,F,6
Minnette,F,6
Miranda,F,6
Monie,F,6
Murray,F,6
Necie,F,6
Nelie,F,6
Neomia,F,6
Nicie,F,6
Nicolasa,F,6
Ninfa,F,6
Noella,F,6
Obie,F,6
Ocia,F,6
Oddie,F,6
Okla,F,6
Olene,F,6
Oline,F,6
Opel,F,6
Ophia,F,6
Ople,F,6
Orlean,F,6
Orma,F,6
Orrie,F,6
Othello,F,6
Pablita,F,6
Parlie,F,6
Paulette,F,6
Perle,F,6
Pernie,F,6
Petronella,F,6
Phylis,F,6
Pierina,F,6
Quincy,F,6
Racheal,F,6
Ragnhild,F,6
Rebekah,F,6
Renetta,F,6
Rhodie,F,6
Robin,F,6
Rosey,F,6
Rosine,F,6
Ruperta,F,6
Sada,F,6
Saloma,F,6
Sarita,F,6
Soledad,F,6
Steffie,F,6
Stephany,F,6
Susann,F,6
Susannah,F,6
Suzanna,F,6
Sydelle,F,6
Terese,F,6
Tess,F,6
Thekla,F,6
Thera,F,6
Thula,F,6
Tora,F,6
Tracy,F,6
Tyyne,F,6
Valarie,F,6
Vee,F,6
Velvia,F,6
Vern,F,6
Vessie,F,6
Vila,F,6
Vinie,F,6
Voncile,F,6
Walsie,F,6
Wanetta,F,6
Wayne,F,6
Wilberta,F,6
Wreatha,F,6
Zeola,F,6
Zina,F,6
Zylphia,F,6
Adelaida,F,5
Adina,F,5
Adria,F,5
Adrianna,F,5
Ailene,F,5
Aino,F,5
Albena,F,5
Albirtha,F,5
Aldona,F,5
Aleane,F,5
Alejandra,F,5
Alfa,F,5
Alfred,F,5
Alfrieda,F,5
Alison,F,5
Allien,F,5
Alliene,F,5
Allison,F,5
Almeada,F,5
Alton,F,5
Alvia,F,5
Alyene,F,5
Ama,F,5
Amada,F,5
Amna,F,5
Annamay,F,5
Annella,F,5
Antha,F,5
Antoniette,F,5
Arbell,F,5
Ardie,F,5
Ardys,F,5
Arlis,F,5
Arma,F,5
Armanda,F,5
Armenta,F,5
Arminda,F,5
Artha,F,5
Artis,F,5
Ary,F,5
Asalee,F,5
Aslee,F,5
Atlanta,F,5
Atlas,F,5
Audrea,F,5
Australia,F,5
Autumn,F,5
Avanelle,F,5
Ayako,F,5
Azalea,F,5
Azlee,F,5
Beatric,F,5
Bernard,F,5
Beryle,F,5
Bill,F,5
Birda,F,5
Birdell,F,5
Birdella,F,5
Brunette,F,5
Bular,F,5
Bunnie,F,5
Burnetta,F,5
Byrd,F,5
Calla,F,5
Candelaria,F,5
Carie,F,5
Carita,F,5
Carlyn,F,5
Carma,F,5
Carolyne,F,5
Cathryne,F,5
Celesta,F,5
Cenia,F,5
Charlcie,F,5
Chelsea,F,5
Cherie,F,5
Chessie,F,5
Christen,F,5
Christobel,F,5
Clarisse,F,5
Clatie,F,5
Claudina,F,5
Clayton,F,5
Cleavie,F,5
Clemie,F,5
Cleota,F,5
Cleotilde,F,5
Clevie,F,5
Clister,F,5
Cloe,F,5
Clotile,F,5
Concettina,F,5
Coralie,F,5
Cordella,F,5
Coretta,F,5
Corinna,F,5
Cosby,F,5
Dagny,F,5
Dahlia,F,5
Damie,F,5
Dara,F,5
Dealie,F,5
Deette,F,5
Delight,F,5
Delmar,F,5
Delvina,F,5
Desiree,F,5
Dicy,F,5
Donella,F,5
Donia,F,5
Dorothie,F,5
Dova,F,5
Dula,F,5
Earnie,F,5
Ebbie,F,5
Eddith,F,5
Edgar,F,5
Edie,F,5
Editha,F,5
Edris,F,5
Edwin,F,5
Eithel,F,5
Elcie,F,5
Elene,F,5
Elese,F,5
Elin,F,5
Elmo,F,5
Elner,F,5
Enora,F,5
Epsie,F,5
Ernest,F,5
Ernestina,F,5
Erva,F,5
Estellar,F,5
Etheline,F,5
Eulalie,F,5
Evadne,F,5
Everlina,F,5
Ezell,F,5
Ezma,F,5
Ezzie,F,5
Fairie,F,5
Fayne,F,5
Felicie,F,5
Fernande,F,5
Ferol,F,5
Flara,F,5
Florabelle,F,5
Florena,F,5
Fonda,F,5
Forest,F,5
Frederick,F,5
Fredonia,F,5
Fredrica,F,5
Fritzie,F,5
Gabriel,F,5
Geneve,F,5
Genever,F,5
Genieve,F,5
Georgena,F,5
Georgine,F,5
Gerald,F,5
Giovanna,F,5
Glada,F,5
Gola,F,5
Gunda,F,5
Gustie,F,5
Hadassah,F,5
Havana,F,5
Hellon,F,5
Helmi,F,5
Henretter,F,5
Homer,F,5
Hortence,F,5
Hurley,F,5
Hyla,F,5
Hylda,F,5
Idabell,F,5
Idellar,F,5
Ilma,F,5
Inza,F,5
Ionia,F,5
Irean,F,5
Ireta,F,5
Isidra,F,5
Ivadell,F,5
Janey,F,5
Jannette,F,5
Jenett,F,5
Jenie,F,5
Jennell,F,5
Jennett,F,5
Jetta,F,5
Jewelle,F,5
Jocelyn,F,5
Julian,F,5
Kathy,F,5
Kelsie,F,5
Kimiko,F,5
Ladonna,F,5
Lanora,F,5
Larena,F,5
Lauda,F,5
Laurina,F,5
Laverda,F,5
Lavere,F,5
Lavona,F,5
Lavone,F,5
Lealer,F,5
Leathie,F,5
Leatrice,F,5
Lener,F,5
Lesley,F,5
Lether,F,5
Levie,F,5
Liddy,F,5
Lidwina,F,5
Lima,F,5
Lodie,F,5
Lollie,F,5
Lonia,F,5
Lorie,F,5
Lorinda,F,5
Lorita,F,5
Lorrine,F,5
Lotta,F,5
Loyola,F,5
Lua,F,5
Luciana,F,5
Lucielle,F,5
Lucindia,F,5
Lucylle,F,5
Luda,F,5
Ludella,F,5
Ludia,F,5
Lueller,F,5
Lugenia,F,5
Lutie,F,5
Lutisha,F,5
Luvada,F,5
Luverna,F,5
Luverne,F,5
Madeliene,F,5
Madline,F,5
Maeola,F,5
Mandie,F,5
Maragret,F,5
Marcile,F,5
Marget,F,5
Margrete,F,5
Maribel,F,5
Marlys,F,5
Marsha,F,5
Marvella,F,5
Maryan,F,5
Maryellen,F,5
Marylyn,F,5
Maryrose,F,5
Maudell,F,5
Maurice,F,5
Maydelle,F,5
Mayo,F,5
Mazzie,F,5
Medie,F,5
Melia,F,5
Mella,F,5
Merlie,F,5
Mertis,F,5
Mimie,F,5
Mineola,F,5
Minervia,F,5
Mira,F,5
Misao,F,5
Mitzie,F,5
Mollye,F,5
Monette,F,5
Montana,F,5
Morene,F,5
Morine,F,5
Nadie,F,5
Nancie,F,5
Nannette,F,5
Nathalee,F,5
Natividad,F,5
Neal,F,5
Necia,F,5
Noemie,F,5
Nollie,F,5
Nonnie,F,5
Odelle,F,5
Oleva,F,5
Olia,F,5
Oneal,F,5
Oree,F,5
Oria,F,5
Orla,F,5
Orva,F,5
Orvetta,F,5
Orvilla,F,5
Osa,F,5
Osceola,F,5
Ottis,F,5
Ovell,F,5
Page,F,5
Pairlee,F,5
Palmer,F,5
Pamela,F,5
Panzie,F,5
Parthena,F,5
Paulene,F,5
Paulita,F,5
Peaches,F,5
Persis,F,5
Petrina,F,5
Philippa,F,5
Pia,F,5
Rada,F,5
Reah,F,5
Rebie,F,5
Reyes,F,5
Rhonda,F,5
Riva,F,5
Robertha,F,5
Robie,F,5
Romana,F,5
Rosamonde,F,5
Rosanne,F,5
Roselie,F,5
Rosell,F,5
Rosezella,F,5
Roye,F,5
Rozetta,F,5
Rubby,F,5
Rubina,F,5
Rudell,F,5
Ruthann,F,5
Ruther,F,5
Santana,F,5
Senia,F,5
Senora,F,5
Sherley,F,5
Sidonia,F,5
Simmie,F,5
Sina,F,5
Stanley,F,5
Stellar,F,5
Svea,F,5
Swannie,F,5
Sylvania,F,5
Tabitha,F,5
Tecora,F,5
Tekla,F,5
Tempy,F,5
Tera,F,5
Texas,F,5
Thomasine,F,5
Travis,F,5
Troy,F,5
Tyne,F,5
Valene,F,5
Valeta,F,5
Vandella,F,5
Vanetta,F,5
Velora,F,5
Venie,F,5
Ventura,F,5
Verl,F,5
Verle,F,5
Vermell,F,5
Versia,F,5
Veryl,F,5
Vesper,F,5
Vestie,F,5
Victor,F,5
Vieno,F,5
Vinia,F,5
Voila,F,5
Vona,F,5
Wilfred,F,5
Willette,F,5
Willma,F,5
Willmetta,F,5
Willye,F,5
Wilsie,F,5
Woodie,F,5
Wyoma,F,5
Yolan,F,5
Yolande,F,5
Zaida,F,5
Zenith,F,5
Zenna,F,5
Zillah,F,5
Zonia,F,5
John,M,11450
James,M,9194
William,M,8844
Robert,M,5609
George,M,5441
Joseph,M,5228
Charles,M,4784
Frank,M,3768
Edward,M,3408
Henry,M,2899
Willie,M,2897
Thomas,M,2851
Walter,M,2596
Albert,M,2183
Paul,M,2005
Harry,M,1978
Arthur,M,1942
Harold,M,1909
Raymond,M,1737
Clarence,M,1706
Richard,M,1654
Fred,M,1587
Jack,M,1576
Louis,M,1569
Joe,M,1553
Carl,M,1339
Howard,M,1310
Ralph,M,1278
Roy,M,1267
David,M,1258
Ernest,M,1167
Samuel,M,1129
Earl,M,1109
Charlie,M,1107
Lawrence,M,1009
Francis,M,1000
Anthony,M,980
Alfred,M,922
Eugene,M,888
Sam,M,888
Herbert,M,886
Andrew,M,884
Kenneth,M,880
Donald,M,860
Michael,M,844
Leonard,M,793
Stanley,M,761
Elmer,M,760
Lee,M,741
Leroy,M,733
Leo,M,707
Herman,M,696
Daniel,M,692
Theodore,M,692
Floyd,M,687
Peter,M,631
Clyde,M,617
Russell,M,615
Eddie,M,595
Jesse,M,590
Chester,M,561
Bernard,M,560
Norman,M,557
Lester,M,556
Lewis,M,555
Clifford,M,551
Lloyd,M,545
Ray,M,545
Frederick,M,543
Benjamin,M,536
Edwin,M,536
Jessie,M,516
Oscar,M,505
Johnnie,M,502
Melvin,M,482
Milton,M,476
Cecil,M,472
Claude,M,463
Ben,M,454
Edgar,M,441
Leon,M,435
Tom,M,428
Philip,M,418
Marvin,M,413
Alvin,M,401
Martin,M,396
Luther,M,383
Everett,M,382
Harvey,M,382
Victor,M,372
Morris,M,367
Allen,M,355
Sidney,M,353
Vernon,M,351
Julius,M,350
Stephen,M,350
Glenn,M,349
Homer,M,347
Vincent,M,343
Jim,M,331
Alexander,M,324
Leslie,M,313
Oliver,M,307
Wilbur,M,298
Gerald,M,289
Hubert,M,289
Manuel,M,288
Marion,M,286
Otis,M,285
Maurice,M,283
Virgil,M,280
Hugh,M,279
Will,M,278
Curtis,M,277
Max,M,277
Gilbert,M,274
Jacob,M,273
Irving,M,272
Archie,M,265
Gordon,M,265
Willard,M,265
Warren,M,264
Horace,M,261
Bill,M,259
Jimmie,M,259
Arnold,M,258
Alex,M,256
Earnest,M,255
Patrick,M,254
Isaac,M,252
Jerry,M,251
Wallace,M,251
Guy,M,250
Jose,M,249
Nathan,M,245
Steve,M,245
Nicholas,M,235
Ira,M,233
Nathaniel,M,232
Ed,M,229
Wayne,M,228
Orville,M,223
Mike,M,222
Roosevelt,M,222
Rufus,M,221
Bennie,M,218
Rudolph,M,218
Lonnie,M,217
Willis,M,216
Mack,M,213
Tony,M,212
Wesley,M,209
Calvin,M,201
Edmund,M,200
Otto,M,200
Sylvester,M,200
Johnie,M,199
Matthew,M,197
Jerome,M,196
Percy,M,195
Emil,M,194
Abraham,M,191
Roland,M,191
Dan,M,188
Glen,M,184
Elbert,M,183
Charley,M,181
Clifton,M,178
Dave,M,178
Franklin,M,176
Roger,M,176
Douglas,M,169
Johnny,M,167
Phillip,M,167
Clinton,M,162
Felix,M,161
Booker,M,159
Clayton,M,159
Emmett,M,159
Antonio,M,158
Pete,M,156
Adam,M,154
Juan,M,150
Jake,M,148
Ellis,M,147
Wilbert,M,146
Aaron,M,145
August,M,144
Nelson,M,142
Bert,M,141
Don,M,140
Irvin,M,137
Kermit,M,136
Roscoe,M,136
Angelo,M,135
Dennis,M,135
Moses,M,132
Simon,M,132
Ervin,M,131
Mark,M,131
Julian,M,129
Tommie,M,129
Salvatore,M,128
Ted,M,127
Dale,M,125
Marshall,M,125
Perry,M,125
Amos,M,124
Nick,M,124
Adolph,M,122
Alton,M,122
Delbert,M,122
Jay,M,120
Owen,M,118
Ronald,M,118
Lyle,M,117
Grady,M,114
Larry,M,114
Laurence,M,114
Ollie,M,114
Grover,M,113
Preston,M,112
Wilson,M,112
Ivan,M,109
Cleveland,M,108
Sherman,M,107
Gus,M,106
Aubrey,M,105
Bob,M,103
Forrest,M,103
Jess,M,103
Ross,M,103
Austin,M,101
Elijah,M,101
Merle,M,100
Emanuel,M,99
Loyd,M,99
Mary,M,99
Bruce,M,98
Buster,M,98
Edmond,M,98
Leland,M,97
Wilfred,M,97
Cornelius,M,96
Grant,M,96
Freddie,M,95
Harrison,M,95
Louie,M,95
Dominick,M,93
Elwood,M,93
Reuben,M,93
Karl,M,92
Gene,M,91
Alonzo,M,90
Troy,M,90
Byron,M,89
Carlton,M,89
Carroll,M,89
Harley,M,89
Murray,M,89
Dewey,M,87
Noah,M,87
Boyd,M,86
Elmo,M,86
Malcolm,M,86
Ramon,M,85
Jeff,M,83
Pedro,M,83
Ruben,M,83
Allan,M,82
Carlos,M,82
Jasper,M,82
Mitchell,M,82
Tommy,M,82
Solomon,M,81
Claud,M,78
Monroe,M,78
Andy,M,76
Millard,M,75
Timothy,M,75
Wade,M,75
Abe,M,74
Anton,M,74
Garland,M,74
Al,M,73
Jesus,M,73
Sol,M,73
Wiley,M,73
Cleo,M,72
Erwin,M,72
Barney,M,71
Clark,M,71
Lowell,M,71
Luke,M,71
Mose,M,71
Christopher,M,70
Dock,M,70
Fredrick,M,70
Coy,M,69
Levi,M,69
Wendell,M,69
Loren,M,66
Steven,M,66
Forest,M,65
Francisco,M,65
Myron,M,65
Neal,M,65
Randolph,M,65
Rex,M,65
Silas,M,64
Buford,M,63
Eli,M,63
Lynn,M,63
Marcus,M,63
Riley,M,63
Eldon,M,62
Alva,M,61
Alfonso,M,60
Cyril,M,60
Hyman,M,60
Alan,M,59
Dallas,M,59
Reginald,M,59
Hiram,M,58
Pat,M,58
Odell,M,57
Orval,M,57
Thurman,M,57
Alphonse,M,56
Isiah,M,56
Wilmer,M,56
Dwight,M,55
Emery,M,55
Emory,M,55
Joel,M,55
Odis,M,55
Augustus,M,54
Bruno,M,54
Earle,M,54
Elvin,M,54
Fletcher,M,54
Isadore,M,54
Neil,M,54
Spencer,M,54
Burton,M,53
Conrad,M,53
Dean,M,53
Dominic,M,53
Mathew,M,53
Miles,M,53
Ora,M,53
Stewart,M,53
Anderson,M,52
Bud,M,52
Dick,M,52
Emerson,M,52
Freeman,M,52
Meyer,M,52
Clement,M,51
Jackson,M,51
Jimmy,M,51
Maynard,M,50
Russel,M,50
Ward,M,50
Buck,M,49
Gerard,M,49
Ike,M,49
Irwin,M,49
Scott,M,49
Ambrose,M,48
Ferdinand,M,48
Lucius,M,48
Norris,M,48
Sammie,M,48
Sanford,M,48
Benny,M,47
Herschel,M,47
King,M,47
Mario,M,47
Olin,M,47
Rocco,M,47
Weldon,M,47
Basil,M,46
Elton,M,46
Hollis,M,46
Kelly,M,46
Lorenzo,M,46
Major,M,46
Pasquale,M,46
Sterling,M,46
Morgan,M,45
Ned,M,45
Taft,M,45
Van,M,45
Woodrow,M,45
Dewitt,M,44
Elliott,M,44
Ellsworth,M,44
Frederic,M,44
Jean,M,44
Joshua,M,44
Napoleon,M,44
Noble,M,44
Noel,M,44
Roman,M,44
Royal,M,44
Billy,M,43
Emile,M,43
Garfield,M,43
Isidore,M,43
Keith,M,43
Tomas,M,43
Ulysses,M,43
Wilburn,M,43
Adrian,M,42
Ezra,M,42
Foster,M,42
Junius,M,42
Saul,M,42
Sydney,M,42
Carmen,M,41
Columbus,M,41
Doyle,M,41
Eric,M,41
Gabriel,M,41
Harlan,M,41
Houston,M,41
Linwood,M,41
Maxwell,M,41
Billie,M,40
Buddy,M,40
Christian,M,40
Coleman,M,40
Davis,M,40
Morton,M,40
Newton,M,40
Porter,M,40
Rubin,M,40
Stuart,M,40
Hugo,M,39
Isaiah,M,39
Luis,M,39
Merrill,M,39
Norbert,M,39
Truman,M,39
Wilford,M,39
Armand,M,38
Frances,M,38
Guadalupe,M,38
Omer,M,38
Prince,M,38
Theron,M,38
Walker,M,38
Burl,M,37
Judge,M,37
Dudley,M,36
Enoch,M,36
Junior,M,36
Lincoln,M,36
Waldo,M,36
Alfredo,M,35
Alphonso,M,35
Arther,M,35
Clair,M,35
Dee,M,35
Jeremiah,M,35
Jules,M,35
Rosevelt,M,35
Ruth,M,35
Sandy,M,35
Taylor,M,35
Theo,M,35
Wilber,M,35
Elias,M,34
Everette,M,34
Lamar,M,34
Rodney,M,34
Tim,M,34
Vern,M,34
Abner,M,33
Bertram,M,33
Early,M,33
Edd,M,33
Ethel,M,33
Gustave,M,33
Harris,M,33
Haywood,M,33
Lacy,M,33
Lionel,M,33
Milford,M,33
Rupert,M,33
Chauncey,M,32
Chris,M,32
General,M,32
Lenard,M,32
Lucious,M,32
Miguel,M,32
Oren,M,32
Phil,M,32
Wm,M,32
Delmar,M,31
Elmore,M,31
Evan,M,31
Hal,M,31
Jewell,M,31
Judson,M,31
Lyman,M,31
Margaret,M,31
Nolan,M,31
Otho,M,31
Travis,M,31
Asa,M,30
Cleve,M,30
Elzie,M,30
Emmitt,M,30
Haskell,M,30
Helen,M,30
Milo,M,30
Reed,M,30
Smith,M,30
Terry,M,30
Valentine,M,30
Vance,M,30
Aloysius,M,29
Benedict,M,29
Darrell,M,29
Israel,M,29
Lemuel,M,29
Louise,M,29
Oswald,M,29
Pablo,M,29
Rafael,M,29
Rene,M,29
Shelby,M,29
Thaddeus,M,29
Turner,M,29
Adolphus,M,28
Aron,M,28
Bernice,M,28
Clay,M,28
Cletus,M,28
Harmon,M,28
Hazel,M,28
Otha,M,28
Santiago,M,28
Bryant,M,27
Cyrus,M,27
Hans,M,27
Ivory,M,27
Mason,M,27
Matt,M,27
Maxie,M,27
Mckinley,M,27
Vernie,M,27
Winfield,M,27
Abram,M,26
Carter,M,26
Duane,M,26
Graham,M,26
Hardy,M,26
Hoyt,M,26
Laverne,M,26
Orlando,M,26
Patsy,M,26
Reese,M,26
Rudy,M,26
Shelton,M,26
Washington,M,26
Annie,M,25
Carey,M,25
Elisha,M,25
Gail,M,25
Gregory,M,25
Hershel,M,25
Jefferson,M,25
Lonzo,M,25
Micheal,M,25
Palmer,M,25
Quincy,M,25
Seymour,M,25
Watson,M,25
Carson,M,24
Clint,M,24
Domingo,M,24
Dorothy,M,24
Ennis,M,24
Evans,M,24
Fay,M,24
Felton,M,24
Granville,M,24
Jason,M,24
Johnson,M,24
Mervin,M,24
Olen,M,24
Salvador,M,24
Shirley,M,24
Sigmund,M,24
Arlie,M,23
Arturo,M,23
Benito,M,23
Carmine,M,23
Cary,M,23
Clem,M,23
Denver,M,23
Fernando,M,23
Florence,M,23
Gaston,M,23
Ivy,M,23
Jewel,M,23
Josh,M,23
Lindsey,M,23
Merlin,M,23
Obie,M,23
Pearl,M,23
Romeo,M,23
Ruby,M,23
Sammy,M,23
Santos,M,23
Teddy,M,23
Walton,M,23
Allie,M,22
Antone,M,22
Artie,M,22
Bennett,M,22
Bernie,M,22
Connie,M,22
Dalton,M,22
Eino,M,22
Gustav,M,22
Lucien,M,22
Melton,M,22
Oral,M,22
Raleigh,M,22
Adelbert,M,21
Andres,M,21
Anna,M,21
Avery,M,21
Berry,M,21
Brady,M,21
Chas,M,21
Emilio,M,21
Enrique,M,21
Golden,M,21
Hilton,M,21
Hosea,M,21
Jodie,M,21
Loyal,M,21
Miller,M,21
Odie,M,21
Randall,M,21
Raymon,M,21
Vito,M,21
Wilton,M,21
Alberto,M,20
Angus,M,20
Blaine,M,20
Burt,M,20
Clarance,M,20
Cliff,M,20
Crawford,M,20
Ezekiel,M,20
Gaetano,M,20
Gladys,M,20
Green,M,20
Ignacio,M,20
Ignatius,M,20
Issac,M,20
Myles,M,20
Nat,M,20
Ottis,M,20
Sanders,M,20
Sherwood,M,20
Stanford,M,20
Thornton,M,20
Tillman,M,20
Winston,M,20
Alonza,M,19
Armando,M,19
Arvid,M,19
Bobbie,M,19
Casey,M,19
Casimer,M,19
Dana,M,19
Emmet,M,19
Ernie,M,19
Ester,M,19
Felipe,M,19
Gregorio,M,19
Henderson,M,19
Hermon,M,19
Hobert,M,19
Hoke,M,19
Jonathan,M,19
Levy,M,19
Marie,M,19
Ocie,M,19
Oran,M,19
Orrin,M,19
Osborne,M,19
Raphael,M,19
Roberto,M,19
Rogers,M,19
Verne,M,19
Warner,M,19
Webster,M,19
West,M,19
Albin,M,18
Alec,M,18
Alford,M,18
Augustine,M,18
Benton,M,18
Bonnie,M,18
Clare,M,18
Darwin,M,18
Delmer,M,18
Elvis,M,18
Hayward,M,18
Hector,M,18
Hobart,M,18
Jonas,M,18
Justin,M,18
Llewellyn,M,18
Lou,M,18
Mildred,M,18
Ossie,M,18
Rollin,M,18
Rowland,M,18
Winfred,M,18
Archibald,M,17
Arden,M,17
Bradley,M,17
Casimir,M,17
Edison,M,17
Eldred,M,17
Elizabeth,M,17
Elliot,M,17
Elroy,M,17
Emma,M,17
Gardner,M,17
Garrett,M,17
Joesph,M,17
Lavern,M,17
Logan,M,17
Lucian,M,17
Mahlon,M,17
Marcellus,M,17
Mickey,M,17
Rolland,M,17
Rollie,M,17
Rosario,M,17
Thelma,M,17
Vaughn,M,17
Vicente,M,17
Wylie,M,17
Alois,M,16
Author,M,16
Beverly,M,16
Carlo,M,16
Earlie,M,16
Edna,M,16
Eldridge,M,16
Elsie,M,16
Elwin,M,16
Florian,M,16
Ford,M,16
Gary,M,16
Huey,M,16
Hunter,M,16
Jonnie,M,16
Leander,M,16
Ludwig,M,16
Mac,M,16
Merton,M,16
Murry,M,16
Orin,M,16
Raul,M,16
Richmond,M,16
Rose,M,16
Thurston,M,16
Tobe,M,16
Vivian,M,16
Alice,M,15
Alvie,M,15
Artis,M,15
Audrey,M,15
Barry,M,15
Caleb,M,15
Dayton,M,15
Domenick,M,15
Dorsey,M,15
Elgin,M,15
Elige,M,15
Estel,M,15
Evert,M,15
Finis,M,15
Franklyn,M,15
Fulton,M,15
Garnett,M,15
Gussie,M,15
Harland,M,15
Hollie,M,15
Isom,M,15
Kyle,M,15
Lafayette,M,15
Lawson,M,15
Lillian,M,15
Lois,M,15
Madison,M,15
Manley,M,15
Mattie,M,15
Opal,M,15
Parker,M,15
Ransom,M,15
Reynold,M,15
Seth,M,15
Sheldon,M,15
Sid,M,15
Son,M,15
Tracy,M,15
Vester,M,15
Williams,M,15
Americo,M,14
Boyce,M,14
Carol,M,14
Casper,M,14
Claudie,M,14
Clemens,M,14
Cornell,M,14
Drew,M,14
Duncan,M,14
Edith,M,14
Eligah,M,14
Evelyn,M,14
Ewing,M,14
Farris,M,14
Federico,M,14
Finley,M,14
Fritz,M,14
Gust,M,14
Hezekiah,M,14
Lem,M,14
Leopold,M,14
Lon,M,14
Margarito,M,14
Marlin,M,14
Meredith,M,14
Merritt,M,14
Murphy,M,14
Nicolas,M,14
Olaf,M,14
Pascal,M,14
Price,M,14
Regis,M,14
Roderick,M,14
Sebastian,M,14
Virgle,M,14
Wayman,M,14
Wyatt,M,14
Adolfo,M,13
Agnes,M,13
Alden,M,13
Angel,M,13
Arch,M,13
Arlington,M,13
Arlo,M,13
Arnie,M,13
Arvil,M,13
Audie,M,13
Beatrice,M,13
Benjiman,M,13
Bertha,M,13
Brooks,M,13
Brown,M,13
Buddie,M,13
Burnett,M,13
Carleton,M,13
Carrol,M,13
Clara,M,13
Clovis,M,13
Dante,M,13
Dell,M,13
Domenico,M,13
Duke,M,13
Elden,M,13
Ellwood,M,13
Enos,M,13
Frankie,M,13
Furman,M,13
Garner,M,13
Garnet,M,13
Gaylord,M,13
Geo,M,13
Giles,M,13
Guido,M,13
Guillermo,M,13
Hallie,M,13
Hamilton,M,13
Hamp,M,13
Howell,M,13
Jones,M,13
Jordan,M,13
Julio,M,13
Kirby,M,13
Kirk,M,13
Lawyer,M,13
Lennie,M,13
Leona,M,13
Lessie,M,13
Loran,M,13
Loy,M,13
Malcom,M,13
Mariano,M,13
Martha,M,13
Melville,M,13
Newell,M,13
Oakley,M,13
Omar,M,13
Pauline,M,13
Prentice,M,13
Quentin,M,13
Stanton,M,13
Stephan,M,13
Sumner,M,13
Unknown,M,13
Urban,M,13
Weston,M,13
Zack,M,13
Addison,M,12
Alfonzo,M,12
Algie,M,12
Ann,M,12
Antoine,M,12
Art,M,12
Arvel,M,12
Axel,M,12
Bessie,M,12
Bryan,M,12
Chesley,M,12
Claire,M,12
Collie,M,12
Conley,M,12
Creed,M,12
Dempsey,M,12
Dexter,M,12
Doris,M,12
Eddy,M,12
Ernesto,M,12
Gale,M,12
Galen,M,12
Guss,M,12
Halley,M,12
Hayden,M,12
Hayes,M,12
Hilario,M,12
Hoy,M,12
Irene,M,12
Ivey,M,12
Jarvis,M,12
Johney,M,12
Julious,M,12
June,M,12
Lauren,M,12
Leamon,M,12
Lemon,M,12
Leonardo,M,12
Lesley,M,12
Lige,M,12
Lindsay,M,12
Lyndon,M,12
Malachi,M,12
Merl,M,12
Orie,M,12
Oris,M,12
Reino,M,12
Sampson,M,12
Silvester,M,12
Spurgeon,M,12
Titus,M,12
Toivo,M,12
Werner,M,12
Abel,M,11
Adolf,M,11
Allison,M,11
Auther,M,11
Bart,M,11
Bartholomew,M,11
Bascom,M,11
Bishop,M,11
Carlyle,M,11
Cicero,M,11
Cloyd,M,11
Constantine,M,11
Courtney,M,11
Curley,M,11
Dawson,M,11
Donnie,M,11
Durward,M,11
Elder,M,11
Elex,M,11
Ellie,M,11
Elza,M,11
Essie,M,11
Esther,M,11
Fate,M,11
Frazier,M,11
Godfrey,M,11
Hampton,M,11
Heber,M,11
Hilliard,M,11
Joy,M,11
Jule,M,11
Kelley,M,11
Kendall,M,11
Kent,M,11
Leopoldo,M,11
Lucas,M,11
Lucille,M,11
Malvin,M,11
Marcel,M,11
Milburn,M,11
Minor,M,11
Moe,M,11
Mortimer,M,11
Nels,M,11
Newman,M,11
Olan,M,11
Oneal,M,11
Osie,M,11
Pierce,M,11
Pink,M,11
Pleas,M,11
Rodolfo,M,11
Royce,M,11
Shellie,M,11
Sylvan,M,11
Talmadge,M,11
Tomie,M,11
Vernal,M,11
Verner,M,11
Wardell,M,11
Wellington,M,11
Wheeler,M,11
Whitney,M,11
Winford,M,11
Alvis,M,10
Bailey,M,10
Ballard,M,10
Baxter,M,10
Belton,M,10
Blair,M,10
Blake,M,10
Burrell,M,10
Caesar,M,10
Cal,M,10
Catherine,M,10
Cephus,M,10
Collins,M,10
Cooper,M,10
Cullen,M,10
Danny,M,10
Davie,M,10
Deward,M,10
Eben,M,10
Elwyn,M,10
Ely,M,10
Emmanuel,M,10
Eva,M,10
Ezell,M,10
Foy,M,10
Francesco,M,10
Garvin,M,10
Giuseppe,M,10
Glover,M,10
Gorden,M,10
Harrie,M,10
Hillard,M,10
Hurley,M,10
Isabel,M,10
Isac,M,10
Jennings,M,10
Jethro,M,10
Jhon,M,10
Josef,M,10
Larence,M,10
Len,M,10
Lenwood,M,10
Lonie,M,10
Lorenza,M,10
Lovie,M,10
Luigi,M,10
Mabel,M,10
Marian,M,10
Mearl,M,10
Mitchel,M,10
Moody,M,10
Nickolas,M,10
Nora,M,10
Ola,M,10
Orvil,M,10
Pinkney,M,10
Prentiss,M,10
Reece,M,10
Reinhold,M,10
Romie,M,10
Rush,M,10
Shelley,M,10
Sim,M,10
Simeon,M,10
Stafford,M,10
Theadore,M,10
Thompson,M,10
Tilman,M,10
Toney,M,10
Wash,M,10
Willam,M,10
Worth,M,10
Wright,M,10
Acie,M,9
Alma,M,9
Arlin,M,9
Arne,M,9
Augusta,M,9
Authur,M,9
Barnett,M,9
Blanche,M,9
Burgess,M,9
Burnell,M,9
Cain,M,9
Carmelo,M,9
Carrie,M,9
Christ,M,9
Colonel,M,9
Cornelious,M,9
Cruz,M,9
Delos,M,9
Denis,M,9
Denton,M,9
Dillard,M,9
Doc,M,9
Elie,M,9
Emmit,M,9
Eugenio,M,9
Ewell,M,9
Fleming,M,9
Florencio,M,9
Gay,M,9
Genaro,M,9
Gennaro,M,9
Gilberto,M,9
Gilmer,M,9
Grace,M,9
Graydon,M,9
Hester,M,9
Hosey,M,9
Hubbard,M,9
Hurbert,M,9
Huston,M,9
Irven,M,9
Ishmael,M,9
Jan,M,9
Jerald,M,9
Joaquin,M,9
Jorge,M,9
Josephus,M,9
Josiah,M,9
Junious,M,9
Larkin,M,9
Lawerence,M,9
Leeroy,M,9
Letcher,M,9
Lew,M,9
Librado,M,9
Luster,M,9
Marshal,M,9
Milan,M,9
Norval,M,9
Orvin,M,9
Presley,M,9
Refugio,M,9
Ricardo,M,9
Robbie,M,9
Rosco,M,9
Rueben,M,9
Samie,M,9
Sonny,M,9
Terrence,M,9
Verl,M,9
Waino,M,9
Wayland,M,9
Welton,M,9
Westley,M,9
Woodie,M,9
Abbie,M,8
Ace,M,8
Addie,M,8
Alberta,M,8
Amadeo,M,8
Amado,M,8
Anastacio,M,8
Andre,M,8
Ansel,M,8
Arlen,M,8
Arvin,M,8
Atlas,M,8
Aubry,M,8
Bee,M,8
Bernhard,M,8
Beryl,M,8
Bobby,M,8
Boston,M,8
Bradford,M,8
Burley,M,8
Burnice,M,8
Butler,M,8
Cameron,M,8
Camille,M,8
Carmel,M,8
Claudius,M,8
Clemente,M,8
Clemon,M,8
Clide,M,8
Clive,M,8
Cody,M,8
Craig,M,8
Curt,M,8
Curtiss,M,8
Darrel,M,8
Desmond,M,8
Diego,M,8
Domenic,M,8
Dorris,M,8
Edker,M,8
Eduardo,M,8
Einar,M,8
Ella,M,8
Ellison,M,8
Elsworth,M,8
Estle,M,8
Eston,M,8
Evertt,M,8
Fannie,M,8
Ferd,M,8
Ferman,M,8
Fidel,M,8
Fread,M,8
Georgie,M,8
Gerardo,M,8
Gertrude,M,8
Gideon,M,8
Griffin,M,8
Handy,M,8
Harrell,M,8
Hilary,M,8
Hilbert,M,8
Hosie,M,8
Hudson,M,8
Isreal,M,8
Iva,M,8
Jamie,M,8
Josephine,M,8
Juluis,M,8
Laurie,M,8
Lawrance,M,8
Levie,M,8
Lexie,M,8
Linden,M,8
Linnie,M,8
Linus,M,8
Love,M,8
Lovell,M,8
Luciano,M,8
Lupe,M,8
Mae,M,8
Manford,M,8
Mannie,M,8
Matthias,M,8
Merril,M,8
Myer,M,8
Obed,M,8
Ole,M,8
Olie,M,8
Olive,M,8
Orvis,M,8
Park,M,8
Pierre,M,8
Porfirio,M,8
Prentis,M,8
Raoul,M,8
Rayfield,M,8
Rudolf,M,8
Ruel,M,8
Salvator,M,8
Santo,M,8
Seldon,M,8
Soloman,M,8
Stacy,M,8
Thad,M,8
Theresa,M,8
Tobias,M,8
Tollie,M,8
Toy,M,8
Trinidad,M,8
Tyler,M,8
Velma,M,8
Viola,M,8
Virginia,M,8
Waverly,M,8
Wilfrid,M,8
Wilhelm,M,8
Williard,M,8
Ygnacio,M,8
Zeke,M,8
Zigmund,M,8
Alcide,M,7
Aldo,M,7
Alejandro,M,7
Almond,M,7
Amon,M,7
Ananias,M,7
Arie,M,7
Arley,M,7
Arno,M,7
Ashley,M,7
Barton,M,7
Beecher,M,7
Bernardo,M,7
Bertrand,M,7
Bilbo,M,7
Braxton,M,7
Burdette,M,7
Buren,M,7
Callie,M,7
Carlie,M,7
Clemmie,M,7
Coley,M,7
Courtland,M,7
Damon,M,7
Dannie,M,7
Darius,M,7
Delma,M,7
Dolphus,M,7
Egbert,M,7
Eliseo,M,7
Enrico,M,7
Erling,M,7
Ernst,M,7
Eunice,M,7
Fabian,M,7
Fenton,M,7
Fern,M,7
Fisher,M,7
Florentino,M,7
Fredie,M,7
French,M,7
Gerhard,M,7
Gifford,M,7
Glendon,M,7
Glenwood,M,7
Glynn,M,7
Hall,M,7
Harm,M,7
Harvy,M,7
Hebert,M,7
Helmer,M,7
Henery,M,7
Heyward,M,7
Humphrey,M,7
Jacobo,M,7
Jeffery,M,7
Jeffrey,M,7
Julia,M,7
Lane,M,7
Lorne,M,7
Ludie,M,7
Lula,M,7
Lynwood,M,7
Manning,M,7
Mansfield,M,7
Manson,M,7
Marino,M,7
Mccoy,M,7
Montgomery,M,7
Myrtle,M,7
Nestor,M,7
Norton,M,7
Oather,M,7
Oda,M,7
Odies,M,7
Onie,M,7
Orris,M,7
Orson,M,7
Oval,M,7
Ovid,M,7
Ozzie,M,7
Pearlie,M,7
Philander,M,7
Posey,M,7
Rayford,M,7
Rexford,M,7
Rolla,M,7
Roswell,M,7
Rutherford,M,7
Sewell,M,7
Simpson,M,7
Sinclair,M,7
Stefan,M,7
Talbert,M,7
Teddie,M,7
Temple,M,7
Theophilus,M,7
Tip,M,7
Vasco,M,7
Virgie,M,7
Waddell,M,7
Waldemar,M,7
Webb,M,7
Wilburt,M,7
Young,M,7
Zeb,M,7
Zollie,M,7
Adell,M,6
Afton,M,6
Agustin,M,6
Alf,M,6
Alferd,M,6
Alger,M,6
Alpha,M,6
Alphonzo,M,6
Alvah,M,6
Apolonio,M,6
Archer,M,6
Attilio,M,6
Aurelio,M,6
Australia,M,6
Bartley,M,6
Bedford,M,6
Berlin,M,6
Beulah,M,6
Brantley,M,6
Broward,M,6
Buell,M,6
Byrd,M,6
Candelario,M,6
Candido,M,6
Captain,M,6
Carmon,M,6
Cass,M,6
Ceasar,M,6
Celso,M,6
Cipriano,M,6
Clarke,M,6
Cleave,M,6
Clemence,M,6
Clements,M,6
Cleon,M,6
Cole,M,6
Collin,M,6
Colon,M,6
Comer,M,6
Corwin,M,6
Cosmo,M,6
Daisy,M,6
Denzel,M,6
Donato,M,6
Edmon,M,6
Ephraim,M,6
Erma,M,6
Erskine,M,6
Estella,M,6
Eusebio,M,6
Eustace,M,6
Faustino,M,6
Felice,M,6
Ferris,M,6
Festus,M,6
Fortunato,M,6
Fredric,M,6
Gaines,M,6
Garold,M,6
Geroge,M,6
Gerrit,M,6
Gilford,M,6
Goldman,M,6
Gottlieb,M,6
Governor,M,6
Gradie,M,6
Harlie,M,6
Harlon,M,6
Harper,M,6
Hartwell,M,6
Harvie,M,6
Hazen,M,6
Hermann,M,6
Herold,M,6
Herschell,M,6
Hervey,M,6
Holsey,M,6
Hudie,M,6
Ida,M,6
Isidro,M,6
Iver,M,6
Ivor,M,6
Jacinto,M,6
Jane,M,6
Jody,M,6
Joeseph,M,6
Johny,M,6
Jon,M,6
Jonah,M,6
Kay,M,6
Kurt,M,6
Laura,M,6
Laurel,M,6
Lazarus,M,6
Leandro,M,6
Leigh,M,6
Lenord,M,6
Lillie,M,6
Lino,M,6
Lucy,M,6
Man,M,6
Marjorie,M,6
Mat,M,6
Mathews,M,6
Mathias,M,6
Matias,M,6
May,M,6
Mayo,M,6
Michel,M,6
Minnie,M,6
Mont,M,6
Natividad,M,6
Nell,M,6
Nellie,M,6
Nevin,M,6
Niles,M,6
Norwood,M,6
Obert,M,6
Ollen,M,6
Orbin,M,6
Ovide,M,6
Ozell,M,6
Paris,M,6
Payton,M,6
Plummer,M,6
Powell,M,6
Printes,M,6
Purvis,M,6
Reid,M,6
Remigio,M,6
Remus,M,6
Reyes,M,6
Rivers,M,6
Roby,M,6
Rod,M,6
Rosa,M,6
Sabino,M,6
Sarah,M,6
Selma,M,6
Shade,M,6
Shigeru,M,6
Silvio,M,6
Stanislaus,M,6
Starling,M,6
Stonewall,M,6
Sullivan,M,6
Sylvio,M,6
Terrance,M,6
Thedore,M,6
Thelmon,M,6
Toby,M,6
Tyrus,M,6
Upton,M,6
Val,M,6
Ventura,M,6
Vergil,M,6
Verlin,M,6
Vernice,M,6
Vick,M,6
Vidal,M,6
Volney,M,6
Von,M,6
Watt,M,6
Waymon,M,6
Wells,M,6
Willy,M,6
Zeno,M,6
Zenon,M,6
Adelard,M,5
Aime,M,5
Albino,M,5
Aleck,M,5
Alfons,M,5
Allyn,M,5
Almon,M,5
Amedeo,M,5
Amerigo,M,5
Ammon,M,5
Aniello,M,5
Anson,M,5
Ara,M,5
Ardell,M,5
Arland,M,5
Arnett,M,5
Arville,M,5
Asher,M,5
Auburn,M,5
Barnie,M,5
Benard,M,5
Benjaman,M,5
Bennet,M,5
Benson,M,5
Berkley,M,5
Betty,M,5
Biagio,M,5
Blanchard,M,5
Bobie,M,5
Boss,M,5
Brack,M,5
Brent,M,5
Brice,M,5
Broadus,M,5
Bronislaus,M,5
Brownie,M,5
Bryce,M,5
Bubber,M,5
Burke,M,5
Burnie,M,5
Caldwell,M,5
Capus,M,5
Cassius,M,5
Cedric,M,5
Chet,M,5
Chin,M,5
Choice,M,5
Chon,M,5
Clarnce,M,5
Clayborn,M,5
Clemons,M,5
Cletis,M,5
Colin,M,5
Cora,M,5
Curlee,M,5
Curlie,M,5
Curry,M,5
Daily,M,5
Del,M,5
Delton,M,5
Delwin,M,5
Denny,M,5
Desiderio,M,5
Dionicio,M,5
Dixon,M,5
Dolph,M,5
Dona,M,5
Donal,M,5
Dora,M,5
Douglass,M,5
Drexel,M,5
Earnie,M,5
Earvin,M,5
Ebert,M,5
Eleanor,M,5
Elva,M,5
Emit,M,5
Encarnacion,M,5
Erasmo,M,5
Erie,M,5
Erman,M,5
Esaw,M,5
Esteban,M,5
Estell,M,5
Estill,M,5
Eula,M,5
Eulis,M,5
Ewald,M,5
Fermin,M,5
Filmore,M,5
Franz,M,5
Gabe,M,5
Garry,M,5
Gayle,M,5
Geoffrey,M,5
German,M,5
Gilman,M,5
Giovanni,M,5
Gonzalo,M,5
Grayson,M,5
Gunnar,M,5
Hadley,M,5
Halsey,M,5
Hammond,M,5
Harlen,M,5
Harless,M,5
Harlow,M,5
Harrold,M,5
Haskel,M,5
Helmuth,M,5
Hercules,M,5
Hershell,M,5
Hideo,M,5
Hillary,M,5
Hillman,M,5
Hjalmer,M,5
Holland,M,5
Hughie,M,5
Hulon,M,5
Hurshel,M,5
Hyrum,M,5
Inez,M,5
Irby,M,5
Irvan,M,5
Irvine,M,5
Ivery,M,5
Jackie,M,5
Jame,M,5
Jared,M,5
Jens,M,5
Jessee,M,5
Jimie,M,5
Johan,M,5
Jolly,M,5
Juanita,M,5
Justice,M,5
Justo,M,5
Justus,M,5
Kee,M,5
Kelsey,M,5
Kelsie,M,5
Ken,M,5
Kiyoshi,M,5
Lake,M,5
Lambert,M,5
Lance,M,5
Landis,M,5
Landon,M,5
Laurin,M,5
Lavon,M,5
Lawton,M,5
Lemmie,M,5
Lena,M,5
Leonel,M,5
Less,M,5
Lillard,M,5
Linton,M,5
Little,M,5
Littleton,M,5
Loney,M,5
Lonza,M,5
Lonzie,M,5
Lottie,M,5
Lovett,M,5
Mable,M,5
Maceo,M,5
Maggie,M,5
Manny,M,5
Manual,M,5
Marcelino,M,5
Marco,M,5
Marlow,M,5
Maron,M,5
Marquis,M,5
Marsh,M,5
Mart,M,5
Mercer,M,5
Merwin,M,5
Milas,M,5
Millie,M,5
Monte,M,5
Montie,M,5
Murl,M,5
Nash,M,5
Nathen,M,5
Neely,M,5
Nicola,M,5
Nile,M,5
Odus,M,5
Oneil,M,5
Onnie,M,5
Orbie,M,5
Orlie,M,5
Ormond,M,5
Ova,M,5
Page,M,5
Paolo,M,5
Primo,M,5
Proctor,M,5
Quinton,M,5
Rachel,M,5
Ralston,M,5
Ramsey,M,5
Ras,M,5
Redmond,M,5
Renard,M,5
Robinson,M,5
Rochelle,M,5
Rodger,M,5
Roma,M,5
Romey,M,5
Rosendo,M,5
Rossie,M,5
Sadie,M,5
Salome,M,5
Salomon,M,5
Samual,M,5
Saverio,M,5
Sheridan,M,5
Sollie,M,5
Sonnie,M,5
Stclair,M,5
Steward,M,5
Sunny,M,5
Susie,M,5
Tee,M,5
Teodoro,M,5
Terrell,M,5
Thelmer,M,5
Timmie,M,5
Tyree,M,5
Ulis,M,5
Urbano,M,5
Valentino,M,5
Vander,M,5
Vann,M,5
Vera,M,5
Vernell,M,5
Veron,M,5
Victoriano,M,5
Vincenzo,M,5
Vinson,M,5
Wally,M,5
Welford,M,5
Willaim,M,5
Wille,M,5
Woodson,M,5
Woody,M,5
Wyman,M,5
Yoshio,M,5
Zennie,M,5
