name,gender,count
Mary,F,13151
Anna,F,5565
Margaret,F,3700
Helen,F,3676
Elizabeth,F,3425
Ruth,F,3372
Ethel,F,3287
Florence,F,3233
Emma,F,2937
Marie,F,2649
Clara,F,2603
Minnie,F,2592
Bessie,F,2520
Bertha,F,2496
Edna,F,2458
Lillian,F,2441
Alice,F,2414
Annie,F,2393
Grace,F,2361
Mabel,F,2221
Ida,F,2195
Rose,F,2126
Hazel,F,2103
Martha,F,1968
Gertrude,F,1908
Edith,F,1820
Myrtle,F,1818
Pearl,F,1789
Frances,F,1776
Nellie,F,1767
Ella,F,1761
Laura,F,1730
Elsie,F,1716
Sarah,F,1701
Eva,F,1673
Esther,F,1654
Louise,F,1571
Agnes,F,1470
Carrie,F,1452
Lillie,F,1432
Catherine,F,1430
Lena,F,1360
Irene,F,1347
Hattie,F,1325
Julia,F,1320
Cora,F,1319
Gladys,F,1258
Josephine,F,1256
Mattie,F,1238
Mildred,F,1220
Jennie,F,1210
Alma,F,1177
Maude,F,1144
Mae,F,1134
Jessie,F,1120
Blanche,F,1091
Lucy,F,1077
Dorothy,F,1052
Mamie,F,1043
Lula,F,1042
Stella,F,1035
Ada,F,1018
Fannie,F,1003
Katherine,F,948
Viola,F,906
Maggie,F,895
Ruby,F,874
Nora,F,854
Dora,F,827
Rosa,F,780
May,F,763
Ellen,F,759
Sadie,F,745
Effie,F,712
Willie,F,709
Beatrice,F,684
Della,F,681
Susie,F,679
Beulah,F,675
Pauline,F,656
Daisy,F,645
Nettie,F,630
Marguerite,F,624
Flora,F,619
Lydia,F,618
Vera,F,618
Lottie,F,597
Olive,F,589
Marion,F,587
Sallie,F,584
Virginia,F,583
Lizzie,F,562
Emily,F,551
Georgia,F,535
Katie,F,525
Kathryn,F,520
Etta,F,519
Nancy,F,515
Evelyn,F,491
Charlotte,F,484
Theresa,F,484
Addie,F,481
Caroline,F,473
Leona,F,471
Ann,F,470
Hilda,F,470
Ollie,F,452
Eleanor,F,450
Lucille,F,440
Anne,F,427
Iva,F,424
Amanda,F,418
Lela,F,413
Harriet,F,411
Lola,F,407
Ora,F,404
Henrietta,F,400
Rebecca,F,399
Amelia,F,390
Jane,F,390
Bernice,F,389
Mollie,F,379
Nannie,F,374
Inez,F,357
Susan,F,357
Goldie,F,349
Nina,F,347
Estella,F,335
Maud,F,333
Mable,F,332
Loretta,F,330
Amy,F,329
Kate,F,328
Eula,F,327
Estelle,F,326
Rachel,F,317
Essie,F,311
Verna,F,310
Maria,F,309
Lois,F,308
Sara,F,304
Olga,F,303
Frieda,F,299
Alta,F,298
Betty,F,298
Eliza,F,297
Flossie,F,297
Eunice,F,295
Matilda,F,295
Hannah,F,293
Barbara,F,290
Rosie,F,288
Sylvia,F,288
Violet,F,286
Lulu,F,278
Sophia,F,276
Augusta,F,272
Genevieve,F,271
Marjorie,F,269
Christine,F,267
Ola,F,264
Celia,F,254
Victoria,F,251
Belle,F,249
Janie,F,246
Ina,F,242
Jean,F,242
Isabel,F,241
Josie,F,241
Irma,F,240
Lucile,F,239
Mayme,F,235
Sophie,F,234
Allie,F,232
Luella,F,228
Alberta,F,227
Callie,F,227
Freda,F,227
Rena,F,217
Winifred,F,216
Nell,F,215
Madeline,F,214
Selma,F,212
Vivian,F,212
Erma,F,211
Winnie,F,202
Tillie,F,198
Fern,F,197
Naomi,F,196
Velma,F,196
Doris,F,187
Millie,F,185
Isabelle,F,184
Leah,F,182
Geneva,F,180
Bertie,F,178
Bess,F,177
Lora,F,177
Virgie,F,177
Elva,F,176
Adeline,F,174
Norma,F,174
Delia,F,172
Birdie,F,169
Kathleen,F,168
Sally,F,168
Dollie,F,166
Gussie,F,165
Opal,F,164
Hallie,F,161
Lila,F,161
Cecelia,F,159
Teresa,F,157
Jeanette,F,152
Leila,F,152
Miriam,F,152
Adele,F,151
Myra,F,148
Carolyn,F,147
Lelia,F,146
Cecilia,F,144
Hulda,F,144
Hester,F,143
Katharine,F,140
Louisa,F,139
Zella,F,138
Elsa,F,137
Adelaide,F,136
Mathilda,F,136
Rhoda,F,136
Cornelia,F,135
Jeannette,F,133
Regina,F,131
Gertie,F,128
Leola,F,128
Maudie,F,128
Elma,F,127
Johanna,F,127
Lilly,F,127
Olivia,F,127
Roxie,F,127
Fay,F,124
Marian,F,124
Hettie,F,122
Christina,F,121
Faye,F,121
Bonnie,F,119
Lettie,F,119
Abbie,F,118
Bettie,F,118
Cleo,F,118
Harriett,F,118
Lou,F,118
Nola,F,118
Roberta,F,116
Madge,F,115
Nelle,F,113
Veronica,F,113
Ila,F,112
Juanita,F,111
Margie,F,110
Lura,F,109
Claudia,F,108
Francis,F,108
Lily,F,108
Anita,F,107
Dessie,F,106
Helena,F,106
Lorena,F,106
Sue,F,105
Dovie,F,104
Lucinda,F,104
Rita,F,104
Mina,F,103
Cecile,F,102
Neva,F,102
Lenora,F,101
Reba,F,100
Vesta,F,100
Corinne,F,99
Alvina,F,98
Pearlie,F,98
Claire,F,96
Letha,F,95
Linda,F,94
Wilhelmina,F,94
Meta,F,93
Isabella,F,92
Antoinette,F,91
Fanny,F,90
Gracie,F,90
Wilma,F,90
Janet,F,89
Muriel,F,89
Golda,F,86
Eugenia,F,85
Mittie,F,85
Phoebe,F,85
Elvira,F,84
Oma,F,84
Audrey,F,83
Elnora,F,83
Erna,F,83
Ivy,F,83
Lee,F,83
Minerva,F,82
Emilie,F,81
Orpha,F,81
Rosalie,F,81
Cecil,F,80
Johnnie,F,80
Georgie,F,79
Cassie,F,78
Helene,F,78
Lessie,F,78
Linnie,F,78
Polly,F,78
Dorothea,F,77
Edythe,F,77
Ophelia,F,77
Zelma,F,77
June,F,76
Pansy,F,76
Evie,F,74
Jewel,F,74
Geraldine,F,73
Rae,F,73
Alpha,F,72
Blanch,F,72
Ernestine,F,72
Catharine,F,71
Myrtie,F,71
Merle,F,70
Nona,F,70
Thelma,F,70
Angelina,F,69
Rosetta,F,69
Angeline,F,68
Frankie,F,68
Chloe,F,67
Artie,F,66
Zora,F,66
Floy,F,65
Leta,F,65
Angela,F,64
Marcella,F,64
Ona,F,64
Zula,F,64
Clarice,F,63
Dena,F,63
Constance,F,62
Jewell,F,62
Leora,F,62
Malinda,F,62
Annette,F,61
Lida,F,61
Lona,F,61
Rosella,F,61
Dolly,F,60
Isabell,F,60
Jannie,F,60
John,F,60
Leota,F,60
Ione,F,59
Mazie,F,59
Priscilla,F,59
Ava,F,58
Cynthia,F,58
Elisabeth,F,58
Lina,F,57
Odessa,F,57
Clare,F,56
Eloise,F,56
Mandy,F,56
Phyllis,F,56
Vida,F,56
Antonia,F,55
Hortense,F,55
Mabelle,F,55
Tessie,F,55
Una,F,55
Dolores,F,54
Mona,F,54
Pearle,F,54
Verda,F,54
Anastasia,F,53
Ellie,F,53
Jimmie,F,53
Louella,F,53
Cordelia,F,52
Lyda,F,52
Melissa,F,52
Nan,F,52
Wanda,F,52
Maybelle,F,51
Sudie,F,51
Zola,F,51
Alva,F,50
Carmen,F,49
Eddie,F,49
Lennie,F,49
Lilla,F,49
Vada,F,49
Iona,F,48
Madeleine,F,48
Rhea,F,48
Esta,F,47
Shirley,F,47
Aurelia,F,46
Era,F,46
Leonora,F,46
Lovie,F,46
Magdalena,F,46
Angie,F,45
Corine,F,45
Dona,F,45
Ocie,F,45
Avis,F,44
Donna,F,44
Iola,F,44
Joanna,F,44
Bell,F,43
Elise,F,43
Jeanne,F,43
Lenore,F,43
Marietta,F,43
Natalie,F,43
Willa,F,43
Agatha,F,42
Althea,F,42
Ettie,F,42
Ima,F,42
Kittie,F,42
Lorene,F,42
Petra,F,42
Tina,F,42
Adah,F,41
Aline,F,41
Charity,F,41
Pattie,F,41
Vina,F,41
Aileen,F,40
Inga,F,40
Ray,F,40
Viva,F,40
Clyde,F,39
Connie,F,39
Eulalia,F,39
Vinnie,F,39
Almeda,F,38
Dixie,F,38
Elda,F,38
Hilma,F,38
Lauretta,F,38
Savannah,F,38
Tena,F,38
Camille,F,37
Ester,F,37
Georgiana,F,37
Leatha,F,37
Letitia,F,37
Pinkie,F,37
Albina,F,36
Eda,F,36
Eileen,F,36
Ethyl,F,36
Idella,F,36
Leone,F,36
Leslie,F,36
Lorraine,F,36
Molly,F,36
Patricia,F,36
Vallie,F,36
Vernie,F,36
Adela,F,35
Bella,F,35
Bridget,F,35
Clementine,F,35
Hope,F,35
Judith,F,35
Julie,F,35
Margery,F,35
Melvina,F,35
Nita,F,35
Sadye,F,35
Wilda,F,35
Carolina,F,34
Lavinia,F,34
Minna,F,34
Octavia,F,34
Paula,F,34
Tressie,F,34
William,F,34
Amalia,F,33
Annabelle,F,33
Arline,F,33
Belva,F,33
Cordie,F,33
Estell,F,33
Ethelyn,F,33
Lavina,F,33
Peggy,F,33
Rowena,F,33
Adelia,F,32
Alida,F,32
Bernadette,F,32
Berta,F,32
George,F,32
Harriette,F,32
Lucia,F,32
Mariah,F,32
Mathilde,F,32
Queen,F,32
Susanna,F,32
Valeria,F,32
Adella,F,31
Alda,F,31
Carmela,F,31
Carol,F,31
Etha,F,31
Lucretia,F,31
Magdalen,F,31
Mallie,F,31
Patsy,F,31
Veda,F,31
Winnifred,F,31
Eleanora,F,30
Georgianna,F,30
Ludie,F,30
Luna,F,30
Margret,F,30
Mertie,F,30
Missouri,F,30
Reta,F,30
Beryl,F,29
Emilia,F,29
Evangeline,F,29
Kitty,F,29
Leda,F,29
Lue,F,29
Magdalene,F,29
Rilla,F,29
Tommie,F,29
Vena,F,29
Yvonne,F,29
Edwina,F,28
Eleanore,F,28
Ferne,F,28
Florine,F,28
Iris,F,28
Luvenia,F,28
Retta,F,28
Robbie,F,28
Rosina,F,28
Tennie,F,28
Zoe,F,28
Altha,F,27
Corrine,F,27
Delphia,F,27
Donnie,F,27
Elena,F,27
Elinor,F,27
Florida,F,27
Lea,F,27
Liza,F,27
Maye,F,27
Mellie,F,27
Allene,F,26
Betsy,F,26
Celeste,F,26
Charles,F,26
Clarissa,F,26
Clemmie,F,26
Cordia,F,26
Easter,F,26
Elna,F,26
Emelia,F,26
Freddie,F,26
Hedwig,F,26
Lelah,F,26
Lenna,F,26
Oda,F,26
Queenie,F,26
Sena,F,26
Sigrid,F,26
Edyth,F,25
Imogene,F,25
James,F,25
Jenny,F,25
Liddie,F,25
Mercedes,F,25
Minta,F,25
Philomena,F,25
Rubie,F,25
Vergie,F,25
Zelda,F,25
Beth,F,24
Camilla,F,24
Glenna,F,24
Gretchen,F,24
Jettie,F,24
Manda,F,24
Marcia,F,24
Margarita,F,24
Matie,F,24
Tressa,F,24
Verdie,F,24
Veva,F,24
Berenice,F,23
Diana,F,23
Elenora,F,23
Emmie,F,23
Eugenie,F,23
Faith,F,23
Frona,F,23
Grayce,F,23
Hassie,F,23
Joe,F,23
Lonnie,F,23
Neta,F,23
Onie,F,23
Ossie,F,23
Ottilie,F,23
Rosalia,F,23
Signe,F,23
Thora,F,23
Zona,F,23
Audra,F,22
Cathrine,F,22
Enid,F,22
Flo,F,22
Gail,F,22
Garnet,F,22
Guadalupe,F,22
Joyce,F,22
Lilian,F,22
Loraine,F,22
Maybell,F,22
Monica,F,22
Sybil,F,22
Ursula,F,22
Winona,F,22
Arrie,F,21
Bulah,F,21
Christena,F,21
Delilah,F,21
Delphine,F,21
Evalyn,F,21
Freida,F,21
Greta,F,21
Joan,F,21
Joy,F,21
Katheryn,F,21
Leonie,F,21
Libbie,F,21
Malvina,F,21
Meda,F,21
Prudence,F,21
Rachael,F,21
Robert,F,21
Rubye,F,21
Versie,F,21
Zada,F,21
Annetta,F,20
Berniece,F,20
Celestine,F,20
Claudie,F,20
Ebba,F,20
Elaine,F,20
Elmira,F,20
Eve,F,20
Hanna,F,20
Icy,F,20
Lonie,F,20
Louie,F,20
Margaretta,F,20
Maymie,F,20
Myrle,F,20
Myrtis,F,20
Nadine,F,20
Theodora,F,20
Adell,F,19
Arie,F,19
Arlene,F,19
Beaulah,F,19
Bennie,F,19
Corrie,F,19
Docia,F,19
Elizebeth,F,19
Frank,F,19
Henriette,F,19
Icie,F,19
Izora,F,19
Mahala,F,19
Nella,F,19
Wilhelmine,F,19
Adaline,F,18
Aletha,F,18
Billie,F,18
Deborah,F,18
Donie,F,18
Elfrieda,F,18
Exie,F,18
Goldia,F,18
Henretta,F,18
Hildred,F,18
Hildur,F,18
Huldah,F,18
Johnie,F,18
Juana,F,18
Louvenia,F,18
Malissa,F,18
Nonie,F,18
Nova,F,18
Ottie,F,18
Ramona,F,18
Sabina,F,18
Vivien,F,18
Amie,F,17
Charlie,F,17
Coral,F,17
Eulah,F,17
Eura,F,17
Gay,F,17
Genie,F,17
Helga,F,17
Hellen,F,17
Henry,F,17
Josefa,F,17
Joseph,F,17
Kathrine,F,17
Kattie,F,17
Lavada,F,17
Lucie,F,17
Madie,F,17
Martina,F,17
Norine,F,17
Theo,F,17
Therese,F,17
Theresia,F,17
Valerie,F,17
Verona,F,17
Walter,F,17
Adda,F,16
Albertha,F,16
Albertine,F,16
Alene,F,16
Alyce,F,16
Annabel,F,16
Annis,F,16
Arizona,F,16
Bernadine,F,16
Birtie,F,16
Corda,F,16
Crystal,F,16
Delma,F,16
Dorcas,F,16
Eldora,F,16
Enola,F,16
Florrie,F,16
Francisca,F,16
Gina,F,16
Gwendolyn,F,16
Helma,F,16
Ines,F,16
Juliet,F,16
Lala,F,16
Laurel,F,16
Lilah,F,16
Magnolia,F,16
Manuelita,F,16
Mettie,F,16
Millicent,F,16
Osa,F,16
Pennie,F,16
Pollie,F,16
Rossie,F,16
Salome,F,16
Samantha,F,16
Sibyl,F,16
Zetta,F,16
Adline,F,15
Alvena,F,15
Andrea,F,15
Ara,F,15
Avie,F,15
Besse,F,15
Buena,F,15
Byrd,F,15
Carlotta,F,15
Daphne,F,15
Dulcie,F,15
Emmer,F,15
Etna,F,15
Florance,F,15
Hermina,F,15
Hermine,F,15
Hertha,F,15
Idell,F,15
Ira,F,15
Ivah,F,15
Jo,F,15
Justine,F,15
Laverne,F,15
Loretto,F,15
Marjory,F,15
Melba,F,15
Mozelle,F,15
Ruthie,F,15
Tempie,F,15
Vertie,F,15
Albertina,F,14
Alicia,F,14
Alverta,F,14
Aurora,F,14
Bama,F,14
Beula,F,14
Claribel,F,14
Euna,F,14
Filomena,F,14
Garnett,F,14
Georgina,F,14
Glennie,F,14
Jossie,F,14
Juliette,F,14
Kay,F,14
Lacy,F,14
Lissie,F,14
Loma,F,14
Lorna,F,14
Luetta,F,14
Macie,F,14
Mammie,F,14
Manuela,F,14
Margarette,F,14
Melinda,F,14
Mintie,F,14
Myrna,F,14
Novella,F,14
Ottilia,F,14
Roma,F,14
Rosalind,F,14
Rosanna,F,14
Suzanne,F,14
Tilda,F,14
Trudie,F,14
Yetta,F,14
Zena,F,14
Zita,F,14
Abigail,F,13
Adelina,F,13
Aimee,F,13
Alline,F,13
Anabel,F,13
Arvilla,F,13
Aura,F,13
Aurore,F,13
Candace,F,13
Carmella,F,13
Cathryn,F,13
Clora,F,13
Dagmar,F,13
Dicie,F,13
Dorthy,F,13
Edward,F,13
Elfreda,F,13
Elta,F,13
Elvina,F,13
Fleta,F,13
Frederica,F,13
Freeda,F,13
Fronie,F,13
Genoveva,F,13
Hessie,F,13
Hetty,F,13
Isa,F,13
Kathryne,F,13
Leafy,F,13
Leanna,F,13
Leonore,F,13
Lera,F,13
Lilie,F,13
Lollie,F,13
Lyla,F,13
Mabell,F,13
Marvel,F,13
Maxine,F,13
Metta,F,13
Nena,F,13
Nevada,F,13
Norah,F,13
Osie,F,13
Paulina,F,13
Ressie,F,13
Retha,F,13
Reva,F,13
Rosalee,F,13
Selena,F,13
Serena,F,13
Sister,F,13
Sophronia,F,13
Tula,F,13
Verla,F,13
Verlie,F,13
Adelle,F,12
Albert,F,12
Almira,F,12
Altie,F,12
Amber,F,12
Bula,F,12
Carry,F,12
Dellar,F,12
Delta,F,12
Dillie,F,12
Dottie,F,12
Electa,F,12
Elisa,F,12
Elmer,F,12
Ena,F,12
Eudora,F,12
Gena,F,12
Gusta,F,12
Jeanie,F,12
Katy,F,12
Libby,F,12
Littie,F,12
Luisa,F,12
Maida,F,12
Manie,F,12
Margaretha,F,12
Maxie,F,12
Melva,F,12
Monnie,F,12
Mossie,F,12
Murl,F,12
Myrl,F,12
Myrtice,F,12
Naoma,F,12
Odelia,F,12
Olevia,F,12
Omie,F,12
Ouida,F,12
Paralee,F,12
Rella,F,12
Rosamond,F,12
Rosemary,F,12
Sula,F,12
Zelia,F,12
Zina,F,12
Alfreda,F,11
Ammie,F,11
Annabell,F,11
Antonette,F,11
Arlie,F,11
Calla,F,11
Christie,F,11
Concepcion,F,11
Debbie,F,11
Dell,F,11
Delpha,F,11
Dinah,F,11
Edmonia,F,11
Elvie,F,11
Emaline,F,11
Evelina,F,11
Exa,F,11
Fairy,F,11
Flonnie,F,11
Gloria,F,11
Hazle,F,11
Hildegarde,F,11
India,F,11
Jeanetta,F,11
Jeffie,F,11
Jennette,F,11
Jesse,F,11
Justina,F,11
Karen,F,11
Lanie,F,11
Leonia,F,11
Lovina,F,11
Lular,F,11
Lutie,F,11
Odie,F,11
Oliva,F,11
Ova,F,11
Patience,F,11
Roy,F,11
Selina,F,11
Sidney,F,11
Sina,F,11
Ura,F,11
Vannie,F,11
Vashti,F,11
Virdie,F,11
Willia,F,11
Zadie,F,11
Alba,F,10
Alverda,F,10
America,F,10
Ana,F,10
Arlena,F,10
Bernardine,F,10
Bert,F,10
Bethel,F,10
Blossom,F,10
Carl,F,10
Celesta,F,10
Celina,F,10
Cherry,F,10
Classie,F,10
Claudine,F,10
Concetta,F,10
Dale,F,10
Dessa,F,10
Elenor,F,10
Euphemia,F,10
Evalena,F,10
Evaline,F,10
Felicia,F,10
Floyd,F,10
Fred,F,10
Fronia,F,10
Gretta,F,10
Harry,F,10
Hildegard,F,10
Imo,F,10
Indiana,F,10
Jessica,F,10
Josepha,F,10
Leo,F,10
Letta,F,10
Loney,F,10
Loula,F,10
Love,F,10
Lovey,F,10
Madaline,F,10
Madelene,F,10
Madelyn,F,10
Margarete,F,10
Marge,F,10
Maurine,F,10
Melanie,F,10
Minda,F,10
Nana,F,10
Nelia,F,10
Odile,F,10
Orlena,F,10
Pluma,F,10
Rosena,F,10
Rosia,F,10
Sammie,F,10
Thea,F,10
Twila,F,10
Vadie,F,10
Vara,F,10
Vennie,F,10
Vicie,F,10
Vira,F,10
Virgil,F,10
Ader,F,9
Anner,F,9
Annice,F,9
Arabella,F,9
Ardella,F,9
Audie,F,9
Beatriz,F,9
Bena,F,9
Berdie,F,9
Birtha,F,9
Bobbie,F,9
Cammie,F,9
Carola,F,9
Carra,F,9
Celestina,F,9
Chloie,F,9
Clella,F,9
Columbia,F,9
Daisey,F,9
Dortha,F,9
Dove,F,9
Earl,F,9
Elida,F,9
Elvera,F,9
Emeline,F,9
Enna,F,9
Eola,F,9
Erie,F,9
Ethyle,F,9
Eugene,F,9
Eveline,F,9
Evia,F,9
Fae,F,9
Gennie,F,9
Gillie,F,9
Girtie,F,9
Golden,F,9
Herlinda,F,9
Ilah,F,9
Ivory,F,9
Jamie,F,9
Janette,F,9
Judy,F,9
Jule,F,9
Leana,F,9
Lella,F,9
Lorenza,F,9
Lucetta,F,9
Marrie,F,9
Maryann,F,9
Mima,F,9
Mirtie,F,9
Nealie,F,9
Netta,F,9
Otillia,F,9
Palma,F,9
Permelia,F,9
Phillis,F,9
Portia,F,9
Rebekah,F,9
Sada,F,9
Sidonia,F,9
Signa,F,9
Thomas,F,9
Tracy,F,9
Treva,F,9
Velva,F,9
Venie,F,9
Vernice,F,9
Verta,F,9
Vessie,F,9
Veta,F,9
Zenobia,F,9
Zettie,F,9
Zilla,F,9
Alcie,F,8
Aleta,F,8
Alys,F,8
Amalie,F,8
Ardell,F,8
Attie,F,8
Beckie,F,8
Betsey,F,8
Blanchie,F,8
Cara,F,8
Carlie,F,8
Carmel,F,8
Carmelita,F,8
Carrye,F,8
Chessie,F,8
Clarence,F,8
Clemence,F,8
Cleta,F,8
Corene,F,8
Corinna,F,8
Curtis,F,8
Daisie,F,8
Davie,F,8
Dean,F,8
Delores,F,8
Delsie,F,8
Doshie,F,8
Drucilla,F,8
Effa,F,8
Elinore,F,8
Elmina,F,8
Eloisa,F,8
Elvia,F,8
Emelie,F,8
Emmy,F,8
Ermine,F,8
Evah,F,8
Exilda,F,8
Ferol,F,8
Fleeta,F,8
Florentine,F,8
Gayle,F,8
Gene,F,8
Gerda,F,8
Hazelle,F,8
Hennie,F,8
Hila,F,8
Honora,F,8
Ingeborg,F,8
Jonnie,F,8
Josefina,F,8
Junie,F,8
Kizzie,F,8
Lady,F,8
Lana,F,8
Leeta,F,8
Leoma,F,8
Lexie,F,8
Loa,F,8
Lockie,F,8
Louetta,F,8
Louis,F,8
Luberta,F,8
Lyle,F,8
Marget,F,8
Margrett,F,8
Marilla,F,8
Marina,F,8
Mell,F,8
Mignon,F,8
Nanie,F,8
Necie,F,8
Nelda,F,8
Nicie,F,8
Nicolasa,F,8
Norene,F,8
Orelia,F,8
Orie,F,8
Ota,F,8
Ozie,F,8
Phebe,F,8
Reka,F,8
Rosey,F,8
Rosy,F,8
Rozella,F,8
Sam,F,8
Sarrah,F,8
Savanah,F,8
Stephanie,F,8
Sylva,F,8
Theodosia,F,8
Tomasa,F,8
Unknown,F,8
Vella,F,8
Venus,F,8
Vernon,F,8
Villa,F,8
Zaida,F,8
Zela,F,8
Zilpha,F,8
Zoa,F,8
Aggie,F,7
Agness,F,7
Aida,F,7
Alena,F,7
Alvira,F,7
Ama,F,7
Antonina,F,7
Apolonia,F,7
Arlean,F,7
Arletta,F,7
Augustine,F,7
Bea,F,7
Beda,F,7
Biddie,F,7
Buna,F,7
Calista,F,7
Carie,F,7
Chloa,F,7
Cinda,F,7
Cinderella,F,7
Cleda,F,7
Clifford,F,7
Corean,F,7
Dana,F,7
Delcie,F,7
Donia,F,7
Dorris,F,7
Dossie,F,7
Echo,F,7
Eleonora,F,7
Eller,F,7
Ellis,F,7
Elmire,F,7
Elodie,F,7
Elza,F,7
Elzora,F,7
Emmaline,F,7
Eulalie,F,7
Evelena,F,7
Florene,F,7
Georgeanna,F,7
Glendora,F,7
Gregoria,F,7
Gustie,F,7
Hollie,F,7
Ica,F,7
Ilda,F,7
Isadora,F,7
Izetta,F,7
Jerusha,F,7
Jetta,F,7
Jinnie,F,7
Jodie,F,7
Juliana,F,7
Justa,F,7
Lattie,F,7
Laurene,F,7
Lelar,F,7
Lillar,F,7
Liller,F,7
Lillia,F,7
Lorina,F,7
Lossie,F,7
Lova,F,7
Luvina,F,7
Maebelle,F,7
Mahalia,F,7
Mandie,F,7
Mannie,F,7
Marcelina,F,7
Margarite,F,7
Margurite,F,7
Mariam,F,7
Mata,F,7
Matilde,F,7
Medie,F,7
Melina,F,7
Minie,F,7
Mira,F,7
Neola,F,7
Neoma,F,7
Noma,F,7
Octava,F,7
Odette,F,7
Olla,F,7
Omega,F,7
Opha,F,7
Otelia,F,7
Otha,F,7
Otilia,F,7
Pearly,F,7
Prudie,F,7
Rene,F,7
Roxy,F,7
Ruie,F,7
Salina,F,7
Sanna,F,7
Savilla,F,7
Silvia,F,7
Sofia,F,7
Stasia,F,7
Sylvester,F,7
Tabitha,F,7
Tennessee,F,7
Tera,F,7
Thekla,F,7
Thresa,F,7
Tiny,F,7
Veola,F,7
Verena,F,7
Vinie,F,7
Wava,F,7
Wessie,F,7
Zelpha,F,7
Zeta,F,7
Zillah,F,7
Adelheid,F,6
Alfrieda,F,6
Alla,F,6
Alvie,F,6
Amada,F,6
Amey,F,6
Angelita,F,6
Anice,F,6
Annah,F,6
Arabelle,F,6
Archie,F,6
Ardelia,F,6
Arena,F,6
Arthur,F,6
Atha,F,6
Beadie,F,6
Beatrix,F,6
Belinda,F,6
Berneice,F,6
Bettye,F,6
Capitola,F,6
Catalina,F,6
Channie,F,6
Chlora,F,6
Clemie,F,6
Cleotilde,F,6
Cliffie,F,6
Clothilde,F,6
Clotilda,F,6
Cola,F,6
Coletta,F,6
Corrinne,F,6
Creola,F,6
Cuma,F,6
Dallas,F,6
Dallie,F,6
Dee,F,6
Delfina,F,6
Denise,F,6
Dezzie,F,6
Dina,F,6
Dola,F,6
Doshia,F,6
Eithel,F,6
Elberta,F,6
Elenore,F,6
Elizzie,F,6
Ellar,F,6
Elzie,F,6
Emmeline,F,6
Gabrielle,F,6
Garnette,F,6
Gertrud,F,6
Gettie,F,6
Glen,F,6
Glenn,F,6
Gracia,F,6
Gunda,F,6
Hasel,F,6
Hedvig,F,6
Hermie,F,6
Herminia,F,6
Inda,F,6
Iowa,F,6
Isla,F,6
Josiephine,F,6
Juda,F,6
Lalla,F,6
Lannie,F,6
Launa,F,6
Laurette,F,6
Leaner,F,6
Lellie,F,6
Lethia,F,6
Lilia,F,6
Lonia,F,6
Lotta,F,6
Lurline,F,6
Mada,F,6
Mame,F,6
Marceline,F,6
Margarett,F,6
Marinda,F,6
Marry,F,6
Marybelle,F,6
Maryetta,F,6
Marzella,F,6
Medora,F,6
Melita,F,6
Metha,F,6
Missie,F,6
Narcissus,F,6
Nathalie,F,6
Nonnie,F,6
Oca,F,6
Olie,F,6
Olinda,F,6
Orah,F,6
Oral,F,6
Orva,F,6
Otie,F,6
Otila,F,6
Ozella,F,6
Parthenia,F,6
Patty,F,6
Perlie,F,6
Philomene,F,6
Ragna,F,6
Rilda,F,6
Roena,F,6
Rosebud,F,6
Roxanna,F,6
Sabra,F,6
Salley,F,6
Sedonia,F,6
Sevilla,F,6
Snow,F,6
Sweetie,F,6
Sylvania,F,6
Texanna,F,6
Tinnie,F,6
Tishie,F,6
Vern,F,6
Versa,F,6
Vicy,F,6
Vincenza,F,6
Viney,F,6
Violetta,F,6
Violette,F,6
Xenia,F,6
Zana,F,6
Zera,F,6
Abby,F,5
Abelina,F,5
Adelaida,F,5
Adelene,F,5
Adina,F,5
Adolphine,F,5
Adrienne,F,5
Agda,F,5
Agusta,F,5
Aldea,F,5
Alethia,F,5
Alexandra,F,5
Allean,F,5
Alveda,F,5
Alzina,F,5
Amma,F,5
Anastacia,F,5
Angel,F,5
Antionette,F,5
Arabell,F,5
Araminta,F,5
Ariel,F,5
Armilda,F,5
Arnetta,F,5
Ary,F,5
Astrid,F,5
Babe,F,5
Berte,F,5
Bird,F,5
Buelah,F,5
Byrdie,F,5
Camelia,F,5
Candelaria,F,5
Ceil,F,5
Celestia,F,5
Ceola,F,5
Charline,F,5
Chester,F,5
Christiana,F,5
Chrystal,F,5
Clarinda,F,5
Clemencia,F,5
Clemma,F,5
Clennie,F,5
Clio,F,5
Cloe,F,5
Cloie,F,5
Clotilde,F,5
Clyda,F,5
Corena,F,5
Corina,F,5
Creasie,F,5
Cressie,F,5
Dannie,F,5
Dawn,F,5
Delora,F,5
Dema,F,5
Dicy,F,5
Dominga,F,5
Doretta,F,5
Dot,F,5
Drusilla,F,5
Dura,F,5
Ebbie,F,5
Edwin,F,5
Eleonore,F,5
Elin,F,5
Ellena,F,5
Else,F,5
Emer,F,5
Eppie,F,5
Epsie,F,5
Erin,F,5
Eron,F,5
Estie,F,5
Ether,F,5
Fannye,F,5
Fedora,F,5
Felicie,F,5
Felicita,F,5
Fidelia,F,5
Flavia,F,5
Forest,F,5
France,F,5
Fredericka,F,5
Gertha,F,5
Girlie,F,5
Gola,F,5
Haley,F,5
Hatty,F,5
Herbert,F,5
Hilja,F,5
Homer,F,5
Hyacinth,F,5
Irena,F,5
Isadore,F,5
Isobel,F,5
Ivie,F,5
Jacqueline,F,5
Janey,F,5
Janice,F,5
Jannette,F,5
Jaunita,F,5
Jeane,F,5
Joann,F,5
Katharina,F,5
Katharyn,F,5
Kathern,F,5
Keturah,F,5
Lara,F,5
Laurie,F,5
Lavenia,F,5
Lear,F,5
Leathie,F,5
Leita,F,5
Lempi,F,5
Leon,F,5
Leonor,F,5
Lesta,F,5
Letty,F,5
Leva,F,5
Lidie,F,5
Lillis,F,5
Linnea,F,5
Loie,F,5
Lorine,F,5
Lota,F,5
Loyola,F,5
Luceal,F,5
Lucindy,F,5
Luevenia,F,5
Lulia,F,5
Luvinia,F,5
Lyra,F,5
Macy,F,5
Maie,F,5
Malissia,F,5
Malissie,F,5
Marcelle,F,5
Maree,F,5
Margart,F,5
Margot,F,5
Marguerita,F,5
Mark,F,5
Marquerite,F,5
Martine,F,5
Maryjane,F,5
Maybel,F,5
Melissia,F,5
Minetta,F,5
Minnette,F,5
Miranda,F,5
Monta,F,5
Mora,F,5
Morna,F,5
Myrta,F,5
Nada,F,5
Nancie,F,5
Neely,F,5
Neita,F,5
Nera,F,5
Nicey,F,5
Nolia,F,5
Ocia,F,5
Olena,F,5
Oline,F,5
Olivine,F,5
Omah,F,5
Omer,F,5
Oneida,F,5
Onezia,F,5
Onnie,F,5
Ovie,F,5
Paul,F,5
Peggie,F,5
Perlina,F,5
Pheobe,F,5
Pleasant,F,5
Quincy,F,5
Ralph,F,5
Refugio,F,5
Reita,F,5
Renee,F,5
Renie,F,5
Rettie,F,5
Rinda,F,5
Romie,F,5
Rosabel,F,5
Rosaline,F,5
Roseanna,F,5
Roselle,F,5
Roselyn,F,5
Ruey,F,5
Santos,F,5
Senia,F,5
Seraphine,F,5
Susana,F,5
Susannah,F,5
Sybilla,F,5
Teckla,F,5
Tela,F,5
Tessa,F,5
Theda,F,5
Theressa,F,5
Thilda,F,5
Thresia,F,5
Tiney,F,5
Tinie,F,5
Trixie,F,5
Ula,F,5
Valentine,F,5
Vela,F,5
Verne,F,5
Vester,F,5
Victorine,F,5
Walburga,F,5
Willetta,F,5
Zura,F,5
John,M,8238
William,M,7274
James,M,5110
George,M,4365
Charles,M,3788
Joseph,M,2977
Frank,M,2863
Robert,M,2497
Henry,M,2278
Harry,M,2189
Edward,M,2179
Thomas,M,2170
Walter,M,2010
Arthur,M,1712
Fred,M,1475
Albert,M,1447
Clarence,M,1185
Roy,M,1018
Willie,M,986
Earl,M,896
Louis,M,869
Carl,M,861
Paul,M,824
Ernest,M,821
Richard,M,808
Samuel,M,776
Raymond,M,767
Joe,M,741
David,M,729
Charlie,M,704
Ralph,M,692
Harold,M,690
Howard,M,612
Oscar,M,601
Andrew,M,594
Herbert,M,585
Elmer,M,575
Jesse,M,567
Will,M,559
Alfred,M,521
Daniel,M,515
Leo,M,515
Sam,M,507
Benjamin,M,469
Lee,M,455
Floyd,M,445
Jack,M,441
Herman,M,433
Lawrence,M,430
Francis,M,423
Michael,M,423
Eugene,M,421
Claude,M,419
Frederick,M,413
Peter,M,391
Clyde,M,386
Ray,M,379
Edwin,M,366
Lewis,M,359
Leonard,M,343
Tom,M,343
Ben,M,326
Chester,M,325
Edgar,M,313
Clifford,M,307
Martin,M,299
Harvey,M,293
Jacob,M,292
Lester,M,291
Jim,M,287
Luther,M,285
Russell,M,278
Homer,M,273
Otto,M,270
Hugh,M,269
Guy,M,261
Anthony,M,257
Bernard,M,256
Jessie,M,255
Lloyd,M,253
Ed,M,241
Theodore,M,241
Leroy,M,239
Leon,M,236
Patrick,M,229
Everett,M,226
Leslie,M,223
Oliver,M,222
Allen,M,219
Stanley,M,218
Philip,M,214
Archie,M,207
Ira,M,206
Eddie,M,203
Alexander,M,199
Norman,M,199
Horace,M,196
Bert,M,187
Charley,M,186
Victor,M,180
Julius,M,178
Cecil,M,175
Stephen,M,174
Percy,M,173
Isaac,M,170
Donald,M,169
Sidney,M,168
Alvin,M,167
August,M,162
Milton,M,156
Marion,M,154
Alex,M,152
Wesley,M,149
Glenn,M,142
Warren,M,141
Gilbert,M,139
Lonnie,M,138
Willis,M,133
Earnest,M,131
Vernon,M,131
Dave,M,129
Otis,M,129
Emil,M,128
Rufus,M,128
Jerry,M,127
Nathan,M,127
Emmett,M,126
Maurice,M,125
Melvin,M,125
Virgil,M,125
Johnnie,M,124
Matthew,M,124
Morris,M,122
Willard,M,122
Bennie,M,121
Mack,M,119
Grover,M,118
Dan,M,114
Gordon,M,112
Phillip,M,110
Ross,M,110
Amos,M,108
Glen,M,108
Hubert,M,105
Kenneth,M,105
Orville,M,105
Jess,M,104
Rudolph,M,104
Wilbur,M,104
Alonzo,M,102
Irving,M,102
Sylvester,M,101
Cornelius,M,100
Sherman,M,100
Manuel,M,99
Max,M,99
Wallace,M,99
Claud,M,97
Elbert,M,97
Edmund,M,96
Jay,M,96
Calvin,M,95
Jose,M,94
Vincent,M,94
Adolph,M,93
Clifton,M,93
Marshall,M,93
Marvin,M,92
Irvin,M,90
Roscoe,M,90
Curtis,M,88
Roland,M,88
Mike,M,87
Reuben,M,87
Simon,M,87
Adam,M,86
Jake,M,86
Harrison,M,85
Dennis,M,84
Franklin,M,84
Mark,M,84
Ellis,M,83
Moses,M,83
Clinton,M,80
Ollie,M,80
Owen,M,80
Steve,M,80
Aaron,M,79
Arnold,M,79
Felix,M,78
Perry,M,78
Nathaniel,M,77
Nicholas,M,77
Alva,M,76
Gus,M,76
Nelson,M,76
Gerald,M,75
Noah,M,74
Abraham,M,73
Bill,M,73
Karl,M,73
Christopher,M,72
Don,M,72
Timothy,M,71
Levi,M,68
Pete,M,68
Douglas,M,66
Preston,M,66
Anton,M,64
Jeff,M,64
Bruce,M,63
Clayton,M,63
Harley,M,63
Wiley,M,63
Grant,M,62
Hiram,M,61
Jasper,M,61
Dock,M,60
Edd,M,60
Eli,M,60
Johnie,M,60
Byron,M,59
Mose,M,59
Monroe,M,58
Roger,M,58
Wayne,M,58
Ivan,M,57
Ervin,M,56
Miles,M,56
Silas,M,56
Austin,M,55
Earle,M,55
Leland,M,55
Pearl,M,55
Elijah,M,54
Wade,M,54
Forrest,M,53
Julian,M,53
Barney,M,52
Abe,M,50
Anderson,M,50
Clark,M,50
Cleveland,M,50
Edmond,M,50
Fredrick,M,50
Juan,M,50
Troy,M,50
Emanuel,M,49
Bob,M,48
Lyle,M,48
Mary,M,48
Tony,M,48
Augustus,M,47
Millard,M,47
Scott,M,47
Boyd,M,46
Carroll,M,46
Laurence,M,46
Marcus,M,46
Chris,M,45
Andy,M,44
Ezra,M,44
Ferdinand,M,44
Gustave,M,44
Jimmie,M,44
Joel,M,44
Wilfred,M,44
Isiah,M,43
Jerome,M,43
Wilson,M,43
Clay,M,42
Louie,M,42
Ned,M,42
Ora,M,42
Columbus,M,41
Ike,M,41
Neal,M,41
Christian,M,40
Conrad,M,40
Emery,M,40
Emory,M,40
Foster,M,40
Aubrey,M,39
Mitchell,M,39
Grady,M,38
Merle,M,38
Nick,M,38
Riley,M,38
Asa,M,37
Major,M,37
Elias,M,36
Isaiah,M,36
Larry,M,36
Loyd,M,36
Bud,M,35
Enoch,M,35
Erwin,M,35
Ambrose,M,34
Clement,M,34
Dewitt,M,34
Dudley,M,34
Fay,M,34
Malcolm,M,34
Ulysses,M,34
Vern,M,34
Elwood,M,33
Ruben,M,33
Clair,M,32
Ellsworth,M,32
Forest,M,32
Hugo,M,32
Jackson,M,32
Luke,M,32
Morgan,M,32
Newton,M,32
Pedro,M,32
Solomon,M,32
Van,M,32
Allan,M,31
Tommie,M,31
Ward,M,31
Arch,M,30
Carlton,M,30
Delbert,M,30
Jefferson,M,30
Loren,M,30
Lucius,M,30
Mathew,M,30
Neil,M,30
Rex,M,30
Wilbert,M,30
Burton,M,29
Garland,M,29
Johnny,M,29
Noble,M,29
Alton,M,28
Chauncey,M,28
Cyril,M,28
Dale,M,28
Dean,M,28
Dorsey,M,28
Freddie,M,28
Jeremiah,M,28
Junius,M,28
Lemuel,M,28
Lynn,M,28
Pat,M,28
Wilford,M,28
Basil,M,27
Cyrus,M,27
Elisha,M,27
Fletcher,M,27
Freeman,M,27
Morton,M,27
Murray,M,27
Sanford,M,27
Spencer,M,27
Al,M,26
Cleve,M,26
Emile,M,26
General,M,26
Lyman,M,26
Porter,M,26
Russel,M,26
Stewart,M,26
Valentine,M,26
Archibald,M,25
Carlos,M,25
Dallas,M,25
Dick,M,25
Dwight,M,25
Evan,M,25
Lon,M,25
Lorenzo,M,25
Milo,M,25
Antonio,M,24
Arther,M,24
Christ,M,24
Clem,M,24
Francisco,M,24
Herschel,M,24
Jason,M,24
Joshua,M,24
Omer,M,24
Randolph,M,24
Zack,M,24
Abner,M,23
Chas,M,23
Dee,M,23
Emerson,M,23
Hal,M,23
Lacy,M,23
Matt,M,23
Myron,M,23
Noel,M,23
Royal,M,23
Ted,M,23
Wilmer,M,23
Allie,M,22
Early,M,22
Elzie,M,22
Gabriel,M,22
Green,M,22
Harris,M,22
Merritt,M,22
Napoleon,M,22
Reginald,M,22
Shirley,M,22
Sol,M,22
Taylor,M,22
Walker,M,22
Elliott,M,21
Haywood,M,21
Irwin,M,21
Ronald,M,21
Sydney,M,21
Turner,M,21
Wendell,M,21
Addison,M,20
Alvie,M,20
Anna,M,20
Casper,M,20
Corbett,M,20
Eldridge,M,20
Eric,M,20
Garfield,M,20
Granville,M,20
Gust,M,20
Harmon,M,20
King,M,20
Lionel,M,20
Nels,M,20
Oren,M,20
Parker,M,20
Urban,M,20
Vance,M,20
Webster,M,20
Winfield,M,20
Abram,M,19
Aloysius,M,19
Alphonse,M,19
Angelo,M,19
Emmet,M,19
Gene,M,19
Gustav,M,19
Hans,M,19
Hardy,M,19
Isadore,M,19
Jean,M,19
Judson,M,19
Lafayette,M,19
Lawson,M,19
Mckinley,M,19
Melville,M,19
Ole,M,19
Orval,M,19
Otha,M,19
Phil,M,19
Raleigh,M,19
Rupert,M,19
Sandy,M,19
Truman,M,19
Wm,M,19
Adrian,M,18
Avery,M,18
Benjiman,M,18
Bruno,M,18
Cary,M,18
Dominick,M,18
Elvin,M,18
Essie,M,18
Houston,M,18
Josh,M,18
Mason,M,18
Nat,M,18
Odie,M,18
Otho,M,18
Palmer,M,18
Wyatt,M,18
Arlie,M,17
Ashley,M,17
Bertram,M,17
Buford,M,17
Clare,M,17
Cliff,M,17
Dewey,M,17
Frances,M,17
Fritz,M,17
Harlan,M,17
Lowell,M,17
Lucian,M,17
Luis,M,17
Milford,M,17
Olin,M,17
Oral,M,17
Ramon,M,17
Thad,M,17
Thurman,M,17
Tillman,M,17
Verner,M,17
Waldo,M,17
Albin,M,16
Artie,M,16
Carter,M,16
Elton,M,16
Emmitt,M,16
Frederic,M,16
Henderson,M,16
Jonathan,M,16
Jordan,M,16
Logan,M,16
Merrill,M,16
Micheal,M,16
Olaf,M,16
Pink,M,16
Rollie,M,16
Saul,M,16
Son,M,16
Stuart,M,16
Warner,M,16
Abel,M,15
Bessie,M,15
Buster,M,15
Elza,M,15
Emma,M,15
Ernst,M,15
Guss,M,15
Jimmy,M,15
Justin,M,15
Levy,M,15
Lige,M,15
Margaret,M,15
Merton,M,15
Orrin,M,15
Ruth,M,15
Sterling,M,15
Theron,M,15
Verne,M,15
Vernie,M,15
Vester,M,15
Washington,M,15
Wilber,M,15
Bennett,M,14
Bertha,M,14
Beverly,M,14
Burt,M,14
Coleman,M,14
Eldon,M,14
Ezekiel,M,14
Hallie,M,14
Jodie,M,14
Judge,M,14
Jules,M,14
Loy,M,14
Maynard,M,14
Mortimer,M,14
Obie,M,14
Orlando,M,14
Reid,M,14
Seth,M,14
Shelby,M,14
Sid,M,14
Sim,M,14
Smith,M,14
Tommy,M,14
Wylie,M,14
Angus,M,13
Bernie,M,13
Billie,M,13
Boss,M,13
Dalton,M,13
Dana,M,13
Dayton,M,13
Dell,M,13
Eduardo,M,13
Florence,M,13
Ford,M,13
Howell,M,13
Jesus,M,13
Jonas,M,13
Jonnie,M,13
Josiah,M,13
Lem,M,13
Lenard,M,13
Maude,M,13
Miguel,M,13
Norris,M,13
Oswald,M,13
Prince,M,13
Ransom,M,13
Ruby,M,13
Steven,M,13
Toney,M,13
Alphonso,M,12
Audley,M,12
Berry,M,12
Buck,M,12
Burl,M,12
Carey,M,12
Carson,M,12
Davis,M,12
Elmo,M,12
Gale,M,12
Graham,M,12
Hervey,M,12
Hollis,M,12
Hyman,M,12
Irl,M,12
Israel,M,12
Jones,M,12
Kelly,M,12
Linwood,M,12
Llewellyn,M,12
Lonie,M,12
Lou,M,12
Lucien,M,12
Madison,M,12
Minor,M,12
Nolan,M,12
Paris,M,12
Reed,M,12
Seymour,M,12
Terry,M,12
Theo,M,12
Tobe,M,12
Tracy,M,12
Unknown,M,12
Vaughn,M,12
Vivian,M,12
Williams,M,12
Adolphus,M,11
Alan,M,11
Bailey,M,11
Bartholomew,M,11
Bryant,M,11
Chesley,M,11
Cleo,M,11
Cloyd,M,11
Coy,M,11
Crawford,M,11
Elmore,M,11
Enos,M,11
Ephriam,M,11
Ernie,M,11
Ethel,M,11
Finis,M,11
Garrett,M,11
Golden,M,11
Hampton,M,11
Heber,M,11
Henery,M,11
Issac,M,11
June,M,11
Keith,M,11
Loyal,M,11
Marshal,M,11
Monte,M,11
Nellie,M,11
Okey,M,11
Orin,M,11
Ottis,M,11
Price,M,11
Randall,M,11
Rolla,M,11
Thornton,M,11
Weldon,M,11
Wilburn,M,11
Ace,M,10
Alford,M,10
Algie,M,10
Alonza,M,10
Alvah,M,10
Alvis,M,10
Annie,M,10
Art,M,10
Author,M,10
Axel,M,10
Benjaman,M,10
Billy,M,10
Brooks,M,10
Carlyle,M,10
Cicero,M,10
Cletus,M,10
Clint,M,10
Duncan,M,10
Elie,M,10
Eliga,M,10
Elizabeth,M,10
Fate,M,10
Gail,M,10
Gary,M,10
Gertrude,M,10
Gregorio,M,10
Gregory,M,10
Hayward,M,10
Hazel,M,10
Hudson,M,10
Isom,M,10
Ivy,M,10
Jennie,M,10
Kyle,M,10
Lamar,M,10
Leander,M,10
Lincoln,M,10
Louise,M,10
Lucious,M,10
Lum,M,10
Marcellus,M,10
Newman,M,10
Norbert,M,10
Ocie,M,10
Olen,M,10
Omar,M,10
Pablo,M,10
Roderick,M,10
Rollin,M,10
Roman,M,10
Roswell,M,10
Rowland,M,10
Rubin,M,10
Sarah,M,10
Seward,M,10
Stanford,M,10
Thaddeus,M,10
Tomas,M,10
Walton,M,10
Watson,M,10
Winfred,M,10
Wong,M,10
Adelbert,M,9
Alpha,M,9
Andres,M,9
Anson,M,9
Aron,M,9
Benjamine,M,9
Benny,M,9
Blaine,M,9
Bonnie,M,9
Bradley,M,9
Bryan,M,9
Burr,M,9
Butler,M,9
Cal,M,9
Carlisle,M,9
Casey,M,9
Clara,M,9
Clarance,M,9
Doc,M,9
Dolphus,M,9
Egbert,M,9
Eligah,M,9
Elsie,M,9
Ephraim,M,9
Evans,M,9
Fleming,M,9
Gerard,M,9
Helmer,M,9
Hezekiah,M,9
Hilliard,M,9
Humphrey,M,9
Hunter,M,9
Ida,M,9
Ignatius,M,9
Lew,M,9
Loran,M,9
Mathias,M,9
Melton,M,9
Miller,M,9
Norval,M,9
Octave,M,9
Odis,M,9
Oran,M,9
Pierce,M,9
Pierre,M,9
Raphael,M,9
Reese,M,9
Richmond,M,9
Rodney,M,9
Rush,M,9
Shelton,M,9
Spurgeon,M,9
Squire,M,9
Talmage,M,9
Wellington,M,9
West,M,9
Zeno,M,9
Addie,M,8
Alden,M,8
Antone,M,8
Arley,M,8
Arvel,M,8
Bart,M,8
Bee,M,8
Bernhard,M,8
Brown,M,8
Byrd,M,8
Carleton,M,8
Claudie,M,8
Collie,M,8
Courtney,M,8
Craig,M,8
Delmer,M,8
Dexter,M,8
Doyle,M,8
Ella,M,8
Emmit,M,8
Ennis,M,8
Erby,M,8
Essex,M,8
Eva,M,8
Fernando,M,8
Floy,M,8
Gabe,M,8
Guadalupe,M,8
Harve,M,8
Hector,M,8
Helen,M,8
Hillard,M,8
Holly,M,8
Hughey,M,8
Isidore,M,8
Ivey,M,8
Ivory,M,8
Kirby,M,8
Lawerence,M,8
Leigh,M,8
Len,M,8
Lennie,M,8
Linton,M,8
Lonzo,M,8
Love,M,8
Lucas,M,8
Malcom,M,8
Manford,M,8
Maxwell,M,8
May,M,8
Mont,M,8
Murphy,M,8
Orie,M,8
Orla,M,8
Ovid,M,8
Park,M,8
Percival,M,8
Pleasant,M,8
Rafael,M,8
Rolland,M,8
Stacy,M,8
Sylvanus,M,8
Tim,M,8
Travis,M,8
Wash,M,8
Weaver,M,8
Werner,M,8
Wilton,M,8
Woodson,M,8
Wright,M,8
Agnes,M,7
Alfonso,M,7
Alfredo,M,7
Alston,M,7
Ansel,M,7
Arvid,M,7
Audrey,M,7
Augusta,M,7
Bascom,M,7
Baxter,M,7
Benedict,M,7
Bertie,M,7
Bertrand,M,7
Birt,M,7
Blake,M,7
Brice,M,7
Buddy,M,7
Burrell,M,7
Claire,M,7
Cleave,M,7
Clemmie,M,7
Clemon,M,7
Collins,M,7
Cora,M,7
Cullen,M,7
Danial,M,7
Dempsey,M,7
Donnie,M,7
Dorothy,M,7
Durward,M,7
Einar,M,7
Elliot,M,7
Elwin,M,7
Estel,M,7
Esther,M,7
Everette,M,7
Fern,M,7
Franz,M,7
Garnet,M,7
Garnett,M,7
Gaston,M,7
Gay,M,7
Gerhard,M,7
Glover,M,7
Gurney,M,7
Hamilton,M,7
Hebert,M,7
Hermon,M,7
Hezzie,M,7
Hill,M,7
Hobart,M,7
Hosea,M,7
Hoyt,M,7
Huey,M,7
Hughie,M,7
Isham,M,7
Kurt,M,7
Lillian,M,7
Lindsey,M,7
Linus,M,7
Lois,M,7
Lula,M,7
Mahlon,M,7
Marie,M,7
Martha,M,7
Mattie,M,7
Mearl,M,7
Murl,M,7
Nicolas,M,7
Nora,M,7
Oakley,M,7
Oddie,M,7
Odell,M,7
Orange,M,7
Osborne,M,7
Parley,M,7
Ramsey,M,7
Reinhold,M,7
Rene,M,7
Roe,M,7
Romeo,M,7
Rueben,M,7
Ruel,M,7
Sammie,M,7
Sampson,M,7
Shelly,M,7
Simeon,M,7
Sullivan,M,7
Tolbert,M,7
Toy,M,7
Vicente,M,7
Vinton,M,7
Wayman,M,7
Webb,M,7
Winston,M,7
Yee,M,7
Zed,M,7
Ada,M,6
Adolfo,M,6
Alec,M,6
Alf,M,6
Allison,M,6
Alois,M,6
Ammon,M,6
Audy,M,6
Augustine,M,6
Auther,M,6
Barnie,M,6
Barton,M,6
Benjamen,M,6
Bernice,M,6
Berton,M,6
Bishop,M,6
Blair,M,6
Blanche,M,6
Burnie,M,6
Caleb,M,6
Camille,M,6
Carrie,M,6
Colonel,M,6
Conley,M,6
Connie,M,6
Creed,M,6
Delmar,M,6
Denis,M,6
Denver,M,6
Dominic,M,6
Donat,M,6
Drew,M,6
Eben,M,6
Edna,M,6
Effie,M,6
Elige,M,6
Ellen,M,6
Emmons,M,6
Erich,M,6
Erle,M,6
Esau,M,6
Esley,M,6
Estill,M,6
Eston,M,6
Evert,M,6
Ferd,M,6
Flem,M,6
Florian,M,6
Furman,M,6
Geo,M,6
Gillie,M,6
Godfrey,M,6
Gorden,M,6
Grace,M,6
Greely,M,6
Gustaf,M,6
Harrie,M,6
Haskell,M,6
Hattie,M,6
Hayes,M,6
Horatio,M,6
Ignacio,M,6
Isidor,M,6
Iver,M,6
Jewell,M,6
Johnson,M,6
Jule,M,6
Kay,M,6
Kelley,M,6
Lambert,M,6
Larkin,M,6
Laverne,M,6
Lemon,M,6
Lex,M,6
Lilburn,M,6
Littleton,M,6
Lucy,M,6
Ludwig,M,6
Lue,M,6
Mabel,M,6
Mac,M,6
Magnus,M,6
Malachi,M,6
Manley,M,6
Manning,M,6
Meyer,M,6
Mildred,M,6
Minnie,M,6
Mitchel,M,6
Myrtle,M,6
Nickolas,M,6
Oda,M,6
Ola,M,6
Oma,M,6
Ova,M,6
Pascal,M,6
Pasquale,M,6
Plummer,M,6
Presley,M,6
Rae,M,6
Rafe,M,6
Rocco,M,6
Rose,M,6
Rube,M,6
Rudy,M,6
Salvador,M,6
Salvatore,M,6
Sanders,M,6
Santiago,M,6
Sheldon,M,6
Shellie,M,6
Solon,M,6
Teodoro,M,6
Uriah,M,6
Vere,M,6
Wilhelm,M,6
Willian,M,6
Williard,M,6
Zeb,M,6
Zollie,M,6
Acie,M,5
Adlai,M,5
Adolf,M,5
Alcide,M,5
Algot,M,5
Alice,M,5
Alma,M,5
Almon,M,5
Alpheus,M,5
Alta,M,5
Alto,M,5
Amon,M,5
Archer,M,5
Arie,M,5
Arlington,M,5
Armand,M,5
Asbury,M,5
Audie,M,5
Barnett,M,5
Bedford,M,5
Belton,M,5
Beryl,M,5
Bess,M,5
Booker,M,5
Bradford,M,5
Brady,M,5
Brantley,M,5
Burgess,M,5
Cameron,M,5
Carlo,M,5
Carmen,M,5
Carmine,M,5
Carrol,M,5
Carry,M,5
Casimir,M,5
Chalmers,M,5
Chauncy,M,5
Clemens,M,5
Cline,M,5
Clive,M,5
Coley,M,5
Collis,M,5
Colon,M,5
Cooper,M,5
Cornelious,M,5
Crit,M,5
Darius,M,5
Darrell,M,5
Davie,M,5
Deforest,M,5
Dennie,M,5
Dillard,M,5
Dink,M,5
Dolph,M,5
Duke,M,5
Edith,M,5
Edson,M,5
Elden,M,5
Eldred,M,5
Estelle,M,5
Ewald,M,5
Ewell,M,5
Fannie,M,5
Fayette,M,5
Fenton,M,5
Ferdie,M,5
Ferris,M,5
Festus,M,5
Finley,M,5
Foy,M,5
Franklyn,M,5
Frederich,M,5
French,M,5
Garvin,M,5
Gottlieb,M,5
Griffin,M,5
Gurley,M,5
Gussie,M,5
Hamp,M,5
Handy,M,5
Harland,M,5
Harlie,M,5
Harlow,M,5
Herold,M,5
Hershel,M,5
Hilmer,M,5
Hilton,M,5
Hjalmer,M,5
Hobert,M,5
Hollie,M,5
Irene,M,5
Isaih,M,5
Iverson,M,5
Ivo,M,5
Jeffery,M,5
Jennings,M,5
Jep,M,5
Jhon,M,5
Julia,M,5
Julious,M,5
Justus,M,5
Kent,M,5
Landon,M,5
Lea,M,5
Leeroy,M,5
Lillie,M,5
Lindsay,M,5
Lorenza,M,5
Lorin,M,5
Loring,M,5
Mat,M,5
Math,M,5
Matthews,M,5
Maxie,M,5
Milburn,M,5
Moe,M,5
Nevin,M,5
Newt,M,5
Obed,M,5
Oris,M,5
Orlie,M,5
Orris,M,5
Orvel,M,5
Orvis,M,5
Ossie,M,5
Oswell,M,5
Pearlie,M,5
Peder,M,5
Perley,M,5
Ples,M,5
Prosper,M,5
Quincy,M,5
Raymon,M,5
Rich,M,5
Robt,M,5
Roby,M,5
Rodger,M,5
Rosco,M,5
Sebastian,M,5
Selmer,M,5
Shedrick,M,5
Shelley,M,5
Sie,M,5
Sonnie,M,5
Sylvan,M,5
Terrence,M,5
Theadore,M,5
Thompson,M,5
Tucker,M,5
Vannie,M,5
Vernal,M,5
Virgle,M,5
Walt,M,5
Waverly,M,5
Waymon,M,5
Wess,M,5
Wheeler,M,5
Whit,M,5
Wilfrid,M,5
Wirt,M,5
Woodie,M,5
Worth,M,5
Xavier,M,5
Yancey,M,5
Yancy,M,5
Young,M,5
