name,gender,count
Mary,F,14275
Helen,F,6129
Anna,F,5098
Margaret,F,5046
Ruth,F,4518
Elizabeth,F,3723
Marie,F,3469
Florence,F,3468
Ethel,F,3257
Mildred,F,3088
Dorothy,F,3078
Alice,F,2996
Lillian,F,2972
Gladys,F,2674
Edna,F,2667
Grace,F,2615
Annie,F,2551
Rose,F,2478
Frances,F,2365
Clara,F,2342
Bessie,F,2339
Bertha,F,2309
Emma,F,2308
Gertrude,F,2253
Mabel,F,2163
Hazel,F,2139
Pearl,F,2046
Irene,F,2001
Martha,F,1980
Myrtle,F,1980
Louise,F,1935
Catherine,F,1916
Edith,F,1901
Esther,F,1883
Minnie,F,1846
Eva,F,1783
Ida,F,1774
Elsie,F,1720
Agnes,F,1616
Josephine,F,1587
Sarah,F,1553
Ruby,F,1538
Laura,F,1503
Viola,F,1495
Nellie,F,1491
Lillie,F,1485
Thelma,F,1479
Julia,F,1447
Beatrice,F,1439
Ella,F,1419
Mattie,F,1278
Carrie,F,1252
Alma,F,1244
Evelyn,F,1211
Jessie,F,1202
Lena,F,1200
Lucille,F,1193
Mae,F,1192
Blanche,F,1174
Hattie,F,1106
Marion,F,1042
Pauline,F,1042
Virginia,F,1032
Fannie,F,1016
Stella,F,1016
Katherine,F,1015
Willie,F,1014
Lucy,F,990
Mamie,F,990
Cora,F,986
Jennie,F,936
Beulah,F,920
Lula,F,913
Rosa,F,911
Vera,F,899
Leona,F,881
Bernice,F,868
Ada,F,843
Eleanor,F,840
Maggie,F,780
Dora,F,778
Daisy,F,776
Maude,F,776
Ann,F,774
Ellen,F,773
Kathryn,F,729
Nora,F,724
Hilda,F,698
Sadie,F,683
Susie,F,680
Marguerite,F,667
Lois,F,664
Violet,F,636
Georgia,F,632
Doris,F,629
Della,F,611
Olive,F,597
Betty,F,596
Velma,F,589
Anne,F,581
Emily,F,558
Theresa,F,553
Effie,F,552
Lola,F,547
Nettie,F,547
Opal,F,542
May,F,541
Flora,F,536
Nancy,F,527
Sallie,F,523
Katie,F,512
Marjorie,F,511
Lottie,F,509
Loretta,F,505
Charlotte,F,504
Lydia,F,502
Inez,F,485
Alberta,F,483
Eunice,F,469
Sylvia,F,464
Jean,F,462
Mable,F,461
Ollie,F,460
Lizzie,F,458
Eula,F,449
Addie,F,441
Henrietta,F,433
Vivian,F,432
Goldie,F,430
Genevieve,F,427
Verna,F,424
Rosie,F,423
Lela,F,420
Etta,F,416
Harriet,F,416
Estelle,F,402
Madeline,F,400
Ora,F,399
Iva,F,398
Essie,F,396
Caroline,F,389
Rachel,F,383
Jane,F,381
Maria,F,379
Lucile,F,370
Christine,F,363
Marian,F,355
Naomi,F,355
Kathleen,F,352
Amelia,F,347
Barbara,F,346
Irma,F,346
Nina,F,345
Rebecca,F,334
Sara,F,333
Victoria,F,330
Nannie,F,325
Norma,F,311
Sophie,F,311
Ola,F,309
Geneva,F,308
Estella,F,305
Susan,F,305
Juanita,F,304
Erma,F,302
Flossie,F,297
Frieda,F,294
Wilma,F,293
Sally,F,288
Luella,F,286
Mollie,F,284
Alta,F,282
Olga,F,281
Freda,F,280
Celia,F,278
Audrey,F,276
Fern,F,276
Winifred,F,272
Janie,F,260
Isabel,F,257
Ina,F,256
Elva,F,255
Hannah,F,250
Allie,F,247
Amanda,F,247
Eliza,F,247
Matilda,F,245
Amy,F,242
Cecelia,F,242
Cleo,F,221
Muriel,F,220
Cecilia,F,218
Miriam,F,218
Selma,F,218
Rena,F,217
Virgie,F,214
Isabelle,F,213
Regina,F,213
Sophia,F,213
Adeline,F,212
Josie,F,210
Winnie,F,208
Lila,F,206
Nell,F,206
Augusta,F,205
Roberta,F,205
Leola,F,204
Anita,F,202
Kate,F,202
Belle,F,200
Bonnie,F,200
Callie,F,199
Margie,F,199
Geraldine,F,198
Jeanette,F,198
Jewel,F,197
Jewell,F,197
Dollie,F,193
Fay,F,190
Faye,F,190
Millie,F,189
Bertie,F,188
Tillie,F,179
Maud,F,176
Zelma,F,176
Leah,F,175
Veronica,F,175
Rita,F,174
Teresa,F,174
Gussie,F,170
Letha,F,165
Adele,F,164
Claire,F,164
Roxie,F,163
Elma,F,162
Jeannette,F,161
Ila,F,160
Antoinette,F,159
Cecile,F,159
Mayme,F,158
Carolyn,F,157
Angeline,F,152
Gracie,F,151
Maudie,F,151
Phyllis,F,150
Angelina,F,149
Lelia,F,149
Marcella,F,149
Cornelia,F,148
Hester,F,147
Madge,F,146
Sue,F,146
Delia,F,145
Lessie,F,145
Lora,F,145
Adelaide,F,144
Constance,F,144
June,F,143
Lorena,F,143
Johnnie,F,141
Birdie,F,138
Leila,F,138
Dorothea,F,136
Eloise,F,134
Wanda,F,134
Lou,F,133
Angela,F,132
Elnora,F,132
Lenora,F,132
Zella,F,132
Nola,F,131
Olivia,F,130
Dovie,F,129
Dessie,F,128
Myra,F,128
Hallie,F,127
Rosalie,F,127
Katharine,F,126
Oma,F,126
Reba,F,126
Lorraine,F,125
Bettie,F,123
Helene,F,123
Lilly,F,123
Lulu,F,122
Ophelia,F,122
Rhoda,F,122
Neva,F,121
Janet,F,119
Corinne,F,118
Lorene,F,116
Dolores,F,114
Bess,F,112
Harriett,F,112
Merle,F,112
Pearlie,F,112
Elvira,F,110
Lee,F,110
Alvina,F,109
Francis,F,109
Yvonne,F,109
Helena,F,108
Hulda,F,108
Hettie,F,107
Ernestine,F,106
Vesta,F,105
Wilhelmina,F,105
Cecil,F,103
Shirley,F,102
Catharine,F,101
Eileen,F,101
Eugenia,F,100
Erna,F,99
Isabell,F,99
Annette,F,98
Claudia,F,98
Isabella,F,96
Louisa,F,96
Lily,F,95
Vida,F,95
Peggy,F,93
Dolly,F,92
Lucinda,F,92
Abbie,F,91
Johanna,F,91
Aline,F,90
Carmen,F,90
Christina,F,90
Edythe,F,90
Linda,F,90
Lona,F,90
Pansy,F,89
Mathilda,F,88
Odessa,F,88
Elsa,F,87
Jeanne,F,87
Lura,F,87
Corine,F,86
Mina,F,86
Rosetta,F,86
Alpha,F,85
Gertie,F,85
Golda,F,85
Linnie,F,85
Rosella,F,84
Billie,F,83
Jimmie,F,83
Leta,F,83
Orpha,F,83
Zora,F,83
Clarice,F,82
Leota,F,82
Frankie,F,81
Leora,F,80
Era,F,79
Fanny,F,79
Lettie,F,79
Patricia,F,79
Priscilla,F,79
Willa,F,79
Connie,F,78
Donna,F,78
Lenore,F,78
Meta,F,78
Mittie,F,77
Nona,F,77
Verda,F,77
Minerva,F,76
Rae,F,76
Molly,F,75
Louella,F,74
Zula,F,74
Iona,F,73
Joyce,F,73
Polly,F,73
Blanch,F,72
Evie,F,72
Hortense,F,72
Vada,F,72
Maxine,F,70
Carmela,F,69
Eddie,F,69
Maybelle,F,69
Iola,F,68
Jannie,F,68
Phoebe,F,68
Tessie,F,68
Arlene,F,67
Carol,F,67
Ivy,F,66
Leone,F,66
Philomena,F,66
Artie,F,65
Cynthia,F,65
Iris,F,65
Agatha,F,64
Angie,F,64
Floy,F,64
Zola,F,64
Aileen,F,63
Ione,F,63
Joan,F,63
Lauretta,F,63
Gwendolyn,F,62
Mazie,F,62
Berniece,F,61
Annabelle,F,60
Elda,F,60
Elisabeth,F,60
Sudie,F,60
Mona,F,59
Myrtie,F,59
Robbie,F,59
Alva,F,58
Cassie,F,58
Emilie,F,58
Malinda,F,58
Rubye,F,58
Antonia,F,57
Beryl,F,57
Clare,F,57
Dixie,F,57
Florine,F,57
Paula,F,57
Bernadette,F,56
Chloe,F,56
Mabelle,F,56
Arline,F,55
Ava,F,55
Georgie,F,55
Loraine,F,55
Imogene,F,54
Ona,F,54
Sybil,F,54
Alyce,F,53
Berta,F,53
Elaine,F,53
Elise,F,53
Maurine,F,53
Natalie,F,53
Nelle,F,53
Clyde,F,52
Cordelia,F,52
Eleanore,F,52
Madeleine,F,52
Mandy,F,52
Queen,F,52
Veda,F,52
Corrine,F,51
Lovie,F,51
Albina,F,50
Bernadine,F,50
Glenna,F,50
Leatha,F,50
Lue,F,50
Tommie,F,50
Althea,F,49
Lennie,F,49
Tressie,F,49
Wilda,F,49
Avis,F,48
Bell,F,48
Ellie,F,48
Rosemary,F,48
Una,F,48
Vina,F,48
Hope,F,47
Idella,F,47
Madelyn,F,47
Aurelia,F,46
Ferne,F,46
Lina,F,46
Ludie,F,46
Magnolia,F,46
Ocie,F,46
Pinkie,F,46
Ursula,F,46
Joanna,F,45
Melba,F,45
Nan,F,45
Zelda,F,45
Bella,F,44
Ester,F,44
Florida,F,44
Garnet,F,44
Luvenia,F,44
Tina,F,44
Vallie,F,44
Melvina,F,43
Pearle,F,43
Vergie,F,43
Camille,F,42
Delphia,F,42
Vernie,F,42
Winona,F,42
Emilia,F,41
Evangeline,F,41
Filomena,F,41
John,F,41
Laverne,F,41
Lyda,F,41
Margery,F,41
Zona,F,41
Clementine,F,40
Elinor,F,40
Georgiana,F,40
Ima,F,40
Lilla,F,40
Magdalena,F,40
Margarita,F,40
Maye,F,40
Octavia,F,40
Rhea,F,40
Adell,F,39
Alda,F,39
Elmira,F,39
Gretchen,F,39
Harriette,F,39
Julie,F,39
Lavina,F,39
Myrtis,F,39
Adah,F,38
Easter,F,38
Lida,F,38
Marcia,F,38
Rubie,F,38
Almeda,F,37
Belva,F,37
Bennie,F,37
Carmella,F,37
Charlie,F,37
Dona,F,37
Estell,F,37
Georgianna,F,37
Kay,F,37
Madie,F,37
Margret,F,37
Reva,F,37
Berenice,F,36
Celeste,F,36
Donnie,F,36
Esta,F,36
Jettie,F,36
Leonora,F,36
Lilian,F,36
Melva,F,36
Monica,F,36
Verdie,F,36
Albertha,F,35
Allene,F,35
Evalyn,F,35
Janice,F,35
Melissa,F,35
Ramona,F,35
Savannah,F,35
Susanna,F,35
William,F,35
Camilla,F,34
Claudie,F,34
Eleanora,F,34
Hilma,F,34
Ira,F,34
Ray,F,34
Ressie,F,34
Clemmie,F,33
Eve,F,33
Judith,F,33
Magdalene,F,33
Marietta,F,33
Mercedes,F,33
Rosina,F,33
Stephanie,F,33
Winnifred,F,33
Beth,F,32
Carolina,F,32
Charity,F,32
Concetta,F,32
Cordie,F,32
Crystal,F,32
Dorthy,F,32
Faith,F,32
Gene,F,32
Idell,F,32
Inga,F,32
Lucretia,F,32
Novella,F,32
Rachael,F,32
Tennie,F,32
Alverta,F,31
Celestine,F,31
Gail,F,31
Guadalupe,F,31
Lorna,F,31
Rosia,F,31
Yetta,F,31
Anastasia,F,30
Audra,F,30
Ethelyn,F,30
Hildred,F,30
Joy,F,30
Lonnie,F,30
Nadine,F,30
Nita,F,30
Rosamond,F,30
Therese,F,30
Viva,F,30
Audie,F,29
Bulah,F,29
Elna,F,29
Emmie,F,29
Ethyl,F,29
Eulalia,F,29
Francisca,F,29
Freida,F,29
Hedwig,F,29
Jenny,F,29
Jo,F,29
Juana,F,29
Kitty,F,29
Lera,F,29
Manuela,F,29
Marvel,F,29
Pattie,F,29
Queenie,F,29
Retta,F,29
Signe,F,29
Theo,F,29
Adela,F,28
Adelia,F,28
Annis,F,28
Aurora,F,28
Bobbie,F,28
Delma,F,28
Elenora,F,28
Ettie,F,28
James,F,28
Luna,F,28
Missouri,F,28
Ossie,F,28
Arizona,F,27
Arvilla,F,27
Eda,F,27
Elvera,F,27
George,F,27
Hertha,F,27
Johnie,F,27
Katheryn,F,27
Macie,F,27
Millicent,F,27
Retha,F,27
Rowena,F,27
Ruthie,F,27
Tena,F,27
Adella,F,26
Alene,F,26
Altha,F,26
Annabel,F,26
Diana,F,26
Golden,F,26
Hellen,F,26
Kattie,F,26
Maybell,F,26
Petra,F,26
Roma,F,26
Rosalind,F,26
Annetta,F,25
Arrie,F,25
Berneice,F,25
Gloria,F,25
Goldia,F,25
Grayce,F,25
Joe,F,25
Lavinia,F,25
Lolita,F,25
Louvenia,F,25
Lucia,F,25
Reta,F,25
Rosalia,F,25
Treva,F,25
Annabell,F,24
Dena,F,24
Eldora,F,24
Felicia,F,24
Lelah,F,24
Leslie,F,24
Myrle,F,24
Oda,F,24
Rosanna,F,24
Sophronia,F,24
Theodora,F,24
Valeria,F,24
Velda,F,24
Vinnie,F,24
Zetta,F,24
Ara,F,23
Birtha,F,23
Consuelo,F,23
Dorcas,F,23
Elena,F,23
Eura,F,23
Hassie,F,23
Juliette,F,23
Letitia,F,23
Madaline,F,23
Mammie,F,23
Maxie,F,23
Mellie,F,23
Neta,F,23
Norine,F,23
Salome,F,23
Selena,F,23
Albertine,F,22
Bridget,F,22
Cathrine,F,22
Clora,F,22
Delores,F,22
Emelia,F,22
Eulah,F,22
Exie,F,22
Florrie,F,22
Hildegarde,F,22
Icie,F,22
Kathrine,F,22
Mariah,F,22
Mozelle,F,22
Myrna,F,22
Odelia,F,22
Osie,F,22
Rilla,F,22
Suzanne,F,22
Tressa,F,22
Trudie,F,22
Vertie,F,22
Aletha,F,21
Alida,F,21
Amalia,F,21
Beaulah,F,21
Clarissa,F,21
Coral,F,21
Deborah,F,21
Dorotha,F,21
Elvie,F,21
Elvina,F,21
Etha,F,21
Flo,F,21
Freddie,F,21
Lonie,F,21
Lorine,F,21
Louie,F,21
Margaretta,F,21
Maymie,F,21
Neoma,F,21
Nonie,F,21
Nova,F,21
Rossie,F,21
Sibyl,F,21
Vena,F,21
Zada,F,21
Zettie,F,21
Abigail,F,20
Amie,F,20
Bethel,F,20
Christena,F,20
Corene,F,20
Delphine,F,20
Dortha,F,20
Ebba,F,20
Edwina,F,20
Edyth,F,20
Enid,F,20
Georgina,F,20
Leonia,F,20
Leontine,F,20
Liddie,F,20
Liza,F,20
Loma,F,20
Lucie,F,20
Malvina,F,20
Manda,F,20
Margarete,F,20
Margarette,F,20
Minna,F,20
Nella,F,20
Odie,F,20
Patsy,F,20
Sadye,F,20
Selina,F,20
Verona,F,20
Antonette,F,19
Arlie,F,19
Cathryn,F,19
Charles,F,19
Cordia,F,19
Eudora,F,19
Evelina,F,19
Garnett,F,19
Greta,F,19
Hanna,F,19
Kathryne,F,19
Leda,F,19
Magdalen,F,19
Mallie,F,19
Myrl,F,19
Palma,F,19
Pollie,F,19
Prudence,F,19
Rafaela,F,19
Rosalee,F,19
Sidney,F,19
Vella,F,19
Violette,F,19
Zoe,F,19
Adelina,F,18
Cleora,F,18
Corrie,F,18
Delilah,F,18
Earline,F,18
Emmer,F,18
Frank,F,18
Gay,F,18
Germaine,F,18
Gregoria,F,18
Henriette,F,18
Henry,F,18
Josefa,F,18
Lavada,F,18
Mavis,F,18
Mertie,F,18
Olevia,F,18
Ouida,F,18
Ova,F,18
Sammie,F,18
Tempie,F,18
Twila,F,18
Verlie,F,18
Adrienne,F,17
America,F,17
Arie,F,17
Claudine,F,17
Dorris,F,17
Elberta,F,17
Elizebeth,F,17
Evia,F,17
Genie,F,17
Glennie,F,17
Hildegard,F,17
Janette,F,17
Kittie,F,17
Kizzie,F,17
Louis,F,17
Lupe,F,17
Lurline,F,17
Marjory,F,17
Martina,F,17
Mettie,F,17
Myrtice,F,17
Omie,F,17
Serena,F,17
Thyra,F,17
Valerie,F,17
Zita,F,17
Alline,F,16
Almeta,F,16
Bernardine,F,16
Carmel,F,16
Chrystal,F,16
Cleta,F,16
Docia,F,16
Doshia,F,16
Elisa,F,16
Elouise,F,16
Florance,F,16
Freeda,F,16
Gwen,F,16
Hermine,F,16
Icy,F,16
India,F,16
Izetta,F,16
Jesse,F,16
Jessica,F,16
Laurette,F,16
Lea,F,16
Leonie,F,16
Leonor,F,16
Lorenza,F,16
Lovina,F,16
Loyce,F,16
Nelda,F,16
Norene,F,16
Onie,F,16
Ottie,F,16
Ozie,F,16
Sena,F,16
Sigrid,F,16
Thora,F,16
Adaline,F,15
Alicia,F,15
Alvena,F,15
Ana,F,15
Angelita,F,15
Cleda,F,15
Delcie,F,15
Doshie,F,15
Dottie,F,15
Euna,F,15
Fae,F,15
Fleta,F,15
Flonnie,F,15
Helga,F,15
Jennette,F,15
Jossie,F,15
Juliet,F,15
Justine,F,15
Lexie,F,15
Libby,F,15
Lissie,F,15
Marry,F,15
Mathilde,F,15
Matilde,F,15
Meda,F,15
Monnie,F,15
Odile,F,15
Pearline,F,15
Sister,F,15
Tilda,F,15
Vashti,F,15
Velva,F,15
Verla,F,15
Vira,F,15
Virgil,F,15
Andrea,F,14
Ardella,F,14
Carmelita,F,14
Ceola,F,14
Claribel,F,14
Coletta,F,14
Dana,F,14
Daphne,F,14
Delpha,F,14
Delta,F,14
Drusilla,F,14
Ela,F,14
Euphemia,F,14
Florie,F,14
Gena,F,14
Gertha,F,14
Henretta,F,14
Jacqueline,F,14
Larue,F,14
Lavera,F,14
Laverna,F,14
Leanna,F,14
Lelar,F,14
Lenna,F,14
Letty,F,14
Lilah,F,14
Mahala,F,14
Malissa,F,14
Marcelle,F,14
Mozell,F,14
Odell,F,14
Parthenia,F,14
Romaine,F,14
Rosalyn,F,14
Roxanna,F,14
Sula,F,14
Vennie,F,14
Vernice,F,14
Aida,F,13
Allean,F,13
Almira,F,13
Alvera,F,13
Anner,F,13
Ardis,F,13
Arlena,F,13
Augustina,F,13
Bert,F,13
Besse,F,13
Blossom,F,13
Bonita,F,13
Buelah,F,13
Capitola,F,13
Carry,F,13
Cathleen,F,13
Creola,F,13
Dee,F,13
Delsie,F,13
Dicie,F,13
Dominga,F,13
Donie,F,13
Drucilla,F,13
Ellar,F,13
Enola,F,13
Eola,F,13
Erie,F,13
Gerda,F,13
Girtha,F,13
Hazle,F,13
Isobel,F,13
Ivah,F,13
Jaunita,F,13
Joseph,F,13
Katy,F,13
Lassie,F,13
Libbie,F,13
Linnea,F,13
Lollie,F,13
Louetta,F,13
Lyla,F,13
Margarett,F,13
Merna,F,13
Minta,F,13
Mintie,F,13
Naoma,F,13
Nathalie,F,13
Olinda,F,13
Paralee,F,13
Renee,F,13
Robert,F,13
Silvia,F,13
Syble,F,13
Theresia,F,13
Tiny,F,13
Walter,F,13
Yolanda,F,13
Zelpha,F,13
Adda,F,12
Adelle,F,12
Aimee,F,12
Alfreda,F,12
Ardell,F,12
Augustine,F,12
Beatriz,F,12
Belvia,F,12
Berdie,F,12
Bernetta,F,12
Beula,F,12
Cary,F,12
Celesta,F,12
Dagmar,F,12
Dean,F,12
Deloris,F,12
Dola,F,12
Earnestine,F,12
Elfrieda,F,12
Elinore,F,12
Elmer,F,12
Floyd,F,12
Frona,F,12
Hermina,F,12
Herminia,F,12
Hessie,F,12
Hetty,F,12
Hildur,F,12
Huldah,F,12
Ivory,F,12
Jackie,F,12
Lilyan,F,12
Loney,F,12
Loretto,F,12
Marceline,F,12
Marianne,F,12
Murl,F,12
Oleta,F,12
Osa,F,12
Ottilie,F,12
Ozella,F,12
Sabina,F,12
Theodosia,F,12
Thresa,F,12
Tracy,F,12
Veola,F,12
Versie,F,12
Vonnie,F,12
Willia,F,12
Adel,F,11
Ailene,F,11
Alease,F,11
Betsy,F,11
Birtie,F,11
Columbia,F,11
Corean,F,11
Daisey,F,11
Earlie,F,11
Elba,F,11
Elease,F,11
Estela,F,11
Ether,F,11
Everlena,F,11
Fairy,F,11
Fronie,F,11
Idamae,F,11
Ilene,F,11
Ines,F,11
Irine,F,11
Izora,F,11
Jeane,F,11
Jeanie,F,11
Jodie,F,11
Josefina,F,11
Judy,F,11
Justina,F,11
Lady,F,11
Lala,F,11
Leo,F,11
Lethia,F,11
Lilia,F,11
Lovey,F,11
Luda,F,11
Luisa,F,11
Mabell,F,11
Madonna,F,11
Maida,F,11
Marilyn,F,11
Marina,F,11
Maryann,F,11
Melinda,F,11
Metta,F,11
Mossie,F,11
Nanie,F,11
Nena,F,11
Norah,F,11
Phebe,F,11
Reatha,F,11
Roxy,F,11
Rutha,F,11
Sabra,F,11
Saddie,F,11
Sina,F,11
Sofia,F,11
Stasia,F,11
Theola,F,11
Tomasa,F,11
Trula,F,11
Vernon,F,11
Vincenza,F,11
Abby,F,10
Adline,F,10
Aggie,F,10
Aleda,F,10
Angella,F,10
Ardelia,F,10
Arletta,F,10
Bama,F,10
Blanchie,F,10
Buna,F,10
Celina,F,10
Dell,F,10
Edward,F,10
Eller,F,10
Erin,F,10
Ethyle,F,10
Etna,F,10
Eulalie,F,10
Fleeta,F,10
Florene,F,10
Gabriella,F,10
Gaynell,F,10
Gennie,F,10
Gretta,F,10
Helma,F,10
Idelle,F,10
Ilah,F,10
Isa,F,10
Ivey,F,10
Joann,F,10
Jule,F,10
Laurine,F,10
Lavenia,F,10
Lawrence,F,10
Leana,F,10
Lella,F,10
Lempi,F,10
Lilie,F,10
Loree,F,10
Luberta,F,10
Lucetta,F,10
Luciel,F,10
Lular,F,10
Mandie,F,10
Manila,F,10
Marge,F,10
Margurite,F,10
Mariam,F,10
Mickey,F,10
Milda,F,10
Olla,F,10
Otha,F,10
Paulina,F,10
Pearly,F,10
Rosabelle,F,10
Rosena,F,10
Roslyn,F,10
Rosy,F,10
Tommy,F,10
Trinidad,F,10
Vannie,F,10
Venna,F,10
Vernia,F,10
Vinie,F,10
Virdie,F,10
Vola,F,10
Zilpha,F,10
Altie,F,9
Antionette,F,9
Arleen,F,9
Arletha,F,9
Astrid,F,9
Aubrey,F,9
Aura,F,9
Aurore,F,9
Avie,F,9
Bea,F,9
Bee,F,9
Bette,F,9
Bettye,F,9
Beverly,F,9
Biddie,F,9
Byrdie,F,9
Cara,F,9
Carlota,F,9
Charline,F,9
Chessie,F,9
Chester,F,9
Clair,F,9
Clifford,F,9
Corda,F,9
Dallas,F,9
Debbie,F,9
Dellie,F,9
Dina,F,9
Dorathea,F,9
Doretta,F,9
Earl,F,9
Earle,F,9
Eleonore,F,9
Elmina,F,9
Elta,F,9
Ena,F,9
Erlene,F,9
Ermine,F,9
Eugene,F,9
Evaline,F,9
Eveline,F,9
Evelyne,F,9
Felice,F,9
Felicita,F,9
Felipa,F,9
Frederica,F,9
Girlie,F,9
Gwendoline,F,9
Harry,F,9
Ilo,F,9
Imo,F,9
Ingrid,F,9
Irena,F,9
Jamie,F,9
Jinnie,F,9
Joanne,F,9
Johannah,F,9
Juliana,F,9
Lacy,F,9
Lana,F,9
Lavon,F,9
Leanora,F,9
Leonore,F,9
Lota,F,9
Lotta,F,9
Luetta,F,9
Lynn,F,9
Madgie,F,9
Maebelle,F,9
Maisie,F,9
Margarite,F,9
Margrette,F,9
Marybelle,F,9
Melda,F,9
Mila,F,9
Nelia,F,9
Nettye,F,9
Nevada,F,9
Nezzie,F,9
Noma,F,9
Olympia,F,9
Oneita,F,9
Onnie,F,9
Opha,F,9
Orene,F,9
Otelia,F,9
Ottilia,F,9
Pennie,F,9
Permelia,F,9
Phillis,F,9
Rhodie,F,9
Rosana,F,9
Roselee,F,9
Shellie,F,9
Soledad,F,9
Talitha,F,9
Texie,F,9
Theda,F,9
Thomas,F,9
Ula,F,9
Valda,F,9
Valentine,F,9
Valera,F,9
Vassie,F,9
Venita,F,9
Verne,F,9
Versa,F,9
Verta,F,9
Veta,F,9
Veva,F,9
Virgia,F,9
Vona,F,9
Zadie,F,9
Zina,F,9
Aldea,F,8
Alexandra,F,8
Alga,F,8
Aliene,F,8
Almedia,F,8
Alyne,F,8
Amada,F,8
Annamae,F,8
Arabella,F,8
Arcola,F,8
Arta,F,8
Atha,F,8
Azilee,F,8
Byrd,F,8
Cannie,F,8
Carra,F,8
Ceil,F,8
Celestia,F,8
Cherry,F,8
Christene,F,8
Clarinda,F,8
Claude,F,8
Cleone,F,8
Cleotilde,F,8
Cleva,F,8
Clover,F,8
Concepcion,F,8
Crescentia,F,8
Cressie,F,8
Curtis,F,8
Darlene,F,8
Delfina,F,8
Dema,F,8
Diane,F,8
Dillie,F,8
Dimple,F,8
Domenica,F,8
Eathel,F,8
Editha,F,8
Edmonia,F,8
Elenor,F,8
Eloisa,F,8
Elvena,F,8
Elvia,F,8
Emeline,F,8
Emmaline,F,8
Emmy,F,8
Eular,F,8
Evalena,F,8
Fannye,F,8
Faustina,F,8
Flavia,F,8
Forrest,F,8
Francesca,F,8
Gladyce,F,8
Heloise,F,8
Helyn,F,8
Honora,F,8
Idabelle,F,8
Imelda,F,8
Isadora,F,8
Jonnie,F,8
Josiephine,F,8
Judie,F,8
Karen,F,8
Kathlyn,F,8
Lavelle,F,8
Laveta,F,8
Lavona,F,8
Lealer,F,8
Leaner,F,8
Leoma,F,8
Lesta,F,8
Lester,F,8
Lillia,F,8
Loda,F,8
Luevenia,F,8
Luz,F,8
Madlyn,F,8
Maebell,F,8
Malissie,F,8
Mannie,F,8
Margeret,F,8
Mariana,F,8
Marta,F,8
Matie,F,8
Meredith,F,8
Mignon,F,8
Mima,F,8
Nana,F,8
Nelly,F,8
Oliva,F,8
Orrie,F,8
Ozell,F,8
Pallie,F,8
Pat,F,8
Paul,F,8
Pluma,F,8
Rosaline,F,8
Rosaria,F,8
Rosebud,F,8
Rosey,F,8
Santina,F,8
Santos,F,8
Sibbie,F,8
Signa,F,8
Sylva,F,8
Tinnie,F,8
Trella,F,8
Tula,F,8
Vadie,F,8
Valborg,F,8
Vela,F,8
Vessie,F,8
Vester,F,8
Vicie,F,8
Vivienne,F,8
Waneta,F,8
Willard,F,8
Yvette,F,8
Zena,F,8
Zeta,F,8
Alean,F,7
Aleen,F,7
Alleen,F,7
Alverda,F,7
Alys,F,7
Amber,F,7
Anabel,F,7
Anona,F,7
Antoinetta,F,7
Archie,F,7
Ardelle,F,7
Aretha,F,7
Arlean,F,7
Bernie,F,7
Betha,F,7
Bina,F,7
Birda,F,7
Birdella,F,7
Caldonia,F,7
Carie,F,7
Carlie,F,7
Carlotta,F,7
Clelia,F,7
Clemence,F,7
Clementina,F,7
Cleona,F,7
Cleopatra,F,7
Clotilde,F,7
Clydie,F,7
Concha,F,7
Dagny,F,7
Daisie,F,7
Dale,F,7
Dannie,F,7
Dealie,F,7
Delila,F,7
Dellar,F,7
Dessa,F,7
Dewey,F,7
Dulcie,F,7
Edra,F,7
Elgie,F,7
Elida,F,7
Elina,F,7
Ellyn,F,7
Elverta,F,7
Estie,F,7
Eufemia,F,7
Eugenie,F,7
Evelena,F,7
Exilda,F,7
Ferol,F,7
Fred,F,7
Fronia,F,7
Girtie,F,7
Glen,F,7
Gusta,F,7
Indiana,F,7
Inza,F,7
Ivie,F,7
Iza,F,7
Jeffie,F,7
Jennett,F,7
Jerry,F,7
Jetta,F,7
Lanie,F,7
Laurene,F,7
Laurie,F,7
Lavonia,F,7
Lear,F,7
Leva,F,7
Liller,F,7
Lita,F,7
Lorean,F,7
Lorita,F,7
Lova,F,7
Love,F,7
Lovella,F,7
Lurena,F,7
Madelene,F,7
Mahalia,F,7
Manuelita,F,7
Margert,F,7
Margueritte,F,7
Marrie,F,7
Maureen,F,7
Mayola,F,7
Melina,F,7
Mercy,F,7
Merl,F,7
Meryl,F,7
Mimi,F,7
Mozella,F,7
Natalia,F,7
Nealie,F,7
Nicey,F,7
Nicie,F,7
Nobie,F,7
Nolia,F,7
Noreen,F,7
Odella,F,7
Olena,F,7
Oneta,F,7
Opie,F,7
Oral,F,7
Orelia,F,7
Orilla,F,7
Orma,F,7
Ozelma,F,7
Ozzie,F,7
Pairlee,F,7
Patience,F,7
Peggie,F,7
Perlie,F,7
Pheobie,F,7
Portia,F,7
Prudie,F,7
Refugia,F,7
Relda,F,7
Rella,F,7
Renata,F,7
Rennie,F,7
Robena,F,7
Roseanna,F,7
Roselyn,F,7
Rozella,F,7
Ruie,F,7
Salena,F,7
Savanah,F,7
Sedalia,F,7
Sevilla,F,7
Stacy,F,7
Stellar,F,7
Stephania,F,7
Sylvesta,F,7
Tennessee,F,7
Tera,F,7
Tess,F,7
Toby,F,7
Ulma,F,7
Venice,F,7
Venie,F,7
Venus,F,7
Vernetta,F,7
Wanita,F,7
Williemae,F,7
Woodie,F,7
Wylma,F,7
Yula,F,7
Zenobia,F,7
Zilla,F,7
Zilphia,F,7
Adelaida,F,6
Agness,F,6
Albert,F,6
Albertia,F,6
Aldine,F,6
Aldonia,F,6
Alena,F,6
Alethea,F,6
Alethia,F,6
Allyne,F,6
Almena,F,6
Ammie,F,6
Angele,F,6
Angelena,F,6
Annice,F,6
Antonetta,F,6
Arabelle,F,6
Ardath,F,6
Argie,F,6
Arla,F,6
Arna,F,6
Arvie,F,6
Assunta,F,6
Avery,F,6
Azzie,F,6
Beadie,F,6
Beata,F,6
Beckie,F,6
Bedie,F,6
Belinda,F,6
Bena,F,6
Beuna,F,6
Brady,F,6
Burnice,F,6
Candace,F,6
Carl,F,6
Cecille,F,6
Chaney,F,6
Charlena,F,6
Charlene,F,6
Cherrie,F,6
Cinda,F,6
Clarabel,F,6
Clarence,F,6
Classie,F,6
Clennie,F,6
Clessie,F,6
Clotilda,F,6
Cordell,F,6
Courtney,F,6
Coy,F,6
Cuba,F,6
Dallie,F,6
Dela,F,6
Delema,F,6
Denise,F,6
Dezzie,F,6
Dicy,F,6
Dorathy,F,6
Doreen,F,6
Doretha,F,6
Dosha,F,6
Edwin,F,6
Electa,F,6
Eleonora,F,6
Ellis,F,6
Elton,F,6
Emaline,F,6
Emelie,F,6
Epsie,F,6
Erlinda,F,6
Erline,F,6
Esperanza,F,6
Etter,F,6
Exa,F,6
Fleda,F,6
Floria,F,6
Floye,F,6
France,F,6
Fredericka,F,6
Georgette,F,6
Gilda,F,6
Gina,F,6
Gizella,F,6
Gladis,F,6
Glendora,F,6
Gola,F,6
Gustava,F,6
Gwendolen,F,6
Hasel,F,6
Hildreth,F,6
Hollis,F,6
Honor,F,6
Isla,F,6
Jerusha,F,6
Joella,F,6
Junie,F,6
Katharina,F,6
Katheryne,F,6
Kaye,F,6
Lacey,F,6
Laila,F,6
Lalla,F,6
Latha,F,6
Laurena,F,6
Lavern,F,6
Leafy,F,6
Leitha,F,6
Lennis,F,6
Lestie,F,6
Levada,F,6
Librada,F,6
Lisette,F,6
Lloyd,F,6
Locie,F,6
Lockie,F,6
Lonia,F,6
Lossie,F,6
Lovenia,F,6
Lubertha,F,6
Luceil,F,6
Lulie,F,6
Lynda,F,6
Mada,F,6
Madalene,F,6
Madolyn,F,6
Manie,F,6
Manilla,F,6
Margrett,F,6
Marilla,F,6
Marquerite,F,6
Maryanna,F,6
Maryjane,F,6
Massie,F,6
Mennie,F,6
Mertice,F,6
Minie,F,6
Mirtie,F,6
Mollye,F,6
Mora,F,6
Neda,F,6
Neola,F,6
Neomia,F,6
Nila,F,6
Obera,F,6
Orah,F,6
Orie,F,6
Orlean,F,6
Othella,F,6
Ozelle,F,6
Parlee,F,6
Patty,F,6
Pearley,F,6
Perna,F,6
Persis,F,6
Petronella,F,6
Precious,F,6
Rada,F,6
Rettie,F,6
Rhodia,F,6
Richard,F,6
Rochelle,F,6
Ronnie,F,6
Rosabel,F,6
Roselle,F,6
Rosita,F,6
Rue,F,6
Savilla,F,6
Senora,F,6
Siddie,F,6
Simmie,F,6
Sonia,F,6
Susana,F,6
Susannah,F,6
Sussie,F,6
Sylvania,F,6
Temple,F,6
Terry,F,6
Thekla,F,6
Thula,F,6
Tony,F,6
Toy,F,6
Tracie,F,6
Trixie,F,6
Unknown,F,6
Ura,F,6
Verba,F,6
Verena,F,6
Vestie,F,6
Vila,F,6
Villa,F,6
Vivien,F,6
Vlasta,F,6
Weltha,F,6
Wessie,F,6
Wilhelmine,F,6
Wynona,F,6
Zela,F,6
Zell,F,6
Zeola,F,6
Agusta,F,5
Albena,F,5
Alcie,F,5
Alder,F,5
Aleene,F,5
Alexina,F,5
Alfaretta,F,5
Alla,F,5
Allen,F,5
Alverna,F,5
Amelie,F,5
Amye,F,5
Anice,F,5
Antonietta,F,5
Antonina,F,5
Aquilla,F,5
Arabell,F,5
Ardie,F,5
Arley,F,5
Arminda,F,5
Arthur,F,5
Arvella,F,5
Asencion,F,5
Attie,F,5
Aurie,F,5
Azalea,F,5
Azelie,F,5
Babe,F,5
Beauty,F,5
Beda,F,5
Beryle,F,5
Bessye,F,5
Betsey,F,5
Bettina,F,5
Blenda,F,5
Brenda,F,5
Brooksie,F,5
Bula,F,5
Burma,F,5
Calista,F,5
Candelaria,F,5
Candida,F,5
Cardelia,F,5
Carla,F,5
Carmon,F,5
Catalina,F,5
Cathern,F,5
Celestie,F,5
Charlotta,F,5
Charlsie,F,5
Chloie,F,5
Christeen,F,5
Christie,F,5
Clariece,F,5
Clarisse,F,5
Clella,F,5
Clema,F,5
Clemma,F,5
Cliffie,F,5
Climmie,F,5
Cloe,F,5
Cloie,F,5
Clorinda,F,5
Clyda,F,5
Colette,F,5
Colleen,F,5
Colletta,F,5
Cornelius,F,5
Dera,F,5
Docie,F,5
Dorthea,F,5
Dot,F,5
Dove,F,5
Earnie,F,5
Ebbie,F,5
Echo,F,5
Edrie,F,5
Edris,F,5
Effa,F,5
Elfie,F,5
Elia,F,5
Eline,F,5
Elmire,F,5
Elodia,F,5
Elza,F,5
Ema,F,5
Enriqueta,F,5
Erdine,F,5
Ermal,F,5
Ernestina,F,5
Ernie,F,5
Eron,F,5
Erva,F,5
Estefana,F,5
Estel,F,5
Estellar,F,5
Ethie,F,5
Ethlyn,F,5
Eulala,F,5
Eupha,F,5
Evalina,F,5
Evea,F,5
Ever,F,5
Farrie,F,5
Florina,F,5
Florinda,F,5
Fontella,F,5
Forest,F,5
Francie,F,5
Francina,F,5
Francine,F,5
Freada,F,5
Fredonia,F,5
Gabriela,F,5
Gabrielle,F,5
Genevia,F,5
Georgeanna,F,5
Georgine,F,5
Glada,F,5
Glenn,F,5
Gradie,F,5
Gunhild,F,5
Gustavia,F,5
Hatsuyo,F,5
Henritta,F,5
Hermie,F,5
Ica,F,5
Idonia,F,5
Inda,F,5
Ingeborg,F,5
Ireta,F,5
Irmgard,F,5
Isidra,F,5
Ita,F,5
Izella,F,5
Jeanett,F,5
Jeannetta,F,5
Jemima,F,5
Jennetta,F,5
Jessamine,F,5
Jovita,F,5
Juliann,F,5
Kathaleen,F,5
Kathern,F,5
Kathyrn,F,5
Ladonna,F,5
Lannie,F,5
Launa,F,5
Lavonne,F,5
Leavie,F,5
Leeanna,F,5
Leita,F,5
Letta,F,5
Lewis,F,5
Lillis,F,5
Littie,F,5
Lorayne,F,5
Lorina,F,5
Loris,F,5
Lorretta,F,5
Lourena,F,5
Lovell,F,5
Lucindia,F,5
Ludella,F,5
Lugenia,F,5
Lulla,F,5
Lurene,F,5
Macy,F,5
Madalyn,F,5
Madolin,F,5
Maizie,F,5
Marcelline,F,5
Margreat,F,5
Marguerita,F,5
Mari,F,5
Marianna,F,5
Mariette,F,5
Marye,F,5
Maryetta,F,5
Marylee,F,5
Marylou,F,5
Mattye,F,5
Maudine,F,5
Maura,F,5
Maurita,F,5
Medie,F,5
Medora,F,5
Melanie,F,5
Mella,F,5
Michelina,F,5
Mira,F,5
Missie,F,5
Modie,F,5
Moselle,F,5
Murphy,F,5
Naomia,F,5
Narsis,F,5
Natividad,F,5
Necie,F,5
Nela,F,5
Netta,F,5
Ninnie,F,5
Noella,F,5
Nolah,F,5
Nolie,F,5
Ocia,F,5
Octavie,F,5
Odelle,F,5
Odessie,F,5
Oletha,F,5
Oline,F,5
Omega,F,5
Oneida,F,5
Orlena,F,5
Orva,F,5
Othelia,F,5
Otilia,F,5
Otillia,F,5
Otis,F,5
Paulita,F,5
Pearlee,F,5
Pernie,F,5
Phebie,F,5
Philena,F,5
Philomene,F,5
Phylis,F,5
Pinky,F,5
Pricie,F,5
Prince,F,5
Quinnie,F,5
Rafaelita,F,5
Ralph,F,5
Rea,F,5
Reather,F,5
Rebie,F,5
Reita,F,5
Rene,F,5
Renna,F,5
Reola,F,5
Revella,F,5
Rhetta,F,5
Rilda,F,5
Robina,F,5
Roena,F,5
Rosabell,F,5
Rosemarie,F,5
Rosemond,F,5
Roxana,F,5
Ruthe,F,5
Saima,F,5
Salina,F,5
Samantha,F,5
Senia,F,5
Serafina,F,5
Severa,F,5
Shizuyo,F,5
Siiri,F,5
Stacia,F,5
Stanley,F,5
Suda,F,5
Suzanna,F,5
Syd,F,5
Sydney,F,5
Sylvester,F,5
Tabitha,F,5
Tallie,F,5
Tannie,F,5
Teressa,F,5
Theodore,F,5
Theressa,F,5
Thirza,F,5
Tiney,F,5
Tola,F,5
Tresa,F,5
Trudy,F,5
Valma,F,5
Vara,F,5
Veatrice,F,5
Velta,F,5
Verdia,F,5
Victorine,F,5
Violetta,F,5
Viona,F,5
Vora,F,5
Wava,F,5
Wenonah,F,5
Zaida,F,5
Zeffie,F,5
Zelia,F,5
Zellie,F,5
Zenith,F,5
Zillah,F,5
John,M,7608
William,M,6311
James,M,5479
George,M,3961
Charles,M,3213
Joseph,M,3121
Robert,M,3044
Frank,M,2644
Edward,M,2268
Thomas,M,1962
Henry,M,1922
Walter,M,1840
Harry,M,1647
Willie,M,1454
Arthur,M,1435
Albert,M,1337
Clarence,M,1261
Fred,M,1204
Paul,M,1081
Harold,M,1065
Raymond,M,1051
Roy,M,975
Carl,M,910
Joe,M,895
Louis,M,889
Richard,M,863
Earl,M,837
Jack,M,831
Ralph,M,807
Ernest,M,764
Samuel,M,741
Charlie,M,739
David,M,716
Herbert,M,668
Francis,M,665
Theodore,M,663
Howard,M,636
Leo,M,636
Alfred,M,557
Elmer,M,556
Sam,M,552
Andrew,M,550
Lawrence,M,536
Eugene,M,478
Lee,M,477
Floyd,M,472
Michael,M,466
Herman,M,449
Leonard,M,448
Daniel,M,432
Oscar,M,427
Clyde,M,413
Lester,M,400
Anthony,M,399
Ray,M,397
Russell,M,390
Jesse,M,388
Peter,M,372
Stanley,M,361
Donald,M,359
Clifford,M,348
Edwin,M,347
Frederick,M,341
Leroy,M,340
Lewis,M,335
Cecil,M,332
Kenneth,M,330
Chester,M,327
Benjamin,M,324
Eddie,M,314
Claude,M,301
Lloyd,M,299
Tom,M,295
Harvey,M,293
Will,M,293
Leon,M,287
Martin,M,283
Jessie,M,280
Bernard,M,271
Luther,M,265
Ben,M,259
Edgar,M,259
Homer,M,257
Jim,M,257
Philip,M,250
Norman,M,238
Johnnie,M,237
Melvin,M,230
Leslie,M,227
Alvin,M,222
Allen,M,219
Milton,M,210
Oliver,M,210
Patrick,M,210
Everett,M,204
Stephen,M,200
Glenn,M,198
Roosevelt,M,196
Victor,M,196
Alexander,M,195
Hugh,M,193
Archie,M,192
Jacob,M,189
Marion,M,188
Guy,M,187
Marvin,M,185
Gerald,M,182
Maurice,M,182
Vernon,M,179
Morris,M,178
Horace,M,175
Julius,M,173
Virgil,M,173
Warren,M,173
Hubert,M,170
Vincent,M,170
Ed,M,168
Otis,M,168
Ira,M,167
Otto,M,166
Wilbur,M,165
Sidney,M,162
Willard,M,162
Wallace,M,157
Dan,M,155
Wesley,M,153
Manuel,M,151
Nathan,M,146
Lonnie,M,145
Bennie,M,144
Gordon,M,142
Jose,M,141
Dewey,M,140
Earnest,M,140
Alex,M,138
Curtis,M,138
Gilbert,M,138
Isaac,M,138
Arnold,M,134
Rufus,M,134
Willis,M,133
Bert,M,132
Mack,M,131
Bill,M,129
Emil,M,128
Jimmie,M,128
Steve,M,127
Charley,M,126
Irving,M,125
Orville,M,125
Percy,M,124
Glen,M,121
Rudolph,M,120
August,M,116
Franklin,M,116
Sylvester,M,114
Mike,M,113
Jerry,M,112
Clifton,M,110
Ellis,M,110
Max,M,110
Roland,M,107
Calvin,M,106
Clinton,M,106
Nathaniel,M,105
Edmund,M,102
Matthew,M,102
Douglas,M,100
Johnie,M,99
Emmett,M,97
Abraham,M,95
Elbert,M,95
Irvin,M,95
Marshall,M,94
Aaron,M,93
Felix,M,93
Jake,M,93
Jerome,M,93
Nelson,M,93
Cornelius,M,92
Phillip,M,92
Wayne,M,92
Adolph,M,91
Nicholas,M,90
Dave,M,88
Perry,M,88
Moses,M,86
Roger,M,86
Clayton,M,85
Alton,M,84
Amos,M,83
Owen,M,83
Adam,M,82
Jay,M,82
Jess,M,81
Mark,M,81
Booker,M,80
Ollie,M,79
Tommie,M,79
Tony,M,78
Claud,M,77
Laurence,M,77
Simon,M,77
Forrest,M,76
Preston,M,76
Dennis,M,75
Juan,M,75
Leland,M,75
Antonio,M,72
Gus,M,71
Ted,M,71
Ivan,M,70
Karl,M,70
Loyd,M,70
Sherman,M,70
Merle,M,69
Pete,M,69
Roscoe,M,69
Levi,M,68
Bruce,M,67
Monroe,M,67
Ross,M,67
Bob,M,66
Lyle,M,66
Grady,M,65
Harley,M,65
Reuben,M,65
Don,M,64
Wilfred,M,64
Mary,M,63
Wilson,M,63
Grant,M,61
Carroll,M,60
Byron,M,59
Fredrick,M,59
Johnny,M,59
Julian,M,59
Wilbert,M,59
Abe,M,58
Elijah,M,58
Elwood,M,58
Ervin,M,58
Mose,M,58
Erwin,M,57
Jasper,M,57
Larry,M,57
Millard,M,57
Alonzo,M,56
Anton,M,56
Aubrey,M,56
Dale,M,56
Grover,M,55
Burton,M,52
Ronald,M,52
Wiley,M,52
Emanuel,M,51
Alva,M,50
Austin,M,50
Barney,M,50
Christopher,M,50
Delbert,M,50
Ruben,M,50
Clark,M,49
Neal,M,49
Timothy,M,49
Malcolm,M,48
Noah,M,48
Reginald,M,48
Eli,M,47
Forest,M,47
Harrison,M,47
Silas,M,47
Jeff,M,46
Luke,M,46
Nick,M,46
Troy,M,46
Wade,M,46
Andy,M,45
Freddie,M,45
Gene,M,45
Mckinley,M,45
Edd,M,44
Edmond,M,44
Louie,M,44
Marcus,M,44
Miles,M,44
Pedro,M,44
Solomon,M,44
Tommy,M,44
Myron,M,43
Rex,M,43
Cleveland,M,42
Cyril,M,42
Boyd,M,41
Carlos,M,41
Ramon,M,41
Cleo,M,40
Lowell,M,40
Ward,M,40
Dallas,M,39
Dock,M,39
Herschel,M,39
Al,M,38
Angelo,M,38
Coy,M,38
Elton,M,38
Gustave,M,38
Loren,M,38
Van,M,38
Allan,M,37
Clement,M,37
Christian,M,36
Fay,M,36
Major,M,36
Mitchell,M,36
Pearl,M,36
Wilmer,M,36
Chris,M,35
Dudley,M,35
Emery,M,35
Randolph,M,35
Dominick,M,34
Eric,M,34
Jackson,M,34
Lynn,M,34
Mathew,M,34
Olin,M,34
Ora,M,34
Salvatore,M,34
Carlton,M,33
Clair,M,33
Earle,M,33
Ezra,M,33
Fletcher,M,33
Hiram,M,33
Lyman,M,33
Maynard,M,33
Pat,M,33
Russel,M,33
Ambrose,M,32
Bud,M,32
Emory,M,32
Joel,M,32
Sol,M,32
Stewart,M,32
Columbus,M,31
Isadore,M,31
Isiah,M,31
Merrill,M,31
Murray,M,31
Orval,M,31
Sterling,M,31
Anderson,M,30
Conrad,M,30
Lionel,M,30
Odell,M,30
Helen,M,29
Noble,M,29
Riley,M,29
Coleman,M,28
Dwight,M,28
Elliott,M,28
Foster,M,28
Neil,M,28
Noel,M,28
Oren,M,28
Royal,M,28
Spencer,M,28
Vern,M,28
Clay,M,27
Dean,M,27
Dewitt,M,27
Eldon,M,27
Elmo,M,27
Emmet,M,27
Garland,M,27
Hollis,M,27
Houston,M,27
Matt,M,27
Newton,M,27
Asa,M,26
Berry,M,26
Emerson,M,26
Enoch,M,26
Francisco,M,26
Freeman,M,26
Jimmy,M,26
Jonas,M,26
Lorenzo,M,26
Morgan,M,26
Rosevelt,M,26
Stuart,M,26
Alan,M,25
Dee,M,25
Elisha,M,25
Lucius,M,25
Steven,M,25
Tim,M,25
Vance,M,25
Wm,M,25
Augustus,M,24
Buck,M,24
Buford,M,24
Ike,M,24
Irwin,M,24
Jeremiah,M,24
Lemuel,M,24
Scott,M,24
Valentine,M,24
Warner,M,24
Adrian,M,23
Archibald,M,23
Basil,M,23
Buster,M,23
Carter,M,23
Chauncey,M,23
Early,M,23
Emile,M,23
Hal,M,23
Haywood,M,23
Isaiah,M,23
Lacy,M,23
Lenard,M,23
Lon,M,23
Margaret,M,23
Ned,M,23
Prince,M,23
Rollin,M,23
Sydney,M,23
Alfonso,M,22
Alphonse,M,22
Clarance,M,22
Cyrus,M,22
Davis,M,22
Delmar,M,22
Elvin,M,22
Elzie,M,22
Emmitt,M,22
Evan,M,22
Jean,M,22
Jules,M,22
Milo,M,22
Omer,M,22
Palmer,M,22
Porter,M,22
Rocco,M,22
Sanford,M,22
Waldo,M,22
Walker,M,22
Wendell,M,22
Alford,M,21
Burl,M,21
Dominic,M,21
Granville,M,21
Harris,M,21
Hyman,M,21
Jordan,M,21
Josh,M,21
Joshua,M,21
Keith,M,21
Kelly,M,21
Linwood,M,21
Mason,M,21
Mildred,M,21
Odis,M,21
Ottis,M,21
Reed,M,21
Ulysses,M,21
Wilburn,M,21
Abner,M,20
Aloysius,M,20
Billie,M,20
Billy,M,20
Connie,M,20
Elias,M,20
Ethel,M,20
Jefferson,M,20
Jesus,M,20
Loy,M,20
Luis,M,20
Meyer,M,20
Micheal,M,20
Phil,M,20
Taylor,M,20
Thad,M,20
Verne,M,20
Chas,M,19
Cliff,M,19
Ellsworth,M,19
Ferdinand,M,19
Frederic,M,19
Garfield,M,19
Hugo,M,19
Jewell,M,19
Jonathan,M,19
King,M,19
Lonzo,M,19
Rolland,M,19
Rollie,M,19
Rowland,M,19
Ruby,M,19
Theron,M,19
Truman,M,19
Winfield,M,19
Allie,M,18
Anna,M,18
Bertram,M,18
Clem,M,18
Dick,M,18
Gabriel,M,18
Hardy,M,18
Henery,M,18
Lindsey,M,18
Madison,M,18
Miguel,M,18
Olen,M,18
Otho,M,18
Raleigh,M,18
Roman,M,18
Seth,M,18
Shelby,M,18
Terry,M,18
Theo,M,18
Vernie,M,18
Wilford,M,18
Wilton,M,18
Arlie,M,17
Benny,M,17
Clint,M,17
Dorsey,M,17
Frances,M,17
Gail,M,17
Garnett,M,17
Gaston,M,17
Green,M,17
Guadalupe,M,17
Hamilton,M,17
Harmon,M,17
Hershel,M,17
Jonnie,M,17
Lesley,M,17
Maxwell,M,17
Murphy,M,17
Obie,M,17
Ole,M,17
Pablo,M,17
Saul,M,17
Shirley,M,17
Wilber,M,17
Benjiman,M,16
Bonnie,M,16
Brady,M,16
Carey,M,16
Cicero,M,16
Doyle,M,16
Duane,M,16
Duncan,M,16
Elmore,M,16
Hans,M,16
Harlan,M,16
Hazel,M,16
Hobert,M,16
Judge,M,16
Lucien,M,16
Miller,M,16
Napoleon,M,16
Odie,M,16
Otha,M,16
Parker,M,16
Patsy,M,16
Richmond,M,16
Romeo,M,16
Rubin,M,16
Tomas,M,16
Walton,M,16
Addison,M,15
Alois,M,15
Alphonso,M,15
Bennett,M,15
Bessie,M,15
Cletus,M,15
Cleve,M,15
Evans,M,15
Florence,M,15
Garrett,M,15
General,M,15
Gustav,M,15
Hampton,M,15
Omar,M,15
Rene,M,15
Reynold,M,15
Rose,M,15
Smith,M,15
Webster,M,15
Abel,M,14
Antone,M,14
Armand,M,14
Artis,M,14
Augustine,M,14
Carmine,M,14
Carson,M,14
Israel,M,14
Jewel,M,14
Johnson,M,14
Loyal,M,14
Marcellus,M,14
Melville,M,14
Myrtle,M,14
Nat,M,14
Norris,M,14
Pierce,M,14
Randall,M,14
Roderick,M,14
Sandy,M,14
Teddy,M,14
Vaughn,M,14
Vivian,M,14
Weldon,M,14
Adolphus,M,13
Alvie,M,13
Angus,M,13
Annie,M,13
Arch,M,13
Artie,M,13
Avery,M,13
Beverly,M,13
Everette,M,13
Felipe,M,13
Fritz,M,13
Geo,M,13
Graham,M,13
Guss,M,13
Hayward,M,13
Isom,M,13
Issac,M,13
Jason,M,13
Josiah,M,13
Junius,M,13
Lafayette,M,13
Lucious,M,13
Ludwig,M,13
Maxie,M,13
Milford,M,13
Minnie,M,13
Newell,M,13
Norbert,M,13
Oran,M,13
Quincy,M,13
Rafael,M,13
Rodney,M,13
Ruth,M,13
Sim,M,13
Son,M,13
Thurman,M,13
Winston,M,13
Albin,M,12
Allison,M,12
Arden,M,12
Brooks,M,12
Christ,M,12
Clare,M,12
Cleon,M,12
Clovis,M,12
Curley,M,12
Delmer,M,12
Domingo,M,12
Eldridge,M,12
Elsie,M,12
Enos,M,12
Ewell,M,12
Gale,M,12
Gerhard,M,12
Gladys,M,12
Hoyt,M,12
Huey,M,12
Josephine,M,12
June,M,12
Justin,M,12
Kermit,M,12
Lawson,M,12
Leander,M,12
Lillian,M,12
Logan,M,12
Lucian,M,12
Merritt,M,12
Morton,M,12
Orin,M,12
Raymon,M,12
Rupert,M,12
Sammie,M,12
Santiago,M,12
Turner,M,12
Williard,M,12
Zack,M,12
Zeb,M,12
Abram,M,11
Ace,M,11
Alberto,M,11
Alden,M,11
Aron,M,11
Arther,M,11
Benedict,M,11
Bernice,M,11
Caleb,M,11
Carmen,M,11
Claire,M,11
Claudie,M,11
Eino,M,11
Elizabeth,M,11
Fern,M,11
Gerard,M,11
Gust,M,11
Hector,M,11
Hobart,M,11
Hosea,M,11
Ignacio,M,11
Isidore,M,11
Ivory,M,11
Julio,M,11
Lemmie,M,11
Lincoln,M,11
Lou,M,11
Paris,M,11
Pink,M,11
Rudy,M,11
Ruel,M,11
Sebastian,M,11
Thaddeus,M,11
Theadore,M,11
Tobe,M,11
Virgie,M,11
Worth,M,11
Wyatt,M,11
Alfonzo,M,10
Alfredo,M,10
Andres,M,10
Axel,M,10
Beckham,M,10
Benito,M,10
Bertha,M,10
Bryan,M,10
Bryant,M,10
Carol,M,10
Casey,M,10
Clara,M,10
Doc,M,10
Elie,M,10
Emma,M,10
Ezekiel,M,10
Felton,M,10
Gregory,M,10
Heber,M,10
Hermon,M,10
Hilton,M,10
Huston,M,10
Judson,M,10
Lambert,M,10
Laverne,M,10
Leeroy,M,10
Less,M,10
Lindsay,M,10
Louise,M,10
Marie,M,10
Mattie,M,10
Nolan,M,10
Pierre,M,10
Rosco,M,10
Royce,M,10
Rube,M,10
Rudolf,M,10
Sampson,M,10
Santos,M,10
Sheldon,M,10
Stanford,M,10
Thedore,M,10
Thornton,M,10
Toney,M,10
Toy,M,10
Travis,M,10
Urban,M,10
Vester,M,10
Wash,M,10
Alice,M,9
Alonza,M,9
Arley,M,9
Arvil,M,9
Barry,M,9
Bernie,M,9
Bertrand,M,9
Bishop,M,9
Bobbie,M,9
Boss,M,9
Bruno,M,9
Buddie,M,9
Burt,M,9
Carrie,M,9
Cary,M,9
Cloyd,M,9
Collie,M,9
Cora,M,9
Courtney,M,9
Dalton,M,9
Dana,M,9
Dell,M,9
Dempsey,M,9
Denver,M,9
Donnie,M,9
Donovan,M,9
Elvie,M,9
Ennis,M,9
Fate,M,9
Ford,M,9
Franklyn,M,9
Grace,M,9
Griffin,M,9
Henderson,M,9
Ignatius,M,9
Ivy,M,9
Joy,M,9
Junior,M,9
Landon,M,9
Larkin,M,9
Len,M,9
Merlin,M,9
Mitchel,M,9
Nels,M,9
Okey,M,9
Olaf,M,9
Oswald,M,9
Ozie,M,9
Presley,M,9
Price,M,9
Raphael,M,9
Rogers,M,9
Rosario,M,9
Rush,M,9
Salvador,M,9
Stacy,M,9
Thelma,M,9
Tracy,M,9
Trinidad,M,9
Verl,M,9
West,M,9
Williams,M,9
Winfred,M,9
Addie,M,8
Alejandro,M,8
Alma,M,8
Almon,M,8
Bartholomew,M,8
Bee,M,8
Benjamine,M,8
Blaine,M,8
Carleton,M,8
Carrol,M,8
Clarke,M,8
Crawford,M,8
Darrell,M,8
Durward,M,8
Edna,M,8
Elwin,M,8
Elwyn,M,8
Emilio,M,8
Evelyn,M,8
Fenton,M,8
Garnet,M,8
Gary,M,8
Hardie,M,8
Harland,M,8
Haskell,M,8
Hershell,M,8
Heyward,M,8
Hilliard,M,8
Hubbard,M,8
Hurley,M,8
Irene,M,8
Jodie,M,8
Joesph,M,8
Julious,M,8
Lessie,M,8
Levy,M,8
Lige,M,8
Lois,M,8
Loney,M,8
Lula,M,8
Mabel,M,8
Marcel,M,8
Marty,M,8
Melton,M,8
Merton,M,8
Mervin,M,8
Minor,M,8
Oneal,M,8
Orlando,M,8
Pasquale,M,8
Reid,M,8
Ricardo,M,8
Roberto,M,8
Roma,M,8
Shelton,M,8
Sid,M,8
Sylvan,M,8
Teddie,M,8
Terrell,M,8
Virgle,M,8
Westley,M,8
Wheeler,M,8
Whit,M,8
Wilfrid,M,8
Acie,M,7
Agustin,M,7
Alec,M,7
Art,M,7
Ashley,M,7
Augusta,M,7
Bart,M,7
Baxter,M,7
Benton,M,7
Blake,M,7
Burley,M,7
Butler,M,7
Casper,M,7
Cedric,M,7
Chesley,M,7
Clarnce,M,7
Craig,M,7
Curt,M,7
Daisy,M,7
Dannie,M,7
Dennie,M,7
Dillard,M,7
Dorothy,M,7
Einar,M,7
Elden,M,7
Eligah,M,7
Ella,M,7
Elliot,M,7
Ellwood,M,7
Emmit,M,7
Enrique,M,7
Ernie,M,7
Essie,M,7
Estel,M,7
Eunice,M,7
Evert,M,7
Ezell,M,7
Fayette,M,7
Fleming,M,7
Furman,M,7
Gaylord,M,7
Giles,M,7
Glover,M,7
Harlie,M,7
Harve,M,7
Hattie,M,7
Hayden,M,7
Hilbert,M,7
Holmes,M,7
Howell,M,7
Hurbert,M,7
Junious,M,7
Justus,M,7
Kent,M,7
Kyle,M,7
Lawton,M,7
Lem,M,7
Lemon,M,7
Lena,M,7
Lennie,M,7
Lenon,M,7
Lenord,M,7
Lillie,M,7
Lonie,M,7
Loran,M,7
Lovell,M,7
Lucas,M,7
Lupe,M,7
Mahlon,M,7
Marlin,M,7
Maude,M,7
May,M,7
Mearl,M,7
Merl,M,7
Michel,M,7
Milburn,M,7
Murry,M,7
Norval,M,7
Ocie,M,7
Oral,M,7
Ozzie,M,7
Pearlie,M,7
Ples,M,7
Porfirio,M,7
Reece,M,7
Roe,M,7
Seymour,M,7
Thurston,M,7
Tillman,M,7
Vicente,M,7
Waldemar,M,7
Washington,M,7
Watson,M,7
Waverly,M,7
Wellington,M,7
Werner,M,7
Winifred,M,7
Wright,M,7
Wylie,M,7
Aden,M,6
Agnes,M,6
Anson,M,6
Ardis,M,6
Arne,M,6
Ashby,M,6
Atlas,M,6
Auther,M,6
Author,M,6
Barnett,M,6
Bartley,M,6
Barton,M,6
Beatrice,M,6
Belton,M,6
Benson,M,6
Bertie,M,6
Bradley,M,6
Broadus,M,6
Buddy,M,6
Burrell,M,6
Cal,M,6
Callie,M,6
Campbell,M,6
Casimir,M,6
Chalmer,M,6
Clell,M,6
Collins,M,6
Cullen,M,6
Damon,M,6
Darrel,M,6
Deward,M,6
Dexter,M,6
Dora,M,6
Doss,M,6
Earlie,M,6
Eddy,M,6
Ellie,M,6
Elroy,M,6
Ephram,M,6
Ephriam,M,6
Ernst,M,6
Ester,M,6
Estes,M,6
Esther,M,6
Eston,M,6
Eva,M,6
Fannie,M,6
Fernando,M,6
Frazier,M,6
Fulton,M,6
Gabe,M,6
Gardner,M,6
Garry,M,6
Gay,M,6
Gerhardt,M,6
Gilberto,M,6
Golden,M,6
Gorden,M,6
Gorman,M,6
Gray,M,6
Gussie,M,6
Hallie,M,6
Hamp,M,6
Hazen,M,6
Helmer,M,6
Hillary,M,6
Holland,M,6
Ida,M,6
Jame,M,6
Lamar,M,6
Laurel,M,6
Lawerence,M,6
Leamon,M,6
Livingston,M,6
Llewellyn,M,6
Loring,M,6
Macario,M,6
Mamie,M,6
Mario,M,6
Mart,M,6
Meredith,M,6
Moe,M,6
Myrl,M,6
Newman,M,6
Nora,M,6
Norton,M,6
Octave,M,6
Olive,M,6
Opal,M,6
Orrin,M,6
Osborne,M,6
Perley,M,6
Pinkney,M,6
Powell,M,6
Prentice,M,6
Rayfield,M,6
Reynolds,M,6
Rhea,M,6
Rolla,M,6
Romie,M,6
Rosa,M,6
Sammy,M,6
Samual,M,6
Seaborn,M,6
Sewell,M,6
Sheridan,M,6
Sigurd,M,6
Sonny,M,6
Stafford,M,6
Susie,M,6
Talmadge,M,6
Todd,M,6
Tyler,M,6
Unknown,M,6
Viola,M,6
Weston,M,6
Whitney,M,6
Willam,M,6
Wong,M,6
Woodie,M,6
Zelma,M,6
Adelard,M,5
Adelbert,M,5
Adolf,M,5
Alf,M,5
Alvis,M,5
Antony,M,5
Arleigh,M,5
Armond,M,5
Arvel,M,5
Arvid,M,5
Asbury,M,5
Audrey,M,5
Authur,M,5
Bailey,M,5
Ballard,M,5
Bedford,M,5
Beecher,M,5
Benjaman,M,5
Berkley,M,5
Boone,M,5
Boy,M,5
Boyce,M,5
Byrd,M,5
Claiborne,M,5
Clearance,M,5
Colbert,M,5
Conley,M,5
Cornelious,M,5
Cruz,M,5
Curry,M,5
Dailey,M,5
Danial,M,5
Danny,M,5
Darwin,M,5
Davie,M,5
Diamond,M,5
Diego,M,5
Dionicio,M,5
Doris,M,5
Dossie,M,5
Dutch,M,5
Elam,M,5
Elba,M,5
Elder,M,5
Elva,M,5
Ely,M,5
Elza,M,5
Emmanuel,M,5
Euell,M,5
Eusebio,M,5
Evertt,M,5
Fabian,M,5
Farrell,M,5
Faye,M,5
Fidelis,M,5
Finis,M,5
Fisher,M,5
Frankie,M,5
Geoffrey,M,5
Georgie,M,5
Gertrude,M,5
Gibson,M,5
Gilford,M,5
Gilman,M,5
Godfrey,M,5
Gottlieb,M,5
Graydon,M,5
Hanson,M,5
Harm,M,5
Harvie,M,5
Hayes,M,5
Hervey,M,5
Hezekiah,M,5
Hjalmer,M,5
Hobson,M,5
Hollie,M,5
Hunter,M,5
Isac,M,5
Ismael,M,5
Iver,M,5
Joan,M,5
Joaquin,M,5
Joeseph,M,5
Jonah,M,5
Jorden,M,5
Katherine,M,5
Kay,M,5
Kennie,M,5
Kirby,M,5
Lafe,M,5
Lance,M,5
Lane,M,5
Lannie,M,5
Laurice,M,5
Leona,M,5
Leopold,M,5
Levie,M,5
Lew,M,5
Linnie,M,5
Lorin,M,5
Lorne,M,5
Luster,M,5
Mac,M,5
Maceo,M,5
Malachi,M,5
Mallie,M,5
Manford,M,5
Manley,M,5
Mannie,M,5
Marcelino,M,5
Marian,M,5
Mariano,M,5
Mathias,M,5
Matthews,M,5
Maximo,M,5
Mayo,M,5
Mel,M,5
Mont,M,5
Moody,M,5
Mortimer,M,5
Murl,M,5
Myles,M,5
Myrle,M,5
Norwood,M,5
Oakley,M,5
Olan,M,5
Olie,M,5
Orie,M,5
Orien,M,5
Orland,M,5
Orley,M,5
Ormond,M,5
Ottie,M,5
Park,M,5
Pate,M,5
Peder,M,5
Percival,M,5
Peyton,M,5
Pleas,M,5
Quinton,M,5
Radford,M,5
Rayford,M,5
Reese,M,5
Rich,M,5
Robbie,M,5
Robin,M,5
Rodger,M,5
Rollo,M,5
Ronnie,M,5
Sadie,M,5
Samson,M,5
Sanders,M,5
Sarah,M,5
Shafter,M,5
Shellie,M,5
Silvester,M,5
Simeon,M,5
Spurgeon,M,5
Stella,M,5
Stephan,M,5
Stokes,M,5
Stonewall,M,5
Telford,M,5
Tilmon,M,5
Tomie,M,5
Val,M,5
Vander,M,5
Verner,M,5
Vincenzo,M,5
Virgel,M,5
Von,M,5
Wayman,M,5
Webb,M,5
Wilburt,M,5
Worthy,M,5
Young,M,5
Zollie,M,5
