name,gender,count
Mary,F,13136
Helen,F,5247
Anna,F,4923
Margaret,F,4424
Ruth,F,3974
Elizabeth,F,3216
Marie,F,3157
Florence,F,3131
Ethel,F,3067
Lillian,F,2681
Gladys,F,2676
Alice,F,2562
Edna,F,2488
Mildred,F,2424
Grace,F,2398
Annie,F,2396
Emma,F,2374
Clara,F,2319
Bertha,F,2257
Rose,F,2212
Bessie,F,2183
Dorothy,F,2173
Hazel,F,2097
Mabel,F,2097
Frances,F,2071
Minnie,F,2026
Gertrude,F,1964
Myrtle,F,1892
Martha,F,1886
Irene,F,1879
Pearl,F,1866
Edith,F,1863
Esther,F,1844
Ida,F,1835
Elsie,F,1747
Louise,F,1640
Eva,F,1617
Catherine,F,1599
Agnes,F,1525
Sarah,F,1514
Nellie,F,1454
Ella,F,1435
Josephine,F,1434
Laura,F,1402
Lillie,F,1382
Julia,F,1362
Viola,F,1331
Carrie,F,1247
Ruby,F,1225
Mattie,F,1224
Lena,F,1216
Alma,F,1195
Beatrice,F,1183
Mae,F,1140
Jessie,F,1116
Hattie,F,1106
Thelma,F,1090
Cora,F,1027
Blanche,F,1025
Mamie,F,992
Lucy,F,979
Evelyn,F,966
Marion,F,963
Pauline,F,938
Stella,F,928
Ada,F,913
Lula,F,905
Willie,F,901
Jennie,F,898
Lucille,F,894
Katherine,F,890
Fannie,F,873
Vera,F,860
Beulah,F,859
Rosa,F,845
Virginia,F,825
Maude,F,819
Leona,F,779
Dora,F,768
Maggie,F,746
Nora,F,727
Ellen,F,711
Marguerite,F,699
Eleanor,F,686
Sadie,F,676
Bernice,F,660
Daisy,F,653
Susie,F,650
Ann,F,634
Kathryn,F,620
Violet,F,611
Hilda,F,574
Nettie,F,562
Theresa,F,554
May,F,550
Georgia,F,549
Effie,F,545
Olive,F,539
Emily,F,537
Della,F,534
Doris,F,530
Nancy,F,519
Lydia,F,507
Anne,F,504
Charlotte,F,503
Lottie,F,498
Flora,F,493
Lola,F,493
Lois,F,488
Sallie,F,488
Marjorie,F,480
Betty,F,473
Ollie,F,462
Inez,F,459
Lizzie,F,458
Katie,F,453
Lela,F,443
Loretta,F,438
Goldie,F,430
Iva,F,427
Mable,F,425
Eunice,F,424
Harriet,F,414
Eula,F,408
Caroline,F,406
Opal,F,406
Ora,F,400
Addie,F,399
Sylvia,F,390
Velma,F,388
Alberta,F,386
Henrietta,F,383
Estelle,F,382
Etta,F,381
Rachel,F,369
Essie,F,368
Genevieve,F,368
Verna,F,361
Nannie,F,358
Amelia,F,350
Maria,F,350
Lucile,F,346
Victoria,F,346
Rebecca,F,342
Susan,F,342
Vivian,F,342
Madeline,F,341
Rosie,F,330
Jean,F,329
Jane,F,325
Mollie,F,324
Ola,F,324
Sophie,F,324
Frieda,F,323
Amanda,F,317
Sara,F,315
Irma,F,304
Flossie,F,301
Marian,F,296
Nina,F,295
Elva,F,283
Estella,F,281
Janie,F,278
Barbara,F,277
Alta,F,275
Christine,F,275
Matilda,F,275
Olga,F,273
Kathleen,F,272
Hannah,F,266
Norma,F,264
Naomi,F,256
Freda,F,255
Celia,F,251
Juanita,F,251
Cecelia,F,249
Ina,F,249
Wilma,F,245
Amy,F,244
Geneva,F,244
Selma,F,242
Luella,F,239
Erma,F,236
Winifred,F,232
Augusta,F,225
Maud,F,221
Sophia,F,221
Regina,F,219
Miriam,F,218
Winnie,F,218
Fern,F,217
Rena,F,215
Virgie,F,215
Allie,F,214
Isabel,F,214
Sally,F,214
Belle,F,208
Eliza,F,207
Josie,F,205
Nell,F,205
Veronica,F,199
Bertie,F,196
Cecilia,F,196
Kate,F,196
Millie,F,196
Muriel,F,195
Isabelle,F,194
Adeline,F,192
Elma,F,189
Anita,F,184
Leah,F,184
Callie,F,183
Mayme,F,183
Lila,F,181
Bonnie,F,179
Roxie,F,179
Leola,F,176
Birdie,F,170
Dollie,F,169
Gussie,F,167
Jeannette,F,167
Margie,F,165
Roberta,F,165
Delia,F,164
Teresa,F,164
Faye,F,161
Jeanette,F,161
Jewel,F,161
Cleo,F,160
Hester,F,160
Jewell,F,159
Lora,F,159
Adele,F,157
Tillie,F,156
Fay,F,151
Maudie,F,149
Carolyn,F,148
Adelaide,F,147
Letha,F,147
Leila,F,145
Madge,F,143
Antoinette,F,141
Geraldine,F,141
Ila,F,138
Lelia,F,138
Cornelia,F,137
Hallie,F,135
Lulu,F,135
Rita,F,135
Sue,F,135
Audrey,F,134
Cecile,F,133
Lessie,F,132
Lorena,F,130
Cecil,F,128
Zelma,F,127
Corinne,F,126
Francis,F,126
Olivia,F,126
Rhoda,F,125
Phyllis,F,124
Reba,F,124
Edythe,F,123
Marcella,F,123
Angelina,F,122
Claire,F,122
Helene,F,122
Zella,F,122
Gracie,F,121
Neva,F,120
Helena,F,119
Johanna,F,119
Lenora,F,118
Rosalie,F,118
Hettie,F,117
Oma,F,117
Elnora,F,116
Myra,F,115
June,F,113
Pearlie,F,113
Bettie,F,111
Angeline,F,110
Christina,F,110
Johnnie,F,110
Dorothea,F,109
Gertie,F,109
Mathilda,F,109
Janet,F,108
Bess,F,107
Clarice,F,107
Dessie,F,107
Wilhelmina,F,107
Annette,F,106
Katharine,F,106
Lorene,F,106
Meta,F,106
Elvira,F,105
Lilly,F,105
Hulda,F,104
Harriett,F,101
Lorraine,F,101
Louisa,F,99
Ophelia,F,99
Lou,F,96
Lee,F,95
Lettie,F,95
Lucinda,F,95
Shirley,F,95
Constance,F,94
Dovie,F,94
Elsa,F,94
Rosetta,F,94
Nola,F,93
Yvonne,F,93
Isabella,F,92
Merle,F,91
Angela,F,89
Corine,F,89
Lily,F,89
Catharine,F,88
Eloise,F,88
Abbie,F,87
Erna,F,87
Eugenia,F,87
Golda,F,87
Eileen,F,86
Linda,F,86
Alvina,F,85
Lona,F,85
Odessa,F,85
Claudia,F,84
Minerva,F,84
Mittie,F,84
Vada,F,84
Vesta,F,84
Vida,F,84
Leone,F,83
Mina,F,83
Lura,F,82
Orpha,F,82
Wanda,F,81
Dolly,F,80
Rosella,F,80
Linnie,F,79
Ona,F,79
Ione,F,78
Artie,F,77
Nelle,F,77
Carmen,F,76
Jimmie,F,76
Pansy,F,76
Ernestine,F,74
Leota,F,74
Leta,F,74
Verda,F,74
Aileen,F,73
Floy,F,73
Maybelle,F,73
Priscilla,F,72
Alpha,F,71
Isabell,F,70
Leora,F,70
Nona,F,69
Dolores,F,68
Georgie,F,68
Ivy,F,68
Patricia,F,68
Cynthia,F,67
Tessie,F,67
Blanch,F,66
Era,F,65
Iona,F,64
Peggy,F,64
Cassie,F,63
Jeanne,F,63
Clyde,F,62
Polly,F,62
Carol,F,61
Myrtie,F,61
Ellie,F,60
Evie,F,60
Fanny,F,60
Beryl,F,59
Frankie,F,59
Aline,F,58
Antonia,F,58
Rhea,F,58
Zora,F,58
Lyda,F,57
Rae,F,57
Zula,F,57
Iola,F,56
Jannie,F,56
Lenore,F,56
Mazie,F,56
Zola,F,56
Eddie,F,55
Evangeline,F,55
Lina,F,55
Louella,F,55
Molly,F,55
Tressie,F,55
Willa,F,55
Agatha,F,54
Angie,F,54
Annabelle,F,54
Lauretta,F,54
Mandy,F,54
Phoebe,F,54
Sudie,F,54
Aurelia,F,53
Donna,F,53
Lovie,F,53
Bell,F,52
Berta,F,52
Billie,F,52
Elda,F,52
Joan,F,52
Sybil,F,52
Veda,F,52
Cordelia,F,51
Elisabeth,F,51
Hilma,F,51
Hortense,F,51
Ester,F,50
Paula,F,50
Una,F,50
Alva,F,49
Marietta,F,49
Reva,F,49
Retha,F,48
Clare,F,47
Elise,F,47
Tina,F,47
Ava,F,46
Iris,F,46
Maxine,F,46
Rubye,F,46
Tommie,F,46
Vergie,F,46
Bernadette,F,45
Dona,F,45
Emilie,F,45
Garnet,F,45
Madeleine,F,45
Savannah,F,45
Ursula,F,45
Alda,F,44
Carmela,F,44
Monica,F,44
Queen,F,44
Elaine,F,43
Eleanore,F,43
Joyce,F,43
Lennie,F,43
Lilla,F,43
Ocie,F,43
Zelda,F,43
Connie,F,42
Laverne,F,42
Mabelle,F,42
Macie,F,42
Maurine,F,42
Mona,F,42
Pinkie,F,42
Vina,F,42
Belva,F,41
Dena,F,41
Elinor,F,41
Florine,F,41
Gretchen,F,41
Lucia,F,41
Nan,F,41
Pearle,F,41
Berniece,F,40
Delphia,F,40
Donnie,F,40
Easter,F,40
Lida,F,40
Philomena,F,40
Adelia,F,39
Albina,F,39
Avis,F,39
Gwendolyn,F,39
John,F,39
Margery,F,39
Anastasia,F,38
Arlene,F,38
Celeste,F,38
Emmie,F,38
Guadalupe,F,38
Idella,F,38
Leatha,F,38
Malinda,F,38
Octavia,F,38
Reta,F,38
Tennie,F,38
Wilda,F,38
Althea,F,37
Carolina,F,37
Chloe,F,37
Estell,F,37
Loraine,F,37
Magdalena,F,37
Petra,F,37
Roma,F,37
Rowena,F,37
Vernie,F,37
Bella,F,36
Claudie,F,36
Ferne,F,36
Melba,F,36
Adela,F,35
Alyce,F,35
Harriette,F,35
Leonora,F,35
Lue,F,35
Madie,F,35
Marvel,F,35
Allene,F,34
Bridget,F,34
Charity,F,34
Corrine,F,34
Elmira,F,34
Janice,F,34
Lavina,F,34
Melissa,F,34
Melvina,F,34
Vallie,F,34
Altha,F,33
Bernadine,F,33
Bulah,F,33
Camille,F,33
Clarissa,F,33
Esta,F,33
Julie,F,33
Retta,F,33
Annabel,F,32
Arline,F,32
Dixie,F,32
Glenna,F,32
Kitty,F,32
Margret,F,32
Tena,F,32
William,F,32
Winnifred,F,32
Adella,F,31
Almeda,F,31
Edwina,F,31
Georgiana,F,31
Hope,F,31
Joanna,F,31
Ludie,F,31
Maybell,F,31
Mertie,F,31
Queenie,F,31
Sadye,F,31
Zona,F,31
Ara,F,30
Bobbie,F,30
Clementine,F,30
Clemmie,F,30
Elenora,F,30
Francisca,F,30
Hildegarde,F,30
Ima,F,30
James,F,30
Juana,F,30
Kittie,F,30
Lucretia,F,30
Magdalen,F,30
Margarita,F,30
Mozelle,F,30
Pattie,F,30
Rilla,F,30
Robbie,F,30
Berenice,F,29
Crystal,F,29
Elena,F,29
Faith,F,29
Imogene,F,29
Inga,F,29
Ira,F,29
Lavinia,F,29
Leslie,F,29
Myrtis,F,29
Nadine,F,29
Patsy,F,29
Rosemary,F,29
Yetta,F,29
Charlie,F,28
Enid,F,28
Georgianna,F,28
Gloria,F,28
Lonie,F,28
Magdalene,F,28
Mallie,F,28
Natalie,F,28
Novella,F,28
Susanna,F,28
Viva,F,28
Winona,F,28
Bennie,F,27
Emelia,F,27
Ethyl,F,27
Florida,F,27
George,F,27
Hedwig,F,27
Jettie,F,27
Mammie,F,27
Mellie,F,27
Onie,F,27
Rubie,F,27
Vinnie,F,27
Annetta,F,26
Camilla,F,26
Elvera,F,26
Eulah,F,26
Eve,F,26
Jenny,F,26
Justine,F,26
Kathrine,F,26
Lorna,F,26
Ramona,F,26
Rosalind,F,26
Rosia,F,26
Ruthie,F,26
Valeria,F,26
Zoe,F,26
Adaline,F,25
Aletha,F,25
Aurora,F,25
Concetta,F,25
Exie,F,25
Filomena,F,25
Freddie,F,25
Freida,F,25
Gail,F,25
Joy,F,25
Leda,F,25
Melva,F,25
Mercedes,F,25
Nita,F,25
Vena,F,25
Adah,F,24
Albertha,F,24
Audie,F,24
Eda,F,24
Emilia,F,24
Ethelyn,F,24
Ettie,F,24
Hassie,F,24
Judith,F,24
Juliette,F,24
Loma,F,24
Louvenia,F,24
Ressie,F,24
Verdie,F,24
Amie,F,23
Arvilla,F,23
Audra,F,23
Beth,F,23
Cathryn,F,23
Celestine,F,23
Charles,F,23
Delma,F,23
Diana,F,23
Dorris,F,23
Eleanora,F,23
Evalyn,F,23
Gene,F,23
Johnie,F,23
Lilian,F,23
Luna,F,23
Luvenia,F,23
Manuela,F,23
Margarette,F,23
Minna,F,23
Nova,F,23
Odie,F,23
Tilda,F,23
Treva,F,23
Verona,F,23
Ardella,F,22
Arlie,F,22
Cordie,F,22
Donie,F,22
Elizebeth,F,22
Eugenie,F,22
Florrie,F,22
Hildred,F,22
Idell,F,22
Katheryn,F,22
Kay,F,22
Myrna,F,22
Myrtice,F,22
Oda,F,22
Rosalia,F,22
Albertine,F,21
Alverta,F,21
Arrie,F,21
Corene,F,21
Deborah,F,21
Delphine,F,21
Dorthy,F,21
Felicia,F,21
Flo,F,21
Frank,F,21
Hildegard,F,21
Kathryne,F,21
Lacy,F,21
Liza,F,21
Lonnie,F,21
Madelyn,F,21
Mathilde,F,21
Mavis,F,21
Mettie,F,21
Myrle,F,21
Ossie,F,21
Pollie,F,21
Rosamond,F,21
Sena,F,21
Bethel,F,20
Carmella,F,20
Docia,F,20
Eldora,F,20
Etha,F,20
Frona,F,20
Greta,F,20
Hessie,F,20
Ivory,F,20
Jamie,F,20
Lenna,F,20
Leva,F,20
Lexie,F,20
Lilah,F,20
Marcia,F,20
Maye,F,20
Minta,F,20
Ottie,F,20
Sammie,F,20
Sibyl,F,20
Signe,F,20
Tressa,F,20
Velda,F,20
Vernice,F,20
Adell,F,19
Cordia,F,19
Dortha,F,19
Dottie,F,19
Ebba,F,19
Jacqueline,F,19
Janette,F,19
Jo,F,19
Josefa,F,19
Lelah,F,19
Lorine,F,19
Lucie,F,19
Magnolia,F,19
Manda,F,19
Nelda,F,19
Rachael,F,19
Rosina,F,19
Sula,F,19
Theo,F,19
Theodora,F,19
Valerie,F,19
Verla,F,19
Veva,F,19
Zetta,F,19
Adelina,F,18
Alene,F,18
Cleora,F,18
Clora,F,18
Corda,F,18
Drucilla,F,18
Edyth,F,18
Electa,F,18
Eulalia,F,18
Freeda,F,18
Grayce,F,18
Hellen,F,18
Icie,F,18
Icy,F,18
Ivah,F,18
Letitia,F,18
Malvina,F,18
Martina,F,18
Missouri,F,18
Ouida,F,18
Ova,F,18
Prudence,F,18
Serena,F,18
Suzanne,F,18
Aimee,F,17
Alida,F,17
Alvera,F,17
Amalia,F,17
Beaulah,F,17
Berneice,F,17
Carmel,F,17
Corrie,F,17
Dee,F,17
Elisa,F,17
Eura,F,17
Garnett,F,17
Helga,F,17
Henry,F,17
Isa,F,17
Juliet,F,17
Kattie,F,17
Libby,F,17
Madaline,F,17
Marjory,F,17
Maymie,F,17
Melinda,F,17
Monnie,F,17
Myrl,F,17
Norine,F,17
Ray,F,17
Rossie,F,17
Selena,F,17
Selina,F,17
Sidney,F,17
Stephanie,F,17
Violette,F,17
Walter,F,17
Zita,F,17
Alfreda,F,16
Alverda,F,16
Annis,F,16
Betsy,F,16
Birtha,F,16
Claribel,F,16
Delilah,F,16
Gertha,F,16
Gwen,F,16
Hildur,F,16
Huldah,F,16
India,F,16
Jossie,F,16
Katy,F,16
Lavada,F,16
Lissie,F,16
Lurline,F,16
Mabell,F,16
Neta,F,16
Odelia,F,16
Odell,F,16
Robert,F,16
Rosanna,F,16
Samantha,F,16
Tempie,F,16
Ula,F,16
Verlie,F,16
Zadie,F,16
Alvena,F,15
Annabell,F,15
Berdie,F,15
Beula,F,15
Dorcas,F,15
Elvie,F,15
Emmer,F,15
Euna,F,15
Glennie,F,15
Hanna,F,15
Hazle,F,15
Imelda,F,15
Laurel,F,15
Lea,F,15
Lelar,F,15
Leonie,F,15
Lupe,F,15
Maxie,F,15
Mossie,F,15
Osie,F,15
Salome,F,15
Thea,F,15
Vertie,F,15
Zada,F,15
Arizona,F,14
Augustine,F,14
Claudine,F,14
Clemence,F,14
Dell,F,14
Dellie,F,14
Earl,F,14
Earlie,F,14
Elberta,F,14
Elfrieda,F,14
Elna,F,14
Elvina,F,14
Eveline,F,14
Fairy,F,14
Fred,F,14
Goldia,F,14
Hermina,F,14
Hertha,F,14
Jeffie,F,14
Joseph,F,14
Lassie,F,14
Leonia,F,14
Leontine,F,14
Libbie,F,14
Malissa,F,14
Mariah,F,14
Metta,F,14
Neoma,F,14
Rozella,F,14
Sigrid,F,14
Sofia,F,14
Theresia,F,14
Thora,F,14
Tiny,F,14
Twila,F,14
Vassie,F,14
Zettie,F,14
Abigail,F,13
Alla,F,13
Allean,F,13
Amber,F,13
Aura,F,13
Buelah,F,13
Cathrine,F,13
Dagny,F,13
Daphne,F,13
Delores,F,13
Delpha,F,13
Delta,F,13
Dina,F,13
Elta,F,13
Ena,F,13
Enola,F,13
Erie,F,13
Fae,F,13
Gay,F,13
Gena,F,13
Ilah,F,13
Jesse,F,13
Joe,F,13
Lady,F,13
Leoma,F,13
Lera,F,13
Loretto,F,13
Luberta,F,13
Luisa,F,13
Lutie,F,13
Macy,F,13
Margaretta,F,13
Nella,F,13
Nolia,F,13
Noma,F,13
Odile,F,13
Oleta,F,13
Onnie,F,13
Ozella,F,13
Phebe,F,13
Trula,F,13
Vella,F,13
Velva,F,13
Andrea,F,12
Aurore,F,12
Christie,F,12
Clarence,F,12
Clifford,F,12
Dannie,F,12
Delcie,F,12
Dicie,F,12
Dorotha,F,12
Eloisa,F,12
Emeline,F,12
Ethyle,F,12
Ever,F,12
Golden,F,12
Hasel,F,12
Ines,F,12
Ingeborg,F,12
Izetta,F,12
Izora,F,12
Jeane,F,12
Josefina,F,12
Laurine,F,12
Leo,F,12
Liddie,F,12
Lorean,F,12
Lovina,F,12
Marge,F,12
Margueritte,F,12
Meda,F,12
Montie,F,12
Mozell,F,12
Nanie,F,12
Naoma,F,12
Norene,F,12
Omie,F,12
Oneta,F,12
Ottilie,F,12
Rene,F,12
Sister,F,12
Thomas,F,12
Thresa,F,12
Trudie,F,12
Vennie,F,12
Vivien,F,12
Zelia,F,12
Zena,F,12
Adline,F,11
Alicia,F,11
Almira,F,11
America,F,11
Anner,F,11
Arla,F,11
Atha,F,11
Aubrey,F,11
Avie,F,11
Bert,F,11
Bonita,F,11
Catarina,F,11
Celesta,F,11
Chessie,F,11
Concepcion,F,11
Corean,F,11
Corina,F,11
Cuba,F,11
Dessa,F,11
Dove,F,11
Edmonia,F,11
Elzora,F,11
Emogene,F,11
Eulalie,F,11
Evalena,F,11
Evaline,F,11
Evelena,F,11
Everlena,F,11
Flonnie,F,11
Gusta,F,11
Ilene,F,11
Inza,F,11
Irena,F,11
Josefita,F,11
Josiephine,F,11
Judy,F,11
Juliana,F,11
Lilie,F,11
Lollie,F,11
Louie,F,11
Margrett,F,11
Marianne,F,11
Maryann,F,11
Millicent,F,11
Nelia,F,11
Nonnie,F,11
Norah,F,11
Olevia,F,11
Rella,F,11
Sabra,F,11
Thekla,F,11
Tomasa,F,11
Vadie,F,11
Vashti,F,11
Venita,F,11
Versie,F,11
Veta,F,11
Vira,F,11
Virgil,F,11
Zina,F,11
Adda,F,10
Aggie,F,10
Aleen,F,10
Ammie,F,10
Annice,F,10
Ardelia,F,10
Argie,F,10
Arie,F,10
Arminta,F,10
Bee,F,10
Christena,F,10
Cleda,F,10
Cleta,F,10
Consuelo,F,10
Daisey,F,10
Delfina,F,10
Dimple,F,10
Dot,F,10
Elzie,F,10
Eudora,F,10
Evelina,F,10
Fannye,F,10
Fleeta,F,10
Floretta,F,10
Floria,F,10
Florie,F,10
Genie,F,10
Gennie,F,10
Georgina,F,10
Glenn,F,10
Herminia,F,10
Jeanie,F,10
Jule,F,10
Junie,F,10
Kathlyn,F,10
Lala,F,10
Leafy,F,10
Lempi,F,10
Linnea,F,10
Lockie,F,10
Lossie,F,10
Luetta,F,10
Madgie,F,10
Media,F,10
Merna,F,10
Minda,F,10
Nevada,F,10
Nonie,F,10
Octa,F,10
Olympia,F,10
Orelia,F,10
Osa,F,10
Ottilia,F,10
Ovie,F,10
Palma,F,10
Patience,F,10
Rosalee,F,10
Rosena,F,10
Silvia,F,10
Sophronia,F,10
Theora,F,10
Trixie,F,10
Vannie,F,10
Vara,F,10
Verena,F,10
Verne,F,10
Vessie,F,10
Villa,F,10
Willia,F,10
Adelle,F,9
Afton,F,9
Agness,F,9
Anie,F,9
Antonette,F,9
Arabella,F,9
Arlean,F,9
Birtie,F,9
Burnice,F,9
Caldonia,F,9
Carl,F,9
Carmelita,F,9
Celestina,F,9
Clarabelle,F,9
Clarinda,F,9
Clella,F,9
Coletta,F,9
Colette,F,9
Coral,F,9
Dale,F,9
Darlene,F,9
Debbie,F,9
Dossie,F,9
Elfie,F,9
Elmer,F,9
Elouise,F,9
Emmaline,F,9
Ernest,F,9
Ether,F,9
Etna,F,9
Floyd,F,9
Fronie,F,9
Gatha,F,9
Gayle,F,9
Gaynell,F,9
Germaine,F,9
Gladis,F,9
Gregoria,F,9
Helma,F,9
Helon,F,9
Henretta,F,9
Hildagard,F,9
Hildreth,F,9
Isla,F,9
Izola,F,9
Katharina,F,9
Lana,F,9
Lannie,F,9
Larue,F,9
Laverna,F,9
Lilyan,F,9
Littie,F,9
Lotus,F,9
Loyce,F,9
Lular,F,9
Lyla,F,9
Lyndall,F,9
Madalyn,F,9
Madelaine,F,9
Mahala,F,9
Maisie,F,9
Marry,F,9
Matie,F,9
Merlie,F,9
Milda,F,9
Mima,F,9
Nada,F,9
Nelly,F,9
Nila,F,9
Opha,F,9
Ozie,F,9
Paralee,F,9
Pearly,F,9
Pennie,F,9
Roena,F,9
Roseanna,F,9
Roxanna,F,9
Soledad,F,9
Sweetie,F,9
Theodosia,F,9
Tinnie,F,9
Tishie,F,9
Veola,F,9
Vista,F,9
Vita,F,9
Vonnie,F,9
Wava,F,9
Weltha,F,9
Willis,F,9
Yolanda,F,9
Zera,F,9
Adrienne,F,8
Albena,F,8
Albert,F,8
Albertina,F,8
Aleda,F,8
Ardie,F,8
Ardis,F,8
Assunta,F,8
Bama,F,8
Blossom,F,8
Buena,F,8
Bular,F,8
Byrdie,F,8
Cammie,F,8
Carla,F,8
Ceola,F,8
Cherry,F,8
Clotilde,F,8
Columbia,F,8
Creola,F,8
Dosha,F,8
Doshia,F,8
Drusilla,F,8
Earline,F,8
Earnestine,F,8
Ellar,F,8
Eller,F,8
Elvia,F,8
Emelie,F,8
Esma,F,8
Estel,F,8
Eugene,F,8
Ferol,F,8
Fleta,F,8
Fronia,F,8
Gabrielle,F,8
Georgette,F,8
Gillie,F,8
Harry,F,8
Hazelle,F,8
Hetty,F,8
Honora,F,8
Hyacinth,F,8
Ilo,F,8
Indiana,F,8
Jennette,F,8
Jessica,F,8
Judie,F,8
Kizzie,F,8
Lanie,F,8
Lavern,F,8
Lavonia,F,8
Leana,F,8
Leanna,F,8
Lear,F,8
Leonor,F,8
Letty,F,8
Lilia,F,8
Linna,F,8
Lorenza,F,8
Louis,F,8
Lugenia,F,8
Luz,F,8
Maebelle,F,8
Maida,F,8
Margarete,F,8
Margarett,F,8
Marilla,F,8
Mayola,F,8
Mozella,F,8
Nathalie,F,8
Nealie,F,8
Nena,F,8
Nicolasa,F,8
Novie,F,8
Olivette,F,8
Oneida,F,8
Orene,F,8
Parthenia,F,8
Patty,F,8
Peggie,F,8
Pluma,F,8
Prudie,F,8
Refugia,F,8
Renee,F,8
Rettie,F,8
Rheba,F,8
Richard,F,8
Rosabelle,F,8
Rosey,F,8
Roy,F,8
Santos,F,8
Savilla,F,8
Serafina,F,8
Sina,F,8
Sylvester,F,8
Theda,F,8
Therese,F,8
Theressa,F,8
Tula,F,8
Valda,F,8
Valentina,F,8
Vela,F,8
Venice,F,8
Vernon,F,8
Vicenta,F,8
Vicie,F,8
Vincenza,F,8
Virgia,F,8
Zenobia,F,8
Zeta,F,8
Zilla,F,8
Ader,F,7
Agusta,F,7
Aina,F,7
Aldora,F,7
Ama,F,7
Anise,F,7
Arlena,F,7
Arnie,F,7
Arthur,F,7
Astrid,F,7
Audry,F,7
Azalee,F,7
Azzie,F,7
Beatriz,F,7
Becky,F,7
Bernetta,F,7
Bertina,F,7
Besse,F,7
Bobby,F,7
Buna,F,7
Calla,F,7
Candida,F,7
Cara,F,7
Carie,F,7
Cecille,F,7
Celina,F,7
Charley,F,7
Clair,F,7
Cleola,F,7
Cleona,F,7
Clytie,F,7
Corena,F,7
Cruz,F,7
Daisie,F,7
Deloris,F,7
Dewey,F,7
Dillie,F,7
Dinah,F,7
Dola,F,7
Doll,F,7
Dulcie,F,7
Eathel,F,7
Elba,F,7
Elida,F,7
Ellamae,F,7
Elmire,F,7
Enriqueta,F,7
Evia,F,7
Florinda,F,7
Forrest,F,7
Francies,F,7
Gerda,F,7
Goldye,F,7
Gretta,F,7
Herma,F,7
Hilaria,F,7
Hollie,F,7
Inda,F,7
Iowa,F,7
Irine,F,7
Isadora,F,7
Ivie,F,7
Jackie,F,7
Jeanetta,F,7
Jesusa,F,7
Jonnie,F,7
Katrina,F,7
Lalla,F,7
Laurena,F,7
Laurette,F,7
Lealer,F,7
Lella,F,7
Litha,F,7
Lotta,F,7
Louanna,F,7
Love,F,7
Lovella,F,7
Lovey,F,7
Luciel,F,7
Madora,F,7
Malissia,F,7
Mannie,F,7
Mariana,F,7
Melda,F,7
Minervia,F,7
Mintie,F,7
Missie,F,7
Monna,F,7
Monta,F,7
Murrel,F,7
Neola,F,7
Nicie,F,7
Odessie,F,7
Olena,F,7
Otelia,F,7
Otha,F,7
Otilia,F,7
Ozzie,F,7
Penny,F,7
Perle,F,7
Pernie,F,7
Pilar,F,7
Pinky,F,7
Portia,F,7
Rafaela,F,7
Roslyn,F,7
Ruie,F,7
Russell,F,7
Sam,F,7
Simona,F,7
Stasia,F,7
Sydney,F,7
Tera,F,7
Thressa,F,7
Thyra,F,7
Valentine,F,7
Vaughn,F,7
Verta,F,7
Vinie,F,7
Vola,F,7
Wavie,F,7
Wilhelmine,F,7
Will,F,7
Williemae,F,7
Willye,F,7
Wylma,F,7
Wynona,F,7
Abby,F,6
Agustina,F,6
Albie,F,6
Albirda,F,6
Alfaretta,F,6
Alletta,F,6
Alline,F,6
Allyne,F,6
Almeta,F,6
Altie,F,6
Alvie,F,6
Alvira,F,6
Ana,F,6
Aneita,F,6
Angelita,F,6
Annamae,F,6
Antonetta,F,6
Archie,F,6
Ardath,F,6
Ardell,F,6
Arena,F,6
Aria,F,6
Arkie,F,6
Armeda,F,6
Armella,F,6
Arrilla,F,6
Artelia,F,6
Arvella,F,6
Arvie,F,6
Arzella,F,6
Augustina,F,6
Beedie,F,6
Belinda,F,6
Betsey,F,6
Bette,F,6
Birda,F,6
Birdia,F,6
Blanchie,F,6
Brenda,F,6
Brownie,F,6
Carlota,F,6
Carlotta,F,6
Carra,F,6
Carry,F,6
Catheryn,F,6
Cele,F,6
Celestia,F,6
Channie,F,6
Charlene,F,6
Christabel,F,6
Cindy,F,6
Clarine,F,6
Clorinda,F,6
Colleen,F,6
Cornie,F,6
Coy,F,6
Crissie,F,6
Dagmar,F,6
Dana,F,6
Dean,F,6
Dellar,F,6
Delora,F,6
Dema,F,6
Dezzie,F,6
Diane,F,6
Dissie,F,6
Donia,F,6
Dorathy,F,6
Doshie,F,6
Ela,F,6
Eleonora,F,6
Ellis,F,6
Emmy,F,6
Eppie,F,6
Erva,F,6
Ethelene,F,6
Ethlyn,F,6
Eupha,F,6
Evah,F,6
Faustina,F,6
Felicitas,F,6
Flavia,F,6
Fleda,F,6
Florance,F,6
Florene,F,6
Frederica,F,6
Fredia,F,6
Genevive,F,6
Gina,F,6
Gizella,F,6
Gola,F,6
Gordie,F,6
Grady,F,6
Helmi,F,6
Henriette,F,6
Hila,F,6
Ica,F,6
Idabelle,F,6
Isobel,F,6
Jemima,F,6
Joann,F,6
Jodie,F,6
Julianna,F,6
Justina,F,6
Kaye,F,6
Laurie,F,6
Lavon,F,6
Leeta,F,6
Leitha,F,6
Lester,F,6
Lethia,F,6
Letta,F,6
Lillia,F,6
Lodie,F,6
Loreta,F,6
Lorinda,F,6
Lota,F,6
Louetta,F,6
Loula,F,6
Lydie,F,6
Lynn,F,6
Madalene,F,6
Maddie,F,6
Madonna,F,6
Manuelita,F,6
Marcelle,F,6
Margaretha,F,6
Margert,F,6
Marianna,F,6
Marilyn,F,6
Marita,F,6
Marta,F,6
Marybelle,F,6
Maryjane,F,6
Maryland,F,6
Marylou,F,6
Matilde,F,6
Maurice,F,6
Mearl,F,6
Medora,F,6
Melanie,F,6
Melita,F,6
Merlin,F,6
Metha,F,6
Mila,F,6
Minnette,F,6
Moselle,F,6
Natividad,F,6
Nezzie,F,6
Nolie,F,6
Nollie,F,6
Notie,F,6
Octavie,F,6
Odessia,F,6
Olie,F,6
Oneita,F,6
Oral,F,6
Oscar,F,6
Oza,F,6
Paul,F,6
Paulina,F,6
Pecola,F,6
Perry,F,6
Persis,F,6
Rada,F,6
Rea,F,6
Reatha,F,6
Refugio,F,6
Rennie,F,6
Ressa,F,6
Robina,F,6
Romaine,F,6
Rosaline,F,6
Roselyn,F,6
Rosita,F,6
Rutha,F,6
Sabina,F,6
Salina,F,6
Santa,F,6
Siller,F,6
Sonia,F,6
Susana,F,6
Sylva,F,6
Sylvania,F,6
Tekla,F,6
Tennessee,F,6
Teodora,F,6
Tess,F,6
Texie,F,6
Theodore,F,6
Thula,F,6
Tiney,F,6
Tollie,F,6
Unknown,F,6
Ura,F,6
Valetta,F,6
Valrie,F,6
Velna,F,6
Venie,F,6
Venus,F,6
Verba,F,6
Vern,F,6
Versa,F,6
Vester,F,6
Viletta,F,6
Virdie,F,6
Vlasta,F,6
Willetta,F,6
Zela,F,6
Zelpha,F,6
Zennie,F,6
Zillah,F,6
Zollie,F,6
Adra,F,5
Aili,F,5
Aldea,F,5
Aleta,F,5
Alexina,F,5
Almena,F,5
Alyne,F,5
Angele,F,5
Anice,F,5
Antha,F,5
Anthony,F,5
Antoinetta,F,5
Antonina,F,5
Apolonia,F,5
Appolonia,F,5
Arilla,F,5
Arleen,F,5
Arva,F,5
Aslee,F,5
Attie,F,5
Australia,F,5
Axie,F,5
Azalia,F,5
Bea,F,5
Beadie,F,5
Beda,F,5
Belvie,F,5
Bena,F,5
Benita,F,5
Bernard,F,5
Bernardine,F,5
Bernie,F,5
Beverly,F,5
Birdella,F,5
Canary,F,5
Candace,F,5
Carlie,F,5
Carole,F,5
Caryl,F,5
Casimira,F,5
Catalina,F,5
Catherina,F,5
Cathern,F,5
Cathleen,F,5
Charline,F,5
Christene,F,5
Claris,F,5
Clarise,F,5
Clela,F,5
Clementina,F,5
Cleva,F,5
Cloe,F,5
Cloie,F,5
Clovie,F,5
Clyda,F,5
Coralie,F,5
Cordella,F,5
Corrinne,F,5
Crescentia,F,5
Curtis,F,5
Davie,F,5
Dea,F,5
Delina,F,5
Dellia,F,5
Delsie,F,5
Delvina,F,5
Dicy,F,5
Dorathea,F,5
Dosia,F,5
Earlene,F,5
Echo,F,5
Editha,F,5
Edra,F,5
Elease,F,5
Elenor,F,5
Elenore,F,5
Elfreda,F,5
Elina,F,5
Elinore,F,5
Elvena,F,5
Emaline,F,5
Emmeline,F,5
Enna,F,5
Ermal,F,5
Estefana,F,5
Ethie,F,5
Etter,F,5
Eulala,F,5
Eular,F,5
Evlyn,F,5
Ezora,F,5
Fayetta,F,5
Felipa,F,5
Feliz,F,5
Floye,F,5
Francine,F,5
Garland,F,5
Genoveva,F,5
Georgine,F,5
Glada,F,5
Gladine,F,5
Glady,F,5
Gladyce,F,5
Glen,F,5
Glena,F,5
Glendora,F,5
Gracia,F,5
Gracy,F,5
Gustava,F,5
Gypsy,F,5
Harrietta,F,5
Herlinda,F,5
Hilah,F,5
Howard,F,5
Icel,F,5
Idamae,F,5
Irean,F,5
Irmgard,F,5
Irva,F,5
Isis,F,5
Isola,F,5
Ita,F,5
Ivor,F,5
Jeannie,F,5
Joella,F,5
Jose,F,5
Juel,F,5
Karen,F,5
Katherene,F,5
Katherina,F,5
Kathern,F,5
Kinnie,F,5
Lalah,F,5
Launa,F,5
Lavena,F,5
Lavenia,F,5
Laveta,F,5
Lavonne,F,5
Leacy,F,5
Leaner,F,5
Leathia,F,5
Leathie,F,5
Leonore,F,5
Librada,F,5
Lidia,F,5
Lillar,F,5
Liller,F,5
Lolita,F,5
Loney,F,5
Lorina,F,5
Louisiana,F,5
Lovell,F,5
Luceal,F,5
Lucylle,F,5
Lulie,F,5
Lurene,F,5
Lyle,F,5
Madelon,F,5
Madline,F,5
Madolin,F,5
Madolyn,F,5
Maebell,F,5
Maie,F,5
Maire,F,5
Majel,F,5
Mandie,F,5
Manilla,F,5
Maple,F,5
Mardie,F,5
Margarite,F,5
Marien,F,5
Marina,F,5
Marinda,F,5
Mark,F,5
Martin,F,5
Maryanna,F,5
Maryetta,F,5
Massie,F,5
Mata,F,5
Maudine,F,5
Maureen,F,5
Maybel,F,5
Maysel,F,5
Melina,F,5
Mennie,F,5
Mercy,F,5
Mertice,F,5
Meryl,F,5
Mignon,F,5
Milly,F,5
Milton,F,5
Murial,F,5
Nana,F,5
Narcissus,F,5
Neal,F,5
Nieves,F,5
Noemie,F,5
Odella,F,5
Odette,F,5
Olinda,F,5
Oliva,F,5
Onelia,F,5
Ople,F,5
Othelia,F,5
Otila,F,5
Oval,F,5
Pearley,F,5
Pebble,F,5
Percy,F,5
Permelia,F,5
Pheba,F,5
Pheobe,F,5
Philomene,F,5
Pinkey,F,5
Ragna,F,5
Ralph,F,5
Reather,F,5
Rebekah,F,5
Recie,F,5
Rilda,F,5
Rochelle,F,5
Romilda,F,5
Rosana,F,5
Rosebud,F,5
Roselle,F,5
Rosemarie,F,5
Rosilda,F,5
Ruey,F,5
Sada,F,5
Sallye,F,5
Santina,F,5
Savanah,F,5
Shellie,F,5
Snow,F,5
Stacy,F,5
Stefania,F,5
Swannie,F,5
Syble,F,5
Tabitha,F,5
Tellie,F,5
Theodocia,F,5
Theola,F,5
Tracy,F,5
Trina,F,5
Trudy,F,5
Tyyne,F,5
Valeda,F,5
Valley,F,5
Verdia,F,5
Vernetta,F,5
Vernia,F,5
Vienna,F,5
Vilma,F,5
Vinita,F,5
Violetta,F,5
Vivienne,F,5
Vona,F,5
Willer,F,5
Wilna,F,5
Wilsie,F,5
Wreatha,F,5
Zana,F,5
Zeffie,F,5
Zilpha,F,5
Zuma,F,5
John,M,6900
William,M,5990
James,M,4735
George,M,3609
Charles,M,3049
Joseph,M,2766
Robert,M,2543
Frank,M,2402
Edward,M,1917
Henry,M,1870
Thomas,M,1820
Walter,M,1718
Harry,M,1594
Arthur,M,1329
Albert,M,1317
Willie,M,1294
Clarence,M,1196
Fred,M,1133
Paul,M,924
Roy,M,917
Harold,M,915
Raymond,M,888
Earl,M,818
Carl,M,817
Louis,M,797
Richard,M,784
Joe,M,756
Ernest,M,691
Ralph,M,682
David,M,672
Charlie,M,654
Jack,M,645
Samuel,M,628
Howard,M,584
Herbert,M,573
Francis,M,543
Lawrence,M,535
Elmer,M,520
Alfred,M,506
Andrew,M,479
Sam,M,479
Leo,M,456
Theodore,M,450
Eugene,M,445
Lee,M,424
Floyd,M,423
Oscar,M,422
Daniel,M,416
Jesse,M,411
Russell,M,395
Herman,M,393
Michael,M,384
Will,M,364
Leonard,M,362
Clyde,M,356
Benjamin,M,343
Peter,M,343
Claude,M,341
Ray,M,338
Frederick,M,336
Lester,M,332
Anthony,M,323
Lewis,M,309
Martin,M,304
Edwin,M,299
Eddie,M,296
Tom,M,291
Lloyd,M,285
Clifford,M,282
Cecil,M,278
Edgar,M,271
Leroy,M,268
Ben,M,259
Homer,M,257
Chester,M,253
Harvey,M,253
Donald,M,250
Kenneth,M,246
Luther,M,244
Bernard,M,242
Jim,M,239
Stanley,M,239
Norman,M,238
Philip,M,232
Jessie,M,231
Everett,M,218
Leon,M,208
Allen,M,199
Leslie,M,198
Milton,M,197
Hugh,M,192
Oliver,M,187
Patrick,M,181
Glenn,M,180
Alvin,M,179
Horace,M,178
Melvin,M,176
Jacob,M,172
Guy,M,170
Victor,M,169
Julius,M,168
Alexander,M,162
Ed,M,162
Johnnie,M,162
Archie,M,161
Maurice,M,160
Marion,M,159
Charley,M,158
Stephen,M,158
Virgil,M,158
Otto,M,156
Manuel,M,150
Warren,M,149
Lonnie,M,148
Morris,M,146
Wesley,M,146
Marvin,M,145
Ira,M,142
Hubert,M,140
Alex,M,138
Dewey,M,137
Willard,M,136
Sidney,M,134
Gerald,M,133
Isaac,M,133
Wallace,M,132
Earnest,M,131
Nathan,M,131
Vincent,M,131
Wilbur,M,130
Gilbert,M,129
Vernon,M,129
Bert,M,128
Jose,M,127
Otis,M,127
Emil,M,122
Rufus,M,121
Percy,M,120
Sylvester,M,120
Dan,M,117
August,M,116
Jerry,M,116
Curtis,M,114
Mack,M,114
Roland,M,113
Arnold,M,110
Emmett,M,110
Max,M,110
Willis,M,106
Dave,M,105
Glen,M,105
Bill,M,104
Gordon,M,103
Clifton,M,101
Bennie,M,100
Jimmie,M,99
Calvin,M,98
Mike,M,98
Nelson,M,97
Jay,M,96
Edmund,M,95
Orville,M,94
Franklin,M,92
Mark,M,92
Nathaniel,M,92
Roosevelt,M,90
Matthew,M,89
Irvin,M,88
Nicholas,M,88
Perry,M,87
Roscoe,M,87
Rudolph,M,87
Wayne,M,87
Johnie,M,86
Jess,M,85
Amos,M,83
Douglas,M,83
Ollie,M,81
Aaron,M,80
Adolph,M,80
Irving,M,80
Owen,M,80
Dennis,M,79
Elijah,M,79
Jake,M,79
Pete,M,79
Elbert,M,78
Juan,M,78
Phillip,M,78
Preston,M,78
Mckinley,M,77
Clinton,M,76
Cornelius,M,76
Steve,M,76
Ellis,M,74
Forrest,M,73
Claud,M,72
Clayton,M,72
Ross,M,72
Simon,M,72
Adam,M,71
Felix,M,70
Gus,M,70
Austin,M,68
Jerome,M,68
Leland,M,68
Reuben,M,68
Alonzo,M,67
Marshall,M,67
Julian,M,66
Bruce,M,65
Sherman,M,64
Ted,M,64
Wiley,M,64
Ervin,M,63
Erwin,M,63
Harley,M,63
Abraham,M,62
Monroe,M,62
Timothy,M,62
Tony,M,62
Wade,M,62
Ivan,M,60
Laurence,M,60
Loyd,M,60
Lyle,M,60
Roger,M,60
Alva,M,59
Jasper,M,58
Louie,M,58
Mary,M,58
Noah,M,56
Grady,M,55
Tommie,M,55
Karl,M,54
Millard,M,54
Antonio,M,52
Clark,M,52
Merle,M,52
Moses,M,52
Wilbert,M,52
Byron,M,51
Wilson,M,51
Anton,M,50
Bob,M,49
Fredrick,M,49
Grover,M,49
Mose,M,49
Abe,M,48
Don,M,48
Elwood,M,48
Johnny,M,48
Wilfred,M,47
Carroll,M,46
Eli,M,45
Forest,M,45
Grant,M,45
Jeff,M,45
Emory,M,44
Harrison,M,44
Loren,M,44
Marcus,M,44
Myron,M,44
Aubrey,M,43
Ronald,M,43
Boyd,M,42
Carlton,M,41
Edmond,M,41
Levi,M,41
Murray,M,41
Troy,M,41
Dale,M,40
Dock,M,40
Nick,M,40
Allan,M,39
Mathew,M,39
Carlos,M,38
Christian,M,38
Delbert,M,38
Gustave,M,38
Herschel,M,38
Hiram,M,38
Pearl,M,38
Dwight,M,37
Edd,M,37
Emanuel,M,37
Luke,M,37
Miles,M,37
Silas,M,37
Solomon,M,37
Conrad,M,36
Foster,M,36
Pedro,M,36
Ambrose,M,35
Augustus,M,35
Burton,M,35
Emery,M,35
Francisco,M,35
Larry,M,35
Malcolm,M,35
Ruben,M,35
Andy,M,34
Barney,M,34
Christopher,M,34
Cyril,M,34
Earle,M,34
Joel,M,34
Ora,M,34
Van,M,34
Angelo,M,33
Fletcher,M,33
Noble,M,33
Ramon,M,33
Dean,M,32
Neil,M,32
Pat,M,32
Vern,M,32
Gene,M,31
Houston,M,31
Jean,M,31
Mitchell,M,31
Reginald,M,31
Stewart,M,31
Tommy,M,31
Bud,M,30
Cleveland,M,30
Garland,M,30
Hugo,M,30
Lorenzo,M,30
Lucius,M,30
Newton,M,30
Riley,M,30
Spencer,M,30
Adrian,M,29
Alphonse,M,29
Booker,M,29
Dallas,M,29
Davis,M,29
Dominick,M,29
Elmo,M,29
Ferdinand,M,29
Freddie,M,29
Neal,M,29
Orval,M,29
Prince,M,29
Rex,M,29
Basil,M,28
Clement,M,28
Columbus,M,28
Russel,M,28
Scott,M,28
Sterling,M,28
Dewitt,M,27
Jefferson,M,27
Jesus,M,27
Lynn,M,27
Milo,M,27
Sol,M,27
Alton,M,26
Anderson,M,26
Chris,M,26
Cleo,M,26
Cyrus,M,26
Dudley,M,26
Fay,M,26
Ike,M,26
Lyman,M,26
Merrill,M,26
Salvatore,M,26
Sanford,M,26
Abner,M,25
Asa,M,25
Elvin,M,25
Emerson,M,25
Eric,M,25
Frances,M,25
Porter,M,25
Taylor,M,25
Ulysses,M,25
Verne,M,25
Walker,M,25
Ward,M,25
Evan,M,24
Garfield,M,24
Granville,M,24
Hollis,M,24
Irwin,M,24
Jackson,M,24
Lowell,M,24
Napoleon,M,24
Otho,M,24
Randolph,M,24
Steven,M,24
Alfonso,M,23
Isadore,M,23
Maynard,M,23
Oren,M,23
Royal,M,23
Ellsworth,M,22
Joshua,M,22
Junius,M,22
Lawson,M,22
Major,M,22
Ned,M,22
Stuart,M,22
Wilmer,M,22
Al,M,21
Clair,M,21
Clay,M,21
Dick,M,21
Early,M,21
Evert,M,21
Florence,M,21
Gabriel,M,21
Hobart,M,21
Jeremiah,M,21
Margaret,M,21
Matt,M,21
Omer,M,21
Phil,M,21
Wm,M,21
Alan,M,20
Berry,M,20
Chas,M,20
Emile,M,20
Enoch,M,20
Ezra,M,20
Freeman,M,20
Harlan,M,20
Lemuel,M,20
Lionel,M,20
Palmer,M,20
Avery,M,19
Bryan,M,19
Coleman,M,19
Eldon,M,19
Elisha,M,19
Elton,M,19
Guadalupe,M,19
Hal,M,19
Harmon,M,19
Hazel,M,19
Hoyt,M,19
Hyman,M,19
Isiah,M,19
Lucious,M,19
Odell,M,19
Pablo,M,19
Raleigh,M,19
Sammie,M,19
Valentine,M,19
Washington,M,19
Allie,M,18
Anna,M,18
Billy,M,18
Buster,M,18
Elzie,M,18
Jimmy,M,18
Johnson,M,18
Josh,M,18
Maxwell,M,18
Olin,M,18
Roman,M,18
Theo,M,18
Wendell,M,18
Annie,M,17
Arch,M,17
Arlie,M,17
Arther,M,17
Benny,M,17
Buford,M,17
Clarance,M,17
Clem,M,17
Coy,M,17
Elias,M,17
Elliott,M,17
Haywood,M,17
Helen,M,17
Isaiah,M,17
Jonas,M,17
Kermit,M,17
Lillian,M,17
Linwood,M,17
Norris,M,17
Ole,M,17
Oran,M,17
Alfredo,M,16
Armand,M,16
Brooks,M,16
Clara,M,16
Dee,M,16
Emmitt,M,16
Ethel,M,16
Everette,M,16
Frederic,M,16
Gregory,M,16
Julia,M,16
Lacy,M,16
Luis,M,16
Morgan,M,16
Noel,M,16
Odis,M,16
Rafael,M,16
Son,M,16
Vernie,M,16
Antone,M,15
Archibald,M,15
Benjiman,M,15
Benton,M,15
Burl,M,15
Claudie,M,15
Cliff,M,15
General,M,15
Gerard,M,15
Gust,M,15
Gustav,M,15
Hardy,M,15
Hershel,M,15
Jules,M,15
Keith,M,15
King,M,15
Mason,M,15
Meyer,M,15
Norbert,M,15
Oswald,M,15
Otha,M,15
Rolland,M,15
Ruth,M,15
Seth,M,15
Teddy,M,15
Tomas,M,15
Truman,M,15
Verner,M,15
Waldo,M,15
Wilford,M,15
Alvie,M,14
Billie,M,14
Brady,M,14
Crawford,M,14
Delmar,M,14
Elza,M,14
Hans,M,14
Irene,M,14
Israel,M,14
Ivy,M,14
Jewell,M,14
Jones,M,14
Judson,M,14
Lamar,M,14
Lenard,M,14
Micheal,M,14
Rocco,M,14
Rubin,M,14
Shelby,M,14
Turner,M,14
Watson,M,14
Webster,M,14
Winfield,M,14
Abel,M,13
Alma,M,13
Aloysius,M,13
Alvis,M,13
Andres,M,13
Augusta,M,13
Augustine,M,13
Bertram,M,13
Bruno,M,13
Burt,M,13
Carter,M,13
Dominic,M,13
Emmet,M,13
Felipe,M,13
Hamilton,M,13
Hermon,M,13
Jewel,M,13
Junior,M,13
Lon,M,13
Merton,M,13
Miguel,M,13
Newell,M,13
Odie,M,13
Patsy,M,13
Raphael,M,13
Rosevelt,M,13
Ruby,M,13
Rupert,M,13
Sandy,M,13
Saul,M,13
Sydney,M,13
Terry,M,13
Thurman,M,13
Vance,M,13
Warner,M,13
Wilber,M,13
Wilburn,M,13
Alf,M,12
Alonza,M,12
Alpha,M,12
Alphonso,M,12
Aron,M,12
Bailey,M,12
Bennett,M,12
Bernie,M,12
Buck,M,12
Burley,M,12
Carmen,M,12
Chauncey,M,12
Clare,M,12
Cletus,M,12
Cleve,M,12
Eldridge,M,12
Ellwood,M,12
Ennis,M,12
Ernie,M,12
Finis,M,12
Gail,M,12
Hallie,M,12
Isom,M,12
Ivory,M,12
Jordan,M,12
June,M,12
Kelly,M,12
Lindsey,M,12
Lucian,M,12
Mabel,M,12
Marie,M,12
Miller,M,12
Monte,M,12
Orrin,M,12
Pink,M,12
Rollin,M,12
Santiago,M,12
Vivian,M,12
Wash,M,12
Winston,M,12
Wyatt,M,12
Adolphus,M,11
Bessie,M,11
Bradley,M,11
Bryant,M,11
Carey,M,11
Carson,M,11
Casper,M,11
Curley,M,11
Dana,M,11
Delmer,M,11
Denver,M,11
Dillard,M,11
Dorsey,M,11
Ernesto,M,11
Eva,M,11
Fate,M,11
Gale,M,11
Garrett,M,11
Giles,M,11
Green,M,11
Harris,M,11
Heber,M,11
Henderson,M,11
Hobert,M,11
Hollie,M,11
Hosea,M,11
Jennings,M,11
Kirk,M,11
Marlin,M,11
Milford,M,11
Nat,M,11
Nolan,M,11
Obie,M,11
Olen,M,11
Pasquale,M,11
Pierce,M,11
Pierre,M,11
Reed,M,11
Santos,M,11
Sheldon,M,11
Thaddeus,M,11
Tracy,M,11
Urban,M,11
West,M,11
Williams,M,11
Wong,M,11
Alden,M,10
Alice,M,10
Ashley,M,10
Bertie,M,10
Cary,M,10
Christ,M,10
Clint,M,10
Connie,M,10
Doyle,M,10
Earlie,M,10
Eduardo,M,10
Elie,M,10
Elsie,M,10
Emilio,M,10
Esther,M,10
Evans,M,10
Gary,M,10
Geo,M,10
Gladys,M,10
Guss,M,10
Harland,M,10
Hosie,M,10
Howell,M,10
Jason,M,10
Leopold,M,10
Levy,M,10
Lincoln,M,10
Loyal,M,10
Mahlon,M,10
Mervin,M,10
Minnie,M,10
Mortimer,M,10
Morton,M,10
Orin,M,10
Perley,M,10
Ransom,M,10
Rodney,M,10
Sampson,M,10
Shirley,M,10
Smith,M,10
Theadore,M,10
Theron,M,10
Toney,M,10
Walton,M,10
Addison,M,9
Agnes,M,9
Albin,M,9
Alford,M,9
Angus,M,9
Artie,M,9
Arvid,M,9
Benito,M,9
Boyce,M,9
Collie,M,9
Colonel,M,9
Courtney,M,9
Dexter,M,9
Edna,M,9
Eino,M,9
Elizabeth,M,9
Elmore,M,9
Emmit,M,9
Enos,M,9
Enrique,M,9
Felton,M,9
Foy,M,9
Fulton,M,9
Golden,M,9
Hayes,M,9
Jonathan,M,9
Jonnie,M,9
Lawton,M,9
Lige,M,9
Lorenza,M,9
Mac,M,9
Marcellus,M,9
Milburn,M,9
Murphy,M,9
Myrtle,M,9
Nellie,M,9
Olaf,M,9
Olan,M,9
Orange,M,9
Orlando,M,9
Paris,M,9
Parker,M,9
Price,M,9
Reese,M,9
Rene,M,9
Romie,M,9
Seymour,M,9
Spurgeon,M,9
Thornton,M,9
Toy,M,9
Unknown,M,9
Winford,M,9
Abram,M,8
Acie,M,8
Algie,M,8
Alois,M,8
Antoine,M,8
Bee,M,8
Brown,M,8
Buddy,M,8
Caleb,M,8
Carleton,M,8
Chalmer,M,8
Cloyd,M,8
Danny,M,8
Darwin,M,8
Elgin,M,8
Elva,M,8
Elwin,M,8
Emma,M,8
Estel,M,8
Ezekiel,M,8
Finley,M,8
Fitzhugh,M,8
Frazier,M,8
Gaston,M,8
Griffin,M,8
Hampton,M,8
Hazen,M,8
Henery,M,8
Hilton,M,8
Hudson,M,8
Hunter,M,8
Jodie,M,8
Josephine,M,8
Justin,M,8
Justus,M,8
Kelley,M,8
Kirby,M,8
Lars,M,8
Laverne,M,8
Lemon,M,8
Logan,M,8
Lola,M,8
Loran,M,8
Lucien,M,8
Lucy,M,8
Luster,M,8
Marian,M,8
Martha,M,8
Melville,M,8
Meredith,M,8
Merritt,M,8
Murl,M,8
Myles,M,8
Nels,M,8
Oakley,M,8
Okey,M,8
Omar,M,8
Oris,M,8
Orris,M,8
Randall,M,8
Raymon,M,8
Reid,M,8
Roby,M,8
Roderick,M,8
Rollie,M,8
Romeo,M,8
Rose,M,8
Sebastian,M,8
Shelly,M,8
Sim,M,8
Stanton,M,8
Talmadge,M,8
Tillman,M,8
Tim,M,8
Tobias,M,8
Vaughn,M,8
Weldon,M,8
Werner,M,8
Wright,M,8
Addie,M,7
Allison,M,7
Almon,M,7
Alvah,M,7
Ballard,M,7
Baxter,M,7
Benedict,M,7
Bertrand,M,7
Burrell,M,7
Casey,M,7
Casimer,M,7
Casimir,M,7
Cephus,M,7
Chesley,M,7
Cleon,M,7
Collins,M,7
Cornelious,M,7
Darrell,M,7
Dennie,M,7
Dolphus,M,7
Donnie,M,7
Donovan,M,7
Doris,M,7
Duncan,M,7
Edison,M,7
Elden,M,7
Ella,M,7
Elvis,M,7
Erich,M,7
Esco,M,7
Ewell,M,7
Ford,M,7
Frankie,M,7
Franklyn,M,7
Fritz,M,7
Glover,M,7
Gregorio,M,7
Hayden,M,7
Huston,M,7
Ignacio,M,7
Ignatius,M,7
Issac,M,7
Josef,M,7
Lance,M,7
Lawerence,M,7
Lem,M,7
Leona,M,7
Lessie,M,7
Lou,M,7
Lum,M,7
Madison,M,7
Marcel,M,7
Mathews,M,7
Mattie,M,7
Maxie,M,7
Mearl,M,7
Merl,M,7
Merlin,M,7
Mildred,M,7
Moody,M,7
Ola,M,7
Opal,M,7
Oral,M,7
Orson,M,7
Orvil,M,7
Ova,M,7
Pate,M,7
Percival,M,7
Regis,M,7
Reynolds,M,7
Rolla,M,7
Rosario,M,7
Rudy,M,7
Salvador,M,7
Samual,M,7
Schuyler,M,7
Sid,M,7
Sigurd,M,7
Stafford,M,7
Talmage,M,7
Thad,M,7
Vester,M,7
Vicente,M,7
Vito,M,7
Zack,M,7
Adelbert,M,6
Adolf,M,6
Adolfo,M,6
Adron,M,6
Alberto,M,6
Alphonsus,M,6
Ammon,M,6
Ancil,M,6
Arland,M,6
Arley,M,6
Arnie,M,6
Artis,M,6
Asbury,M,6
Audie,M,6
Auther,M,6
Author,M,6
Axel,M,6
Barry,M,6
Bart,M,6
Bedford,M,6
Bertha,M,6
Blair,M,6
Boston,M,6
Budd,M,6
Buren,M,6
Cap,M,6
Carmine,M,6
Carrol,M,6
Cicero,M,6
Clide,M,6
Courtland,M,6
Craig,M,6
Damon,M,6
Dawson,M,6
Dayton,M,6
Dempsey,M,6
Dow,M,6
Effie,M,6
Elder,M,6
Eligah,M,6
Ely,M,6
Erland,M,6
Ethan,M,6
Ewing,M,6
Fenton,M,6
Fernando,M,6
Gaylord,M,6
Gray,M,6
Gussie,M,6
Harlie,M,6
Haskell,M,6
Hayward,M,6
Hester,M,6
Ida,M,6
Ishmael,M,6
Ivey,M,6
Joesph,M,6
Johney,M,6
Julious,M,6
Lambert,M,6
Larue,M,6
Leamon,M,6
Leander,M,6
Lenord,M,6
Lenwood,M,6
Lesley,M,6
Lew,M,6
Lois,M,6
Lonie,M,6
Lucille,M,6
Luz,M,6
Malvin,M,6
Mannie,M,6
Marc,M,6
Mariano,M,6
Mario,M,6
Marshal,M,6
May,M,6
Melbourne,M,6
Melton,M,6
Minor,M,6
Mitchel,M,6
Moss,M,6
Newt,M,6
Nickolas,M,6
Nute,M,6
Oley,M,6
Orie,M,6
Pearlie,M,6
Powell,M,6
Rexford,M,6
Rich,M,6
Robt,M,6
Rogers,M,6
Rosco,M,6
Rowland,M,6
Rube,M,6
Ruel,M,6
Sanders,M,6
Selmer,M,6
Shelton,M,6
Simeon,M,6
Soloman,M,6
Stella,M,6
Sumner,M,6
Theophilus,M,6
Tobe,M,6
Tomie,M,6
Travis,M,6
Verna,M,6
Virgel,M,6
Virginia,M,6
Von,M,6
Wilton,M,6
Woodie,M,6
Admiral,M,5
Alec,M,5
Alejandro,M,5
Alfonzo,M,5
Alger,M,5
Almer,M,5
Alta,M,5
Arden,M,5
Art,M,5
Belton,M,5
Blake,M,5
Bradford,M,5
Brutus,M,5
Burdette,M,5
Callie,M,5
Captain,M,5
Carlo,M,5
Carman,M,5
Carrie,M,5
Catherine,M,5
Chalmers,M,5
Chin,M,5
Cipriano,M,5
Claire,M,5
Claus,M,5
Clovis,M,5
Coley,M,5
Conway,M,5
Corbin,M,5
Cullen,M,5
Danial,M,5
Darrel,M,5
Delos,M,5
Denis,M,5
Doc,M,5
Dolph,M,5
Duke,M,5
Edie,M,5
Elam,M,5
Eldred,M,5
Elgie,M,5
Eliga,M,5
Ellison,M,5
Ephriam,M,5
Ernst,M,5
Estill,M,5
Estle,M,5
Eston,M,5
Euel,M,5
Evelyn,M,5
Every,M,5
Faye,M,5
Ferd,M,5
Fleming,M,5
Gardner,M,5
Garner,M,5
Garnett,M,5
Garold,M,5
Gertrude,M,5
Gideon,M,5
Grace,M,5
Greely,M,5
Gustaf,M,5
Harlow,M,5
Hart,M,5
Harvie,M,5
Hattie,M,5
Hector,M,5
Herschell,M,5
Heyward,M,5
Hezzie,M,5
Hjalmer,M,5
Isidore,M,5
Jessee,M,5
Josiah,M,5
Judge,M,5
Jule,M,5
Lacey,M,5
Lafayette,M,5
Laurie,M,5
Lawyer,M,5
Legrand,M,5
Leonidas,M,5
Lewie,M,5
Lindsay,M,5
Linnie,M,5
Little,M,5
Llewellyn,M,5
Lonzo,M,5
Lorenz,M,5
Lorraine,M,5
Louise,M,5
Lovell,M,5
Loy,M,5
Ludwig,M,5
Lula,M,5
Lysle,M,5
Mace,M,5
Maceo,M,5
Magnus,M,5
Man,M,5
Michel,M,5
Murry,M,5
Nancy,M,5
Nevin,M,5
Norton,M,5
Norval,M,5
Ocie,M,5
Odus,M,5
Opha,M,5
Orvin,M,5
Osborne,M,5
Ottis,M,5
Park,M,5
Prentiss,M,5
Quincy,M,5
Rainey,M,5
Ramond,M,5
Rayfield,M,5
Rayford,M,5
Reece,M,5
Reinhard,M,5
Reinhold,M,5
Reuel,M,5
Ricardo,M,5
Richmond,M,5
Roberto,M,5
Robin,M,5
Rosa,M,5
Rosser,M,5
Roswell,M,5
Rueben,M,5
Russ,M,5
Sammy,M,5
Sarah,M,5
Seward,M,5
Sigmund,M,5
Silvester,M,5
Sonny,M,5
Stanford,M,5
Terrell,M,5
Terrence,M,5
Velma,M,5
Vince,M,5
Viola,M,5
Volney,M,5
Waldemar,M,5
Waverly,M,5
Welby,M,5
Westley,M,5
Williard,M,5
Young,M,5
Zeb,M,5
