name,gender,count
Mary,F,16370
Helen,F,7176
Margaret,F,6096
Anna,F,5502
Ruth,F,5140
Dorothy,F,4326
Elizabeth,F,4320
Alice,F,4192
Mildred,F,3873
Florence,F,3691
Marie,F,3690
Ethel,F,3511
Lillian,F,3293
Frances,F,3026
Edna,F,3011
Gladys,F,3000
Rose,F,2901
Annie,F,2774
Grace,F,2626
Irene,F,2423
Bessie,F,2396
Gertrude,F,2375
Hazel,F,2315
Louise,F,2307
Bertha,F,2302
Catherine,F,2230
Clara,F,2228
Emma,F,2224
Martha,F,2199
Edith,F,2160
Thelma,F,2114
Evelyn,F,2077
Esther,F,2065
Mabel,F,2054
Pearl,F,2035
Ruby,F,1962
Myrtle,F,1921
Josephine,F,1900
Minnie,F,1777
Elsie,F,1771
Agnes,F,1759
Eva,F,1758
Ida,F,1753
Sarah,F,1697
Beatrice,F,1679
Lucille,F,1676
Viola,F,1675
Julia,F,1603
Nellie,F,1596
Lillie,F,1500
Virginia,F,1491
Laura,F,1467
Pauline,F,1428
Ella,F,1343
Mattie,F,1325
Katherine,F,1277
Alma,F,1266
Jessie,F,1247
Willie,F,1233
Mae,F,1225
Lena,F,1206
Carrie,F,1188
Marion,F,1183
Blanche,F,1173
Stella,F,1141
Bernice,F,1107
Eleanor,F,1088
Vera,F,1083
Lucy,F,1077
Ann,F,1064
Hattie,F,1056
Leona,F,1017
Mamie,F,1002
Jennie,F,986
Beulah,F,980
Fannie,F,955
Cora,F,952
Kathryn,F,911
Lula,F,911
Ellen,F,898
Betty,F,865
Rosa,F,865
Doris,F,856
Maggie,F,839
Anne,F,835
Violet,F,830
Ada,F,819
Lois,F,799
Marguerite,F,791
Daisy,F,773
Dora,F,761
Sadie,F,748
Marjorie,F,728
Velma,F,721
Opal,F,718
Georgia,F,706
Hilda,F,705
Susie,F,693
Theresa,F,669
Jean,F,666
Nora,F,644
Inez,F,620
Charlotte,F,619
Emily,F,619
Maude,F,619
Flora,F,618
Sylvia,F,617
Lola,F,616
Effie,F,578
Genevieve,F,561
Olive,F,561
Della,F,557
Nancy,F,557
Eunice,F,554
Alberta,F,548
Nettie,F,537
Verna,F,533
Lottie,F,529
May,F,524
Estelle,F,520
Loretta,F,520
Sallie,F,520
Mable,F,510
Eula,F,507
Katie,F,498
Marian,F,498
Harriet,F,497
Rosie,F,497
Vivian,F,489
Lucile,F,485
Goldie,F,482
Lydia,F,477
Henrietta,F,475
Ollie,F,458
Sara,F,457
Lizzie,F,449
Addie,F,447
Lela,F,447
Erma,F,444
Jane,F,438
Madeline,F,418
Barbara,F,413
Kathleen,F,412
Caroline,F,409
Essie,F,409
Christine,F,408
Wilma,F,408
Ora,F,407
Iva,F,400
Rebecca,F,397
Geneva,F,396
Irma,F,391
Juanita,F,388
Maria,F,388
Etta,F,384
Sophie,F,384
Naomi,F,372
Rachel,F,366
Victoria,F,362
Amelia,F,358
Sally,F,358
Mollie,F,355
Ola,F,341
Nina,F,340
Norma,F,332
Susan,F,327
Nannie,F,323
Geraldine,F,321
Isabel,F,317
Olga,F,317
Alta,F,316
Flossie,F,296
Matilda,F,295
Luella,F,291
Cecelia,F,290
Celia,F,289
Freda,F,287
Winifred,F,287
Audrey,F,278
Isabelle,F,278
Fern,F,277
Leola,F,273
Miriam,F,273
Estella,F,271
Jeanette,F,269
Bonnie,F,268
Janie,F,265
Adeline,F,264
Ina,F,262
Amanda,F,260
Hannah,F,256
Jewell,F,255
Selma,F,252
Sophia,F,247
Frieda,F,244
Lila,F,242
Nell,F,241
Amy,F,240
Faye,F,239
Cleo,F,238
Elva,F,235
Roberta,F,233
Regina,F,229
Jewel,F,227
Allie,F,225
Virgie,F,224
Muriel,F,221
Cecilia,F,219
Jeannette,F,216
Veronica,F,216
Anita,F,215
Fay,F,215
Claire,F,213
Millie,F,213
Winnie,F,211
Antoinette,F,210
Eliza,F,209
Callie,F,208
Rita,F,203
Adele,F,199
Johnnie,F,199
Teresa,F,198
Kate,F,196
Lorene,F,195
Phyllis,F,195
Margie,F,194
Elma,F,193
Josie,F,193
Belle,F,191
Angelina,F,189
Gussie,F,188
Rena,F,188
Zelma,F,188
Shirley,F,187
Carolyn,F,184
Dollie,F,184
Dolores,F,183
Marcella,F,182
Augusta,F,181
Maud,F,181
Olivia,F,181
Dorothea,F,178
Sue,F,178
Eloise,F,176
Lenora,F,176
Lora,F,175
Maxine,F,173
Wanda,F,173
Angeline,F,170
Letha,F,169
Madge,F,169
Elnora,F,168
Constance,F,167
Roxie,F,165
Leah,F,164
Rosalie,F,164
Cecile,F,163
Eileen,F,161
Tillie,F,161
Leila,F,160
Lorraine,F,159
Hester,F,158
Patricia,F,157
Lessie,F,155
Maudie,F,155
Adelaide,F,154
Cornelia,F,154
Gracie,F,153
June,F,153
Bertie,F,150
Birdie,F,150
Lee,F,150
Reba,F,150
Helene,F,149
Neva,F,147
Edythe,F,146
Ila,F,146
Claudia,F,142
Lorena,F,141
Peggy,F,140
Francis,F,139
Janet,F,139
Myra,F,139
Lilly,F,137
Clarice,F,136
Carmen,F,135
Harriett,F,134
Katharine,F,133
Hallie,F,132
Odessa,F,132
Rhoda,F,132
Billie,F,127
Annette,F,126
Corinne,F,125
Delia,F,125
Dovie,F,125
Mayme,F,125
Nola,F,125
Oma,F,125
Lelia,F,124
Angela,F,123
Elvira,F,123
Iris,F,123
Dessie,F,121
Christina,F,120
Ernestine,F,120
Ophelia,F,120
Erna,F,119
Jeanne,F,119
Pearlie,F,118
Rosetta,F,118
Lenore,F,117
Aline,F,115
Lulu,F,115
Catharine,F,114
Eugenia,F,111
Bettie,F,110
Frankie,F,110
Gertie,F,110
Isabella,F,110
Cecil,F,109
Wilhelmina,F,109
Johanna,F,108
Zella,F,108
Arlene,F,107
Priscilla,F,107
Vesta,F,107
Lucinda,F,106
Rosella,F,106
Lettie,F,105
Mathilda,F,102
Bess,F,101
Corine,F,101
Lou,F,100
Maurine,F,100
Aileen,F,99
Linda,F,98
Melba,F,98
Carol,F,97
Willa,F,97
Dolly,F,96
Carmela,F,94
Joan,F,94
Leone,F,94
Pansy,F,94
Yvonne,F,94
Helena,F,93
Maybelle,F,90
Alvina,F,89
Cassie,F,89
Connie,F,89
Ena,F,89
Ione,F,89
Jimmie,F,89
Paula,F,89
Hettie,F,88
Leora,F,88
Tessie,F,88
Gwendolyn,F,87
Leota,F,87
Lona,F,87
Molly,F,86
Vada,F,86
Alyce,F,85
Eddie,F,85
Nona,F,85
Polly,F,85
Donna,F,84
Elsa,F,84
Georgie,F,84
Isabell,F,84
Merle,F,84
Minerva,F,84
Sybil,F,84
Iona,F,83
Elaine,F,82
Elisabeth,F,82
Lily,F,82
Lura,F,82
Meta,F,82
Nelle,F,82
Leta,F,81
Floy,F,80
Natalie,F,80
Bernadine,F,79
Tommie,F,79
Verda,F,79
Annabelle,F,78
Iola,F,78
Louisa,F,78
Mina,F,78
Cynthia,F,77
Joyce,F,77
Jannie,F,76
Rubye,F,76
Vida,F,76
Artie,F,75
Hulda,F,75
Alpha,F,74
Linnie,F,74
Mittie,F,74
Laverne,F,73
Abbie,F,72
Agatha,F,72
Fanny,F,71
Louella,F,71
Mona,F,71
Beryl,F,70
Dixie,F,70
Golda,F,70
Elinor,F,69
Malinda,F,69
Ona,F,68
Orpha,F,68
Berniece,F,67
Blanch,F,67
Eleanore,F,67
Garnet,F,67
Reva,F,67
Angie,F,66
Avis,F,66
Era,F,66
Alva,F,65
Ester,F,65
Hortense,F,65
Ramona,F,65
Verona,F,65
Clyde,F,64
Concetta,F,64
Elda,F,64
Ivy,F,64
Rae,F,64
Zelda,F,64
Zora,F,64
Loraine,F,63
Una,F,63
Ava,F,62
Estell,F,62
Mazie,F,62
Myrtie,F,61
Rosemary,F,61
Arline,F,60
Idella,F,60
Allene,F,59
Clare,F,59
Zola,F,59
Evie,F,58
Florine,F,58
Lucia,F,58
Philomena,F,58
Rhea,F,58
Zula,F,58
Antonia,F,57
Carmella,F,57
Cordelia,F,57
Madeleine,F,57
Madelyn,F,57
Albina,F,55
Bernadette,F,55
Elise,F,55
Gretchen,F,55
Ursula,F,55
Bella,F,54
Guadalupe,F,54
Althea,F,53
Charity,F,53
Imogene,F,53
Lyda,F,53
Margarita,F,53
Phoebe,F,53
Queen,F,53
Chloe,F,52
Delma,F,52
Mercedes,F,52
Monica,F,52
Retha,F,52
Ellie,F,51
Emilie,F,51
Esta,F,51
Hope,F,51
Janice,F,51
Margery,F,51
Tressie,F,51
Veda,F,51
Vernie,F,51
Celeste,F,50
Lennie,F,50
Lida,F,50
Lina,F,50
Ludie,F,50
Mandy,F,50
Aurelia,F,49
Glenna,F,49
Lauretta,F,49
Marietta,F,49
Robbie,F,49
Tina,F,49
Winona,F,49
Anastasia,F,48
Evangeline,F,48
Eve,F,48
Julie,F,48
Ocie,F,48
Vina,F,48
Wilda,F,48
Corrine,F,47
Margret,F,47
Octavia,F,47
Albertha,F,46
Ima,F,46
Marcia,F,46
Myrtis,F,46
Rowena,F,46
Lue,F,45
Adela,F,44
Alda,F,44
Belva,F,44
Bobbie,F,44
Bulah,F,44
Carolina,F,44
Delphia,F,44
Madie,F,44
Nan,F,44
Pinkie,F,44
Ray,F,44
Rubie,F,44
Yetta,F,44
Bennie,F,43
Berta,F,43
Filomena,F,43
John,F,43
Juliette,F,43
Lonnie,F,43
Magnolia,F,43
Manuela,F,43
Marvel,F,43
Novella,F,43
Odell,F,43
Pearle,F,43
Valeria,F,43
Adell,F,42
Celestine,F,42
Georgiana,F,42
Gloria,F,42
Hilma,F,42
Joe,F,42
Kay,F,42
Ruthie,F,42
Juana,F,41
Judith,F,41
Leatha,F,41
Lilla,F,41
Patsy,F,41
Theodora,F,41
Bell,F,40
Elena,F,40
Ferne,F,40
Joanna,F,40
Joy,F,40
Lovie,F,40
Petra,F,40
Claudie,F,39
Eleanora,F,39
Elna,F,39
Faith,F,39
Freida,F,39
Harriette,F,39
Lavina,F,39
Nadine,F,39
Diana,F,38
Dona,F,38
Emilia,F,38
Ethelyn,F,38
Lorna,F,38
Queenie,F,38
Tena,F,38
Viva,F,38
Crystal,F,37
Easter,F,37
Florida,F,37
Ira,F,37
James,F,37
Jettie,F,37
Justine,F,37
Kattie,F,37
Kitty,F,37
Lorine,F,37
Luvenia,F,37
Melva,F,37
Nelda,F,37
Savannah,F,37
Sudie,F,37
Velva,F,37
Zona,F,37
Adelia,F,36
Almeda,F,36
Mabelle,F,36
Maxie,F,36
Mozelle,F,36
Pattie,F,36
Reta,F,36
Alene,F,35
Aurora,F,35
Jenny,F,35
Katheryn,F,35
Magdalene,F,35
Melvina,F,35
Stephanie,F,35
Verdie,F,35
Winnifred,F,35
Aletha,F,34
Bridget,F,34
Elmira,F,34
Elvera,F,34
Eulah,F,34
Gail,F,34
Hildegard,F,34
Idell,F,34
Jo,F,34
Madaline,F,34
Vinnie,F,34
Annabell,F,33
Antonette,F,33
Camille,F,33
Dorthy,F,33
Francisca,F,33
Hellen,F,33
Hildegarde,F,33
Magdalena,F,33
Norine,F,33
Roma,F,33
Susanna,F,33
Adah,F,32
Camilla,F,32
Cordie,F,32
Evalyn,F,32
Greta,F,32
Johnie,F,32
Millicent,F,32
Rosia,F,32
Treva,F,32
Adella,F,31
Adelle,F,31
Alverta,F,31
Audie,F,31
Beth,F,31
Beverly,F,31
Clementine,F,31
Clemmie,F,31
Dorotha,F,31
Dorris,F,31
Eldora,F,31
Emelia,F,31
Ethyl,F,31
Lavada,F,31
Libbie,F,31
Maybell,F,31
Mellie,F,31
Nita,F,31
Rosanna,F,31
Amie,F,30
Annis,F,30
Carmel,F,30
Delphine,F,30
Elenora,F,30
Enid,F,30
Eulalia,F,30
George,F,30
Germaine,F,30
Hedwig,F,30
Josefa,F,30
Lucretia,F,30
Rosalia,F,30
Rosamond,F,30
Sibyl,F,30
Therese,F,30
Vernice,F,30
Audra,F,29
Dortha,F,29
Elouise,F,29
Emmie,F,29
Georgianna,F,29
Leslie,F,29
Liza,F,29
Mallie,F,29
Margarette,F,29
Tennie,F,29
Vergie,F,29
Adrienne,F,28
Cathrine,F,28
Charlie,F,28
Delores,F,28
Dena,F,28
Eda,F,28
Golden,F,28
Lilian,F,28
Odie,F,28
Rachael,F,28
Rosina,F,28
Signe,F,28
Vallie,F,28
Velda,F,28
Vennie,F,28
Verlie,F,28
Violette,F,28
William,F,28
Bethel,F,27
Earline,F,27
Edyth,F,27
Ettie,F,27
Hildred,F,27
Nova,F,27
Rosalind,F,27
Theo,F,27
Thora,F,27
Alfreda,F,26
Beaulah,F,26
Berenice,F,26
Corene,F,26
Elisa,F,26
Freddie,F,26
Kathrine,F,26
Lavinia,F,26
Leonore,F,26
Luna,F,26
Magdalen,F,26
Mathilde,F,26
Mavis,F,26
Myrtice,F,26
Ressie,F,26
Arvilla,F,25
Fairy,F,25
Gene,F,25
Grayce,F,25
Hassie,F,25
Leonora,F,25
Letitia,F,25
Louie,F,25
Macie,F,25
Myrna,F,25
Valerie,F,25
Charles,F,24
Corrie,F,24
Deborah,F,24
Dorcas,F,24
Fae,F,24
Felicia,F,24
Jacqueline,F,24
Juliet,F,24
Lavon,F,24
Lea,F,24
Lera,F,24
Lilyan,F,24
Loma,F,24
Louvenia,F,24
Lupe,F,24
Lurline,F,24
Mariah,F,24
Marilyn,F,24
Minna,F,24
Ossie,F,24
Rozella,F,24
Tressa,F,24
Trudie,F,24
Adaline,F,23
Ardella,F,23
Augustine,F,23
Elvie,F,23
Henry,F,23
Myrl,F,23
Myrle,F,23
Neta,F,23
Oda,F,23
Pearline,F,23
Sadye,F,23
Adelina,F,22
Donnie,F,22
Edwina,F,22
Goldia,F,22
Hertha,F,22
Ines,F,22
Mahala,F,22
Marge,F,22
Marjory,F,22
Martina,F,22
Maye,F,22
Melissa,F,22
Nonie,F,22
Prudence,F,22
Rosalee,F,22
Sena,F,22
Sigrid,F,22
Alida,F,21
Amalia,F,21
Annetta,F,21
Arizona,F,21
Berneice,F,21
Ceola,F,21
Clarissa,F,21
Daphne,F,21
Delta,F,21
Dottie,F,21
Emmer,F,21
Etha,F,21
Eugenie,F,21
Evelina,F,21
Hanna,F,21
Icie,F,21
Inga,F,21
Joseph,F,21
Libby,F,21
Mammie,F,21
Maryann,F,21
Onie,F,21
Rossie,F,21
Serena,F,21
Zadie,F,21
Arlie,F,20
Birtie,F,20
Eloisa,F,20
Elvina,F,20
Eura,F,20
Exie,F,20
Freeda,F,20
Georgina,F,20
Gertha,F,20
Hessie,F,20
Kathryne,F,20
Lenna,F,20
Leva,F,20
Lucie,F,20
Malissa,F,20
Missouri,F,20
Monnie,F,20
Naoma,F,20
Olevia,F,20
Osie,F,20
Ozella,F,20
Retta,F,20
Suzanne,F,20
Vassie,F,20
Vena,F,20
Zada,F,20
Zenobia,F,20
Altha,F,19
Angelita,F,19
Arrie,F,19
Birtha,F,19
Cathryn,F,19
Coral,F,19
Dee,F,19
Drucilla,F,19
Evelyne,F,19
Florrie,F,19
Garnett,F,19
Gregoria,F,19
Hazle,F,19
Jeane,F,19
Jossie,F,19
Lelah,F,19
Leonor,F,19
Lonie,F,19
Marianne,F,19
Maymie,F,19
Mertie,F,19
Sofia,F,19
Sophronia,F,19
Tempie,F,19
Veola,F,19
Zena,F,19
Zoe,F,19
Ana,F,18
Ara,F,18
Ardis,F,18
Bonita,F,18
Claudine,F,18
Cleora,F,18
Clora,F,18
Dimple,F,18
Elberta,F,18
Eudora,F,18
Euna,F,18
Henriette,F,18
Ilene,F,18
Isobel,F,18
Jessica,F,18
Kittie,F,18
Lolita,F,18
Osa,F,18
Ottie,F,18
Ouida,F,18
Palma,F,18
Salome,F,18
Verla,F,18
Adline,F,17
Alba,F,17
Alvera,F,17
Betsy,F,17
Caldonia,F,17
Cathleen,F,17
Corean,F,17
Elta,F,17
Flonnie,F,17
Jerry,F,17
Katy,F,17
Lavera,F,17
Leonie,F,17
Macy,F,17
Malvina,F,17
Mozell,F,17
Omie,F,17
Sula,F,17
Tiny,F,17
Twila,F,17
Versie,F,17
Zettie,F,17
Aida,F,16
Alicia,F,16
Amber,F,16
Annabel,F,16
Annamae,F,16
Berdie,F,16
Clifford,F,16
Concepcion,F,16
Consuelo,F,16
Dagmar,F,16
Delpha,F,16
Earlie,F,16
Elease,F,16
Emeline,F,16
Erie,F,16
Flo,F,16
Gennie,F,16
Henretta,F,16
Icy,F,16
India,F,16
Jamie,F,16
Jaunita,F,16
Josefina,F,16
Karen,F,16
Larue,F,16
Liddie,F,16
Lissie,F,16
Luberta,F,16
Luisa,F,16
Lyla,F,16
Manda,F,16
Neoma,F,16
Norene,F,16
Odile,F,16
Oleta,F,16
Rilla,F,16
Robert,F,16
Romaine,F,16
Sammie,F,16
Selena,F,16
Sidney,F,16
Tomasa,F,16
Ula,F,16
Vella,F,16
Williemae,F,16
Yolanda,F,16
Zetta,F,16
Zita,F,16
Abigail,F,15
Alline,F,15
Anabel,F,15
Arie,F,15
Blossom,F,15
Bula,F,15
Carry,F,15
Claribel,F,15
Creola,F,15
Elfrieda,F,15
Fleta,F,15
Frank,F,15
Gay,F,15
Gerda,F,15
Gwen,F,15
Hermina,F,15
Irine,F,15
Ivory,F,15
Jesse,F,15
Josiephine,F,15
Juliana,F,15
Lacy,F,15
Lady,F,15
Leitha,F,15
Leontine,F,15
Letty,F,15
Margaretta,F,15
Margueritte,F,15
Mariam,F,15
Meda,F,15
Nathalie,F,15
Ova,F,15
Pollie,F,15
Rosaline,F,15
Selina,F,15
Vira,F,15
Vlasta,F,15
Albertine,F,14
Allean,F,14
Andrea,F,14
Aurore,F,14
Azalee,F,14
Christena,F,14
Clarence,F,14
Delilah,F,14
Electa,F,14
Elenore,F,14
Enola,F,14
Fronie,F,14
Gretta,F,14
Harry,F,14
Helga,F,14
Hildur,F,14
Isadora,F,14
Izora,F,14
Jackie,F,14
Janette,F,14
Laurine,F,14
Leonia,F,14
Luciel,F,14
Lynn,F,14
Madalyn,F,14
Maebelle,F,14
Margarete,F,14
Marianna,F,14
Nanie,F,14
Noma,F,14
Odelia,F,14
Oral,F,14
Renee,F,14
Rheba,F,14
Roslyn,F,14
Santos,F,14
Tilda,F,14
Tinnie,F,14
Villa,F,14
Yvette,F,14
Zeta,F,14
Aili,F,13
Aimee,F,13
Aleen,F,13
Almira,F,13
Alvena,F,13
America,F,13
Ardath,F,13
Arlena,F,13
Atha,F,13
Avie,F,13
Bea,F,13
Bert,F,13
Beula,F,13
Blanchie,F,13
Borghild,F,13
Carmelita,F,13
Clemence,F,13
Cordia,F,13
Delora,F,13
Eathel,F,13
Edra,F,13
Elenor,F,13
Evaline,F,13
Evelena,F,13
Gladyce,F,13
Glenn,F,13
Jeffie,F,13
Jinnie,F,13
Joann,F,13
Judy,F,13
Lala,F,13
Leda,F,13
Lilia,F,13
Lilie,F,13
Luetta,F,13
Luz,F,13
Madgie,F,13
Maida,F,13
Marcelle,F,13
Mariana,F,13
Matilde,F,13
Mettie,F,13
Minta,F,13
Mossie,F,13
Mozella,F,13
Nevada,F,13
Ozie,F,13
Pinkey,F,13
Rosalyn,F,13
Sabina,F,13
Samantha,F,13
Theola,F,13
Thomas,F,13
Vannie,F,13
Vincenza,F,13
Vita,F,13
Willia,F,13
Zilpha,F,13
Anona,F,12
Argie,F,12
Arlean,F,12
Benita,F,12
Bernardine,F,12
Besse,F,12
Calla,F,12
Catalina,F,12
Ceil,F,12
Cleola,F,12
Dell,F,12
Delsie,F,12
Diane,F,12
Edmonia,F,12
Elodie,F,12
Erline,F,12
Ether,F,12
Florance,F,12
Florene,F,12
Gayle,F,12
Glennie,F,12
Herminia,F,12
Ilah,F,12
Irena,F,12
Izetta,F,12
Justina,F,12
Lavonia,F,12
Leaner,F,12
Lelar,F,12
Lempi,F,12
Leon,F,12
Lillia,F,12
Lossie,F,12
Maebell,F,12
Marceline,F,12
Marry,F,12
Metta,F,12
Nella,F,12
Nolia,F,12
Norah,F,12
Olene,F,12
Oliva,F,12
Onnie,F,12
Opha,F,12
Orelia,F,12
Otelia,F,12
Reita,F,12
Sweetie,F,12
Syble,F,12
Trula,F,12
Vertie,F,12
Veta,F,12
Walter,F,12
Alys,F,11
Anner,F,11
Ardell,F,11
Arietta,F,11
Assunta,F,11
Astrid,F,11
Azalea,F,11
Beatriz,F,11
Bette,F,11
Cara,F,11
Carlota,F,11
Celina,F,11
Charlene,F,11
Cinda,F,11
Clella,F,11
Coletta,F,11
Cruz,F,11
Dannie,F,11
Dicie,F,11
Domenica,F,11
Doretha,F,11
Doretta,F,11
Elfreda,F,11
Elmire,F,11
Elvia,F,11
Emmaline,F,11
Ermal,F,11
Evalena,F,11
Glen,F,11
Hasel,F,11
Helyn,F,11
Hermine,F,11
Ica,F,11
Idabelle,F,11
Illa,F,11
Isa,F,11
Isla,F,11
Ivah,F,11
Lassie,F,11
Laurene,F,11
Laurie,F,11
Laverna,F,11
Lear,F,11
Leo,F,11
Lexie,F,11
Lilliam,F,11
Lollie,F,11
Lovina,F,11
Macel,F,11
Mada,F,11
Madelene,F,11
Margeret,F,11
Maureen,F,11
Melinda,F,11
Nedra,F,11
Neola,F,11
Otha,F,11
Paralee,F,11
Pluma,F,11
Refugia,F,11
Rella,F,11
Rene,F,11
Rosemarie,F,11
Rosena,F,11
Roxanna,F,11
Simona,F,11
Susanne,F,11
Tennessee,F,11
Thalia,F,11
Thresa,F,11
Trinidad,F,11
Virgil,F,11
Vivienne,F,11
Willard,F,11
Zera,F,11
Ailene,F,10
Albertina,F,10
Alvia,F,10
Alyne,F,10
Arletta,F,10
Arvie,F,10
Burnice,F,10
Carla,F,10
Cherry,F,10
Classie,F,10
Cleona,F,10
Columbia,F,10
Dana,F,10
Dema,F,10
Earl,F,10
Ebba,F,10
Editha,F,10
Elinore,F,10
Elizebeth,F,10
Elmer,F,10
Erin,F,10
Eulala,F,10
Eulalie,F,10
Evia,F,10
Floretta,F,10
Florinda,F,10
Francine,F,10
Genoveva,F,10
Gudrun,F,10
Gusta,F,10
Hildreth,F,10
Holly,F,10
Huldah,F,10
Ilma,F,10
Ivie,F,10
Jayne,F,10
Jeannetta,F,10
Johnsie,F,10
Josefita,F,10
Katheryne,F,10
Lavenia,F,10
Leana,F,10
Leanna,F,10
Librada,F,10
Liller,F,10
Linnea,F,10
Lita,F,10
Louis,F,10
Lovella,F,10
Mabell,F,10
Manie,F,10
Margarett,F,10
Margrett,F,10
Margretta,F,10
Margrette,F,10
Margurite,F,10
Marina,F,10
Medora,F,10
Mignon,F,10
Mima,F,10
Nealie,F,10
Netta,F,10
Odella,F,10
Ofelia,F,10
Olinda,F,10
Olympia,F,10
Oneta,F,10
Ozell,F,10
Peggie,F,10
Pennie,F,10
Phebe,F,10
Princess,F,10
Refugio,F,10
Romana,F,10
Romayne,F,10
Ruie,F,10
Ruthe,F,10
Sandra,F,10
Santina,F,10
Shellie,F,10
Sister,F,10
Stephania,F,10
Sylva,F,10
Terry,F,10
Thursa,F,10
Thyra,F,10
Trixie,F,10
Tyyne,F,10
Vicie,F,10
Vilma,F,10
Vivien,F,10
Zela,F,10
Agness,F,9
Albert,F,9
Aldea,F,9
Aleda,F,9
Alena,F,9
Aleta,F,9
Alfhild,F,9
Altie,F,9
Annice,F,9
Antonina,F,9
Ardelia,F,9
Aura,F,9
Azzie,F,9
Bernetta,F,9
Byrdie,F,9
Cammie,F,9
Capitola,F,9
Celesta,F,9
Chester,F,9
Christie,F,9
Clarabelle,F,9
Claretta,F,9
Clarine,F,9
Cleone,F,9
Cleta,F,9
Clothilde,F,9
Clydie,F,9
Dagny,F,9
Dale,F,9
Dina,F,9
Dominga,F,9
Donie,F,9
Dorathea,F,9
Dorathy,F,9
Dorothee,F,9
Earnestine,F,9
Edris,F,9
Edward,F,9
Elba,F,9
Ellamae,F,9
Elzora,F,9
Emaline,F,9
Ermine,F,9
Erminia,F,9
Evah,F,9
Fannye,F,9
Fidelia,F,9
Floyd,F,9
Frona,F,9
Glady,F,9
Grethel,F,9
Ilda,F,9
Indiana,F,9
Jeanie,F,9
Jesusa,F,9
Lanie,F,9
Leita,F,9
Lella,F,9
Leoma,F,9
Lilah,F,9
Loree,F,9
Loretto,F,9
Lubertha,F,9
Luttie,F,9
Madlyn,F,9
Madonna,F,9
Maree,F,9
Marquerite,F,9
Marta,F,9
Maurice,F,9
Merna,F,9
Minda,F,9
Neita,F,9
Nolie,F,9
Ovie,F,9
Parlee,F,9
Precious,F,9
Prudie,F,9
Reatha,F,9
Roy,F,9
Savilla,F,9
Theda,F,9
Toy,F,9
Ura,F,9
Vara,F,9
Vashti,F,9
Venus,F,9
Verma,F,9
Vester,F,9
Veva,F,9
Violetta,F,9
Vonnie,F,9
Wava,F,9
Wilhelmine,F,9
Zeffie,F,9
Adelene,F,8
Afton,F,8
Alease,F,8
Alleen,F,8
Almeta,F,8
Alverna,F,8
Antonetta,F,8
Ariel,F,8
Arleen,F,8
Arthur,F,8
Becky,F,8
Beda,F,8
Bee,F,8
Blannie,F,8
Buelah,F,8
Buna,F,8
Carie,F,8
Carlene,F,8
Celester,F,8
Charline,F,8
Chattie,F,8
Christeen,F,8
Chrystal,F,8
Cleopatra,F,8
Clio,F,8
Clotilda,F,8
Clotilde,F,8
Clyda,F,8
Corda,F,8
Cristina,F,8
Dallas,F,8
David,F,8
Deane,F,8
Delila,F,8
Dellar,F,8
Deloris,F,8
Dessa,F,8
Dola,F,8
Doll,F,8
Dorothe,F,8
Doshia,F,8
Earlene,F,8
Edrie,F,8
Ellan,F,8
Elmina,F,8
Elzie,F,8
Ernestina,F,8
Esma,F,8
Ethyle,F,8
Etter,F,8
Eular,F,8
Eusebia,F,8
Evalina,F,8
Eveline,F,8
Ever,F,8
Felicitas,F,8
Francesca,F,8
Fred,F,8
Gabrielle,F,8
Glendora,F,8
Gunhild,F,8
Helmi,F,8
Henryetta,F,8
Idamae,F,8
Idelle,F,8
Ilo,F,8
Ingeborg,F,8
Isadore,F,8
Jocie,F,8
Junie,F,8
Kizzie,F,8
Lana,F,8
Lanora,F,8
Lara,F,8
Laurence,F,8
Laurette,F,8
Laveta,F,8
Lavonne,F,8
Leala,F,8
Leolia,F,8
Littie,F,8
Lloyd,F,8
Lorean,F,8
Loris,F,8
Lotta,F,8
Love,F,8
Luda,F,8
Lurlene,F,8
Lutie,F,8
Madolyn,F,8
Majorie,F,8
Maple,F,8
Margherita,F,8
Marrie,F,8
Maryetta,F,8
Melanie,F,8
Melda,F,8
Meryl,F,8
Micaela,F,8
Mirtie,F,8
Natalia,F,8
Nicolasa,F,8
Novie,F,8
Okla,F,8
Oletha,F,8
Olie,F,8
Patty,F,8
Paul,F,8
Pearly,F,8
Pernie,F,8
Portia,F,8
Rafaela,F,8
Rebekah,F,8
Reda,F,8
Richard,F,8
Rillie,F,8
Roena,F,8
Rosabelle,F,8
Rosana,F,8
Rosebud,F,8
Rosy,F,8
Saddie,F,8
Saima,F,8
Salina,F,8
Silvia,F,8
Sonia,F,8
Stacy,F,8
Sylvester,F,8
Teddy,F,8
Theora,F,8
Theresia,F,8
Tracy,F,8
Vernon,F,8
Vila,F,8
Vinita,F,8
Virtie,F,8
Willow,F,8
Adda,F,7
Adelaida,F,7
Aggie,F,7
Albirta,F,7
Alean,F,7
Alexandra,F,7
Amma,F,7
Ammie,F,7
Angelena,F,7
Anice,F,7
Antonietta,F,7
Arbutus,F,7
Ardith,F,7
Arnetta,F,7
Arzella,F,7
Auda,F,7
Audrie,F,7
Azilee,F,7
Azlee,F,7
Beadie,F,7
Benedetta,F,7
Beryle,F,7
Buena,F,7
Burnetta,F,7
Celine,F,7
Chanie,F,7
Chloie,F,7
Christene,F,7
Clair,F,7
Claramae,F,7
Clarisse,F,7
Clela,F,7
Clementina,F,7
Clover,F,7
Cola,F,7
Cornelius,F,7
Corrinne,F,7
Cuma,F,7
Daisey,F,7
Dealie,F,7
Debbie,F,7
Dellie,F,7
Dezzie,F,7
Dillie,F,7
Docia,F,7
Dorthea,F,7
Dosha,F,7
Doshie,F,7
Dot,F,7
Drusilla,F,7
Ela,F,7
Eleonora,F,7
Elgie,F,7
Elia,F,7
Eola,F,7
Ernie,F,7
Estel,F,7
Etna,F,7
Evlyn,F,7
Flavia,F,7
Florena,F,7
Florina,F,7
Floris,F,7
Fontella,F,7
Fredericka,F,7
Gena,F,7
Genevive,F,7
Genia,F,7
Genie,F,7
Georgeanna,F,7
Gilda,F,7
Gizella,F,7
Gladis,F,7
Glee,F,7
Harold,F,7
Hermie,F,7
Hollie,F,7
Iantha,F,7
Ignacia,F,7
Imelda,F,7
Imo,F,7
Inell,F,7
Jeanetta,F,7
Jeannett,F,7
Joella,F,7
Jonnie,F,7
Kathaleen,F,7
Kikue,F,7
Lannie,F,7
Laurel,F,7
Lavelle,F,7
Lavona,F,7
Levada,F,7
Lilliemae,F,7
Litha,F,7
Livia,F,7
Llewellyn,F,7
Lockie,F,7
Loney,F,7
Louetta,F,7
Lovenia,F,7
Loyce,F,7
Lyndall,F,7
Madalene,F,7
Madelaine,F,7
Magie,F,7
Maisie,F,7
Malissie,F,7
Manuelita,F,7
Marcelina,F,7
Margot,F,7
Marilla,F,7
Marinda,F,7
Mayola,F,7
Mimie,F,7
Miranda,F,7
Monte,F,7
Montie,F,7
Murl,F,7
Narcissa,F,7
Necie,F,7
Nelly,F,7
Nelva,F,7
Nena,F,7
Nezzie,F,7
Olean,F,7
Olena,F,7
Olivette,F,7
Olla,F,7
Orma,F,7
Otis,F,7
Pansie,F,7
Parthenia,F,7
Pat,F,7
Patience,F,7
Permelia,F,7
Petronella,F,7
Rebie,F,7
Rilda,F,7
Rosaria,F,7
Roseanna,F,7
Roselee,F,7
Sedonia,F,7
Serafina,F,7
Sina,F,7
Stefania,F,7
Tera,F,7
Texie,F,7
Thea,F,7
Theodosia,F,7
Tishie,F,7
Tommye,F,7
Trella,F,7
Valborg,F,7
Valda,F,7
Veatrice,F,7
Vela,F,7
Velta,F,7
Venice,F,7
Verena,F,7
Vergia,F,7
Vernell,F,7
Vernetta,F,7
Vernia,F,7
Versa,F,7
Verta,F,7
Waneta,F,7
Will,F,7
Woodie,F,7
Wynona,F,7
Yoshiko,F,7
Ysabel,F,7
Zellie,F,7
Zelphia,F,7
Abby,F,6
Agapita,F,6
Albena,F,6
Albie,F,6
Aleatha,F,6
Alethia,F,6
Almena,F,6
Alverda,F,6
Alvie,F,6
Alvira,F,6
Alwilda,F,6
Angelica,F,6
Anie,F,6
Annalee,F,6
Annamarie,F,6
Antionette,F,6
Arah,F,6
Ardelle,F,6
Arla,F,6
Arma,F,6
Arminda,F,6
Athena,F,6
Beatrix,F,6
Beckie,F,6
Bedie,F,6
Bena,F,6
Bera,F,6
Berneda,F,6
Bettye,F,6
Birdella,F,6
Bitha,F,6
Bular,F,6
Carey,F,6
Carl,F,6
Carlotta,F,6
Carra,F,6
Cecille,F,6
Cele,F,6
Celena,F,6
Celestina,F,6
Chaney,F,6
Charlsie,F,6
Cherrie,F,6
Cindy,F,6
Cipriana,F,6
Claude,F,6
Clemie,F,6
Cleva,F,6
Climmie,F,6
Cloa,F,6
Cloie,F,6
Collie,F,6
Concettina,F,6
Cornie,F,6
Courtney,F,6
Dahlia,F,6
Darlene,F,6
Darline,F,6
Dawn,F,6
Delcie,F,6
Delfina,F,6
Denise,F,6
Dennie,F,6
Dewey,F,6
Dinah,F,6
Doreen,F,6
Echo,F,6
Edel,F,6
Eleonore,F,6
Elfa,F,6
Elfie,F,6
Ellis,F,6
Elmo,F,6
Elmyra,F,6
Elza,F,6
Ercel,F,6
Eria,F,6
Estela,F,6
Everlena,F,6
Fabiola,F,6
Faustina,F,6
Felice,F,6
Felicita,F,6
Felipa,F,6
Ferol,F,6
Fidelis,F,6
Flara,F,6
Florentine,F,6
Florice,F,6
Florie,F,6
Gatha,F,6
Gaynell,F,6
Gemma,F,6
Georgette,F,6
Gina,F,6
Girlie,F,6
Girtha,F,6
Grady,F,6
Hazelle,F,6
Helma,F,6
Herma,F,6
Hetty,F,6
Howard,F,6
Idonia,F,6
Irean,F,6
Izola,F,6
Jack,F,6
Jeannie,F,6
Johnny,F,6
Jovita,F,6
Juel,F,6
Jule,F,6
Julian,F,6
Junia,F,6
Katharyn,F,6
Keturah,F,6
Ladie,F,6
Lattie,F,6
Lawrence,F,6
Leonard,F,6
Lester,F,6
Lether,F,6
Linna,F,6
Lodema,F,6
Loella,F,6
Loreen,F,6
Lorenza,F,6
Loreta,F,6
Loula,F,6
Louvina,F,6
Lova,F,6
Lucetta,F,6
Lucienne,F,6
Lular,F,6
Lurene,F,6
Lynda,F,6
Macil,F,6
Margaretha,F,6
Margo,F,6
Margurette,F,6
Marlene,F,6
Marye,F,6
Maryellen,F,6
Marylee,F,6
Marylou,F,6
Massie,F,6
Matie,F,6
Maudell,F,6
Maurene,F,6
Meredith,F,6
Merlie,F,6
Michelina,F,6
Milda,F,6
Myrta,F,6
Nanny,F,6
Nela,F,6
Nellda,F,6
Nila,F,6
Nobie,F,6
Nonnie,F,6
Noreen,F,6
Ocey,F,6
Odeal,F,6
Oleva,F,6
Olgie,F,6
Olita,F,6
Omah,F,6
Oneida,F,6
Orbie,F,6
Orlena,F,6
Osceola,F,6
Ota,F,6
Otie,F,6
Ottilie,F,6
Oza,F,6
Pairlee,F,6
Pamela,F,6
Para,F,6
Pearley,F,6
Pebble,F,6
Peter,F,6
Pheobe,F,6
Phillis,F,6
Philomene,F,6
Raffaela,F,6
Raye,F,6
Recie,F,6
Roselle,F,6
Rosey,F,6
Roxana,F,6
Roxanne,F,6
Rufina,F,6
Russell,F,6
Sada,F,6
Sam,F,6
Samuel,F,6
Scottie,F,6
Severa,F,6
Sonja,F,6
Stacia,F,6
Sydelle,F,6
Sydney,F,6
Sylvania,F,6
Tess,F,6
Tom,F,6
Twyla,F,6
Vadie,F,6
Venia,F,6
Venna,F,6
Verne,F,6
Vernita,F,6
Vienna,F,6
Virda,F,6
Virgina,F,6
Vona,F,6
Vonda,F,6
Willene,F,6
Willetta,F,6
Willma,F,6
Wreatha,F,6
Yolande,F,6
Zannie,F,6
Zelia,F,6
Zina,F,6
Ader,F,5
Adra,F,5
Ailie,F,5
Albertia,F,5
Aldine,F,5
Aldona,F,5
Alfred,F,5
Alie,F,5
Allena,F,5
Allyne,F,5
Alvenia,F,5
Amada,F,5
Amelie,F,5
Anniemae,F,5
Aquilla,F,5
Arabella,F,5
Archie,F,5
Ardie,F,5
Aretha,F,5
Armella,F,5
Arminta,F,5
Arta,F,5
Asenath,F,5
Aslee,F,5
Attie,F,5
Aubrey,F,5
Audry,F,5
Bama,F,5
Bernese,F,5
Bernie,F,5
Bernita,F,5
Bertina,F,5
Biddie,F,5
Bina,F,5
Bird,F,5
Birda,F,5
Blondell,F,5
Burnette,F,5
Canary,F,5
Candida,F,5
Candis,F,5
Carma,F,5
Carmon,F,5
Caro,F,5
Carolyne,F,5
Caryl,F,5
Cassandra,F,5
Catarina,F,5
Celestia,F,5
Celie,F,5
Charlottie,F,5
China,F,5
Christy,F,5
Claris,F,5
Cleda,F,5
Cleon,F,5
Clevia,F,5
Cliffie,F,5
Colette,F,5
Colleen,F,5
Concha,F,5
Coralee,F,5
Corena,F,5
Coy,F,5
Cressie,F,5
Cuba,F,5
Curley,F,5
Curtis,F,5
Cyrilla,F,5
Dan,F,5
Dasie,F,5
Dean,F,5
Deette,F,5
Delena,F,5
Delina,F,5
Dossie,F,5
Dulcie,F,5
Eary,F,5
Eather,F,5
Edolia,F,5
Elgia,F,5
Elida,F,5
Elinora,F,5
Ellamay,F,5
Eller,F,5
Elnor,F,5
Elois,F,5
Elsbeth,F,5
Elzada,F,5
Emelie,F,5
Emery,F,5
Emmeline,F,5
Erva,F,5
Esperanza,F,5
Esteller,F,5
Estie,F,5
Etoile,F,5
Eugene,F,5
Ezma,F,5
Fanie,F,5
Fedora,F,5
Fidela,F,5
Fleeta,F,5
Floyce,F,5
Floye,F,5
Fronia,F,5
Gabina,F,5
Garnetta,F,5
Gazelle,F,5
Genoa,F,5
Georgene,F,5
Glenda,F,5
Gordie,F,5
Griselda,F,5
Gunda,F,5
Gypsy,F,5
Haley,F,5
Herbert,F,5
Honor,F,5
Honora,F,5
Icel,F,5
Inda,F,5
Ingrid,F,5
Isidora,F,5
Isma,F,5
Isola,F,5
Janey,F,5
Jannett,F,5
Jannette,F,5
Jasmine,F,5
Jesusita,F,5
Jill,F,5
Jodie,F,5
Katharina,F,5
Laina,F,5
Lake,F,5
Laurabelle,F,5
Lauraine,F,5
Lavaughn,F,5
Leanora,F,5
Leeta,F,5
Lemmie,F,5
Lennis,F,5
Leonis,F,5
Leotha,F,5
Lethia,F,5
Lettye,F,5
Levie,F,5
Lillar,F,5
Lillis,F,5
Lillyan,F,5
Lolar,F,5
Lorain,F,5
Lorina,F,5
Lorinda,F,5
Lorretta,F,5
Lota,F,5
Loucile,F,5
Lovey,F,5
Lu,F,5
Lucina,F,5
Luevenia,F,5
Luvena,F,5
Lyle,F,5
Lynnie,F,5
Madelon,F,5
Mahalie,F,5
Maie,F,5
Mamye,F,5
Mandie,F,5
Margarite,F,5
Margert,F,5
Maribel,F,5
Marine,F,5
Mark,F,5
Maryan,F,5
Marybelle,F,5
Maryelizabeth,F,5
Mata,F,5
Maudine,F,5
Mearl,F,5
Merl,F,5
Merrill,F,5
Merry,F,5
Michael,F,5
Mickey,F,5
Minette,F,5
Minnetta,F,5
Missie,F,5
Mitzi,F,5
Modena,F,5
Molla,F,5
Mollye,F,5
Nada,F,5
Nadyne,F,5
Naomie,F,5
Natividad,F,5
Neal,F,5
Nelia,F,5
Octavie,F,5
Odessie,F,5
Oline,F,5
Oneda,F,5
Opie,F,5
Orella,F,5
Oria,F,5
Parrie,F,5
Parthena,F,5
Patsie,F,5
Paulina,F,5
Pearlee,F,5
Pearlene,F,5
Penelope,F,5
Penny,F,5
Perry,F,5
Princella,F,5
Ralph,F,5
Raquel,F,5
Relda,F,5
Reola,F,5
Reyes,F,5
Rittie,F,5
Robie,F,5
Rosine,F,5
Rozelle,F,5
Rutha,F,5
Ruthann,F,5
Santa,F,5
Savina,F,5
Senia,F,5
Senora,F,5
Siller,F,5
Susannah,F,5
Svea,F,5
Swannie,F,5
Sybilla,F,5
Telesfora,F,5
Terese,F,5
Theadora,F,5
Thecla,F,5
Thekla,F,5
Theodore,F,5
Thera,F,5
Thomasina,F,5
Thressa,F,5
Tiney,F,5
Tomasita,F,5
Tresa,F,5
Tressia,F,5
Tula,F,5
Tura,F,5
Tyne,F,5
Valla,F,5
Venita,F,5
Venora,F,5
Vianna,F,5
Vinie,F,5
Viona,F,5
Virdie,F,5
Virgia,F,5
Vola,F,5
Weltha,F,5
Wenonah,F,5
Wilmer,F,5
Wilna,F,5
Yola,F,5
Zell,F,5
Zelpha,F,5
Zeola,F,5
Zetha,F,5
John,M,8264
William,M,6566
James,M,5908
George,M,4201
Robert,M,3635
Charles,M,3607
Joseph,M,3527
Frank,M,2798
Edward,M,2398
Thomas,M,2176
Henry,M,2112
Walter,M,1934
Willie,M,1756
Harry,M,1631
Arthur,M,1486
Albert,M,1469
Harold,M,1330
Clarence,M,1319
Paul,M,1309
Fred,M,1193
Raymond,M,1133
Louis,M,1101
Richard,M,1084
Roy,M,1024
Joe,M,1020
Ralph,M,984
Carl,M,951
Ernest,M,943
Earl,M,912
Jack,M,880
David,M,878
Howard,M,803
Samuel,M,783
Charlie,M,744
Francis,M,737
Lawrence,M,717
Herbert,M,689
Theodore,M,688
Eugene,M,637
Alfred,M,632
Andrew,M,611
Elmer,M,598
Sam,M,552
Anthony,M,542
Kenneth,M,534
Michael,M,531
Leo,M,508
Daniel,M,506
Herman,M,502
Leonard,M,492
Donald,M,486
Lester,M,482
Russell,M,459
Floyd,M,458
Clyde,M,457
Stanley,M,455
Jesse,M,436
Lee,M,436
Peter,M,427
Ray,M,421
Chester,M,420
Leroy,M,420
Clifford,M,413
Oscar,M,412
Edwin,M,390
Eddie,M,377
Frederick,M,377
Cecil,M,368
Lewis,M,365
Lloyd,M,357
Benjamin,M,352
Harvey,M,351
Claude,M,346
Bernard,M,343
Martin,M,334
Norman,M,324
Jessie,M,323
Milton,M,303
Edgar,M,301
Tom,M,298
Everett,M,291
Ben,M,285
Melvin,M,285
Allen,M,282
Philip,M,280
Homer,M,267
Leon,M,263
Leslie,M,263
Luther,M,262
Jim,M,261
Johnnie,M,255
Will,M,253
Victor,M,249
Marvin,M,245
Alvin,M,239
Morris,M,226
Vernon,M,223
Glenn,M,217
Archie,M,216
Patrick,M,213
Sidney,M,209
Stephen,M,207
Virgil,M,207
Manuel,M,205
Alexander,M,204
Horace,M,202
Gilbert,M,199
Roosevelt,M,198
Maurice,M,197
Hugh,M,195
Vincent,M,193
Gerald,M,191
Julius,M,190
Jacob,M,187
Gordon,M,184
Otis,M,184
Earnest,M,183
Oliver,M,183
Marion,M,181
Willard,M,178
Curtis,M,177
Alex,M,176
Wilbur,M,175
Otto,M,173
Irving,M,170
Guy,M,168
Arnold,M,164
Isaac,M,163
Hubert,M,162
Wallace,M,162
Charley,M,157
Lonnie,M,156
Max,M,156
Rufus,M,156
Wesley,M,155
Jose,M,154
Ira,M,151
Ed,M,149
Nathan,M,148
Orville,M,148
Willis,M,148
Jerry,M,146
Nicholas,M,144
Warren,M,144
Johnie,M,141
Mike,M,141
Percy,M,141
Emil,M,139
Jimmie,M,139
Matthew,M,136
Bennie,M,133
Mack,M,132
Steve,M,131
Bill,M,128
Dan,M,128
Franklin,M,125
Roland,M,125
Rudolph,M,125
Sylvester,M,125
Calvin,M,123
Abraham,M,122
Edmund,M,122
Phillip,M,122
August,M,120
Glen,M,120
Amos,M,118
Wayne,M,116
Felix,M,112
Karl,M,108
Marshall,M,107
Alton,M,106
Bert,M,106
Adam,M,105
Clifton,M,105
Jerome,M,102
Julian,M,102
Ellis,M,101
Ervin,M,101
Nathaniel,M,101
Clayton,M,100
Clinton,M,100
Nelson,M,100
Douglas,M,99
Leland,M,99
Dave,M,98
Adolph,M,97
Perry,M,97
Aaron,M,96
Tony,M,96
Booker,M,95
Ollie,M,95
Cornelius,M,94
Emmett,M,94
Roger,M,94
Lyle,M,93
Roscoe,M,90
Delbert,M,89
Dennis,M,89
Ted,M,89
Irvin,M,88
Juan,M,88
Ross,M,88
Don,M,87
Jay,M,87
Alonzo,M,85
Claud,M,85
Elbert,M,85
Forrest,M,85
Gus,M,85
Mark,M,85
Wilbert,M,85
Johnny,M,84
Austin,M,83
Dewey,M,83
Jake,M,83
Simon,M,83
Owen,M,82
Laurence,M,81
Antonio,M,80
Ivan,M,80
Pete,M,80
Reuben,M,79
Tommie,M,79
Bruce,M,77
Mary,M,76
Ronald,M,76
Wilfred,M,75
Moses,M,73
Larry,M,72
Merle,M,72
Monroe,M,72
Barney,M,71
Sherman,M,71
Loyd,M,70
Bob,M,69
Wilson,M,68
Aubrey,M,67
Jess,M,67
Nick,M,67
Dale,M,66
Grady,M,66
Byron,M,65
Elijah,M,65
Erwin,M,65
Grover,M,65
Alva,M,64
Grant,M,64
Salvatore,M,64
Gene,M,63
Carroll,M,62
Emanuel,M,62
Millard,M,62
Marcus,M,61
Preston,M,61
Rex,M,61
Buster,M,60
Noah,M,60
Dwight,M,59
Jeff,M,59
Forest,M,58
Luke,M,57
Wade,M,57
Angelo,M,56
Jasper,M,56
Levi,M,56
Boyd,M,54
Louie,M,54
Lowell,M,54
Troy,M,54
Clark,M,53
Cleveland,M,53
Silas,M,53
Cleo,M,52
Edmond,M,52
Harley,M,52
Myron,M,52
Ruben,M,52
Timothy,M,52
Dock,M,51
Freddie,M,51
Abe,M,50
Burton,M,50
Carlos,M,50
Elmo,M,50
Pedro,M,50
Allan,M,49
Carlton,M,49
Christopher,M,49
Edd,M,49
Elwood,M,49
Isadore,M,49
Joel,M,49
Fredrick,M,48
Malcolm,M,48
Mose,M,48
Odell,M,48
Solomon,M,48
Loren,M,47
Lorenzo,M,47
Murray,M,47
Reginald,M,47
Anderson,M,46
Wiley,M,46
Andy,M,45
Clement,M,45
Cyril,M,45
Garland,M,45
Randolph,M,45
Anton,M,44
Conrad,M,44
Dominick,M,44
Eli,M,44
Harrison,M,44
Jesus,M,44
Ramon,M,44
Al,M,43
Earle,M,43
Jimmy,M,43
Neal,M,43
Freeman,M,42
Dallas,M,41
Foster,M,41
Alphonse,M,40
Clair,M,40
Francisco,M,40
Hyman,M,40
Lynn,M,40
Vern,M,40
Wendell,M,40
Bud,M,39
Emory,M,39
Kermit,M,39
Major,M,39
Mitchell,M,39
Dean,M,38
Dee,M,38
Eldon,M,38
Irwin,M,38
Royal,M,38
Russel,M,38
Scott,M,38
Ellsworth,M,37
Neil,M,37
Riley,M,37
Wilmer,M,37
Clay,M,36
Hiram,M,36
Lemuel,M,36
Lucius,M,36
Columbus,M,35
Elton,M,35
Mckinley,M,35
Pat,M,35
Rosevelt,M,35
Adrian,M,34
Emery,M,34
Ferdinand,M,34
Ora,M,34
Pasquale,M,34
Pearl,M,34
Steven,M,34
Ward,M,34
Ambrose,M,33
Christian,M,33
Cyrus,M,33
Davis,M,33
Dewitt,M,33
Elvin,M,33
Eric,M,33
Jackson,M,33
Maynard,M,33
Merrill,M,33
Newton,M,33
Noble,M,33
Noel,M,33
Sanford,M,33
Stuart,M,33
Basil,M,32
Dick,M,32
Dominic,M,32
Dudley,M,32
Herschel,M,32
Ned,M,32
Sammie,M,32
Sterling,M,32
Ulysses,M,32
Benny,M,31
Ezra,M,31
Garfield,M,31
Harris,M,31
Keith,M,31
Morton,M,31
Truman,M,31
Alfonso,M,30
Chris,M,30
Hollis,M,30
Milo,M,30
Rubin,M,30
Wm,M,30
Arlie,M,29
Buford,M,29
Fletcher,M,29
Isiah,M,29
Lyman,M,29
Maxwell,M,29
Rodney,M,29
Roman,M,29
Shelby,M,29
Spencer,M,29
Wilford,M,29
Alan,M,28
Armand,M,28
Bertram,M,28
Emerson,M,28
Enoch,M,28
Jean,M,28
King,M,28
Orval,M,28
Pablo,M,28
Sol,M,28
Tommy,M,28
Verne,M,28
Walker,M,28
Alphonso,M,27
Augustus,M,27
Hugo,M,27
Joshua,M,27
Lionel,M,27
Palmer,M,27
Ruby,M,27
Evan,M,26
Granville,M,26
Helen,M,26
Ike,M,26
Jewell,M,26
Lacy,M,26
Lenard,M,26
Norris,M,26
Olin,M,26
Stewart,M,26
Taylor,M,26
Webster,M,26
Chas,M,25
Elliott,M,25
Gerard,M,25
Hershel,M,25
Ivory,M,25
Jefferson,M,25
Johnson,M,25
Matt,M,25
Milford,M,25
Morgan,M,25
Norbert,M,25
Thurman,M,25
Van,M,25
Buck,M,24
Elzie,M,24
Harlan,M,24
Houston,M,24
Miles,M,24
Orin,M,24
Porter,M,24
Rocco,M,24
Wilber,M,24
Allie,M,23
Doyle,M,23
Hal,M,23
Isaiah,M,23
Junius,M,23
Omer,M,23
Shirley,M,23
Abner,M,22
Aloysius,M,22
Augustine,M,22
Cliff,M,22
Delmar,M,22
Emmitt,M,22
Felipe,M,22
Frances,M,22
Geo,M,22
Hobert,M,22
Jeremiah,M,22
Judge,M,22
Mac,M,22
Micheal,M,22
Otha,M,22
Theron,M,22
Weldon,M,22
Billie,M,21
Connie,M,21
Coy,M,21
Early,M,21
Emile,M,21
Garrett,M,21
Jewel,M,21
Jules,M,21
Lonzo,M,21
Mathew,M,21
Mervin,M,21
Rafael,M,21
Rene,M,21
Rupert,M,21
Alberto,M,20
Alice,M,20
Bennett,M,20
Bernice,M,20
Carmen,M,20
Dorothy,M,20
Enrique,M,20
Everette,M,20
Haskell,M,20
Kelly,M,20
Mason,M,20
Nolan,M,20
Odis,M,20
Oren,M,20
Otho,M,20
Prince,M,20
Sydney,M,20
Vaughn,M,20
Wilburn,M,20
Winston,M,20
Aron,M,19
Bruno,M,19
Dorsey,M,19
Elmore,M,19
Emmet,M,19
Frederic,M,19
General,M,19
Hobart,M,19
Hoyt,M,19
Israel,M,19
Linwood,M,19
Luis,M,19
Merritt,M,19
Miguel,M,19
Olaf,M,19
Reed,M,19
Rolland,M,19
Rose,M,19
Rudy,M,19
Ruth,M,19
Santos,M,19
Smith,M,19
Vance,M,19
Wilton,M,19
Abram,M,18
Adolphus,M,18
Arther,M,18
Burt,M,18
Cleve,M,18
Eldridge,M,18
Elias,M,18
Henderson,M,18
Ignatius,M,18
Jonas,M,18
Junior,M,18
Lincoln,M,18
Lindsey,M,18
Phil,M,18
Richmond,M,18
Sandy,M,18
Saul,M,18
Turner,M,18
Valentine,M,18
Waldo,M,18
Winfield,M,18
Albin,M,17
Asa,M,17
Avery,M,17
Chauncey,M,17
Clint,M,17
Green,M,17
Gustave,M,17
Hardy,M,17
Isidore,M,17
Lamar,M,17
Lawson,M,17
Loyal,M,17
Murphy,M,17
Orlando,M,17
Seth,M,17
Sheldon,M,17
Teddy,M,17
Theo,M,17
Thornton,M,17
Tomas,M,17
Travis,M,17
Warner,M,17
Alford,M,16
Archibald,M,16
Benito,M,16
Burl,M,16
Cary,M,16
Clarance,M,16
Craig,M,16
Ethel,M,16
Gabriel,M,16
Gary,M,16
Golden,M,16
Gregory,M,16
Hans,M,16
Hermon,M,16
Laverne,M,16
Lois,M,16
Margaret,M,16
Meyer,M,16
Odie,M,16
Olen,M,16
Parker,M,16
Salvador,M,16
Tracy,M,16
Adelbert,M,15
Alvie,M,15
Artie,M,15
Bailey,M,15
Benedict,M,15
Buddy,M,15
Carey,M,15
Carter,M,15
Coleman,M,15
Dana,M,15
Elisha,M,15
Elizabeth,M,15
Elwin,M,15
Fay,M,15
Guadalupe,M,15
Hillard,M,15
Hilton,M,15
Huston,M,15
Jason,M,15
Lon,M,15
Marie,M,15
Mario,M,15
Oswald,M,15
Raleigh,M,15
Rollin,M,15
Talmadge,M,15
Tim,M,15
Alden,M,14
Alfredo,M,14
Alois,M,14
Andres,M,14
Auther,M,14
Barton,M,14
Billy,M,14
Brady,M,14
Caleb,M,14
Carmine,M,14
Cletus,M,14
Darrell,M,14
Ernst,M,14
Estel,M,14
Evans,M,14
Felton,M,14
Florence,M,14
Godfrey,M,14
Gustav,M,14
Harmon,M,14
Haywood,M,14
Issac,M,14
Justin,M,14
Len,M,14
Levy,M,14
Lillian,M,14
Madison,M,14
Marcellus,M,14
Mildred,M,14
Miller,M,14
Napoleon,M,14
Obie,M,14
Oral,M,14
Oran,M,14
Alvis,M,13
Anna,M,13
Arch,M,13
Ashley,M,13
Benjiman,M,13
Blair,M,13
Carrol,M,13
Carson,M,13
Casimir,M,13
Clare,M,13
Claudie,M,13
Crawford,M,13
Earlie,M,13
Emmit,M,13
Ewell,M,13
Ford,M,13
Hallie,M,13
Hoke,M,13
Hosea,M,13
Hunter,M,13
Josh,M,13
Judson,M,13
Lucien,M,13
Melville,M,13
Raphael,M,13
Rogers,M,13
Romeo,M,13
Stanford,M,13
Sylvan,M,13
Terry,M,13
Vernie,M,13
Vivian,M,13
Walton,M,13
Wash,M,13
Watson,M,13
Alma,M,12
Alonza,M,12
Axel,M,12
Bernie,M,12
Beryl,M,12
Bishop,M,12
Bradley,M,12
Brooks,M,12
Casey,M,12
Casper,M,12
Christ,M,12
Clem,M,12
Evert,M,12
Gail,M,12
Garnett,M,12
Gaston,M,12
Gladys,M,12
Graham,M,12
Hamilton,M,12
Hayes,M,12
Hector,M,12
Jonathan,M,12
Jones,M,12
Lige,M,12
Llewellyn,M,12
Louise,M,12
Mahlon,M,12
Marlin,M,12
Mattie,M,12
Maxie,M,12
Merlin,M,12
Nat,M,12
Norval,M,12
Omar,M,12
Ottis,M,12
Pink,M,12
Roderick,M,12
Rosario,M,12
Rowland,M,12
Sigmund,M,12
Simeon,M,12
Thelma,M,12
Williams,M,12
Abel,M,11
Almer,M,11
Angus,M,11
Annie,M,11
Antoine,M,11
Arvel,M,11
Augusta,M,11
Barry,M,11
Bryant,M,11
Buddie,M,11
Cal,M,11
Clara,M,11
Clive,M,11
Cloyd,M,11
Coley,M,11
Collins,M,11
Dexter,M,11
Dillard,M,11
Duane,M,11
Duncan,M,11
Ellie,M,11
Ellwood,M,11
Elsie,M,11
Elza,M,11
Ernie,M,11
Gust,M,11
Hampton,M,11
Harper,M,11
Hayden,M,11
Hazel,M,11
Henery,M,11
Hezekiah,M,11
Isom,M,11
Joesph,M,11
Leander,M,11
Lenord,M,11
Logan,M,11
Lucian,M,11
Nels,M,11
Ocie,M,11
Orrin,M,11
Park,M,11
Pierce,M,11
Thad,M,11
Vito,M,11
Wayman,M,11
Arne,M,10
Audrey,M,10
Bartholomew,M,10
Bertha,M,10
Bertrand,M,10
Brown,M,10
Burley,M,10
Claire,M,10
Curley,M,10
Domenico,M,10
Edison,M,10
Einar,M,10
Elroy,M,10
Enos,M,10
Eunice,M,10
Evelyn,M,10
Fenton,M,10
Finis,M,10
Galen,M,10
Gaylord,M,10
Grace,M,10
Harland,M,10
Harrold,M,10
Hollie,M,10
Hosie,M,10
Hurley,M,10
Jennings,M,10
Jodie,M,10
Kyle,M,10
Lafayette,M,10
Lawton,M,10
Leeroy,M,10
Lucille,M,10
Lucious,M,10
Mabel,M,10
Maggie,M,10
Murry,M,10
Myles,M,10
Nora,M,10
Okey,M,10
Paris,M,10
Randall,M,10
Ransom,M,10
Rayfield,M,10
Rollie,M,10
Royce,M,10
Ryan,M,10
Santiago,M,10
Shelton,M,10
Sherwood,M,10
Waldemar,M,10
Washington,M,10
Willam,M,10
Zack,M,10
Adolf,M,9
Alf,M,9
Ansel,M,9
Antone,M,9
Arden,M,9
Authur,M,9
Beatrice,M,9
Benard,M,9
Berry,M,9
Blaine,M,9
Blake,M,9
Bonnie,M,9
Bryan,M,9
Cephus,M,9
Damon,M,9
Delmer,M,9
Donovan,M,9
Durward,M,9
Eligah,M,9
Elvis,M,9
Emilio,M,9
Ewald,M,9
Finley,M,9
Frazier,M,9
Gertrude,M,9
Goldie,M,9
Griffin,M,9
Guss,M,9
Gussie,M,9
Hayward,M,9
Hilbert,M,9
Huey,M,9
Ignacio,M,9
Isham,M,9
Johny,M,9
Jordan,M,9
Josiah,M,9
Julio,M,9
June,M,9
Lemon,M,9
Ludwig,M,9
Malvin,M,9
Manford,M,9
Marcel,M,9
Marshal,M,9
Michel,M,9
Minor,M,9
Monte,M,9
Mortimer,M,9
Myrl,M,9
Newell,M,9
Odus,M,9
Opal,M,9
Orie,M,9
Patsy,M,9
Prentice,M,9
Quinton,M,9
Raul,M,9
Raymon,M,9
Reinhold,M,9
Rodolfo,M,9
Ruel,M,9
Shelley,M,9
Thaddeus,M,9
Thedore,M,9
Tillman,M,9
Toy,M,9
Unknown,M,9
Vergil,M,9
Vincenzo,M,9
Volney,M,9
Wellington,M,9
West,M,9
Wheeler,M,9
Winthrop,M,9
Addie,M,8
Adolfo,M,8
Agnes,M,8
Algie,M,8
Allison,M,8
Almon,M,8
Armando,M,8
Augustin,M,8
Bart,M,8
Bernhard,M,8
Beverly,M,8
Blanche,M,8
Brice,M,8
Carleton,M,8
Cedric,M,8
Clarnce,M,8
Clovis,M,8
Dalton,M,8
Darrel,M,8
Dell,M,8
Delmas,M,8
Denzil,M,8
Domingo,M,8
Doris,M,8
Edna,M,8
Eduardo,M,8
Eino,M,8
Elie,M,8
Emma,M,8
Ezekiel,M,8
Fate,M,8
Florian,M,8
Fritz,M,8
Furman,M,8
Harlow,M,8
Harvie,M,8
Hattie,M,8
Helmer,M,8
Howell,M,8
Ivy,M,8
Johney,M,8
Jonnie,M,8
Josephine,M,8
Lavern,M,8
Leopold,M,8
Love,M,8
Luciano,M,8
Lucy,M,8
Lyndon,M,8
Martha,M,8
Meredith,M,8
Merton,M,8
Minnie,M,8
Nickolas,M,8
Pauline,M,8
Pierre,M,8
Reese,M,8
Romie,M,8
Rube,M,8
Rudolf,M,8
Samual,M,8
Sanders,M,8
Selmer,M,8
Seymour,M,8
Son,M,8
Terence,M,8
Theadore,M,8
Titus,M,8
Tobias,M,8
Tomie,M,8
Vera,M,8
Vester,M,8
Virgle,M,8
Werner,M,8
Willy,M,8
Winfred,M,8
Wyatt,M,8
Addison,M,7
Alberta,M,7
Alcide,M,7
Alfonse,M,7
Alpha,M,7
Alpheus,M,7
Arley,M,7
Art,M,7
Artis,M,7
Ashby,M,7
Bee,M,7
Belton,M,7
Bernardo,M,7
Bessie,M,7
Bobby,M,7
Boyce,M,7
Buel,M,7
Butler,M,7
Caesar,M,7
Cameron,M,7
Carol,M,7
Casimer,M,7
Catherine,M,7
Cicero,M,7
Clemens,M,7
Colonel,M,7
Conley,M,7
Cora,M,7
Cornelious,M,7
Darwin,M,7
Dempsey,M,7
Denis,M,7
Denver,M,7
Doc,M,7
Dora,M,7
Edmon,M,7
Edson,M,7
Ella,M,7
Elwyn,M,7
Ennis,M,7
Enrico,M,7
Ernesto,M,7
Essie,M,7
Estill,M,7
Farris,M,7
Fread,M,7
French,M,7
Gabe,M,7
Gardner,M,7
Georgia,M,7
Gerrit,M,7
Gideon,M,7
Giles,M,7
Henri,M,7
Hilliard,M,7
Horatio,M,7
Ivery,M,7
Ivey,M,7
Josef,M,7
Joy,M,7
Junious,M,7
Lambert,M,7
Laura,M,7
Lauren,M,7
Lem,M,7
Lesley,M,7
Lillie,M,7
Loy,M,7
Lucas,M,7
Macon,M,7
Manley,M,7
Mansfield,M,7
Marcos,M,7
Merl,M,7
Merwin,M,7
Milburn,M,7
Myrle,M,7
Myrtle,M,7
Namon,M,7
Nellie,M,7
Newt,M,7
Norton,M,7
Norwood,M,7
Olie,M,7
Orlo,M,7
Orrie,M,7
Osborne,M,7
Othel,M,7
Prentiss,M,7
Raoul,M,7
Reece,M,7
Reid,M,7
Reynold,M,7
Roberto,M,7
Rossie,M,7
Roswell,M,7
Sampson,M,7
Sim,M,7
Sonny,M,7
Toivo,M,7
Toney,M,7
Val,M,7
Verner,M,7
Whitney,M,7
Wilfrid,M,7
Woodie,M,7
Woodrow,M,7
Acie,M,6
Albion,M,6
Aldo,M,6
Alec,M,6
Alfonzo,M,6
Amon,M,6
Archer,M,6
Armond,M,6
Armstead,M,6
Asbury,M,6
Ashton,M,6
Attilio,M,6
Aubra,M,6
Aubry,M,6
Audie,M,6
Barnett,M,6
Barnie,M,6
Baxter,M,6
Bedford,M,6
Bertie,M,6
Blanchard,M,6
Bobbie,M,6
Burnett,M,6
Burnice,M,6
Burrell,M,6
Caldwell,M,6
Carlie,M,6
Carrie,M,6
Charlton,M,6
Chesley,M,6
Christy,M,6
Clell,M,6
Clide,M,6
Collie,M,6
Daisy,M,6
Davie,M,6
Delos,M,6
Denzel,M,6
Deward,M,6
Dixie,M,6
Domenick,M,6
Dossie,M,6
Drew,M,6
Eber,M,6
Edith,M,6
Elden,M,6
Elex,M,6
Eliga,M,6
Elige,M,6
Eligh,M,6
Ely,M,6
Ermine,M,6
Estell,M,6
Eugenio,M,6
Eva,M,6
Federico,M,6
Ferman,M,6
Fermon,M,6
Fernando,M,6
Fidel,M,6
Francesco,M,6
Franklyn,M,6
Franz,M,6
Gaines,M,6
Gerhard,M,6
Glendon,M,6
Glover,M,6
Gustaf,M,6
Hadley,M,6
Hamp,M,6
Heyward,M,6
Ida,M,6
Irene,M,6
Irvine,M,6
Isac,M,6
Julious,M,6
Kent,M,6
Ladislaus,M,6
Lance,M,6
Lawyer,M,6
Leandro,M,6
Lemmie,M,6
Leona,M,6
Lonie,M,6
Lorin,M,6
Lovie,M,6
Lula,M,6
Lum,M,6
Maceo,M,6
Maston,M,6
Mathias,M,6
Melton,M,6
Mickey,M,6
Mitchel,M,6
Montgomery,M,6
Murl,M,6
Ole,M,6
Olive,M,6
Oneal,M,6
Onnie,M,6
Orange,M,6
Orland,M,6
Orris,M,6
Orvel,M,6
Pascal,M,6
Pleas,M,6
Prentis,M,6
Quince,M,6
Quincy,M,6
Red,M,6
Refugio,M,6
Reggie,M,6
Regis,M,6
Rexford,M,6
Rice,M,6
Robin,M,6
Rodger,M,6
Rulon,M,6
Rutherford,M,6
Salomon,M,6
Sammy,M,6
Sid,M,6
Solon,M,6
Stanton,M,6
Sumner,M,6
Ural,M,6
Urban,M,6
Vearl,M,6
Verdie,M,6
Viola,M,6
Virgel,M,6
Waymon,M,6
Westley,M,6
Wilhelm,M,6
Willaim,M,6
Wilmot,M,6
Wing,M,6
Worth,M,6
Wylie,M,6
Ysidro,M,6
Zeb,M,6
Zollie,M,6
Adrien,M,5
Alger,M,5
Almond,M,5
Alvah,M,5
Americo,M,5
Anastacio,M,5
Ann,M,5
Arlis,M,5
Armin,M,5
Barnard,M,5
Bayard,M,5
Benton,M,5
Bethel,M,5
Bradford,M,5
Burlie,M,5
Burnell,M,5
Callie,M,5
Carlisle,M,5
Carmel,M,5
Carmelo,M,5
Cass,M,5
Cayetano,M,5
Chalmer,M,5
Chick,M,5
Clemon,M,5
Cleophas,M,5
Cody,M,5
Comer,M,5
Constantine,M,5
Creighton,M,5
Creston,M,5
Cruz,M,5
Delma,M,5
Dolphus,M,5
Domenic,M,5
Donnie,M,5
Duke,M,5
Eddy,M,5
Elder,M,5
Eleanor,M,5
Elick,M,5
Elliot,M,5
Ellison,M,5
Elsworth,M,5
Ephraim,M,5
Erie,M,5
Esteban,M,5
Esther,M,5
Eusebio,M,5
Fern,M,5
Field,M,5
Fleming,M,5
Flora,M,5
Foy,M,5
Garth,M,5
Gay,M,5
Gayle,M,5
Gerardo,M,5
Geroge,M,5
Geronimo,M,5
Gibson,M,5
Glenwood,M,5
Gray,M,5
Graydon,M,5
Gurney,M,5
Hence,M,5
Hershell,M,5
Hobson,M,5
Holt,M,5
Hope,M,5
Hoy,M,5
Hudson,M,5
Humphrey,M,5
Inez,M,5
Irby,M,5
Isabel,M,5
Isidor,M,5
Isreal,M,5
Jamie,M,5
Jan,M,5
Joaquin,M,5
Jonah,M,5
Jule,M,5
Juluis,M,5
Kay,M,5
Kelley,M,5
Kendall,M,5
Kennard,M,5
Kirby,M,5
Kirk,M,5
Kurt,M,5
Larkin,M,5
Lawerence,M,5
Lazarus,M,5
Leamon,M,5
Lehman,M,5
Leigh,M,5
Less,M,5
Lessie,M,5
Lindley,M,5
Linton,M,5
Linus,M,5
Lorenza,M,5
Loyce,M,5
Mamie,M,5
Manson,M,5
Matthews,M,5
Maury,M,5
Milan,M,5
Moe,M,5
Montie,M,5
Moody,M,5
Muriel,M,5
Myer,M,5
Natale,M,5
Nathon,M,5
Natividad,M,5
Nestor,M,5
Norvel,M,5
Oakley,M,5
Oris,M,5
Osie,M,5
Ossie,M,5
Perfecto,M,5
Presley,M,5
Price,M,5
Radford,M,5
Rayford,M,5
Reno,M,5
Reubin,M,5
Rolla,M,5
Roosvelt,M,5
Rosa,M,5
Rosco,M,5
Rue,M,5
Rueben,M,5
Schuyler,M,5
Seaborn,M,5
Sebastian,M,5
Shannon,M,5
Shellie,M,5
Sheridan,M,5
Silvester,M,5
Stacy,M,5
Stephan,M,5
Sylvia,M,5
Theresa,M,5
Toby,M,5
Verle,M,5
Vicente,M,5
Vinton,M,5
Virginia,M,5
Watt,M,5
Waverly,M,5
Whit,M,5
Willman,M,5
Winifred,M,5
Winslow,M,5
Wray,M,5
Wyman,M,5
Zeddie,M,5
