name,gender,count
Mary,F,24390
Helen,F,11801
Margaret,F,9279
Dorothy,F,8869
Ruth,F,8003
Anna,F,6753
Elizabeth,F,6298
Mildred,F,6271
Marie,F,5017
Frances,F,4967
Alice,F,4813
Florence,F,4424
Lillian,F,4367
Rose,F,4151
Ethel,F,4141
Evelyn,F,4075
Edna,F,3957
Gladys,F,3933
Louise,F,3725
Catherine,F,3565
Irene,F,3502
Ruby,F,3372
Grace,F,3304
Annie,F,3298
Hazel,F,3290
Virginia,F,3263
Thelma,F,3166
Martha,F,3019
Josephine,F,3011
Gertrude,F,2895
Edith,F,2825
Lucille,F,2740
Clara,F,2691
Esther,F,2676
Emma,F,2616
Bertha,F,2606
Beatrice,F,2522
Pauline,F,2345
Agnes,F,2315
Bessie,F,2279
Elsie,F,2224
Sarah,F,2201
Mabel,F,2171
Julia,F,2158
Ida,F,2119
Eva,F,2109
Viola,F,2083
Pearl,F,2075
Eleanor,F,2035
Myrtle,F,2033
Bernice,F,1915
Minnie,F,1899
Ann,F,1882
Nellie,F,1866
Katherine,F,1858
Doris,F,1812
Laura,F,1790
Marion,F,1744
Marjorie,F,1722
Lillie,F,1690
Willie,F,1637
Alma,F,1611
Ella,F,1604
Anne,F,1598
Mattie,F,1552
Jessie,F,1550
Vera,F,1510
Lois,F,1508
Betty,F,1456
Lena,F,1449
Mae,F,1449
Stella,F,1422
Kathryn,F,1397
Jean,F,1381
Blanche,F,1361
Leona,F,1329
Lucy,F,1309
Carrie,F,1281
Beulah,F,1244
Vivian,F,1211
Opal,F,1190
Sylvia,F,1184
Violet,F,1183
Ellen,F,1162
Jennie,F,1161
Hattie,F,1136
Marguerite,F,1113
Fannie,F,1100
Mamie,F,1095
Velma,F,1045
Cora,F,1022
Rosa,F,1022
Genevieve,F,989
Lula,F,970
Charlotte,F,960
Georgia,F,957
Ada,F,939
Jane,F,937
Inez,F,924
Theresa,F,919
Hilda,F,916
Wilma,F,914
Emily,F,909
Dora,F,888
Marian,F,884
Estelle,F,864
Juanita,F,862
Daisy,F,833
Eunice,F,830
Nancy,F,827
Maggie,F,822
Susie,F,822
Sadie,F,806
Alberta,F,801
Harriet,F,792
Nora,F,779
Flora,F,749
Loretta,F,739
Barbara,F,737
Lola,F,712
Olive,F,699
Geneva,F,688
Sara,F,687
Christine,F,686
Sophie,F,671
Kathleen,F,663
Mable,F,659
Lucile,F,654
Maria,F,646
Della,F,645
Rosie,F,643
Verna,F,639
Madeline,F,628
Geraldine,F,627
Lottie,F,620
Nettie,F,617
Irma,F,615
Erma,F,595
Katie,F,595
Goldie,F,593
Naomi,F,585
Lydia,F,568
Eula,F,561
Henrietta,F,558
Maude,F,553
Caroline,F,550
Effie,F,549
Rebecca,F,546
May,F,541
Rachel,F,537
Sally,F,535
Maxine,F,531
Norma,F,531
Audrey,F,527
Phyllis,F,527
Essie,F,525
Ollie,F,521
Ora,F,513
Sallie,F,509
Victoria,F,503
Addie,F,497
Lela,F,489
Olga,F,489
Miriam,F,487
Nina,F,466
Winifred,F,463
Susan,F,459
Isabel,F,447
Jeanette,F,444
Lizzie,F,441
Roberta,F,441
Fern,F,435
Etta,F,434
Amelia,F,430
Cecelia,F,416
Adeline,F,413
Freda,F,413
Celia,F,410
Rita,F,403
Iva,F,397
Bonnie,F,389
Dorothea,F,389
Antoinette,F,388
Faye,F,388
Carolyn,F,387
Janet,F,386
Anita,F,381
Lorene,F,380
Wanda,F,380
Mollie,F,378
Isabelle,F,377
Jeannette,F,373
Lorraine,F,365
Estella,F,364
Ola,F,364
Dolores,F,363
Leola,F,363
Shirley,F,362
Angelina,F,359
Cleo,F,358
Alta,F,357
Elva,F,354
Muriel,F,353
Veronica,F,353
Luella,F,352
Regina,F,343
Cecilia,F,342
Fay,F,339
Flossie,F,339
Jewell,F,338
Eileen,F,336
Frieda,F,335
Claire,F,333
Sue,F,330
Nannie,F,329
Jewel,F,327
Marcella,F,327
Patricia,F,325
Eloise,F,324
Nell,F,322
Angeline,F,321
Matilda,F,321
Selma,F,321
Janie,F,317
Rosalie,F,309
Ina,F,306
Lila,F,302
Adele,F,298
Constance,F,298
Amy,F,296
Angela,F,292
Helene,F,283
Teresa,F,281
Amanda,F,280
Hannah,F,279
June,F,278
Virgie,F,275
Sophia,F,272
Margie,F,271
Zelma,F,268
Jeanne,F,266
Rena,F,260
Reba,F,259
Eliza,F,258
Lee,F,258
Johnnie,F,256
Allie,F,253
Elma,F,252
Gussie,F,245
Ila,F,243
Ernestine,F,238
Winnie,F,237
Francis,F,234
Joan,F,233
Elvira,F,230
Annette,F,227
Arlene,F,226
Letha,F,225
Adelaide,F,223
Callie,F,223
Lessie,F,220
Eugenia,F,219
Tillie,F,219
Kate,F,216
Millie,F,216
Cornelia,F,213
Belle,F,211
Lenora,F,211
Madge,F,210
Elnora,F,202
Leah,F,202
Hester,F,201
Carmen,F,199
Elaine,F,199
Lora,F,199
Gracie,F,197
Dollie,F,196
Clarice,F,194
Gwendolyn,F,194
Josie,F,193
Augusta,F,192
Peggy,F,192
Olivia,F,191
Natalie,F,190
Odessa,F,187
Myra,F,186
Corinne,F,185
Cecile,F,184
Hallie,F,184
Lorena,F,184
Carol,F,181
Edythe,F,181
Claudia,F,178
Harriett,F,177
Elinor,F,176
Maudie,F,176
Rosetta,F,176
Dessie,F,175
Helena,F,175
Bertie,F,174
Iris,F,173
Carmela,F,172
Delia,F,170
Frankie,F,170
Billie,F,169
Neva,F,168
Nola,F,168
Roxie,F,168
Annabelle,F,164
Pearlie,F,163
Rhoda,F,161
Rosemary,F,160
Eleanore,F,159
Lelia,F,159
Lilly,F,154
Bettie,F,153
Lou,F,153
Avis,F,152
Corine,F,152
Alyce,F,151
Connie,F,151
Merle,F,151
Aileen,F,150
Donna,F,149
Christina,F,148
Katharine,F,148
Priscilla,F,148
Melba,F,146
Willa,F,145
Zella,F,144
Aline,F,143
Leila,F,143
Ione,F,142
Wilhelmina,F,141
Rosella,F,140
Concetta,F,138
Dolly,F,138
Imogene,F,137
Joyce,F,136
Laverne,F,136
Tessie,F,136
Maud,F,135
Pansy,F,135
Arline,F,133
Mayme,F,132
Nadine,F,132
Yvonne,F,132
Catharine,F,131
Lenore,F,131
Erna,F,130
Lily,F,130
Linda,F,130
Isabella,F,129
Molly,F,129
Ophelia,F,129
Gloria,F,126
Iola,F,125
Oma,F,125
Jimmie,F,123
Berniece,F,122
Dovie,F,122
Bernadine,F,121
Birdie,F,121
Johanna,F,121
Leora,F,121
Leota,F,121
Eddie,F,120
Gertie,F,120
Isabell,F,120
Lucinda,F,120
Jannie,F,119
Maurine,F,119
Stephanie,F,118
Alvina,F,117
Janice,F,117
Zelda,F,117
Cecil,F,116
Garnet,F,116
Loraine,F,116
Rubye,F,116
Minerva,F,114
Kay,F,111
Leone,F,111
Vesta,F,111
Alpha,F,110
Iona,F,110
Louella,F,110
Antonia,F,109
Philomena,F,109
Georgie,F,108
Vada,F,106
Cynthia,F,105
Mona,F,105
Paula,F,105
Rae,F,105
Hortense,F,104
Lona,F,104
Blanch,F,103
Elsa,F,103
Ester,F,101
Vida,F,101
Artie,F,100
Fanny,F,100
Lura,F,100
Queen,F,100
Leta,F,98
Carmella,F,97
Mathilda,F,97
Elisabeth,F,96
Louisa,F,96
Nona,F,96
Sybil,F,96
Verda,F,96
Judith,F,95
Lettie,F,95
Reva,F,95
Beryl,F,94
Cassie,F,94
Hettie,F,94
Lauretta,F,94
Bess,F,93
Bobbie,F,93
Florine,F,93
Bernadette,F,92
Dixie,F,92
Mercedes,F,92
Marietta,F,91
Mina,F,91
Polly,F,91
Floy,F,89
Maybelle,F,89
Rhea,F,89
Wilda,F,89
Allene,F,88
Enid,F,87
Ivy,F,87
Phoebe,F,87
Ava,F,86
Golda,F,85
Linnie,F,85
Lorna,F,85
Robbie,F,85
Clare,F,84
Clementine,F,84
Elena,F,84
Agatha,F,83
Alva,F,83
Angie,F,83
Monica,F,83
Bella,F,82
Idella,F,82
Lulu,F,82
Oleta,F,82
Vergie,F,82
Zora,F,82
Aurelia,F,81
Mazie,F,81
Ramona,F,81
Gretchen,F,80
Lue,F,80
Evie,F,79
Tommie,F,79
Era,F,78
Mittie,F,78
Nelle,F,78
Zola,F,78
Abbie,F,77
Althea,F,77
Elda,F,77
Elise,F,77
Harriette,F,77
Retha,F,77
Corrine,F,76
Hulda,F,76
Madeleine,F,76
Margery,F,76
Delores,F,75
Mozelle,F,75
Ocie,F,75
Ona,F,75
Valeria,F,75
Veda,F,74
Camille,F,73
Julie,F,73
Magnolia,F,73
Una,F,73
Bennie,F,72
Glenna,F,72
Eve,F,71
Filomena,F,71
Madelyn,F,71
Magdalene,F,71
Evangeline,F,70
Margarita,F,70
Roma,F,70
Chloe,F,69
Ethelyn,F,69
James,F,69
Marcia,F,69
Orpha,F,69
Clyde,F,68
Delma,F,68
Estell,F,68
Guadalupe,F,68
John,F,68
Patsy,F,68
Hope,F,67
Johnie,F,67
Leonora,F,67
Yetta,F,67
Aurora,F,66
Rosalind,F,66
Tressie,F,66
Ursula,F,66
Vivien,F,66
Winnifred,F,66
Lovie,F,65
Lucia,F,65
Dorotha,F,64
Lennie,F,64
Suzanne,F,64
Adela,F,63
Joy,F,63
Lavina,F,63
Millicent,F,63
Novella,F,63
Ray,F,63
Ruthie,F,63
Winona,F,63
Yolanda,F,63
Albina,F,62
Myrtie,F,62
Odell,F,62
Petra,F,62
Adell,F,61
Belva,F,61
Celeste,F,61
Lina,F,61
Lorine,F,61
Myrna,F,61
Myrtice,F,61
Almeda,F,60
Beverly,F,60
Ferne,F,60
Georgiana,F,60
Idell,F,60
Rowena,F,60
Albertha,F,59
Anastasia,F,59
Joanna,F,59
Juliette,F,59
Mandy,F,59
Margret,F,59
Melvina,F,59
Myrtis,F,59
Tina,F,59
Zula,F,59
Delphia,F,58
Dorris,F,58
Eleanora,F,58
Malinda,F,58
Pinkie,F,58
Valerie,F,58
Alda,F,57
Beth,F,57
Consuelo,F,57
Delphine,F,57
Dorthy,F,57
Emilie,F,57
Hedwig,F,57
Lyda,F,57
Melva,F,57
Carolina,F,56
Cordelia,F,56
Diana,F,56
Earline,F,56
Madie,F,56
Manuela,F,56
Velva,F,56
Elna,F,55
Margarette,F,55
Meta,F,55
Easter,F,54
Evalyn,F,54
Alene,F,53
Germaine,F,53
Jacqueline,F,53
Katheryn,F,53
Leatha,F,53
Rosamond,F,53
Vernice,F,53
Elvera,F,52
Freida,F,52
Annabel,F,51
Claudie,F,51
Esta,F,51
George,F,51
Jettie,F,51
Lea,F,51
Marjory,F,51
Rubie,F,51
Sudie,F,51
Verona,F,51
Zona,F,51
Altha,F,50
Audra,F,50
Felicia,F,50
Theodora,F,50
William,F,50
Carmel,F,49
Dortha,F,49
Exie,F,49
Francisca,F,49
Ima,F,49
Macie,F,49
Maybell,F,49
Crystal,F,48
Dena,F,48
Edwina,F,48
Ira,F,48
Kitty,F,48
Lupe,F,48
Vernie,F,48
Berta,F,47
Bulah,F,47
Cathryn,F,47
Dona,F,47
Donnie,F,47
Ellie,F,47
Faith,F,47
Juana,F,47
Nelda,F,47
Octavia,F,47
Adella,F,46
Alfreda,F,46
Berenice,F,46
Charity,F,46
Hildred,F,46
Hilma,F,46
Viva,F,46
Arvilla,F,45
Corene,F,45
Elouise,F,45
Gene,F,45
Joe,F,45
Kattie,F,45
Lida,F,45
Nan,F,45
Savannah,F,45
Alicia,F,44
Beaulah,F,44
Charlie,F,44
Dorcas,F,44
Florida,F,44
Justine,F,44
Kathryne,F,44
Libby,F,44
Vina,F,44
Bell,F,43
Claudine,F,43
Hellen,F,43
Lilyan,F,43
Marvel,F,43
Rachael,F,43
Vallie,F,43
Vivienne,F,43
Emilia,F,42
Ethyl,F,42
Eulalia,F,42
Gilda,F,42
Maryann,F,42
Nita,F,42
Pearle,F,42
Reta,F,42
Susanna,F,42
Camilla,F,41
Goldia,F,41
Gwen,F,41
Jenny,F,41
Jo,F,41
Juliet,F,41
Kathrine,F,41
Luvenia,F,41
Marianne,F,41
Maxie,F,41
Aletha,F,40
Annetta,F,40
Charlene,F,40
Charles,F,40
Elinore,F,40
Emmie,F,40
Lucretia,F,40
Magdalena,F,40
Maye,F,40
Pattie,F,40
Rosia,F,40
Treva,F,40
Bonita,F,39
Cleta,F,39
Greta,F,39
Josefa,F,39
Robert,F,39
Verla,F,39
Adelia,F,38
Cathrine,F,38
Garnett,F,38
Grayce,F,38
Hildegarde,F,38
Judy,F,38
Mallie,F,38
Roslyn,F,38
Sabina,F,38
Velda,F,38
Antonette,F,37
Jerry,F,37
Lilla,F,37
Madaline,F,37
Pearline,F,37
Rosina,F,37
Signe,F,37
Therese,F,37
Clarissa,F,36
Deborah,F,36
Deloris,F,36
Eldora,F,36
Ines,F,36
Ivory,F,36
Josefina,F,36
Lucie,F,36
Nova,F,36
Theo,F,36
Trudie,F,36
Adelle,F,35
Audie,F,35
Clemmie,F,35
Diane,F,35
Leslie,F,35
Martina,F,35
Rosalee,F,35
Verdie,F,35
Ana,F,34
Celestine,F,34
Elvie,F,34
Georgianna,F,34
Ilene,F,34
Jaunita,F,34
Letitia,F,34
Lilian,F,34
Ludie,F,34
Luisa,F,34
Queenie,F,34
Renee,F,34
Violette,F,34
Adrienne,F,33
Alverta,F,33
Earnestine,F,33
Eda,F,33
Elmira,F,33
Eulah,F,33
Louvenia,F,33
Mavis,F,33
Myrle,F,33
Ossie,F,33
Sofia,F,33
Tennie,F,33
Clora,F,32
Cordie,F,32
Freddie,F,32
Gail,F,32
Imelda,F,32
Janette,F,32
Liza,F,32
Minna,F,32
Mozell,F,32
Nedra,F,32
Odie,F,32
Ardella,F,31
Bridget,F,31
Ena,F,31
Hazle,F,31
Leonore,F,31
Louie,F,31
Marianna,F,31
Marilyn,F,31
Melissa,F,31
Nathalie,F,31
Neoma,F,31
Rilla,F,31
Vena,F,31
Benita,F,30
Betsy,F,30
Dottie,F,30
Henry,F,30
Lenna,F,30
Lera,F,30
Lonnie,F,30
Ottie,F,30
Sammie,F,30
Sibyl,F,30
Zoe,F,30
Amie,F,29
Bette,F,29
Emmer,F,29
Enola,F,29
Frank,F,29
Lavada,F,29
Monnie,F,29
Onie,F,29
Rosalia,F,29
Tena,F,29
Amalia,F,28
Elisa,F,28
Elvina,F,28
Etha,F,28
Evelyne,F,28
Fairy,F,28
Florrie,F,28
Golden,F,28
Joann,F,28
Joseph,F,28
Magdalen,F,28
Norene,F,28
Ozella,F,28
Rosemarie,F,28
Aida,F,27
Annabell,F,27
Berneice,F,27
Bethel,F,27
Birtha,F,27
Fae,F,27
Jackie,F,27
Laverna,F,27
Madonna,F,27
Mathilde,F,27
Myrl,F,27
Ouida,F,27
Thora,F,27
Adah,F,26
Adelina,F,26
Dale,F,26
Doretha,F,26
Emeline,F,26
Glenda,F,26
Glennie,F,26
Icie,F,26
Lavon,F,26
Leonor,F,26
Maureen,F,26
Santa,F,26
Verlie,F,26
Willia,F,26
Zena,F,26
Adaline,F,25
Cordia,F,25
Dagmar,F,25
Delta,F,25
Earlene,F,25
Elenora,F,25
Eura,F,25
Flonnie,F,25
Gertha,F,25
Herminia,F,25
Lexie,F,25
Lynn,F,25
Mariah,F,25
Mellie,F,25
Naoma,F,25
Oda,F,25
Ressie,F,25
Retta,F,25
Rosanna,F,25
Sadye,F,25
Vinnie,F,25
Zenobia,F,25
Alline,F,24
Andrea,F,24
Angelita,F,24
Annis,F,24
Arleen,F,24
Delilah,F,24
Dell,F,24
Elberta,F,24
Euna,F,24
Hanna,F,24
Hermina,F,24
Izola,F,24
Joanne,F,24
Justina,F,24
Lavern,F,24
Lavinia,F,24
Liddie,F,24
Loma,F,24
Margaretta,F,24
Neta,F,24
Rozella,F,24
Sidney,F,24
Syble,F,24
Albertine,F,23
Allean,F,23
Ara,F,23
Ardell,F,23
Blanchie,F,23
Cathleen,F,23
Clifford,F,23
Concepcion,F,23
Coral,F,23
Corrie,F,23
Drucilla,F,23
Emmaline,F,23
Eugenie,F,23
Florene,F,23
Gay,F,23
Irine,F,23
Lonie,F,23
Luna,F,23
Mabelle,F,23
Mammie,F,23
Marcelle,F,23
Marge,F,23
Mertie,F,23
Omie,F,23
Ova,F,23
Selena,F,23
Sigrid,F,23
Sonia,F,23
Sula,F,23
Theola,F,23
Thomas,F,23
Tomasa,F,23
Vella,F,23
Vilma,F,23
Afton,F,22
Arie,F,22
Arizona,F,22
Berdie,F,22
Bernardine,F,22
Dina,F,22
Elmer,F,22
Eveline,F,22
Florance,F,22
Gennie,F,22
Georgina,F,22
Hildegard,F,22
Izetta,F,22
Jeane,F,22
Laurette,F,22
Mabell,F,22
Malvina,F,22
Margarett,F,22
Nevada,F,22
Prudence,F,22
Reatha,F,22
Rosaline,F,22
Veola,F,22
Versie,F,22
Vincenza,F,22
Williemae,F,22
Astrid,F,21
Augustine,F,21
Carmelita,F,21
Ceola,F,21
Delpha,F,21
Emelia,F,21
Erline,F,21
Eudora,F,21
Felice,F,21
Frederica,F,21
Henretta,F,21
Henriette,F,21
Inga,F,21
Jessica,F,21
Jonnie,F,21
Juliana,F,21
Margarete,F,21
Norine,F,21
Olevia,F,21
Palma,F,21
Pat,F,21
Susanne,F,21
Tressa,F,21
Zelpha,F,21
Almira,F,20
Alvera,F,20
Alvira,F,20
Arlena,F,20
Buna,F,20
Corean,F,20
Darlene,F,20
Delfina,F,20
Edyth,F,20
Emogene,F,20
Erie,F,20
Freeda,F,20
Georgette,F,20
Helga,F,20
Hertha,F,20
India,F,20
Laurine,F,20
Libbie,F,20
Margueritte,F,20
Mossie,F,20
Romaine,F,20
Santina,F,20
Sister,F,20
Vernell,F,20
Zettie,F,20
Alvena,F,19
America,F,19
Burnice,F,19
Cleora,F,19
Dallas,F,19
Delsie,F,19
Edra,F,19
Elenor,F,19
Elfrieda,F,19
Elta,F,19
Ettie,F,19
Flo,F,19
Hassie,F,19
Isobel,F,19
Leanna,F,19
Lynette,F,19
Macy,F,19
Maryellen,F,19
Maymie,F,19
Osie,F,19
Rosena,F,19
Selina,F,19
Tempie,F,19
Tiny,F,19
Abigail,F,18
Alida,F,18
Almeta,F,18
Ammie,F,18
Ardath,F,18
Avie,F,18
Bernita,F,18
Clarabelle,F,18
Daphne,F,18
Elenore,F,18
Elodie,F,18
Fleta,F,18
Gladis,F,18
Gladyce,F,18
Gretta,F,18
Helyn,F,18
Hessie,F,18
Icy,F,18
Inell,F,18
Ingrid,F,18
Jodie,F,18
Jossie,F,18
Katy,F,18
Larue,F,18
Leda,F,18
Lelah,F,18
Leo,F,18
Madalyn,F,18
Madelene,F,18
Maebelle,F,18
Nella,F,18
Ozie,F,18
Phebe,F,18
Rafaela,F,18
Rosalyn,F,18
Roy,F,18
Sheila,F,18
Tilda,F,18
Willetta,F,18
Yvette,F,18
Adline,F,17
Alba,F,17
Annamae,F,17
Annice,F,17
Assunta,F,17
Aubrey,F,17
Aune,F,17
Carla,F,17
Cleona,F,17
Cleopatra,F,17
Clorinda,F,17
Colette,F,17
Dorathy,F,17
Eathel,F,17
Elvia,F,17
Fronie,F,17
Gena,F,17
Idelle,F,17
Johnsie,F,17
Lala,F,17
Laurel,F,17
Louis,F,17
Luciel,F,17
Luz,F,17
Malissa,F,17
Margurite,F,17
Marybelle,F,17
Mozella,F,17
Natalia,F,17
Orene,F,17
Otelia,F,17
Pollie,F,17
Serena,F,17
Stephania,F,17
Theodosia,F,17
Trudy,F,17
Twila,F,17
Venus,F,17
Vita,F,17
Vlasta,F,17
Vola,F,17
Zada,F,17
Aleta,F,16
Alverda,F,16
Alverna,F,16
Ardelia,F,16
Ardis,F,16
Arlie,F,16
Arrie,F,16
Atha,F,16
Beatriz,F,16
Bettye,F,16
Capitola,F,16
Catalina,F,16
Christeen,F,16
Clarine,F,16
Cleda,F,16
Clementina,F,16
Creola,F,16
Ebba,F,16
Elizebeth,F,16
Ether,F,16
Evelina,F,16
Fred,F,16
Frona,F,16
Gabrielle,F,16
Gayle,F,16
Illa,F,16
Ivah,F,16
Jayne,F,16
Jesse,F,16
Laurene,F,16
Lavonne,F,16
Leva,F,16
Linnea,F,16
Lolita,F,16
Lollie,F,16
Loyce,F,16
Lurline,F,16
Maebell,F,16
Maida,F,16
Margarite,F,16
Margot,F,16
Meda,F,16
Meredith,F,16
Mickey,F,16
Missouri,F,16
Nobie,F,16
Noreen,F,16
Odelia,F,16
Paralee,F,16
Silvia,F,16
Terry,F,16
Texie,F,16
Valda,F,16
Venita,F,16
Verne,F,16
Veta,F,16
Wynona,F,16
Zadie,F,16
Argie,F,15
Arletta,F,15
Audry,F,15
Bernyce,F,15
Brownie,F,15
Carlie,F,15
Carry,F,15
Chessie,F,15
Clair,F,15
Clarence,F,15
Claribel,F,15
Clotilda,F,15
Corina,F,15
Dean,F,15
Dee,F,15
Dicie,F,15
Dimple,F,15
Dinah,F,15
Domenica,F,15
Dominga,F,15
Drusilla,F,15
Edmonia,F,15
Edrie,F,15
Elba,F,15
Elease,F,15
Electa,F,15
Evlyn,F,15
Flavia,F,15
Hazelle,F,15
Helmi,F,15
Hildreth,F,15
Hildur,F,15
Jamie,F,15
Jeanie,F,15
Jeffie,F,15
Kathlyn,F,15
Kittie,F,15
Kizzie,F,15
Leon,F,15
Lilah,F,15
Loretto,F,15
Lovella,F,15
Luberta,F,15
Lutie,F,15
Maisie,F,15
Manda,F,15
Mariam,F,15
Maurice,F,15
Olympia,F,15
Oneita,F,15
Otha,F,15
Ozell,F,15
Pasqualina,F,15
Paul,F,15
Rutha,F,15
Samantha,F,15
Sandra,F,15
Simone,F,15
Sylva,F,15
Theda,F,15
Ula,F,15
Venice,F,15
Vennie,F,15
Versa,F,15
Vertie,F,15
Veva,F,15
Virgia,F,15
Vonda,F,15
Wava,F,15
Willard,F,15
Albert,F,14
Aldine,F,14
Aleen,F,14
Amber,F,14
Arabella,F,14
Ardith,F,14
Ariel,F,14
Arvella,F,14
Azzie,F,14
Blondell,F,14
Carlotta,F,14
Carroll,F,14
Ceil,F,14
Classie,F,14
Clydie,F,14
Dulcie,F,14
Earlean,F,14
Eather,F,14
Eloisa,F,14
Elzie,F,14
Esperanza,F,14
Evaline,F,14
Florie,F,14
Gaynell,F,14
Gerda,F,14
Hermine,F,14
Laurie,F,14
Leonia,F,14
Leontine,F,14
Lorina,F,14
Luetta,F,14
Madolyn,F,14
Marylee,F,14
Marylou,F,14
Nanie,F,14
Nila,F,14
Ofelia,F,14
Olene,F,14
Parlee,F,14
Patty,F,14
Paulina,F,14
Pecola,F,14
Portia,F,14
Rene,F,14
Rheba,F,14
Rochelle,F,14
Roseanna,F,14
Rossie,F,14
Shellie,F,14
Simona,F,14
Sina,F,14
Susana,F,14
Trixie,F,14
Vira,F,14
Virgil,F,14
Waneta,F,14
Wilhelmine,F,14
Willis,F,14
Zetta,F,14
Abby,F,13
Aili,F,13
Alexandra,F,13
Allegra,F,13
Altie,F,13
Alvie,F,13
Antionette,F,13
Arthur,F,13
Aurore,F,13
Azalee,F,13
Bee,F,13
Buelah,F,13
Buena,F,13
Bula,F,13
Carl,F,13
Carlene,F,13
Charline,F,13
Cherry,F,13
Chrystal,F,13
Cinda,F,13
Colleen,F,13
Coy,F,13
Cruz,F,13
Daisey,F,13
Dana,F,13
Dominica,F,13
Eugene,F,13
Evelena,F,13
Floris,F,13
Floyd,F,13
Garnette,F,13
Gregoria,F,13
Indiana,F,13
Lacy,F,13
Lassie,F,13
Lavera,F,13
Leaner,F,13
Lempi,F,13
Lillis,F,13
Lissie,F,13
Lorenza,F,13
Lucienne,F,13
Luevenia,F,13
Lyla,F,13
Madlyn,F,13
Mafalda,F,13
Margrett,F,13
Maryanna,F,13
Marye,F,13
Mayola,F,13
Merna,F,13
Metta,F,13
Mignon,F,13
Mitzi,F,13
Odelle,F,13
Olinda,F,13
Olla,F,13
Oneida,F,13
Refugia,F,13
Rosabelle,F,13
Roselyn,F,13
Sabra,F,13
Santos,F,13
Theora,F,13
Toby,F,13
Trula,F,13
Vadie,F,13
Vela,F,13
Vessie,F,13
Vonnie,F,13
Waunita,F,13
Zita,F,13
Agness,F,12
Alethia,F,12
Alexandria,F,12
Allen,F,12
Antonina,F,12
Aretha,F,12
Arlean,F,12
Babe,F,12
Bert,F,12
Birtie,F,12
Cara,F,12
Carlota,F,12
Catheryn,F,12
Christie,F,12
Clemence,F,12
Cleone,F,12
Coralee,F,12
Dannie,F,12
Docia,F,12
Doshie,F,12
Earl,F,12
Ellamae,F,12
Ellene,F,12
Elnor,F,12
Ernestina,F,12
Ernie,F,12
Ethyle,F,12
Euphemia,F,12
Ever,F,12
Faustina,F,12
Floretta,F,12
Florinda,F,12
Gemma,F,12
Genoveva,F,12
Glenn,F,12
Harry,F,12
Idamae,F,12
Ilma,F,12
Ingeborg,F,12
Jeannetta,F,12
Jennette,F,12
Lannie,F,12
Lara,F,12
Launa,F,12
Lossie,F,12
Lyle,F,12
Marquerite,F,12
Marta,F,12
Mercy,F,12
Michelina,F,12
Modena,F,12
Nealie,F,12
Nicolina,F,12
Noma,F,12
Odette,F,12
Olivette,F,12
Onnie,F,12
Orena,F,12
Rosaria,F,12
Ruthe,F,12
Saima,F,12
Shizuko,F,12
Sydney,F,12
Thurley,F,12
Trinidad,F,12
Valera,F,12
Velna,F,12
Vernetta,F,12
Vester,F,12
Vicenta,F,12
Vicie,F,12
Victorine,F,12
Vieno,F,12
Virdie,F,12
Walter,F,12
Wanita,F,12
Zela,F,12
Zera,F,12
Ader,F,11
Aggie,F,11
Agusta,F,11
Albena,F,11
Albertina,F,11
Alleen,F,11
Anniemae,F,11
Arietta,F,11
Arla,F,11
Arnie,F,11
Azilee,F,11
Bea,F,11
Bebe,F,11
Bernie,F,11
Birdella,F,11
Blonnie,F,11
Carra,F,11
Christena,F,11
Collie,F,11
Concha,F,11
Delcie,F,11
Dola,F,11
Doll,F,11
Dorine,F,11
Doshia,F,11
Edward,F,11
Eleonore,F,11
Elia,F,11
Elida,F,11
Elmina,F,11
Emaline,F,11
Eola,F,11
Ernest,F,11
Estel,F,11
Estela,F,11
Ethlyn,F,11
Evalena,F,11
Felicitas,F,11
Floye,F,11
Gale,F,11
Giovanna,F,11
Harold,F,11
Heloise,F,11
Hollis,F,11
Isadora,F,11
Isla,F,11
Izora,F,11
Janis,F,11
Julianna,F,11
Karen,F,11
Kathern,F,11
Katheryne,F,11
Lavenia,F,11
Letty,F,11
Lilie,F,11
Loree,F,11
Love,F,11
Lurene,F,11
Macel,F,11
Madelon,F,11
Magdaline,F,11
Mahala,F,11
Mandie,F,11
Manie,F,11
Marceline,F,11
Marlene,F,11
Marry,F,11
Melvin,F,11
Nena,F,11
Oliva,F,11
Omega,F,11
Oralee,F,11
Paulene,F,11
Peggie,F,11
Pennie,F,11
Princess,F,11
Reather,F,11
Richard,F,11
Rina,F,11
Roena,F,11
Romayne,F,11
Sena,F,11
Sophronia,F,11
Stasia,F,11
Tess,F,11
Thecla,F,11
Theresia,F,11
Thyra,F,11
Valentine,F,11
Vashti,F,11
Vassie,F,11
Verba,F,11
Vona,F,11
Zell,F,11
Zilpha,F,11
Adda,F,10
Algie,F,10
Alvis,F,10
Anice,F,10
Anner,F,10
Antonetta,F,10
Apolonia,F,10
Arbutus,F,10
Beula,F,10
Billy,F,10
Bobby,F,10
Carole,F,10
Celestia,F,10
Celie,F,10
Channie,F,10
Christene,F,10
Clotilde,F,10
Coletta,F,10
Curtis,F,10
Dagny,F,10
Darline,F,10
Dennie,F,10
Donie,F,10
Dorathea,F,10
Doreatha,F,10
Dorthea,F,10
Eartha,F,10
Edris,F,10
Eleonora,F,10
Elfreda,F,10
Ellar,F,10
Elzora,F,10
Emmy,F,10
Etter,F,10
Evia,F,10
Floria,F,10
Forest,F,10
Genie,F,10
Glendora,F,10
Grethel,F,10
Helma,F,10
Henritta,F,10
Herbert,F,10
Herlinda,F,10
Hollie,F,10
Imo,F,10
Isa,F,10
Italia,F,10
Jack,F,10
Johnny,F,10
Jule,F,10
Katharyn,F,10
Lady,F,10
Lavena,F,10
Lavonia,F,10
Lawrence,F,10
Ledora,F,10
Leita,F,10
Lella,F,10
Leoma,F,10
Lewis,F,10
Lloyd,F,10
Lorean,F,10
Loreta,F,10
Lourine,F,10
Loy,F,10
Lubertha,F,10
Lular,F,10
Lydie,F,10
Majorie,F,10
Maryjane,F,10
Matilde,F,10
Mattye,F,10
Medora,F,10
Mettie,F,10
Neola,F,10
Noella,F,10
Nonnie,F,10
Oletha,F,10
Orelia,F,10
Orma,F,10
Ottilie,F,10
Ovie,F,10
Pairlee,F,10
Piccola,F,10
Pilar,F,10
Pluma,F,10
Rada,F,10
Raye,F,10
Robena,F,10
Rona,F,10
Rosita,F,10
Salome,F,10
Savilla,F,10
Sedonia,F,10
Sonya,F,10
Stacia,F,10
Sussie,F,10
Thalia,F,10
Thea,F,10
Theodore,F,10
Tracy,F,10
Valeda,F,10
Velia,F,10
Verle,F,10
Verma,F,10
Vincent,F,10
Wanetta,F,10
Wilmer,F,10
Wylma,F,10
Yola,F,10
Adelene,F,9
Adelyn,F,9
Adriana,F,9
Aimee,F,9
Aldona,F,9
Aleene,F,9
Alla,F,9
Allison,F,9
Alvia,F,9
Amey,F,9
Anabel,F,9
Angelica,F,9
Aretta,F,9
Arlee,F,9
Artelia,F,9
Ary,F,9
Australia,F,9
Bernard,F,9
Bernetta,F,9
Bettina,F,9
Blossom,F,9
Brenda,F,9
Byrdie,F,9
Calista,F,9
Calla,F,9
Carline,F,9
Caryl,F,9
Catarina,F,9
Cathern,F,9
Celina,F,9
Chester,F,9
Courtney,F,9
David,F,9
Delila,F,9
Dicy,F,9
Doreen,F,9
Echo,F,9
Eller,F,9
Erin,F,9
Ermina,F,9
Ersie,F,9
Felipa,F,9
Florette,F,9
Floyce,F,9
Foy,F,9
Fredericka,F,9
Gatha,F,9
Gaynelle,F,9
Genevia,F,9
Georgetta,F,9
Gizella,F,9
Gladies,F,9
Gudrun,F,9
Gusta,F,9
Hatsuko,F,9
Holly,F,9
Honora,F,9
Huldah,F,9
Ilda,F,9
Izella,F,9
Kathaleen,F,9
Laila,F,9
Lana,F,9
Lanie,F,9
Laurena,F,9
Lavaughn,F,9
Lear,F,9
Lema,F,9
Leocadia,F,9
Leoda,F,9
Lethia,F,9
Levie,F,9
Lillia,F,9
Lisa,F,9
Lota,F,9
Loucille,F,9
Lovell,F,9
Lovenia,F,9
Lu,F,9
Lurlene,F,9
Madgie,F,9
Mannie,F,9
Maree,F,9
Margherita,F,9
Margretta,F,9
Melanie,F,9
Melda,F,9
Melita,F,9
Mimi,F,9
Montine,F,9
Moselle,F,9
Neda,F,9
Nezzie,F,9
Nicoletta,F,9
Nonie,F,9
Norah,F,9
Odeal,F,9
Odella,F,9
Odessie,F,9
Oneda,F,9
Ophia,F,9
Oretha,F,9
Orlean,F,9
Otis,F,9
Ozelle,F,9
Parthenia,F,9
Pearlean,F,9
Pearly,F,9
Phillis,F,9
Philomene,F,9
Phylis,F,9
Precious,F,9
Raffaela,F,9
Rebekah,F,9
Rella,F,9
Renata,F,9
Roselle,F,9
Russell,F,9
Sidonia,F,9
Smithie,F,9
Stanislawa,F,9
Taimi,F,9
Tennessee,F,9
Toni,F,9
Valma,F,9
Vannie,F,9
Velta,F,9
Veneta,F,9
Verta,F,9
Vila,F,9
Villa,F,9
Vinita,F,9
Wauneta,F,9
Weltha,F,9
Wilna,F,9
Zara,F,9
Adel,F,8
Ailene,F,8
Albirta,F,8
Alean,F,8
Alease,F,8
Alfhild,F,8
Alsie,F,8
Antoniette,F,8
Ardie,F,8
Arilla,F,8
Armella,F,8
Augustina,F,8
Axie,F,8
Ayako,F,8
Beadie,F,8
Belinda,F,8
Bernarda,F,8
Biddie,F,8
Cammie,F,8
Candida,F,8
Carmon,F,8
Ceclia,F,8
Clarabel,F,8
Climmie,F,8
Cloe,F,8
Conception,F,8
Corena,F,8
Cuba,F,8
Dawn,F,8
Debbie,F,8
Dellar,F,8
Dellie,F,8
Delora,F,8
Dema,F,8
Dillie,F,8
Domitila,F,8
Doretta,F,8
Dorothe,F,8
Dossie,F,8
Eara,F,8
Eldred,F,8
Elmo,F,8
Elois,F,8
Eltha,F,8
Emelda,F,8
Ennis,F,8
Enriqueta,F,8
Erla,F,8
Erlene,F,8
Ersel,F,8
Eulalie,F,8
Evalene,F,8
Ezell,F,8
Fawn,F,8
Fonnie,F,8
Francesca,F,8
Fronia,F,8
Garland,F,8
Genevie,F,8
Georgeanna,F,8
Georgene,F,8
Girtha,F,8
Girtrude,F,8
Gustavia,F,8
Herma,F,8
Hila,F,8
Ilah,F,8
Ilo,F,8
Inis,F,8
Jan,F,8
Janina,F,8
Jeanetta,F,8
Jennett,F,8
Jetta,F,8
Jim,F,8
Juel,F,8
Lahoma,F,8
Laveta,F,8
Leafy,F,8
Leara,F,8
Leatrice,F,8
Leonarda,F,8
Leonie,F,8
Lesta,F,8
Levada,F,8
Lita,F,8
Littie,F,8
Loa,F,8
Loney,F,8
Lotus,F,8
Louetta,F,8
Luise,F,8
Luverne,F,8
Maddie,F,8
Mahalia,F,8
Mara,F,8
Mardell,F,8
Marget,F,8
Margo,F,8
Marine,F,8
Marrie,F,8
Marsha,F,8
Martin,F,8
Marvin,F,8
Maryetta,F,8
Marylouise,F,8
Maryon,F,8
Masako,F,8
Mazzie,F,8
Mearl,F,8
Meryl,F,8
Misao,F,8
Modesta,F,8
Morine,F,8
Morris,F,8
Nana,F,8
Nelia,F,8
Nicie,F,8
Ninfa,F,8
Noble,F,8
Novie,F,8
Obie,F,8
Odetta,F,8
Okie,F,8
Olean,F,8
Oral,F,8
Orva,F,8
Othella,F,8
Otilia,F,8
Pamela,F,8
Paulyne,F,8
Pearlee,F,8
Pearlene,F,8
Perlie,F,8
Persis,F,8
Pocahontas,F,8
Pricilla,F,8
Raquel,F,8
Raymond,F,8
Rosana,F,8
Roselee,F,8
Rozelle,F,8
Rufina,F,8
Saddie,F,8
Shizue,F,8
Stacy,F,8
Stephany,F,8
Sydelle,F,8
Tabitha,F,8
Teddy,F,8
Teressa,F,8
Theressa,F,8
Troy,F,8
Valborg,F,8
Valentina,F,8
Vanda,F,8
Vernia,F,8
Vienna,F,8
Vincenzina,F,8
Violetta,F,8
Virgina,F,8
Wenonah,F,8
Wilhelmenia,F,8
Wilhemina,F,8
Yetive,F,8
Adabelle,F,7
Adelyne,F,7
Adrian,F,7
Aleda,F,7
Alena,F,7
Alethea,F,7
Alvenia,F,7
Alvine,F,7
Anette,F,7
Angele,F,7
Anniebell,F,7
Anthony,F,7
Arlyne,F,7
Arnetta,F,7
Arthelia,F,7
Aslee,F,7
Audria,F,7
Audrie,F,7
Babette,F,7
Balbina,F,7
Bama,F,7
Barbra,F,7
Beckie,F,7
Becky,F,7
Belma,F,7
Ben,F,7
Bernece,F,7
Berneda,F,7
Berneta,F,7
Berthe,F,7
Bertice,F,7
Beryle,F,7
Beuna,F,7
Bina,F,7
Bobbye,F,7
Brigida,F,7
Caldonia,F,7
Carie,F,7
Carma,F,7
Celesta,F,7
Charlsie,F,7
Christen,F,7
Cinderella,F,7
Claretta,F,7
Claris,F,7
Clella,F,7
Clemie,F,7
Cletis,F,7
Cloteal,F,7
Clover,F,7
Columbia,F,7
Congetta,F,7
Coralie,F,7
Corda,F,7
Correne,F,7
Dahlia,F,7
Dallie,F,7
Dasie,F,7
Davie,F,7
Dela,F,7
Dellia,F,7
Doloris,F,7
Dove,F,7
Eithel,F,7
Ela,F,7
Elen,F,7
Elgie,F,7
Ellis,F,7
Ellyn,F,7
Elon,F,7
Elvena,F,7
Emelie,F,7
Enes,F,7
Ethelene,F,7
Etna,F,7
Eulala,F,7
Eulogia,F,7
Eusebia,F,7
Evah,F,7
Evelynne,F,7
Everlena,F,7
Famie,F,7
Faustine,F,7
Fidelia,F,7
Fleda,F,7
Fleeta,F,7
Florentina,F,7
Francies,F,7
Francine,F,7
Fredia,F,7
Gearldine,F,7
Geneieve,F,7
Georganna,F,7
Gertude,F,7
Gerturde,F,7
Gillie,F,7
Girtie,F,7
Gola,F,7
Gradie,F,7
Gwendolen,F,7
Haruko,F,7
Hasel,F,7
Hilaria,F,7
Hugh,F,7
Idabelle,F,7
Ignacia,F,7
Ioma,F,7
Irena,F,7
Ivey,F,7
Jacoba,F,7
Janett,F,7
Jeannie,F,7
Jerusha,F,7
Jessamine,F,7
Jinnie,F,7
Josiephine,F,7
Jovita,F,7
Julian,F,7
Katherina,F,7
Kathyrn,F,7
Lalla,F,7
Lallah,F,7
Lattie,F,7
Laurence,F,7
Leana,F,7
Leanora,F,7
Lester,F,7
Lestie,F,7
Librada,F,7
Lillar,F,7
Lillion,F,7
Lisbeth,F,7
Lockie,F,7
Lorain,F,7
Lotta,F,7
Lova,F,7
Lovetta,F,7
Lovina,F,7
Lucill,F,7
Lucilla,F,7
Lyna,F,7
Mada,F,7
Madalene,F,7
Maedell,F,7
Maidie,F,7
Malissie,F,7
Margaretha,F,7
Mariana,F,7
Martie,F,7
Martine,F,7
Massie,F,7
Maudell,F,7
Maydell,F,7
Mayetta,F,7
Melia,F,7
Melina,F,7
Mennie,F,7
Mertice,F,7
Micaela,F,7
Michael,F,7
Michalina,F,7
Minie,F,7
Minta,F,7
Modest,F,7
Monie,F,7
Montie,F,7
Mora,F,7
Murrel,F,7
Myldred,F,7
Myrta,F,7
Nanna,F,7
Narcissus,F,7
Nelva,F,7
Neomi,F,7
Netta,F,7
Nollie,F,7
Okla,F,7
Olar,F,7
Oleva,F,7
Onita,F,7
Oris,F,7
Orrie,F,7
Ortha,F,7
Osa,F,7
Pallie,F,7
Para,F,7
Patience,F,7
Pecolia,F,7
Penelope,F,7
Perina,F,7
Phyliss,F,7
Providence,F,7
Racheal,F,7
Raffaella,F,7
Ragna,F,7
Ralph,F,7
Rea,F,7
Reita,F,7
Rema,F,7
Romana,F,7
Rosario,F,7
Roseann,F,7
Rosemond,F,7
Roxanna,F,7
Rubena,F,7
Sada,F,7
Salina,F,7
San,F,7
Shigeko,F,7
Stefania,F,7
Stellar,F,7
Suzanna,F,7
Svea,F,7
Talitha,F,7
Thersa,F,7
Thomasina,F,7
Thresa,F,7
Thressa,F,7
Tinnie,F,7
Toy,F,7
Trina,F,7
Ura,F,7
Vara,F,7
Veora,F,7
Vern,F,7
Vernita,F,7
Vernon,F,7
Vineta,F,7
Viney,F,7
Vivia,F,7
Willo,F,7
Wyona,F,7
Yolande,F,7
Zeffie,F,7
Adelaida,F,6
Adria,F,6
Agueda,F,6
Albirtha,F,6
Alejandra,F,6
Aliene,F,6
Alise,F,6
Allyne,F,6
Almena,F,6
Almer,F,6
Alys,F,6
Alzora,F,6
Amparo,F,6
Andrew,F,6
Annamarie,F,6
Annamay,F,6
Anona,F,6
Antha,F,6
Arah,F,6
Archie,F,6
Ardena,F,6
Arleta,F,6
Arletha,F,6
Arley,F,6
Arminta,F,6
Arnita,F,6
Arvie,F,6
Arzella,F,6
Audree,F,6
Aura,F,6
Avanell,F,6
Avanelle,F,6
Avo,F,6
Azalea,F,6
Azlee,F,6
Beatrix,F,6
Bera,F,6
Billye,F,6
Blondina,F,6
Blossie,F,6
Bruna,F,6
Camella,F,6
Candis,F,6
Carlee,F,6
Carmie,F,6
Carola,F,6
Carrol,F,6
Caterina,F,6
Cathryne,F,6
Celestina,F,6
Charlcie,F,6
Charleen,F,6
Chiyoko,F,6
Clarinda,F,6
Clarise,F,6
Clarisse,F,6
Claude,F,6
Clemencia,F,6
Clemma,F,6
Cleola,F,6
Cliffie,F,6
Clio,F,6
Collette,F,6
Corinthia,F,6
Cornelius,F,6
Corrinne,F,6
Cozette,F,6
Cozy,F,6
Cressie,F,6
Curlie,F,6
Delight,F,6
Desiree,F,6
Dessa,F,6
Dianne,F,6
Dorthey,F,6
Dosha,F,6
Dotty,F,6
Doxie,F,6
Drucie,F,6
Earnie,F,6
Edwin,F,6
Elene,F,6
Elin,F,6
Elitha,F,6
Elmyra,F,6
Elza,F,6
Ema,F,6
Emerald,F,6
Erminia,F,6
Ersa,F,6
Estefana,F,6
Eudell,F,6
Eufemia,F,6
Euline,F,6
Euva,F,6
Evalyne,F,6
Evangelina,F,6
Fannye,F,6
Feliciana,F,6
Fernande,F,6
Florina,F,6
Fola,F,6
France,F,6
Frederick,F,6
Fredonia,F,6
Fumi,F,6
Gaetana,F,6
Gaither,F,6
Garnetta,F,6
Geneve,F,6
Georgena,F,6
Georgine,F,6
Gilbert,F,6
Gina,F,6
Girlie,F,6
Giuseppina,F,6
Glady,F,6
Glee,F,6
Goldye,F,6
Gracia,F,6
Grazia,F,6
Gypsy,F,6
Hermione,F,6
Howard,F,6
Hyacinth,F,6
Iantha,F,6
Idalia,F,6
Ireta,F,6
Irmgard,F,6
Isadore,F,6
Janey,F,6
Jennetta,F,6
Jessye,F,6
Jesus,F,6
Jesusa,F,6
Joella,F,6
Joesphine,F,6
Johnnye,F,6
Josepha,F,6
Joye,F,6
Kansas,F,6
Katrina,F,6
Kaye,F,6
Lacie,F,6
Laina,F,6
Lavona,F,6
Lealer,F,6
Leeanna,F,6
Lemmie,F,6
Lenice,F,6
Lennis,F,6
Leolia,F,6
Lethea,F,6
Levonia,F,6
Lillias,F,6
Llewellyn,F,6
Loda,F,6
Loie,F,6
Loleta,F,6
Lorayne,F,6
Lorette,F,6
Lorretta,F,6
Louanna,F,6
Loucile,F,6
Lovey,F,6
Lucelia,F,6
Lucyle,F,6
Luda,F,6
Ludmilla,F,6
Lunette,F,6
Luther,F,6
Lynne,F,6
Madelaine,F,6
Madline,F,6
Maeola,F,6
Mai,F,6
Malissia,F,6
Maple,F,6
Marcie,F,6
Marcile,F,6
Margareta,F,6
Margarie,F,6
Margarit,F,6
Margart,F,6
Margrette,F,6
Maryan,F,6
Maryella,F,6
Maudine,F,6
Melvinia,F,6
Merlie,F,6
Merry,F,6
Mertis,F,6
Milda,F,6
Minda,F,6
Mirtie,F,6
Missie,F,6
Mrytle,F,6
Nadene,F,6
Naomia,F,6
Neomia,F,6
Nessie,F,6
Nicolasa,F,6
Noel,F,6
Nolia,F,6
Odesser,F,6
Oleda,F,6
Onalee,F,6
Oneta,F,6
Opha,F,6
Otie,F,6
Otillia,F,6
Ottis,F,6
Palmira,F,6
Palmyra,F,6
Parilee,F,6
Patsey,F,6
Petronella,F,6
Pheobe,F,6
Pola,F,6
Precilla,F,6
Radie,F,6
Rayma,F,6
Rener,F,6
Rheta,F,6
Rilda,F,6
Robina,F,6
Rosebud,F,6
Rosine,F,6
Rotha,F,6
Rushie,F,6
Sallye,F,6
Sam,F,6
Samella,F,6
Sebastiana,F,6
Senora,F,6
Signa,F,6
Silva,F,6
Simonne,F,6
Sissie,F,6
Solveig,F,6
Stanley,F,6
Stefanie,F,6
Sular,F,6
Sylvester,F,6
Thais,F,6
Thalma,F,6
Tiney,F,6
Tola,F,6
Tula,F,6
Tyne,F,6
Valta,F,6
Venie,F,6
Venna,F,6
Verdell,F,6
Verena,F,6
Verneal,F,6
Vernelle,F,6
Vianna,F,6
Vickie,F,6
Vinie,F,6
Vivan,F,6
Walda,F,6
Wayne,F,6
Wenona,F,6
Willye,F,6
Woodie,F,6
Ysabel,F,6
Zelia,F,6
Zeola,F,6
Zeta,F,6
Zoa,F,6
Zoila,F,6
Adalene,F,5
Addis,F,5
Adia,F,5
Adie,F,5
Adra,F,5
Aileene,F,5
Aino,F,5
Ala,F,5
Alberdia,F,5
Albirdia,F,5
Alcie,F,5
Aldina,F,5
Alexina,F,5
Alfred,F,5
Alfrieda,F,5
Almedia,F,5
Alto,F,5
Alvin,F,5
Alwilda,F,5
Alyne,F,5
Alyse,F,5
Alzada,F,5
Ama,F,5
Amada,F,5
Anastacia,F,5
Angelena,F,5
Angelle,F,5
Annalee,F,5
Annia,F,5
Annielee,F,5
Antonietta,F,5
Arlevia,F,5
Arlis,F,5
Armenia,F,5
Armetta,F,5
Armida,F,5
Arnettie,F,5
Artemisa,F,5
Asako,F,5
Audre,F,5
Aurie,F,5
Autumn,F,5
Avalee,F,5
Averil,F,5
Azalia,F,5
Benedetta,F,5
Berdena,F,5
Bernardina,F,5
Bertina,F,5
Bill,F,5
Birda,F,5
Borghild,F,5
Bruce,F,5
Burma,F,5
Canary,F,5
Candace,F,5
Candelaria,F,5
Candie,F,5
Cannie,F,5
Captola,F,5
Caro,F,5
Carolyne,F,5
Casimira,F,5
Catherina,F,5
Cecille,F,5
Cecily,F,5
Chaney,F,5
Chanie,F,5
Charlottie,F,5
Cherrie,F,5
Christabel,F,5
Christell,F,5
Christian,F,5
Cindy,F,5
Clarisa,F,5
Clarsie,F,5
Clem,F,5
Cleon,F,5
Cletus,F,5
Cleva,F,5
Clifton,F,5
Cloma,F,5
Clorie,F,5
Clyda,F,5
Clydia,F,5
Colene,F,5
Conchetta,F,5
Conchita,F,5
Corabel,F,5
Corabelle,F,5
Creta,F,5
Cristina,F,5
Cyrilla,F,5
Dagney,F,5
Dara,F,5
Darthula,F,5
Dealva,F,5
Decie,F,5
Delena,F,5
Denise,F,5
Dera,F,5
Deva,F,5
Dezzie,F,5
Dollye,F,5
Dorothee,F,5
Earle,F,5
Earleen,F,5
Earlie,F,5
Earsie,F,5
Ebbie,F,5
Edla,F,5
Eileene,F,5
Eilene,F,5
Elcie,F,5
Eleaner,F,5
Elisebeth,F,5
Elizbeth,F,5
Ellena,F,5
Ellenora,F,5
Elmire,F,5
Elnoria,F,5
Elsye,F,5
Elverda,F,5
Elvin,F,5
Elzina,F,5
Emmeline,F,5
Encarnacion,F,5
Eria,F,5
Erlinda,F,5
Ermal,F,5
Esma,F,5
Esmeralda,F,5
Estie,F,5
Ethelda,F,5
Etheline,F,5
Ethelyne,F,5
Eular,F,5
Evadna,F,5
Eveleen,F,5
Everlina,F,5
Everlyn,F,5
Evonne,F,5
Evva,F,5
Exa,F,5
Ezella,F,5
Fabiola,F,5
Fanchon,F,5
Farrie,F,5
Ferol,F,5
Fidelis,F,5
Flore,F,5
Florentine,F,5
Florice,F,5
Frenchie,F,5
Gabriella,F,5
Gaye,F,5
Gaynel,F,5
Genette,F,5
Genevive,F,5
Genevra,F,5
Gerdie,F,5
Gertrue,F,5
Gervaise,F,5
Gilberta,F,5
Giovannina,F,5
Glen,F,5
Glena,F,5
Glenola,F,5
Glenys,F,5
Glessie,F,5
Goldy,F,5
Gracy,F,5
Grady,F,5
Gunhild,F,5
Hannie,F,5
Hanora,F,5
Harrietta,F,5
Hatty,F,5
Henryetta,F,5
Hetty,F,5
Hortencia,F,5
Icel,F,5
Icey,F,5
Idelia,F,5
Idora,F,5
Iler,F,5
Ilona,F,5
Inger,F,5
Ionia,F,5
Irean,F,5
Irja,F,5
Isidra,F,5
Isola,F,5
Ivis,F,5
Jacob,F,5
Jacquelyn,F,5
Jay,F,5
Jeanett,F,5
Jemima,F,5
Jess,F,5
Jimmy,F,5
Jocelyn,F,5
Joeanna,F,5
Josefita,F,5
Josephene,F,5
Junia,F,5
Kelly,F,5
Lallie,F,5
Lamar,F,5
Lamoine,F,5
Laurina,F,5
Lavaun,F,5
Lavella,F,5
Lavelle,F,5
Leanor,F,5
Lelar,F,5
Lener,F,5
Lenner,F,5
Leonard,F,5
Lether,F,5
Libera,F,5
Lilliam,F,5
Lilliebell,F,5
Linea,F,5
Linnell,F,5
Livia,F,5
Lomie,F,5
Lorana,F,5
Louisiana,F,5
Lounette,F,5
Lourene,F,5
Louretta,F,5
Louvina,F,5
Louvinia,F,5
Luana,F,5
Lucindia,F,5
Luellar,F,5
Luretta,F,5
Lurlean,F,5
Luvina,F,5
Lynda,F,5
Macil,F,5
Macon,F,5
Madalena,F,5
Madelyne,F,5
Madora,F,5
Maie,F,5
Maizie,F,5
Marcelina,F,5
Maretta,F,5
Margareth,F,5
Margy,F,5
Mariane,F,5
Marilda,F,5
Marilla,F,5
Marina,F,5
Marita,F,5
Marvella,F,5
Maryalice,F,5
Maryelizabeth,F,5
Matie,F,5
Matthew,F,5
Mayo,F,5
Mayre,F,5
Mazelle,F,5
Melinda,F,5
Mella,F,5
Melster,F,5
Merie,F,5
Meryle,F,5
Michela,F,5
Miley,F,5
Milly,F,5
Minnette,F,5
Minola,F,5
Mintie,F,5
Mira,F,5
Mirian,F,5
Mitsuko,F,5
Mollye,F,5
Morene,F,5
Murl,F,5
Murray,F,5
Murriel,F,5
Myrla,F,5
Nada,F,5
Nadean,F,5
Nadia,F,5
Nadie,F,5
Naida,F,5
Nattie,F,5
Nebraska,F,5
Necie,F,5
Neita,F,5
Nelma,F,5
Nilda,F,5
Nolan,F,5
Nolie,F,5
Norva,F,5
Obera,F,5
Ocea,F,5
Odile,F,5
Odis,F,5
Olena,F,5
Oliver,F,5
Opel,F,5
Orella,F,5
Orianna,F,5
Orie,F,5
Orine,F,5
Orlena,F,5
Orline,F,5
Orpah,F,5
Orvilla,F,5
Othelia,F,5
Ottilia,F,5
Oza,F,5
Ozite,F,5
Palmina,F,5
Patrica,F,5
Pearley,F,5
Penny,F,5
Percilla,F,5
Percy,F,5
Perle,F,5
Permelia,F,5
Peter,F,5
Rachelle,F,5
Ramah,F,5
Ramie,F,5
Reda,F,5
Reecie,F,5
Refugio,F,5
Rettie,F,5
Rhodie,F,5
Romilda,F,5
Ronnie,F,5
Rosabell,F,5
Roselia,F,5
Rosey,F,5
Roxy,F,5
Ruie,F,5
Sanjuana,F,5
Savana,F,5
Seferina,F,5
Serafina,F,5
Sharon,F,5
Shirlie,F,5
Shirly,F,5
Simmie,F,5
Soledad,F,5
Susann,F,5
Sweetie,F,5
Syd,F,5
Sydell,F,5
Tecora,F,5
Tekla,F,5
Tempa,F,5
Teodora,F,5
Tera,F,5
Terese,F,5
Thelda,F,5
Theoda,F,5
Tilla,F,5
Tom,F,5
Tonita,F,5
Toshiko,F,5
Tresa,F,5
Tsuruko,F,5
Tura,F,5
Twyla,F,5
Unknown,F,5
Val,F,5
Valrie,F,5
Vance,F,5
Vandora,F,5
Vaughn,F,5
Vearl,F,5
Veatrice,F,5
Velmer,F,5
Velvie,F,5
Venora,F,5
Verl,F,5
Verlee,F,5
Vermell,F,5
Verniece,F,5
Vertis,F,5
Vicy,F,5
Viena,F,5
Viletta,F,5
Vinia,F,5
Viona,F,5
Virda,F,5
Wavie,F,5
Wesley,F,5
Wessie,F,5
Wilhelmena,F,5
Will,F,5
Willella,F,5
Willma,F,5
Wladyslawa,F,5
Yoshiko,F,5
Zana,F,5
Zenna,F,5
Zilphia,F,5
Zina,F,5
John,M,13446
William,M,10593
James,M,9951
George,M,6586
Robert,M,6526
Joseph,M,6488
Charles,M,5725
Frank,M,4314
Edward,M,4164
Thomas,M,3292
Henry,M,3167
Walter,M,3074
Harry,M,2538
Willie,M,2492
Albert,M,2478
Harold,M,2448
Paul,M,2393
Arthur,M,2376
Raymond,M,2088
Richard,M,2030
Louis,M,1838
Fred,M,1808
Clarence,M,1775
Ralph,M,1674
Jack,M,1668
Carl,M,1574
David,M,1556
Howard,M,1467
Joe,M,1449
Samuel,M,1398
Roy,M,1394
Ernest,M,1338
Francis,M,1311
Earl,M,1305
Anthony,M,1288
Donald,M,1275
Lawrence,M,1221
Michael,M,1159
Alfred,M,1158
Kenneth,M,1149
Herbert,M,1125
Andrew,M,1098
Eugene,M,1058
Stanley,M,997
Charlie,M,978
Leonard,M,953
Sam,M,928
Elmer,M,894
Herman,M,853
Peter,M,845
Leo,M,844
Frederick,M,802
Daniel,M,796
Bernard,M,777
Russell,M,770
Theodore,M,753
Floyd,M,734
Chester,M,708
Leroy,M,706
Edwin,M,699
Clyde,M,697
Clifford,M,694
Norman,M,691
Benjamin,M,690
Lester,M,657
Lewis,M,654
Lee,M,646
Oscar,M,636
Philip,M,612
Milton,M,608
Ray,M,602
Jesse,M,596
Melvin,M,594
Lloyd,M,590
Martin,M,567
Cecil,M,560
Leon,M,540
Eddie,M,523
Jessie,M,500
Vincent,M,496
Victor,M,493
Marvin,M,488
Edgar,M,486
Stephen,M,486
Morris,M,478
Ben,M,467
Claude,M,466
Gerald,M,462
Alvin,M,460
Johnnie,M,455
Harvey,M,446
Sidney,M,433
Irving,M,431
Alexander,M,426
Homer,M,419
Vernon,M,418
Gordon,M,404
Allen,M,402
Maurice,M,397
Luther,M,394
Wilbur,M,386
Everett,M,384
Gilbert,M,369
Julius,M,368
Tom,M,365
Max,M,360
Virgil,M,355
Arnold,M,348
Nathan,M,348
Marion,M,346
Glenn,M,343
Manuel,M,340
Warren,M,338
Willard,M,338
Oliver,M,333
Jacob,M,323
Leslie,M,323
Curtis,M,321
Hubert,M,316
Nicholas,M,308
Hugh,M,307
Otis,M,302
Horace,M,300
Abraham,M,292
Earnest,M,283
Wayne,M,280
Archie,M,272
Patrick,M,272
Alex,M,268
Jose,M,268
Wesley,M,261
Wallace,M,257
Steve,M,255
Jim,M,245
Bill,M,243
Guy,M,243
Jimmie,M,243
Mike,M,243
Roger,M,241
Jerry,M,238
Ira,M,236
Edmund,M,235
Isaac,M,233
Willis,M,233
Glen,M,231
Orville,M,230
Roland,M,230
Rufus,M,230
Will,M,230
Otto,M,228
Bennie,M,227
Franklin,M,220
Matthew,M,220
Sylvester,M,219
Rudolph,M,217
Emil,M,214
Calvin,M,213
Lonnie,M,213
Jerome,M,212
Phillip,M,212
Nathaniel,M,207
Tony,M,207
Clifton,M,206
Dan,M,205
Clayton,M,203
Salvatore,M,200
Mack,M,197
Roosevelt,M,197
Elbert,M,195
Adam,M,189
Aaron,M,187
Johnie,M,184
Percy,M,184
Angelo,M,181
Nelson,M,180
Clinton,M,179
Marshall,M,178
Bert,M,177
Felix,M,173
Grady,M,173
Douglas,M,169
Amos,M,168
Wilfred,M,168
Don,M,167
Ellis,M,167
Wilbert,M,167
Antonio,M,166
August,M,166
Dennis,M,166
Ed,M,164
Irvin,M,164
Adolph,M,161
Charley,M,160
Alton,M,156
Karl,M,156
Owen,M,156
Bruce,M,155
Forrest,M,152
Juan,M,152
Julian,M,152
Perry,M,152
Tommie,M,152
Dale,M,150
Johnny,M,147
Ervin,M,144
Pete,M,143
Mark,M,142
Emmett,M,141
Delbert,M,140
Malcolm,M,140
Ross,M,140
Murray,M,139
Cornelius,M,138
Hyman,M,137
Ivan,M,137
Loyd,M,137
Simon,M,137
Ronald,M,136
Dave,M,135
Nick,M,130
Solomon,M,129
Wilson,M,129
Alonzo,M,128
Lyle,M,128
Moses,M,128
Preston,M,128
Leland,M,127
Roscoe,M,127
Jay,M,126
Emanuel,M,124
Sherman,M,123
Dominic,M,121
Laurence,M,121
Woodrow,M,121
Dominick,M,119
Merle,M,115
Elwood,M,114
Grover,M,114
Jasper,M,114
Carroll,M,113
Booker,M,110
Buster,M,110
Cleveland,M,110
Jake,M,110
Ollie,M,109
Reuben,M,109
Carlton,M,108
Aubrey,M,107
Dewey,M,107
Jess,M,106
Elmo,M,104
Lowell,M,104
Myron,M,104
Gene,M,102
Allan,M,101
Austin,M,101
Freddie,M,100
Gus,M,100
Millard,M,100
Troy,M,100
Barney,M,99
Mary,M,98
Claud,M,97
Ted,M,97
Byron,M,96
Fredrick,M,95
Abe,M,94
Dean,M,94
Elijah,M,94
Wendell,M,94
Erwin,M,92
Larry,M,92
Edmond,M,91
Monroe,M,91
Clement,M,90
Louie,M,90
Gerard,M,89
Kermit,M,89
Harley,M,88
Timothy,M,88
Dwight,M,87
Garland,M,87
Isadore,M,87
Levi,M,87
Reginald,M,86
Boyd,M,85
Forest,M,85
Burton,M,84
Christopher,M,83
Earle,M,83
Francisco,M,82
Harrison,M,82
Noah,M,82
Rex,M,82
Alphonse,M,81
Eli,M,81
Mose,M,80
Jesus,M,79
Mitchell,M,79
Cleo,M,78
Elvin,M,78
Sol,M,78
Wade,M,78
Wilmer,M,78
Anton,M,77
Loren,M,77
Ward,M,77
Bob,M,76
Jeff,M,76
Odell,M,76
Pedro,M,76
Cyril,M,75
Pasquale,M,75
Emory,M,74
Lionel,M,74
Patsy,M,74
Ramon,M,74
Randolph,M,74
Steven,M,74
Wiley,M,74
Morton,M,73
Tommy,M,71
Clair,M,70
Conrad,M,70
Emery,M,70
Russel,M,70
Spencer,M,70
Alfonso,M,69
Basil,M,69
Carlos,M,69
Rocco,M,69
Thurman,M,69
Wilford,M,69
Clark,M,68
Grant,M,67
Lynn,M,66
Al,M,65
Elton,M,65
Freeman,M,65
Eldon,M,64
Marcus,M,64
Ned,M,64
Stewart,M,64
Andy,M,63
Harlan,M,63
Meyer,M,63
Neal,M,63
Sammie,M,63
Bud,M,62
Lorenzo,M,62
Luke,M,62
Maynard,M,62
Foster,M,61
Scott,M,61
Hollis,M,60
Keith,M,60
Emerson,M,59
Hugo,M,59
Joel,M,59
Rodney,M,59
Ruben,M,59
Silas,M,59
Alva,M,58
Armand,M,58
Ellsworth,M,58
Neil,M,58
Vito,M,58
Hiram,M,57
Merrill,M,57
Roman,M,57
Saul,M,57
Anderson,M,56
Carmen,M,56
Elliott,M,56
Irwin,M,56
Mario,M,56
Milford,M,56
Weldon,M,56
Adrian,M,55
Alan,M,55
Dock,M,55
Norbert,M,55
Odis,M,55
Orval,M,55
Bruno,M,54
Emile,M,54
Morgan,M,54
Sydney,M,54
Augustus,M,53
Buford,M,53
Columbus,M,53
Delmar,M,53
Isidore,M,53
Van,M,53
Bertram,M,52
Clay,M,52
Doyle,M,52
Isiah,M,52
Dallas,M,51
Ferdinand,M,51
Fletcher,M,51
Harris,M,51
Ulysses,M,51
Benny,M,50
Carmine,M,50
Major,M,50
Miles,M,50
Truman,M,50
Aloysius,M,49
Maxwell,M,49
Pat,M,49
Rubin,M,49
Sanford,M,49
Seymour,M,49
Wilburn,M,49
Herschel,M,48
Napoleon,M,48
Oren,M,48
Stuart,M,48
Gabriel,M,47
Jefferson,M,47
Jules,M,47
Norris,M,47
Riley,M,47
Sterling,M,47
Alden,M,46
Buck,M,46
Ezra,M,46
Helen,M,46
Jackson,M,46
Judson,M,46
Elias,M,45
Jimmy,M,45
Laverne,M,45
Luis,M,45
Lyman,M,45
Mathew,M,45
Milo,M,45
Noble,M,45
Taylor,M,45
Enoch,M,44
Jean,M,44
Porter,M,44
Vern,M,44
Waldo,M,44
Chris,M,43
Edd,M,43
Hal,M,43
Joshua,M,43
Newton,M,43
Noel,M,43
Ambrose,M,42
Billy,M,42
Gustave,M,42
Ora,M,42
Palmer,M,42
Christian,M,41
Dudley,M,41
Kelly,M,41
Linwood,M,41
Dee,M,40
Frederic,M,40
Haywood,M,40
Israel,M,40
Jewell,M,40
Matt,M,40
Thaddeus,M,40
Travis,M,40
Coy,M,39
Rene,M,39
Darrell,M,38
Emmet,M,38
Garfield,M,38
Granville,M,38
Ike,M,38
Jewel,M,38
Lenard,M,38
Mervin,M,38
Micheal,M,38
Theron,M,38
Billie,M,37
Carson,M,37
Dewitt,M,37
Dick,M,37
Hoyt,M,37
Jeremiah,M,37
Lucius,M,37
Vance,M,37
Coleman,M,36
Frances,M,36
Gregory,M,36
Lucien,M,36
Miguel,M,36
Olin,M,36
Royal,M,36
Rudy,M,36
Arther,M,35
Connie,M,35
Eric,M,35
Hector,M,35
Marlin,M,35
Rosevelt,M,35
Shirley,M,35
Wilber,M,35
Winston,M,35
Allie,M,34
Arlie,M,34
Cletus,M,34
Houston,M,34
Junius,M,34
Lincoln,M,34
Romeo,M,34
Sigmund,M,34
Casey,M,33
Elzie,M,33
Isaiah,M,33
Junior,M,33
Lucian,M,33
Merlin,M,33
Merton,M,33
Pearl,M,33
Raleigh,M,33
Randall,M,33
Walker,M,33
Augustine,M,32
King,M,32
Lemuel,M,32
Lindsey,M,32
Nolan,M,32
Otho,M,32
Winfield,M,32
Wm,M,32
Alphonso,M,31
Davis,M,31
Dorothy,M,31
Harmon,M,31
Hermon,M,31
Hershel,M,31
Ivory,M,31
Jonas,M,31
Lacy,M,31
Otha,M,31
Pablo,M,31
Prince,M,31
Rolland,M,31
Theo,M,31
Webster,M,31
Abel,M,30
Alford,M,30
Antone,M,30
Early,M,30
Emmitt,M,30
Hardy,M,30
Josh,M,30
Mason,M,30
Olen,M,30
Omer,M,30
Raphael,M,30
Rosario,M,30
Rupert,M,30
Shelby,M,30
Casimir,M,29
Cyrus,M,29
Evan,M,29
Guadalupe,M,29
Ignatius,M,29
Lamar,M,29
Nat,M,29
Oswald,M,29
Phil,M,29
Reed,M,29
Ruby,M,29
Ruth,M,29
Terry,M,29
Valentine,M,29
Wilton,M,29
Alberto,M,28
Burl,M,28
Carlo,M,28
Graham,M,28
Gustav,M,28
Margaret,M,28
Vaughn,M,28
Alfredo,M,27
Alois,M,27
Bernie,M,27
Duane,M,27
Elisha,M,27
Everette,M,27
Fay,M,27
Hazel,M,27
Hobart,M,27
Mildred,M,27
Miller,M,27
Orlando,M,27
Vernie,M,27
Carter,M,26
Clare,M,26
Crawford,M,26
Dana,M,26
Hans,M,26
Hilton,M,26
Hobert,M,26
Obie,M,26
Aron,M,25
Asa,M,25
Benedict,M,25
Bennett,M,25
Bernice,M,25
Carmelo,M,25
Casimer,M,25
Chas,M,25
Delmer,M,25
Duncan,M,25
Felipe,M,25
Gary,M,25
Harland,M,25
Issac,M,25
Jason,M,25
Justin,M,25
Leander,M,25
Rafael,M,25
Sheldon,M,25
Andres,M,24
Bonnie,M,24
Casper,M,24
Clarance,M,24
Curley,M,24
Elmore,M,24
Elwin,M,24
Gaston,M,24
Hamilton,M,24
Jonathan,M,24
Jonnie,M,24
Julio,M,24
Lavern,M,24
Lawson,M,24
Newell,M,24
Sandy,M,24
Sylvan,M,24
Turner,M,24
Vivian,M,24
Walton,M,24
Albin,M,23
Americo,M,23
Angus,M,23
Benton,M,23
Berry,M,23
Beverly,M,23
Blaine,M,23
Clem,M,23
Cleve,M,23
Dalton,M,23
Domenic,M,23
Durward,M,23
Elroy,M,23
Gail,M,23
Garrett,M,23
Ludwig,M,23
Rogers,M,23
Royce,M,23
Salvador,M,23
Taft,M,23
Talmadge,M,23
Tim,M,23
Winfred,M,23
Adolphus,M,22
Allison,M,22
Alvis,M,22
Avery,M,22
Bradford,M,22
Burt,M,22
Carleton,M,22
Eldred,M,22
Eldridge,M,22
Felton,M,22
Gale,M,22
Haskell,M,22
Henery,M,22
Mac,M,22
Oral,M,22
Orin,M,22
Raymon,M,22
Regis,M,22
Rose,M,22
Seth,M,22
Sherwood,M,22
Williams,M,22
Abram,M,21
Alvie,M,21
Boyce,M,21
Bradley,M,21
Brady,M,21
Cary,M,21
Cliff,M,21
Denver,M,21
Evans,M,21
Fulton,M,21
Lawyer,M,21
Madison,M,21
Omar,M,21
Stanford,M,21
Teddy,M,21
Vincenzo,M,21
Watson,M,21
Wyman,M,21
Addison,M,20
Anna,M,20
Artie,M,20
Brown,M,20
Bryant,M,20
Cloyd,M,20
Domingo,M,20
Doris,M,20
Dorsey,M,20
Ernie,M,20
Florence,M,20
Hampton,M,20
Howell,M,20
Lucious,M,20
Mahlon,M,20
Marcel,M,20
Mckinley,M,20
Murry,M,20
Richmond,M,20
Rodger,M,20
Sammy,M,20
Sebastian,M,20
Tomas,M,20
Vester,M,20
Warner,M,20
Alf,M,19
Arden,M,19
Arvil,M,19
Benjiman,M,19
Darwin,M,19
Domenick,M,19
Emilio,M,19
Garnett,M,19
Hayden,M,19
Joesph,M,19
Jones,M,19
Junious,M,19
Leopold,M,19
Levy,M,19
Marie,M,19
Maxie,M,19
Merritt,M,19
Mitchel,M,19
Oran,M,19
Pierce,M,19
Quincy,M,19
Santo,M,19
Silvio,M,19
Thornton,M,19
Unknown,M,19
Waymon,M,19
Wylie,M,19
Armando,M,18
Benito,M,18
Bertrand,M,18
Earlie,M,18
Edison,M,18
Elizabeth,M,18
Enrique,M,18
Ernesto,M,18
Estel,M,18
Fernando,M,18
Fidel,M,18
Florian,M,18
Ford,M,18
Gaetano,M,18
Giles,M,18
Gregorio,M,18
Huston,M,18
Johnson,M,18
Jonah,M,18
Kent,M,18
Kirby,M,18
Louise,M,18
Moe,M,18
Mortimer,M,18
Murphy,M,18
Nels,M,18
Odie,M,18
Ottis,M,18
Raul,M,18
Reinhold,M,18
Rudolf,M,18
Smith,M,18
Vicente,M,18
Washington,M,18
Acie,M,17
Antoine,M,17
Arch,M,17
Cedric,M,17
Chauncey,M,17
Dillard,M,17
Eino,M,17
Elden,M,17
Elliot,M,17
Elza,M,17
Enos,M,17
Ethel,M,17
Golden,M,17
Hughie,M,17
Hunter,M,17
Llewellyn,M,17
Logan,M,17
Melville,M,17
Myer,M,17
Norton,M,17
Norwood,M,17
Ozie,M,17
Price,M,17
Ricardo,M,17
Roderick,M,17
Rueben,M,17
Santos,M,17
Tracy,M,17
Wellington,M,17
Wilfrid,M,17
Zack,M,17
Adelbert,M,16
Alvah,M,16
Arvid,M,16
Ashley,M,16
Bart,M,16
Buddy,M,16
Chalmer,M,16
Clint,M,16
Colie,M,16
Constantine,M,16
Cruz,M,16
Dexter,M,16
Einar,M,16
Emmit,M,16
Ennis,M,16
Ewell,M,16
Ezekiel,M,16
Ezell,M,16
Furman,M,16
Gaylord,M,16
General,M,16
Hayward,M,16
Henderson,M,16
Hezekiah,M,16
Kelley,M,16
Lonie,M,16
Meredith,M,16
Nickolas,M,16
Ocie,M,16
Rowland,M,16
Santiago,M,16
Wyatt,M,16
Abner,M,15
Alec,M,15
Alfonse,M,15
Alice,M,15
Anastacio,M,15
Archibald,M,15
Blair,M,15
Brooks,M,15
Bryan,M,15
Caleb,M,15
Cameron,M,15
Delmas,M,15
Duke,M,15
Eduardo,M,15
Elsie,M,15
Elvis,M,15
Evert,M,15
Franklyn,M,15
Fritz,M,15
Green,M,15
Hayes,M,15
Ignacio,M,15
Judge,M,15
Lorenza,M,15
Lovell,M,15
Marcellus,M,15
Margarito,M,15
Mariano,M,15
Myles,M,15
Opal,M,15
Parker,M,15
Reese,M,15
Roberto,M,15
Rosendo,M,15
Sumner,M,15
Theadore,M,15
Toivo,M,15
Tomie,M,15
Werner,M,15
Winthrop,M,15
Aldo,M,14
Alma,M,14
Alonza,M,14
Beryl,M,14
Carey,M,14
Claire,M,14
Elgin,M,14
Elie,M,14
Ellwood,M,14
Essie,M,14
Farris,M,14
Frankie,M,14
Gladys,M,14
Hallie,M,14
Henri,M,14
Holland,M,14
Ida,M,14
Josephine,M,14
Monte,M,14
Olan,M,14
Osborne,M,14
Rollie,M,14
Sim,M,14
Son,M,14
Sonny,M,14
Stacy,M,14
Thurston,M,14
Titus,M,14
West,M,14
Adolf,M,13
Amerigo,M,13
Arne,M,13
Artis,M,13
Arturo,M,13
Arvel,M,13
Audrey,M,13
Auther,M,13
Barton,M,13
Bascom,M,13
Claudie,M,13
Clovis,M,13
Dawson,M,13
Dayton,M,13
Denzil,M,13
Doc,M,13
Eligah,M,13
Enrico,M,13
Ephraim,M,13
Esther,M,13
Gasper,M,13
Gertrude,M,13
Grace,M,13
Guido,M,13
Gussie,M,13
Hilliard,M,13
Hosea,M,13
Jennings,M,13
Lafayette,M,13
Lambert,M,13
Leamon,M,13
Lennie,M,13
Lenord,M,13
Leonardo,M,13
Lillian,M,13
Lon,M,13
Lonzo,M,13
Loyal,M,13
Lucille,M,13
Manley,M,13
Olaf,M,13
Orrin,M,13
Quentin,M,13
Ransom,M,13
Rayford,M,13
Stanton,M,13
Talmage,M,13
Tillman,M,13
Tyler,M,13
Urban,M,13
Verlin,M,13
Verne,M,13
Verner,M,13
Wash,M,13
Waverly,M,13
Wayman,M,13
Worth,M,13
Algie,M,12
Angel,M,12
Baxter,M,12
Bee,M,12
Bertie,M,12
Bishop,M,12
Blake,M,12
Blas,M,12
Bobbie,M,12
Bobby,M,12
Camille,M,12
Carol,M,12
Cleon,M,12
Cornell,M,12
Cullen,M,12
Darrel,M,12
Denis,M,12
Donovan,M,12
Finis,M,12
Fleming,M,12
Fredric,M,12
Gardner,M,12
Garnet,M,12
Gennaro,M,12
Gerhard,M,12
Giuseppe,M,12
Hilary,M,12
Hillard,M,12
Hymen,M,12
Ivey,M,12
Jamie,M,12
Jethro,M,12
Jordan,M,12
Julious,M,12
Kurt,M,12
Lauren,M,12
Lem,M,12
Lige,M,12
Loran,M,12
Loy,M,12
Mathias,M,12
Metro,M,12
Namon,M,12
Nello,M,12
Norval,M,12
Oakley,M,12
Oneal,M,12
Pink,M,12
Reino,M,12
Thad,M,12
Thelma,M,12
Weaver,M,12
Weston,M,12
Winford,M,12
Wright,M,12
Young,M,12
Ann,M,11
Anson,M,11
Arno,M,11
Arvo,M,11
Aurelio,M,11
Axel,M,11
Bailey,M,11
Belton,M,11
Benjaman,M,11
Bernardo,M,11
Burley,M,11
Caesar,M,11
Catherine,M,11
Champ,M,11
Christ,M,11
Cicero,M,11
Clara,M,11
Cleatus,M,11
Corbett,M,11
Craig,M,11
Dell,M,11
Dempsey,M,11
Denton,M,11
Domenico,M,11
Donat,M,11
Edna,M,11
Edson,M,11
Elsworth,M,11
Elwyn,M,11
Evelyn,M,11
Federico,M,11
Fortunato,M,11
Geo,M,11
Godfrey,M,11
Griffin,M,11
Hansel,M,11
Helmer,M,11
Hudson,M,11
Hurley,M,11
Inez,M,11
Isidor,M,11
Isom,M,11
Ivar,M,11
Ivy,M,11
Jodie,M,11
Johney,M,11
Kirk,M,11
Kyle,M,11
Laurel,M,11
Lawerence,M,11
Leopoldo,M,11
Lesley,M,11
Lex,M,11
Lois,M,11
Love,M,11
Loyce,M,11
Lynwood,M,11
Marco,M,11
Marian,M,11
Marshal,M,11
Martha,M,11
Minor,M,11
Ole,M,11
Olie,M,11
Orie,M,11
Orland,M,11
Ossie,M,11
Ovila,M,11
Pleas,M,11
Reece,M,11
Reynaldo,M,11
Rollin,M,11
Rush,M,11
Soloman,M,11
Terrence,M,11
Verl,M,11
Virgle,M,11
Wardell,M,11
Willam,M,11
Addie,M,10
Almond,M,10
Andre,M,10
Annie,M,10
Attilio,M,10
Audie,M,10
Beatrice,M,10
Buddie,M,10
Burnell,M,10
Burnett,M,10
Butler,M,10
Carlyle,M,10
Christy,M,10
Cole,M,10
Collie,M,10
Collins,M,10
Cooper,M,10
Dante,M,10
Deward,M,10
Donnie,M,10
Elvie,M,10
Ernst,M,10
Esaw,M,10
Ferris,M,10
Finley,M,10
Foy,M,10
Frazier,M,10
French,M,10
Gino,M,10
Glendon,M,10
Guillermo,M,10
Gust,M,10
Hamp,M,10
Harvie,M,10
Hershell,M,10
Hill,M,10
Hollie,M,10
Hosey,M,10
Hosie,M,10
Huey,M,10
Hurshel,M,10
Isabel,M,10
Jacques,M,10
Jerald,M,10
Jule,M,10
Julia,M,10
Lane,M,10
Lenwood,M,10
Levie,M,10
Lew,M,10
Linton,M,10
Lorenz,M,10
Luciano,M,10
Mabel,M,10
Malcom,M,10
Manford,M,10
Mel,M,10
Michele,M,10
Milan,M,10
Perley,M,10
Rayfield,M,10
Reno,M,10
Robbie,M,10
Ronnie,M,10
Sal,M,10
Spurgeon,M,10
Stanislaw,M,10
Ulyses,M,10
Waino,M,10
Wayland,M,10
Webb,M,10
Woodie,M,10
Zeb,M,10
Adolfo,M,9
Albertus,M,9
Albino,M,9
Alcide,M,9
Alpha,M,9
Art,M,9
Atlee,M,9
Barnett,M,9
Bartholomew,M,9
Benjamine,M,9
Bentley,M,9
Bessie,M,9
Bilbo,M,9
Burgess,M,9
Calvert,M,9
Casmer,M,9
Clemon,M,9
Coley,M,9
Conley,M,9
Cortez,M,9
Danny,M,9
Denny,M,9
Egbert,M,9
Elige,M,9
Ella,M,9
Ellen,M,9
Ellery,M,9
Erving,M,9
Ester,M,9
Eva,M,9
Ewing,M,9
Farrell,M,9
Florencio,M,9
Francesco,M,9
Gaines,M,9
Galen,M,9
Gilberto,M,9
Gorden,M,9
Hadley,M,9
Haskel,M,9
Hilario,M,9
Hillary,M,9
Hoke,M,9
Horton,M,9
Jennie,M,9
Jon,M,9
Josiah,M,9
Juluis,M,9
Kay,M,9
Kendall,M,9
Lacey,M,9
Larkin,M,9
Leeroy,M,9
Leigh,M,9
Lemmie,M,9
Lillie,M,9
Lindsay,M,9
Linus,M,9
Loring,M,9
Lou,M,9
Lupe,M,9
Malvin,M,9
Marcelino,M,9
Melton,M,9
Merl,M,9
Milburn,M,9
Murl,M,9
Newman,M,9
Nicolas,M,9
Nora,M,9
Nunzio,M,9
Orvel,M,9
Pauline,M,9
Peyton,M,9
Pierre,M,9
Prentice,M,9
Quinton,M,9
Raoul,M,9
Reid,M,9
Reynold,M,9
Roby,M,9
Rodolfo,M,9
Roe,M,9
Rosco,M,9
Sanders,M,9
Sarah,M,9
Shelley,M,9
Simeon,M,9
Solon,M,9
Squire,M,9
Stafford,M,9
Stephan,M,9
Stonewall,M,9
Sullivan,M,9
Thelbert,M,9
Theophilus,M,9
Toney,M,9
Vernal,M,9
Virginia,M,9
Zeke,M,9
Abbott,M,8
Alexis,M,8
Alfonza,M,8
Ansel,M,8
Armon,M,8
Armond,M,8
Authur,M,8
Barry,M,8
Bernhardt,M,8
Beulah,M,8
Blease,M,8
Brice,M,8
Burdette,M,8
Cal,M,8
Carrie,M,8
Clemens,M,8
Comer,M,8
Dannie,M,8
Dillon,M,8
Douglass,M,8
Durwood,M,8
Edith,M,8
Elex,M,8
Eloy,M,8
Emma,M,8
Emmanuel,M,8
Erman,M,8
Esteban,M,8
Estill,M,8
Eugenio,M,8
Fabian,M,8
Gabe,M,8
Garnie,M,8
Garvin,M,8
Gerhardt,M,8
Giovanni,M,8
Graydon,M,8
Guilford,M,8
Gustavo,M,8
Heber,M,8
Herschell,M,8
Hulon,M,8
Hurbert,M,8
Irene,M,8
Ishmael,M,8
Isreal,M,8
Jackie,M,8
Johny,M,8
Josef,M,8
June,M,8
Justo,M,8
Lamon,M,8
Lawton,M,8
Leighton,M,8
Len,M,8
Lessie,M,8
Lorin,M,8
Mat,M,8
Merwin,M,8
Mickey,M,8
Montgomery,M,8
Murrell,M,8
Myrle,M,8
Myrtle,M,8
Oddie,M,8
Odus,M,8
Oris,M,8
Orson,M,8
Orvil,M,8
Othel,M,8
Paris,M,8
Park,M,8
Pius,M,8
Press,M,8
Refugio,M,8
Robin,M,8
Salvadore,M,8
Selmer,M,8
Sheridan,M,8
Stanislaus,M,8
Starling,M,8
Terrell,M,8
Thedore,M,8
Todd,M,8
Toy,M,8
Vardaman,M,8
Velma,M,8
Vergil,M,8
Verle,M,8
Von,M,8
Waddell,M,8
Waldemar,M,8
Wells,M,8
Westley,M,8
Whitney,M,8
Wilborn,M,8
Ysidro,M,8
Ace,M,7
Alfons,M,7
Alfonzo,M,7
Almer,M,7
Alphonzo,M,7
Alto,M,7
Ancil,M,7
Ardell,M,7
Arley,M,7
Arnie,M,7
Asbury,M,7
Ashton,M,7
Author,M,7
Barnie,M,7
Benson,M,7
Berkley,M,7
Biagio,M,7
Brian,M,7
Burnice,M,7
Burr,M,7
Burris,M,7
Carrol,M,7
Ceasar,M,7
Chalmers,M,7
Cleave,M,7
Clell,M,7
Clide,M,7
Cody,M,7
Colin,M,7
Cornelious,M,7
Cosmo,M,7
Damon,M,7
Davie,M,7
Della,M,7
Diego,M,7
Donaciano,M,7
Drew,M,7
Edger,M,7
Edouard,M,7
Edwardo,M,7
Effie,M,7
Elam,M,7
Elihu,M,7
Ellie,M,7
Elson,M,7
Erich,M,7
Erskine,M,7
Estil,M,7
Ethan,M,7
Ettore,M,7
Euell,M,7
Eunice,M,7
Evertt,M,7
Ewald,M,7
Fannie,M,7
Ferd,M,7
Fern,M,7
Georgia,M,7
Gilman,M,7
Glynn,M,7
Gradie,M,7
Gray,M,7
Halbert,M,7
Hammond,M,7
Hardin,M,7
Harman,M,7
Hartwell,M,7
Hattie,M,7
Hebert,M,7
Hercules,M,7
Hervey,M,7
Hester,M,7
Heyward,M,7
Hilbert,M,7
Hilmer,M,7
Hinton,M,7
Hjalmer,M,7
Ignazio,M,7
Ingram,M,7
Ismael,M,7
Iva,M,7
Ival,M,7
Iver,M,7
Joan,M,7
Joyce,M,7
Laddie,M,7
Lake,M,7
Laura,M,7
Lemon,M,7
Lenon,M,7
Lewie,M,7
Lisle,M,7
Loney,M,7
Loretta,M,7
Lorne,M,7
Lucas,M,7
Marcos,M,7
Maria,M,7
Marvel,M,7
Matthews,M,7
Mervyn,M,7
Minnie,M,7
Moody,M,7
Morrison,M,7
Nathanial,M,7
Nehemiah,M,7
Nevin,M,7
Nolen,M,7
Normand,M,7
Norvel,M,7
Norvell,M,7
Okey,M,7
Olive,M,7
Orion,M,7
Orlo,M,7
Orris,M,7
Ova,M,7
Pascal,M,7
Pearlie,M,7
Plummer,M,7
Ramond,M,7
Remus,M,7
Rolla,M,7
Rube,M,7
Rutherford,M,7
Sampson,M,7
Samson,M,7
Seldon,M,7
Shelton,M,7
Sid,M,7
Sigurd,M,7
Silvester,M,7
Simpson,M,7
Sulo,M,7
Therman,M,7
Thurmond,M,7
Tobe,M,7
Toby,M,7
Verna,M,7
Virgie,M,7
Wally,M,7
Welton,M,7
Wheeler,M,7
Willian,M,7
Willy,M,7
Winifred,M,7
Winton,M,7
Woodson,M,7
York,M,7
Zigmund,M,7
Adelard,M,6
Adell,M,6
Adrien,M,6
Alferd,M,6
Almon,M,6
Alphonsa,M,6
Ammon,M,6
Amon,M,6
Anselmo,M,6
Arlin,M,6
Arlington,M,6
Arthor,M,6
Atwood,M,6
Augusta,M,6
Banks,M,6
Beecher,M,6
Berlin,M,6
Bernardino,M,6
Bethel,M,6
Birger,M,6
Blanche,M,6
Bonifacio,M,6
Braxton,M,6
Broadus,M,6
Budd,M,6
Burrell,M,6
Burtis,M,6
Carmel,M,6
Cato,M,6
Charlton,M,6
Choice,M,6
Clearence,M,6
Cleatis,M,6
Clemmie,M,6
Cleophas,M,6
Cleophus,M,6
Cline,M,6
Cloyce,M,6
Colbert,M,6
Collis,M,6
Colonel,M,6
Conway,M,6
Creed,M,6
Curt,M,6
Dabney,M,6
Danial,M,6
Del,M,6
Denzel,M,6
Dossie,M,6
Edmon,M,6
Elba,M,6
Elbridge,M,6
Elder,M,6
Eleanor,M,6
Eliot,M,6
Eliseo,M,6
Ellison,M,6
Elma,M,6
Elmon,M,6
Ely,M,6
Esau,M,6
Estes,M,6
Estle,M,6
Eston,M,6
Euel,M,6
Eulas,M,6
Everet,M,6
Ewart,M,6
Faye,M,6
Fenton,M,6
Franz,M,6
Fuller,M,6
Garner,M,6
Garth,M,6
Gay,M,6
Gayle,M,6
Gentry,M,6
Geroge,M,6
Geronimo,M,6
Gibson,M,6
Gifford,M,6
Gilmore,M,6
Glenwood,M,6
Gorman,M,6
Guiseppe,M,6
Gustaf,M,6
Gustavus,M,6
Hamlet,M,6
Hardie,M,6
Harlon,M,6
Harlow,M,6
Herold,M,6
Hiawatha,M,6
Holly,M,6
Holt,M,6
Hope,M,6
Hoy,M,6
Irvine,M,6
Jeffrey,M,6
Jere,M,6
Jettie,M,6
Jo,M,6
Joaquin,M,6
Josephus,M,6
Joy,M,6
Justus,M,6
Kazuo,M,6
Kee,M,6
Ken,M,6
Kennith,M,6
Laban,M,6
Landon,M,6
Larue,M,6
Layton,M,6
Leonel,M,6
Leonidas,M,6
Linden,M,6
Link,M,6
Lola,M,6
Lonzie,M,6
Lovie,M,6
Lucile,M,6
Luigi,M,6
Lyndon,M,6
Maceo,M,6
Mae,M,6
Magnus,M,6
Malachi,M,6
Man,M,6
Mann,M,6
Mannie,M,6
Manny,M,6
Marcella,M,6
Marcial,M,6
Mattie,M,6
Melbourne,M,6
Melford,M,6
Moise,M,6
Natale,M,6
Nath,M,6
Nathon,M,6
Natividad,M,6
Nellie,M,6
Nestor,M,6
Newt,M,6
Nicola,M,6
Octavius,M,6
Opie,M,6
Orvin,M,6
Osborn,M,6
Other,M,6
Ottie,M,6
Overton,M,6
Page,M,6
Payne,M,6
Payton,M,6
Pinkney,M,6
Pleasant,M,6
Prentiss,M,6
Primus,M,6
Rae,M,6
Ralston,M,6
Randle,M,6
Raynor,M,6
Reubin,M,6
Rexford,M,6
Rito,M,6
Rivers,M,6
Rosa,M,6
Ruel,M,6
Rulon,M,6
Ryan,M,6
Sallie,M,6
Samual,M,6
Saverio,M,6
Selma,M,6
Sloan,M,6
Sonnie,M,6
Sven,M,6
Takeo,M,6
Theodis,M,6
Thompson,M,6
Tiburcio,M,6
Tilman,M,6
Tolbert,M,6
Trinidad,M,6
Tyree,M,6
Uriah,M,6
Valentino,M,6
Vaughan,M,6
Vera,M,6
Vernell,M,6
Vinson,M,6
Virgel,M,6
Wallis,M,6
Welcome,M,6
Weyman,M,6
Whit,M,6
Wilhelm,M,6
Winslow,M,6
Wladyslaw,M,6
Ygnacio,M,6
Zollie,M,6
Achille,M,5
Aden,M,5
Adolphe,M,5
Aleck,M,5
Allyn,M,5
Almo,M,5
Alpheus,M,5
Alphonsus,M,5
Alson,M,5
Ambers,M,5
Amy,M,5
Amzie,M,5
Anne,M,5
Archer,M,5
Arie,M,5
Arlis,M,5
Arlo,M,5
Armin,M,5
Arrie,M,5
Arville,M,5
Astor,M,5
Aubry,M,5
Bartlett,M,5
Beauford,M,5
Bedford,M,5
Berman,M,5
Bernerd,M,5
Bertha,M,5
Berton,M,5
Blanchard,M,5
Bliss,M,5
Bluford,M,5
Boleslaus,M,5
Boris,M,5
Boysie,M,5
Burnie,M,5
Byrd,M,5
Callie,M,5
Carney,M,5
Caro,M,5
Catarino,M,5
Chancy,M,5
Chandler,M,5
Chapman,M,5
Christie,M,5
Cipriano,M,5
Clarice,M,5
Clarion,M,5
Claus,M,5
Clayborne,M,5
Clements,M,5
Commodore,M,5
Constant,M,5
Cornelio,M,5
Cosimo,M,5
Courtney,M,5
Currie,M,5
Curtiss,M,5
Cy,M,5
Darl,M,5
Deforest,M,5
Delma,M,5
Delmon,M,5
Delton,M,5
Demetrio,M,5
Desmond,M,5
Dionicio,M,5
Dixon,M,5
Doctor,M,5
Dolph,M,5
Dolphus,M,5
Donato,M,5
Dorris,M,5
Dow,M,5
Dutch,M,5
Eldo,M,5
Eliga,M,5
Elis,M,5
Elon,M,5
Elston,M,5
Emerald,M,5
Emit,M,5
Ephriam,M,5
Erik,M,5
Erling,M,5
Erma,M,5
Ervie,M,5
Eusebio,M,5
Evander,M,5
Evaristo,M,5
Fate,M,5
Feliciano,M,5
Ferrell,M,5
Fiore,M,5
Garry,M,5
Gaspar,M,5
Gaspare,M,5
Genaro,M,5
Geoffrey,M,5
German,M,5
Gerry,M,5
Gerson,M,5
Gillis,M,5
Gilmer,M,5
Girard,M,5
Glennie,M,5
Gomer,M,5
Gonzalo,M,5
Goodwin,M,5
Grayson,M,5
Gurney,M,5
Guss,M,5
Halley,M,5
Hanford,M,5
Hank,M,5
Harlen,M,5
Harlie,M,5
Harrell,M,5
Hazen,M,5
Heman,M,5
Herve,M,5
Hideo,M,5
Hildred,M,5
Hogan,M,5
Holley,M,5
Holman,M,5
Hulbert,M,5
Humbert,M,5
Hyrum,M,5
Idell,M,5
Isac,M,5
Isador,M,5
Italo,M,5
Jeffie,M,5
Jens,M,5
Jerrold,M,5
Jhon,M,5
Julien,M,5
Karol,M,5
Katherine,M,5
Keller,M,5
Ladislaus,M,5
Lamont,M,5
Lance,M,5
Lando,M,5
Langdon,M,5
Lannie,M,5
Lattie,M,5
Lavette,M,5
Lazaro,M,5
Le,M,5
Leandro,M,5
Legrand,M,5
Lehman,M,5
Lena,M,5
Lennart,M,5
Linn,M,5
Linzie,M,5
Liston,M,5
Littleton,M,5
Loraine,M,5
Lott,M,5
Lovett,M,5
Ludie,M,5
Lula,M,5
Lysle,M,5
Macy,M,5
Manfred,M,5
Manning,M,5
Marinus,M,5
Marshel,M,5
Mart,M,5
Masao,M,5
Massie,M,5
Mathews,M,5
Matteo,M,5
May,M,5
Mearl,M,5
Medford,M,5
Menno,M,5
Merlyn,M,5
Merrell,M,5
Michal,M,5
Miner,M,5
Monnie,M,5
Myrl,M,5
Narciso,M,5
Nesbitt,M,5
Neville,M,5
Norvin,M,5
Nova,M,5
Octavio,M,5
Onie,M,5
Orange,M,5
Osie,M,5
Oval,M,5
Ovid,M,5
Ovide,M,5
Ozell,M,5
Ozzie,M,5
Purvis,M,5
Radford,M,5
Red,M,5
Reinhard,M,5
Renato,M,5
Reynolds,M,5
Robt,M,5
Rodgers,M,5
Rodolphe,M,5
Rollo,M,5
Romain,M,5
Romie,M,5
Rosalio,M,5
Roswell,M,5
Roxie,M,5
Salomon,M,5
Salvator,M,5
Savannah,M,5
Sears,M,5
Selden,M,5
Seward,M,5
Shellie,M,5
Shigeru,M,5
Sig,M,5
Silver,M,5
Silverio,M,5
Simmie,M,5
Stefan,M,5
Stoddard,M,5
Terence,M,5
Terrance,M,5
Tex,M,5
Theresa,M,5
Thurlow,M,5
Tilden,M,5
Tobbie,M,5
Tobias,M,5
Tyrus,M,5
Ulmer,M,5
Umberto,M,5
Val,M,5
Valmore,M,5
Vander,M,5
Vernard,M,5
Vernice,M,5
Veto,M,5
Viola,M,5
Vonnie,M,5
Waylon,M,5
Wendel,M,5
Wilburt,M,5
Wilho,M,5
Willaim,M,5
Williard,M,5
Woodard,M,5
Woodford,M,5
Woody,M,5
Yoshio,M,5
Zenas,M,5
Zenon,M,5
