name,gender,count
Mary,F,12784
Anna,F,5695
Ruth,F,3658
Margaret,F,3565
Elizabeth,F,3360
Helen,F,3249
Florence,F,3231
Ethel,F,3119
Emma,F,2968
Bertha,F,2623
Clara,F,2532
Minnie,F,2510
Alice,F,2434
Edna,F,2378
Bessie,F,2352
Grace,F,2308
Annie,F,2251
Ida,F,2247
Marie,F,2212
Lillian,F,2193
Mabel,F,2191
Hazel,F,2052
Rose,F,2012
Gertrude,F,1811
Martha,F,1805
Pearl,F,1796
Nellie,F,1770
Ella,F,1760
Myrtle,F,1759
Edith,F,1733
Laura,F,1683
Eva,F,1668
Sarah,F,1632
Frances,F,1622
Elsie,F,1586
Carrie,F,1451
Louise,F,1447
Agnes,F,1393
Esther,F,1382
Julia,F,1367
Lillie,F,1351
Catherine,F,1336
Hattie,F,1315
Cora,F,1308
Jennie,F,1273
Lena,F,1261
Mattie,F,1257
Jessie,F,1216
Maude,F,1202
Josephine,F,1178
Irene,F,1111
Blanche,F,1075
Mae,F,1071
Alma,F,1055
Ada,F,1051
Lucy,F,1036
Lula,F,1034
Gladys,F,1017
Mamie,F,1011
Mildred,F,1008
Fannie,F,1003
Katherine,F,963
Stella,F,926
Maggie,F,886
Dora,F,877
Viola,F,839
Nora,F,825
Dorothy,F,821
Ellen,F,798
Rosa,F,790
Ruby,F,769
Sadie,F,706
May,F,693
Effie,F,674
Nettie,F,668
Della,F,660
Willie,F,648
Susie,F,644
Marguerite,F,638
Beulah,F,622
Lydia,F,598
Olive,F,589
Lizzie,F,584
Daisy,F,573
Beatrice,F,564
Pauline,F,545
Georgia,F,541
Nancy,F,538
Flora,F,537
Kathryn,F,534
Vera,F,534
Lottie,F,532
Marion,F,532
Sallie,F,516
Emily,F,506
Katie,F,504
Virginia,F,498
Etta,F,486
Caroline,F,483
Charlotte,F,476
Theresa,F,469
Leona,F,463
Ollie,F,459
Evelyn,F,457
Harriet,F,428
Addie,F,416
Hilda,F,410
Henrietta,F,409
Anne,F,400
Ann,F,397
Eleanor,F,397
Nannie,F,392
Amanda,F,387
Amelia,F,385
Lola,F,385
Iva,F,384
Lucille,F,368
Mollie,F,367
Maud,F,366
Lela,F,358
Rebecca,F,358
Susan,F,356
Jane,F,354
Ora,F,350
Bernice,F,340
Estelle,F,335
Eula,F,332
Nina,F,330
Estella,F,329
Matilda,F,328
Inez,F,325
Kate,F,323
Loretta,F,323
Rachel,F,321
Eunice,F,310
Hannah,F,304
Lulu,F,304
Goldie,F,301
Betty,F,298
Flossie,F,296
Mable,F,294
Verna,F,292
Sara,F,290
Sylvia,F,286
Belle,F,284
Amy,F,281
Alta,F,274
Eliza,F,272
Ola,F,264
Olga,F,262
Augusta,F,260
Lois,F,260
Essie,F,258
Frieda,F,256
Barbara,F,255
Maria,F,255
Violet,F,254
Ina,F,248
Sophia,F,247
Christine,F,244
Genevieve,F,243
Rosie,F,242
Sophie,F,235
Josie,F,233
Marjorie,F,233
Winifred,F,232
Freda,F,231
Victoria,F,223
Celia,F,219
Irma,F,215
Jean,F,215
Mayme,F,215
Allie,F,214
Winnie,F,214
Janie,F,211
Selma,F,211
Isabelle,F,205
Tillie,F,202
Luella,F,199
Millie,F,198
Callie,F,194
Delia,F,194
Lucile,F,194
Madeline,F,190
Fern,F,189
Isabel,F,189
Norma,F,189
Nell,F,187
Naomi,F,186
Rena,F,186
Vivian,F,185
Cecelia,F,182
Virgie,F,180
Alberta,F,179
Leila,F,173
Kathleen,F,170
Bess,F,169
Bertie,F,167
Leah,F,167
Lila,F,167
Elva,F,156
Velma,F,156
Erma,F,155
Hester,F,155
Johanna,F,155
Dollie,F,152
Geneva,F,152
Birdie,F,149
Cornelia,F,148
Mathilda,F,148
Carolyn,F,146
Lora,F,146
Hallie,F,145
Adelaide,F,144
Adele,F,144
Jeanette,F,142
Adeline,F,141
Marian,F,140
Christina,F,139
Jeannette,F,139
Gussie,F,138
Hulda,F,137
Lou,F,137
Rhoda,F,136
Doris,F,134
Sally,F,134
Hettie,F,133
Lelia,F,133
Teresa,F,132
Bettie,F,129
Elma,F,129
Louisa,F,129
Katharine,F,128
Roxie,F,127
Cecilia,F,126
Opal,F,123
Sue,F,123
Cleo,F,122
Bonnie,F,120
Nelle,F,120
Anita,F,119
Harriett,F,119
Wilhelmina,F,119
Meta,F,118
Myra,F,117
Neva,F,116
Abbie,F,115
Lilly,F,114
Regina,F,114
Cecil,F,112
Dessie,F,109
Isabella,F,109
Zella,F,109
Juanita,F,108
Miriam,F,108
Faye,F,107
Francis,F,107
Leola,F,107
Olivia,F,107
Letha,F,106
Margie,F,106
Madge,F,105
Mina,F,105
Elsa,F,104
Lura,F,103
Gertie,F,102
Veronica,F,102
Linnie,F,100
Helena,F,99
Lettie,F,99
Maudie,F,99
Ila,F,97
Lessie,F,96
Lorena,F,96
Rita,F,95
Lenora,F,93
Claire,F,92
Frankie,F,90
Nola,F,90
Alvina,F,89
Claudia,F,89
Corinne,F,89
Fay,F,89
Ophelia,F,89
Pearlie,F,89
Blanch,F,88
Dorothea,F,88
Gracie,F,88
Lucinda,F,87
Muriel,F,87
Cecile,F,86
Phoebe,F,86
Rosalie,F,86
Emilie,F,85
Ivy,F,83
Lily,F,83
Mabelle,F,83
Myrtie,F,83
Oma,F,83
Eugenia,F,82
Linda,F,82
Mittie,F,82
Ona,F,82
Roberta,F,82
Wilma,F,81
Catharine,F,80
Dovie,F,79
Elnora,F,79
Fanny,F,79
Erna,F,78
Chloe,F,76
Audrey,F,75
Elvira,F,74
Floy,F,74
Cynthia,F,73
Lona,F,73
Rosetta,F,73
Janet,F,72
Edythe,F,71
Leota,F,71
Rae,F,71
Zula,F,70
Angeline,F,69
Helene,F,68
Johnnie,F,68
Nona,F,68
Angela,F,67
Artie,F,67
Cassie,F,67
Lenore,F,67
Zora,F,67
Lee,F,66
Orpha,F,66
Maybelle,F,65
Reba,F,65
Ernestine,F,64
Pansy,F,64
Annette,F,63
Antoinette,F,63
Alpha,F,62
Cordelia,F,62
June,F,62
John,F,61
Lida,F,61
Mazie,F,61
Merle,F,61
Minerva,F,61
Polly,F,61
Tessie,F,61
Constance,F,60
Evie,F,59
Wanda,F,59
Magdalena,F,58
Molly,F,58
Mona,F,58
Golda,F,57
Marcella,F,57
Vida,F,57
Zelma,F,57
Geraldine,F,56
Isabell,F,56
Louella,F,56
Rhea,F,56
Eulalia,F,55
Leta,F,55
Pinkie,F,55
Georgie,F,54
Lyda,F,54
Vina,F,54
Angelina,F,53
Clarice,F,53
Melissa,F,53
Phyllis,F,53
Eloise,F,52
Jimmie,F,52
Odessa,F,52
Shirley,F,52
Vesta,F,52
Elise,F,51
Leora,F,51
Lina,F,51
Priscilla,F,51
Jewell,F,50
Mandy,F,50
Vada,F,50
Dolly,F,49
Adah,F,48
Elisabeth,F,48
Susanna,F,48
Willa,F,48
Ellie,F,47
Hortense,F,47
Paula,F,47
Ava,F,46
Bella,F,46
Clyde,F,46
Sudie,F,46
Tina,F,46
Adelia,F,45
Aline,F,45
Aurelia,F,45
Jeanne,F,45
Rilla,F,45
Iola,F,44
Iona,F,44
Jannie,F,44
Leone,F,44
Era,F,43
Inga,F,43
Lilla,F,43
Minna,F,43
Pearle,F,43
Una,F,43
Angie,F,42
Bell,F,42
Donna,F,42
Jewel,F,42
Lavina,F,42
Leonora,F,42
Marcia,F,42
Thelma,F,42
Alva,F,41
Antonia,F,41
Bridget,F,41
Hilma,F,41
Lovie,F,41
Octavia,F,41
Rosella,F,41
Rowena,F,41
Malinda,F,40
Ocie,F,40
Verda,F,40
Carmen,F,39
Connie,F,39
Tena,F,39
Agatha,F,38
Cordie,F,38
Ione,F,38
Corine,F,36
Dona,F,36
Ester,F,36
Ethyl,F,36
Ettie,F,36
Idella,F,36
Joanna,F,36
Lauretta,F,36
Lucia,F,36
Lue,F,36
Avis,F,35
Hope,F,35
Madeleine,F,35
Melvina,F,35
Ray,F,35
Vernie,F,35
Corrine,F,34
Elda,F,34
Elinor,F,34
Lennie,F,34
Magdalene,F,34
Natalie,F,34
Peggy,F,34
Savannah,F,34
Zola,F,34
Almeda,F,33
Beryl,F,33
Delphia,F,33
Elmira,F,33
Emelia,F,33
Florida,F,33
Julie,F,33
Pattie,F,33
Queen,F,33
Adela,F,32
Adella,F,32
Dena,F,32
Eda,F,32
Eileen,F,32
Esta,F,32
Glenna,F,32
Gretchen,F,32
Leatha,F,32
Lelah,F,32
Letitia,F,32
Nan,F,32
Tennie,F,32
William,F,32
Annabelle,F,31
Charity,F,31
Dixie,F,31
Dolores,F,31
Eleanora,F,31
Estell,F,31
Gail,F,31
Kittie,F,31
Kitty,F,31
Lenna,F,31
Margery,F,31
Margret,F,31
Mertie,F,31
Adaline,F,30
Albina,F,30
Alda,F,30
Carol,F,30
Clare,F,30
Emmie,F,30
Eugenie,F,30
Lorene,F,30
Luvenia,F,30
Sadye,F,30
Tommie,F,30
Tressie,F,30
Aileen,F,29
Camille,F,29
Corrie,F,29
Ferne,F,29
Georgiana,F,29
Libbie,F,29
Lonie,F,29
Mallie,F,29
Bennie,F,28
Berta,F,28
Claudie,F,28
Hedwig,F,28
Iris,F,28
Lilian,F,28
Lorraine,F,28
Mariah,F,28
Mathilde,F,28
Missouri,F,28
Nita,F,28
Patricia,F,28
Retta,F,28
Rosanna,F,28
Vallie,F,28
Anastasia,F,27
Beth,F,27
Celeste,F,27
Jettie,F,27
Judith,F,27
Lavinia,F,27
Lonnie,F,27
Lucretia,F,27
Luna,F,27
Onie,F,27
Signe,F,27
Winnifred,F,27
Annabel,F,26
Bernadette,F,26
Bulah,F,26
Clementine,F,26
Eddie,F,26
Georgianna,F,26
Icy,F,26
Ima,F,26
Imogene,F,26
Ira,F,26
Joseph,F,26
Leslie,F,26
Loraine,F,26
Lucie,F,26
Cathrine,F,25
Celestine,F,25
Easter,F,25
Florine,F,25
George,F,25
Monica,F,25
Sigrid,F,25
Vinnie,F,25
Zelda,F,25
Zetta,F,25
Alida,F,24
Annis,F,24
Arie,F,24
Belva,F,24
Besse,F,24
Carolina,F,24
Deborah,F,24
Diana,F,24
Elaine,F,24
Eleanore,F,24
Eulah,F,24
Evangeline,F,24
Freida,F,24
Harriette,F,24
Henry,F,24
Icie,F,24
Jenny,F,24
Joe,F,24
Kathrine,F,24
Mellie,F,24
Philomena,F,24
Rosina,F,24
Sena,F,24
Althea,F,23
Berenice,F,23
Charles,F,23
Christena,F,23
Donnie,F,23
Elenora,F,23
Elvina,F,23
Enid,F,23
Etha,F,23
Evalyn,F,23
Eve,F,23
Garnet,F,23
Hildur,F,23
James,F,23
Liza,F,23
Magnolia,F,23
Ottilie,F,23
Petra,F,23
Rosemary,F,23
Zoe,F,23
Altha,F,22
Clemmie,F,22
Elizebeth,F,22
Enola,F,22
Hanna,F,22
Joan,F,22
Ludie,F,22
Madie,F,22
Marietta,F,22
Maye,F,22
Patsy,F,22
Prudence,F,22
Veda,F,22
Viva,F,22
Wilda,F,22
Yvonne,F,22
Abigail,F,21
Adell,F,21
Camilla,F,21
Emilia,F,21
Erie,F,21
Grayce,F,21
Hassie,F,21
Hermine,F,21
Louvenia,F,21
Mammie,F,21
Margarita,F,21
Neta,F,21
Phebe,F,21
Queenie,F,21
Aurora,F,20
Claribel,F,20
Dorcas,F,20
Frank,F,20
Frona,F,20
Helga,F,20
Ivah,F,20
Joyce,F,20
Magdalen,F,20
Malissa,F,20
Robbie,F,20
Rubie,F,20
Samantha,F,20
Therese,F,20
Vena,F,20
Vergie,F,20
Winona,F,20
Zettie,F,20
Ara,F,19
Bethel,F,19
Buena,F,19
Carmela,F,19
Classie,F,19
Clifford,F,19
Delilah,F,19
Docia,F,19
Edwina,F,19
Emmer,F,19
Harry,F,19
Josefa,F,19
Lea,F,19
Leo,F,19
Loretto,F,19
Louie,F,19
Malvina,F,19
Marvel,F,19
Meda,F,19
Minta,F,19
Myrle,F,19
Oda,F,19
Ramona,F,19
Sophronia,F,19
Theo,F,19
Annetta,F,18
Arrie,F,18
Billie,F,18
Birtie,F,18
Clarissa,F,18
Clora,F,18
Ebba,F,18
Elfrieda,F,18
Ethelyn,F,18
Eulalie,F,18
Florrie,F,18
Guadalupe,F,18
India,F,18
Katheryn,F,18
Luetta,F,18
Lular,F,18
Margaretta,F,18
Maybell,F,18
Nonie,F,18
Ossie,F,18
Ottie,F,18
Sybil,F,18
Theodosia,F,18
Ursula,F,18
Verdie,F,18
Verlie,F,18
Aimee,F,17
Alyce,F,17
Annabell,F,17
Arlene,F,17
Arline,F,17
Betsy,F,17
Bobbie,F,17
Celina,F,17
Claudine,F,17
Crystal,F,17
Delta,F,17
Donie,F,17
Dottie,F,17
Elena,F,17
Emeline,F,17
Gay,F,17
Leda,F,17
Lorna,F,17
Mahala,F,17
Martina,F,17
Maxine,F,17
Robert,F,17
Ruthie,F,17
Sidney,F,17
Tilda,F,17
Valeria,F,17
Alfreda,F,16
Amalia,F,16
Arlie,F,16
Arvilla,F,16
Byrd,F,16
Christie,F,16
Concepcion,F,16
Coral,F,16
Corda,F,16
Delphine,F,16
Fairy,F,16
Georgina,F,16
Kay,F,16
Kizzie,F,16
Lella,F,16
Manda,F,16
Mettie,F,16
Nella,F,16
Norah,F,16
Odie,F,16
Ova,F,16
Pollie,F,16
Rachael,F,16
Rossie,F,16
Salome,F,16
Selena,F,16
Sina,F,16
Thomas,F,16
Allene,F,15
Amber,F,15
Dee,F,15
Electa,F,15
Elta,F,15
Elvie,F,15
Fronie,F,15
Golden,F,15
Gwendolyn,F,15
Hellen,F,15
Jessica,F,15
Lacy,F,15
Lutie,F,15
Macie,F,15
Manie,F,15
Manuela,F,15
Maxie,F,15
Millicent,F,15
Nena,F,15
Osa,F,15
Sula,F,15
Texie,F,15
Theodora,F,15
Tressa,F,15
Walter,F,15
Zada,F,15
Zona,F,15
Adelina,F,14
Albertina,F,14
Albertine,F,14
Almira,F,14
Alvena,F,14
Ammie,F,14
Bernadine,F,14
Dagmar,F,14
Dell,F,14
Doshie,F,14
Edyth,F,14
Faith,F,14
Gena,F,14
Hazle,F,14
Helma,F,14
Huldah,F,14
Johnie,F,14
Juana,F,14
Katy,F,14
Lana,F,14
Lissie,F,14
Lyla,F,14
Macy,F,14
Margarette,F,14
Mercedes,F,14
Reta,F,14
Rosamond,F,14
Tiny,F,14
Trudie,F,14
Vernice,F,14
Wilhelmine,F,14
Zadie,F,14
Alicia,F,13
Andrea,F,13
Augustine,F,13
Cathryn,F,13
Cherry,F,13
Cordia,F,13
Corene,F,13
Dulcie,F,13
Emmaline,F,13
Eudora,F,13
Euna,F,13
Exie,F,13
Fleta,F,13
Fredericka,F,13
Glennie,F,13
Greta,F,13
Hessie,F,13
Hildegard,F,13
Hildegarde,F,13
Idell,F,13
Jemima,F,13
Leaner,F,13
Liddie,F,13
Melinda,F,13
Monnie,F,13
Mossie,F,13
Myrtis,F,13
Norine,F,13
Osie,F,13
Ottilia,F,13
Permelia,F,13
Ragna,F,13
Retha,F,13
Roma,F,13
Serena,F,13
Tabitha,F,13
Theresia,F,13
Tinnie,F,13
Zena,F,13
Adda,F,12
Albertha,F,12
America,F,12
Amie,F,12
Arizona,F,12
Beula,F,12
Cammie,F,12
Earl,F,12
Elmer,F,12
Elmyra,F,12
Elna,F,12
Freddie,F,12
Gene,F,12
Genie,F,12
Gunda,F,12
Jesse,F,12
Leonore,F,12
Lilah,F,12
Loma,F,12
Louetta,F,12
Louis,F,12
Luberta,F,12
Lurline,F,12
Mabell,F,12
Madelyn,F,12
Metta,F,12
Nelia,F,12
Nevada,F,12
Novella,F,12
Selina,F,12
Thekla,F,12
Thora,F,12
Vashti,F,12
Vertie,F,12
Vira,F,12
Yetta,F,12
Aletha,F,11
Arminta,F,11
Atha,F,11
Audie,F,11
Audra,F,11
Aura,F,11
Beaulah,F,11
Berniece,F,11
Birtha,F,11
Cannie,F,11
Carmella,F,11
Cliffie,F,11
Delpha,F,11
Dicie,F,11
Dove,F,11
Evelina,F,11
Eveline,F,11
Ever,F,11
Flo,F,11
Gennie,F,11
Henretta,F,11
Hertha,F,11
Hildred,F,11
Ines,F,11
Jossie,F,11
Judy,F,11
Juliet,F,11
Juliette,F,11
Justine,F,11
Katharyn,F,11
Kathryne,F,11
Kattie,F,11
Leafy,F,11
Leonie,F,11
Lera,F,11
Lethia,F,11
Leva,F,11
Loula,F,11
Love,F,11
Lynn,F,11
Mima,F,11
Myrta,F,11
Nanie,F,11
Olevia,F,11
Olinda,F,11
Oral,F,11
Paulina,F,11
Rosalind,F,11
Rubye,F,11
Sammie,F,11
Shellie,F,11
Tempie,F,11
Vella,F,11
Virdie,F,11
Abby,F,10
Allena,F,10
Ana,F,10
Anner,F,10
Arabella,F,10
Ardelia,F,10
Arthur,F,10
Beda,F,10
Bertina,F,10
Carmelita,F,10
Charlie,F,10
Clotilda,F,10
Columbia,F,10
Daphne,F,10
Dellar,F,10
Delma,F,10
Dillie,F,10
Edward,F,10
Elida,F,10
Elisa,F,10
Else,F,10
Elvera,F,10
Eura,F,10
Fae,F,10
Florance,F,10
Floyd,F,10
Francisca,F,10
Garnett,F,10
Gina,F,10
Gretta,F,10
Hermina,F,10
Indiana,F,10
Irena,F,10
Isa,F,10
Izora,F,10
Jeanie,F,10
Johannah,F,10
Josefita,F,10
Joy,F,10
Kathern,F,10
Laverne,F,10
Leontine,F,10
Lockie,F,10
Lurena,F,10
Matie,F,10
Melva,F,10
Mintie,F,10
Narcissus,F,10
Natalia,F,10
Odelia,F,10
Omega,F,10
Omie,F,10
Orelia,F,10
Palma,F,10
Rella,F,10
Sabina,F,10
Sibyl,F,10
Sofia,F,10
Suzanne,F,10
Valerie,F,10
Vannie,F,10
Vassie,F,10
Vennie,F,10
Verona,F,10
Zelia,F,10
Zenobia,F,10
Zillah,F,10
Zita,F,10
Adline,F,9
Adrienne,F,9
Aggie,F,9
Albert,F,9
Alene,F,9
Alline,F,9
Antonette,F,9
Avie,F,9
Buna,F,9
Claude,F,9
Dot,F,9
Drucilla,F,9
Elfie,F,9
Elin,F,9
Eloisa,F,9
Ethyle,F,9
Ferol,F,9
Forrest,F,9
Fred,F,9
Fronia,F,9
Gwen,F,9
Hazelle,F,9
Ivory,F,9
Jamie,F,9
Janette,F,9
Jo,F,9
Justina,F,9
Lala,F,9
Lanie,F,9
Laurel,F,9
Lavenia,F,9
Leanna,F,9
Lelar,F,9
Lempi,F,9
Letty,F,9
Lollie,F,9
Lotta,F,9
Luisa,F,9
Lulie,F,9
Lynda,F,9
Madaline,F,9
Margarett,F,9
Maurine,F,9
Maymie,F,9
Myrl,F,9
Nana,F,9
Nathalie,F,9
Nelda,F,9
Nova,F,9
Odile,F,9
Ota,F,9
Otha,F,9
Patty,F,9
Pheobe,F,9
Pinkey,F,9
Reva,F,9
Roena,F,9
Rosalee,F,9
Rosalia,F,9
Roseanna,F,9
Rutha,F,9
Sada,F,9
Saddie,F,9
Signa,F,9
Sister,F,9
Vessie,F,9
Weltha,F,9
Zilpha,F,9
Almedia,F,8
Archie,F,8
Becky,F,8
Berdie,F,8
Bird,F,8
Bitha,F,8
Bula,F,8
Calla,F,8
Catalina,F,8
Cinda,F,8
Clella,F,8
Coletta,F,8
Colette,F,8
Corena,F,8
Dana,F,8
Dannie,F,8
Delfina,F,8
Dellie,F,8
Dina,F,8
Dinah,F,8
Dorathea,F,8
Echo,F,8
Eldora,F,8
Eleonora,F,8
Eller,F,8
Emelie,F,8
Ena,F,8
Eola,F,8
Etter,F,8
Everlena,F,8
Faustina,F,8
Frederica,F,8
Gaynell,F,8
Gerda,F,8
Gusta,F,8
Holly,F,8
Jacqueline,F,8
Katherina,F,8
Lassie,F,8
Leonia,F,8
Lillia,F,8
Loie,F,8
Lulla,F,8
Luz,F,8
Maisie,F,8
Manuelita,F,8
Margarite,F,8
Marjory,F,8
Marry,F,8
Massie,F,8
Minervia,F,8
Minnette,F,8
Myrna,F,8
Myrtice,F,8
Nancie,F,8
Naoma,F,8
Nolie,F,8
Octavie,F,8
Opha,F,8
Ouida,F,8
Paralee,F,8
Paul,F,8
Phillis,F,8
Philomene,F,8
Prudie,F,8
Ressie,F,8
Rosia,F,8
Roxy,F,8
Salena,F,8
Sallye,F,8
Stephanie,F,8
Thea,F,8
Tracy,F,8
Treva,F,8
Vanda,F,8
Verena,F,8
Vernia,F,8
Veta,F,8
Veva,F,8
Vicie,F,8
Vivien,F,8
Woodie,F,8
Zelpha,F,8
Zoa,F,8
Adelaida,F,7
Adelle,F,7
Agda,F,7
Alla,F,7
Alverda,F,7
Alverta,F,7
Amalie,F,7
Angele,F,7
Astrid,F,7
Attie,F,7
Aurore,F,7
Bama,F,7
Bernetta,F,7
Bettye,F,7
Bonita,F,7
Buelah,F,7
Byrdie,F,7
Candelaria,F,7
Candis,F,7
Carl,F,7
Carlie,F,7
Chanie,F,7
Clemence,F,7
Cleta,F,7
Clotilde,F,7
Daisey,F,7
Dale,F,7
Delila,F,7
Dessa,F,7
Dimple,F,7
Donia,F,7
Drusilla,F,7
Ednah,F,7
Effa,F,7
Elba,F,7
Elgie,F,7
Elodie,F,7
Epsie,F,7
Etna,F,7
Evalena,F,7
Evalina,F,7
Evaline,F,7
Felicia,F,7
Flavia,F,7
Florene,F,7
Francies,F,7
Freeda,F,7
Gertude,F,7
Glenn,F,7
Goldia,F,7
Haley,F,7
Hazell,F,7
Hedwige,F,7
Henriette,F,7
Herlinda,F,7
Herman,F,7
Hila,F,7
Hollie,F,7
Ilah,F,7
Isla,F,7
Jeane,F,7
Jenie,F,7
Juel,F,7
Juliana,F,7
Karen,F,7
Lady,F,7
Lalah,F,7
Laurie,F,7
Laverna,F,7
Lesta,F,7
Lota,F,7
Louisiana,F,7
Lulah,F,7
Lyle,F,7
Mada,F,7
Malissie,F,7
Margarete,F,7
Margueritte,F,7
Marquerite,F,7
Maryann,F,7
Media,F,7
Melba,F,7
Milda,F,7
Missie,F,7
Nealie,F,7
Necie,F,7
Nila,F,7
Noma,F,7
Orba,F,7
Ozella,F,7
Pallie,F,7
Pelagia,F,7
Pennie,F,7
Pluma,F,7
Sam,F,7
Stacy,F,7
Tessa,F,7
Thresa,F,7
Vadie,F,7
Versa,F,7
Victorine,F,7
Vista,F,7
Affie,F,6
Agness,F,6
Aida,F,6
Alleen,F,6
Allyne,F,6
Altie,F,6
Anabel,F,6
Arabelle,F,6
Arah,F,6
Ardella,F,6
Arlena,F,6
Arminda,F,6
Arva,F,6
Aubrey,F,6
Bea,F,6
Beatrix,F,6
Bena,F,6
Berneice,F,6
Berthe,F,6
Biddie,F,6
Brownie,F,6
Burnice,F,6
Caldonia,F,6
Carlotta,F,6
Carra,F,6
Carry,F,6
Cary,F,6
Celesta,F,6
Charlottie,F,6
Chlora,F,6
Clarence,F,6
Cleone,F,6
Cleora,F,6
Cloe,F,6
Corrinne,F,6
Dasie,F,6
David,F,6
Dean,F,6
Dicy,F,6
Dorotha,F,6
Dossie,F,6
Eathel,F,6
Edla,F,6
Edmonia,F,6
Elia,F,6
Ellis,F,6
Elsye,F,6
Elvia,F,6
Enna,F,6
Estefana,F,6
Ether,F,6
Ethie,F,6
Eulala,F,6
Euphemia,F,6
Evah,F,6
Everlina,F,6
Evia,F,6
Evva,F,6
Fannye,F,6
Felipa,F,6
Forest,F,6
Gaynelle,F,6
Georgette,F,6
Glada,F,6
Gloria,F,6
Harold,F,6
Hetty,F,6
Ilma,F,6
Ivery,F,6
Ivie,F,6
Izetta,F,6
Jeannetta,F,6
Jeannie,F,6
Jennette,F,6
Jim,F,6
Joanne,F,6
Jodie,F,6
Junie,F,6
Larue,F,6
Launa,F,6
Laurine,F,6
Lavada,F,6
Leita,F,6
Leonor,F,6
Letta,F,6
Lexie,F,6
Lilia,F,6
Lilie,F,6
Lillis,F,6
Lorenza,F,6
Lorine,F,6
Lovina,F,6
Luvinia,F,6
Lyde,F,6
Lydie,F,6
Madalene,F,6
Maddie,F,6
Maie,F,6
Margrett,F,6
Margurite,F,6
Mariana,F,6
Marinda,F,6
Maryanna,F,6
Mauda,F,6
Metha,F,6
Mignon,F,6
Mila,F,6
Milly,F,6
Minda,F,6
Montie,F,6
Mozell,F,6
Nadine,F,6
Netta,F,6
Ninnie,F,6
Nollie,F,6
Nonnie,F,6
Norman,F,6
Olia,F,6
Otelia,F,6
Ozie,F,6
Parthenia,F,6
Penelope,F,6
Pernie,F,6
Perry,F,6
Phila,F,6
Rada,F,6
Rea,F,6
Rettie,F,6
Rissie,F,6
Robina,F,6
Rosabelle,F,6
Roxana,F,6
Roy,F,6
Ruie,F,6
Saidee,F,6
Stacia,F,6
Stazie,F,6
Susanne,F,6
Teckla,F,6
Texanna,F,6
Tishie,F,6
Tonie,F,6
Trixie,F,6
Trula,F,6
Tula,F,6
Ula,F,6
Ura,F,6
Valborg,F,6
Velva,F,6
Venie,F,6
Venus,F,6
Veola,F,6
Verle,F,6
Verne,F,6
Villa,F,6
Viney,F,6
Wava,F,6
Willetta,F,6
Zina,F,6
Zura,F,6
Adel,F,5
Adelene,F,5
Ader,F,5
Agapita,F,5
Alba,F,5
Aldine,F,5
Alena,F,5
Alethea,F,5
Alexina,F,5
Alfa,F,5
Allean,F,5
Ama,F,5
Amma,F,5
Angline,F,5
Anise,F,5
Annah,F,5
Antonina,F,5
Aquilla,F,5
Audry,F,5
Azzie,F,5
Bannie,F,5
Barbarita,F,5
Beata,F,5
Beckie,F,5
Benita,F,5
Betsey,F,5
Beverly,F,5
Brookie,F,5
Capitola,F,5
Celie,F,5
Celine,F,5
Charlott,F,5
Chessie,F,5
Clarabelle,F,5
Clarinda,F,5
Cleda,F,5
Clela,F,5
Clema,F,5
Cleopatra,F,5
Concetta,F,5
Creasie,F,5
Creola,F,5
Dagny,F,5
Daisie,F,5
Dara,F,5
Debbie,F,5
Dera,F,5
Doretta,F,5
Drue,F,5
Editha,F,5
Ela,F,5
Elcie,F,5
Elenor,F,5
Ellar,F,5
Elodia,F,5
Elouise,F,5
Elvena,F,5
Elzie,F,5
Eppie,F,5
Ermine,F,5
Ernest,F,5
Ersie,F,5
Ethleen,F,5
Eugene,F,5
Exa,F,5
Fidelia,F,5
Fleeta,F,5
Flonnie,F,5
Florentine,F,5
Floretta,F,5
Fredonia,F,5
Fronnie,F,5
Gale,F,5
Gayle,F,5
Geneve,F,5
Genoveva,F,5
Gertha,F,5
Gillie,F,5
Girlie,F,5
Girtie,F,5
Glee,F,5
Gordon,F,5
Gregoria,F,5
Gwendoline,F,5
Helon,F,5
Honor,F,5
Honora,F,5
Ica,F,5
Ignacia,F,5
Inger,F,5
Ionia,F,5
Jetta,F,5
Joann,F,5
Josefina,F,5
Kathrina,F,5
Laila,F,5
Lake,F,5
Lallie,F,5
Laurena,F,5
Laurence,F,5
Lavern,F,5
Laveta,F,5
Lavonia,F,5
Lealer,F,5
Leana,F,5
Lecy,F,5
Lemma,F,5
Leocadia,F,5
Leon,F,5
Lesley,F,5
Lester,F,5
Lestie,F,5
Libby,F,5
Lidia,F,5
Linna,F,5
Lita,F,5
Litha,F,5
Littie,F,5
Lorretta,F,5
Lovena,F,5
Lu,F,5
Lucindy,F,5
Luva,F,5
Lyra,F,5
Mackie,F,5
Madelene,F,5
Magda,F,5
Mahalia,F,5
Maida,F,5
Maranda,F,5
Margaretha,F,5
Margart,F,5
Marget,F,5
Mariam,F,5
Marianna,F,5
Maryellen,F,5
Marzella,F,5
Mata,F,5
Matha,F,5
Mavis,F,5
Maysie,F,5
Mearl,F,5
Medie,F,5
Melanie,F,5
Mell,F,5
Melvinia,F,5
Mena,F,5
Mercy,F,5
Meryl,F,5
Mimmie,F,5
Minette,F,5
Monta,F,5
Nanna,F,5
Nelly,F,5
Neoma,F,5
Nicey,F,5
Nicie,F,5
Nicolasa,F,5
Nobie,F,5
Noelie,F,5
Oneta,F,5
Onida,F,5
Orah,F,5
Orlena,F,5
Otie,F,5
Otilia,F,5
Parilee,F,5
Parthena,F,5
Patience,F,5
Pearline,F,5
Pearly,F,5
Peggie,F,5
Perle,F,5
Petronella,F,5
Pina,F,5
Pinky,F,5
Pleasant,F,5
Reatha,F,5
Rebekah,F,5
Rheta,F,5
Romana,F,5
Rosena,F,5
Rosey,F,5
Roxanna,F,5
Rozella,F,5
Samuel,F,5
Sedonia,F,5
Sopha,F,5
Susana,F,5
Sylva,F,5
Tacy,F,5
Talitha,F,5
Tekla,F,5
Tennessee,F,5
Teodora,F,5
Tera,F,5
Theckla,F,5
Thursa,F,5
Tomasa,F,5
Trina,F,5
Valeska,F,5
Valetta,F,5
Vance,F,5
Vara,F,5
Vela,F,5
Versie,F,5
Vila,F,5
Violette,F,5
Virgia,F,5
Walburga,F,5
Wavie,F,5
Wessie,F,5
Willia,F,5
Zela,F,5
Zera,F,5
Zeta,F,5
John,M,8049
William,M,7223
James,M,5030
George,M,4320
Charles,M,3723
Joseph,M,2997
Frank,M,2917
Robert,M,2563
Edward,M,2309
Harry,M,2245
Henry,M,2162
Thomas,M,2157
Walter,M,2004
Arthur,M,1635
Fred,M,1493
Albert,M,1353
Clarence,M,1169
Roy,M,919
Willie,M,882
Samuel,M,851
Earl,M,819
Louis,M,816
Ernest,M,796
Carl,M,786
Paul,M,743
Richard,M,732
David,M,724
Joe,M,721
Raymond,M,703
Charlie,M,691
Ralph,M,636
Elmer,M,574
Oscar,M,574
Harold,M,566
Howard,M,556
Jesse,M,541
Will,M,538
Alfred,M,530
Daniel,M,522
Andrew,M,520
Herbert,M,519
Benjamin,M,482
Sam,M,481
Herman,M,455
Leo,M,448
Lee,M,445
Frederick,M,432
Francis,M,418
Michael,M,407
Jack,M,406
Lawrence,M,395
Claude,M,394
Eugene,M,392
Peter,M,392
Clyde,M,391
Ray,M,378
Lewis,M,364
Edwin,M,354
Floyd,M,351
Tom,M,349
Martin,M,347
Ben,M,321
Edgar,M,310
Homer,M,293
Jacob,M,292
Chester,M,291
Grover,M,289
Harvey,M,284
Leonard,M,275
Luther,M,271
Clifford,M,269
Guy,M,267
Otto,M,257
Jim,M,255
Russell,M,246
Leroy,M,244
Lester,M,243
Hugh,M,241
Patrick,M,234
Ed,M,225
Anthony,M,220
Eddie,M,220
Alexander,M,218
Bernard,M,217
Jessie,M,214
Oliver,M,214
Stanley,M,212
Leon,M,211
Lloyd,M,211
Theodore,M,209
Philip,M,208
Julius,M,195
Archie,M,194
Charley,M,191
Leslie,M,185
Bert,M,184
Isaac,M,182
Ira,M,181
Allen,M,180
Percy,M,177
Stephen,M,175
Milton,M,174
Victor,M,172
Horace,M,171
Donald,M,166
Norman,M,166
Alvin,M,163
Sidney,M,163
Everett,M,160
Emil,M,159
August,M,155
Maurice,M,149
Willis,M,149
Cecil,M,147
Dan,M,143
Warren,M,140
Marion,M,139
Rufus,M,139
Wesley,M,136
Alex,M,133
Earnest,M,132
Glenn,M,131
Otis,M,124
Gilbert,M,122
Harrison,M,120
Adolph,M,119
Virgil,M,119
Jerry,M,118
Willard,M,118
Mack,M,115
Lonnie,M,114
Nathan,M,114
Wallace,M,114
Dave,M,113
Morris,M,113
Vernon,M,112
Melvin,M,111
Matthew,M,108
Hubert,M,107
Jess,M,107
Max,M,107
Amos,M,105
Jay,M,105
Wilbur,M,104
Abraham,M,103
Calvin,M,103
Emmett,M,103
Marvin,M,102
Rudolph,M,101
Franklin,M,99
Ollie,M,99
Marshall,M,98
Claud,M,96
Manuel,M,96
Irving,M,95
Johnnie,M,95
Christopher,M,93
Gus,M,93
Mark,M,92
Perry,M,91
Roland,M,91
Elbert,M,89
Nicholas,M,89
Irvin,M,88
Roscoe,M,88
Adam,M,87
Jeff,M,87
Felix,M,86
Reuben,M,86
Sylvester,M,85
Jose,M,84
Dennis,M,83
Gordon,M,83
Kenneth,M,83
Vincent,M,82
Aaron,M,81
Cornelius,M,81
Moses,M,81
Phillip,M,81
Arnold,M,80
Clinton,M,80
Curtis,M,80
Edmund,M,80
Owen,M,80
Ellis,M,79
Bennie,M,78
Clayton,M,78
Orville,M,78
Elijah,M,77
Glen,M,77
Harley,M,76
Ross,M,76
Anton,M,75
Clifton,M,75
Levi,M,75
Forrest,M,74
Fredrick,M,73
Steve,M,73
Jasper,M,72
Nelson,M,72
Alonzo,M,71
Bill,M,71
Sherman,M,71
Simon,M,71
Noah,M,69
Julian,M,68
Mike,M,67
Alva,M,66
Cleveland,M,66
Jake,M,66
Wilson,M,66
Bruce,M,64
Don,M,64
Pete,M,64
Barney,M,63
Karl,M,63
Monroe,M,63
Mose,M,63
Pearl,M,62
Timothy,M,62
Leland,M,60
Bob,M,59
Forest,M,59
Nathaniel,M,58
Silas,M,57
Augustus,M,56
Douglas,M,56
Edd,M,56
Dock,M,55
Gerald,M,55
Grant,M,55
Mary,M,55
Millard,M,55
Wayne,M,55
Earle,M,54
Eli,M,53
Laurence,M,53
Wade,M,53
Ambrose,M,52
Joel,M,52
Andy,M,51
Emery,M,51
Hiram,M,51
Juan,M,51
Marcus,M,51
Carroll,M,50
Clark,M,50
Edmond,M,50
Ivan,M,50
Jerome,M,50
Wiley,M,50
Wilfred,M,50
Loyd,M,49
Roger,M,49
Luke,M,48
Byron,M,47
Newton,M,47
Anderson,M,46
Dewitt,M,46
Jimmie,M,46
Preston,M,46
Ferdinand,M,45
Gustave,M,45
Grady,M,44
Solomon,M,44
Abe,M,43
Asa,M,43
Columbus,M,43
Ervin,M,42
Johnie,M,42
Tony,M,42
Van,M,42
Major,M,41
Ruben,M,41
Austin,M,40
Chris,M,40
Louie,M,40
Vern,M,40
Christian,M,39
Conrad,M,39
Emanuel,M,39
Mathew,M,39
Ezra,M,38
Mitchell,M,38
Royal,M,38
Bud,M,37
Foster,M,36
Hugo,M,36
Riley,M,36
Scott,M,36
Ulysses,M,36
Boyd,M,35
Elias,M,35
Fay,M,35
Lynn,M,35
Miles,M,35
Myron,M,35
Ora,M,35
Ned,M,34
Clay,M,33
Cyrus,M,33
Erwin,M,33
Ike,M,33
Lon,M,33
Neal,M,33
Verne,M,33
Antonio,M,32
Aubrey,M,32
Fletcher,M,32
Nels,M,32
Wilbert,M,32
Aloysius,M,31
Delbert,M,31
Isiah,M,31
Omer,M,31
Pedro,M,31
Arch,M,30
Burton,M,30
Enoch,M,30
Matt,M,30
Sterling,M,30
Ward,M,30
Dee,M,29
Elwood,M,29
General,M,29
Jeremiah,M,29
Lucius,M,29
Lyle,M,29
Lyman,M,29
Adolphus,M,28
Allan,M,28
Clem,M,28
Clement,M,28
Cleve,M,28
Cyril,M,28
Herschel,M,28
Jackson,M,28
Neil,M,28
Wilford,M,28
Wilmer,M,28
Emory,M,27
Hardy,M,27
Malcolm,M,27
Merle,M,27
Orval,M,27
Pat,M,27
Stewart,M,27
Tommie,M,27
Allie,M,26
Carlos,M,26
Dallas,M,26
Francisco,M,26
Hal,M,26
Jonas,M,26
Merrill,M,26
Randolph,M,26
Taylor,M,26
Walker,M,26
Al,M,25
Clair,M,25
Dudley,M,25
Emile,M,25
Garland,M,25
Jefferson,M,25
Porter,M,25
Rex,M,25
Troy,M,25
Alton,M,24
Dwight,M,24
Freeman,M,24
Axel,M,23
Chauncey,M,23
Elton,M,23
Granville,M,23
Green,M,23
Isadore,M,23
Joshua,M,23
Junius,M,23
King,M,23
Napoleon,M,23
Reginald,M,23
Sydney,M,23
Basil,M,22
Berry,M,22
Burt,M,22
Gene,M,22
Larry,M,22
Morgan,M,22
Nick,M,22
Rollie,M,22
Abner,M,21
Carlton,M,21
Cleo,M,21
Gustav,M,21
Johnny,M,21
Kelly,M,21
Lindsay,M,21
Lorenzo,M,21
Spencer,M,21
Zack,M,21
Alphonse,M,20
Archibald,M,20
Chas,M,20
Coleman,M,20
Dick,M,20
Elvin,M,20
Emerson,M,20
Frances,M,20
Haywood,M,20
Henderson,M,20
Irwin,M,20
Jules,M,20
Loren,M,20
Milo,M,20
Morton,M,20
Sanford,M,20
Steven,M,20
Turner,M,20
Avery,M,19
Elzie,M,19
Emmet,M,19
Isaiah,M,19
Judge,M,19
Lemuel,M,19
Lionel,M,19
Lucian,M,19
Oren,M,19
Otho,M,19
Rodney,M,19
Russel,M,19
Tim,M,19
Vance,M,19
Waldo,M,19
Winfield,M,19
Arlie,M,18
Dale,M,18
Elza,M,18
Freddie,M,18
Harmon,M,18
Harris,M,18
Josiah,M,18
Minnie,M,18
Murray,M,18
Olin,M,18
Raleigh,M,18
Truman,M,18
Wm,M,18
Albin,M,17
Anna,M,17
Benjiman,M,17
Cliff,M,17
Elisha,M,17
Elliott,M,17
Evan,M,17
Giles,M,17
Houston,M,17
Ramon,M,17
Stuart,M,17
Angelo,M,16
Artie,M,16
Bailey,M,16
Cary,M,16
Casper,M,16
Clare,M,16
Davis,M,16
Ellsworth,M,16
Elmo,M,16
Gabriel,M,16
Hollis,M,16
Jordan,M,16
Josh,M,16
Judson,M,16
Lige,M,16
Minor,M,16
Nellie,M,16
Richmond,M,16
Sol,M,16
Tommy,M,16
Alonza,M,15
Art,M,15
Corbett,M,15
Dean,M,15
Dominick,M,15
Dorsey,M,15
Fritz,M,15
Garrett,M,15
Hosea,M,15
Jean,M,15
Jodie,M,15
Logan,M,15
Lowell,M,15
Lucious,M,15
Ludwig,M,15
Maynard,M,15
Mckinley,M,15
Merritt,M,15
Noble,M,15
Norris,M,15
Palmer,M,15
Phil,M,15
Rupert,M,15
Seth,M,15
Shirley,M,15
Tracy,M,15
Valentine,M,15
Warner,M,15
Wilber,M,15
Wilburn,M,15
Abram,M,14
Bertie,M,14
Beverly,M,14
Bryant,M,14
Buck,M,14
Christ,M,14
Early,M,14
Emma,M,14
Enos,M,14
Ezekiel,M,14
Hans,M,14
Israel,M,14
Issac,M,14
June,M,14
Justin,M,14
Margaret,M,14
Merton,M,14
Odie,M,14
Ole,M,14
Omar,M,14
Ottis,M,14
Prince,M,14
Salvatore,M,14
Sid,M,14
Smith,M,14
Thurman,M,14
Walton,M,14
Willam,M,14
Wyatt,M,14
Abel,M,13
Adrian,M,13
Ansel,M,13
Aron,M,13
Bertram,M,13
Buster,M,13
Carrie,M,13
Carter,M,13
Cicero,M,13
Clint,M,13
Emmit,M,13
Emmitt,M,13
Eric,M,13
Ford,M,13
Gail,M,13
Geo,M,13
Hazel,M,13
Hudson,M,13
Johnson,M,13
Jule,M,13
Keith,M,13
Lucien,M,13
Maxwell,M,13
Milford,M,13
Murphy,M,13
Olen,M,13
Orin,M,13
Parker,M,13
Pink,M,13
Sanders,M,13
Sim,M,13
Washington,M,13
Webster,M,13
Wellington,M,13
Alan,M,12
Arther,M,12
Billie,M,12
Buford,M,12
Burl,M,12
Cletus,M,12
Cloyd,M,12
Connie,M,12
Crawford,M,12
Dexter,M,12
Edison,M,12
Elie,M,12
Elizabeth,M,12
Ernst,M,12
Ethel,M,12
Garfield,M,12
Gust,M,12
Hezekiah,M,12
Hunter,M,12
Ivy,M,12
Lem,M,12
Louise,M,12
Loy,M,12
Madison,M,12
Mason,M,12
Mathias,M,12
Miguel,M,12
Miller,M,12
Pierce,M,12
Pleasant,M,12
Ransom,M,12
Reese,M,12
Rolland,M,12
Rollin,M,12
Ruth,M,12
Ted,M,12
Thad,M,12
Thornton,M,12
Tillman,M,12
Urban,M,12
Weaver,M,12
Webb,M,12
Winfred,M,12
Adelbert,M,11
Alf,M,11
Alice,M,11
Alvah,M,11
Bishop,M,11
Cal,M,11
Caleb,M,11
Carey,M,11
Carlisle,M,11
Coley,M,11
Ernie,M,11
Evans,M,11
Florence,M,11
Gale,M,11
Guss,M,11
Hallie,M,11
Hattie,M,11
Hyman,M,11
Jesus,M,11
Julia,M,11
Leander,M,11
Lincoln,M,11
Micheal,M,11
Noel,M,11
Norbert,M,11
Orlando,M,11
Perley,M,11
Randall,M,11
Raphael,M,11
Reed,M,11
Shelby,M,11
Theo,M,11
Vernie,M,11
Wendell,M,11
West,M,11
Alford,M,10
Alma,M,10
Angus,M,10
Annie,M,10
Ashley,M,10
Augustine,M,10
Benjamine,M,10
Bernie,M,10
Bertha,M,10
Blaine,M,10
Boss,M,10
Bruno,M,10
Burley,M,10
Butler,M,10
Clarance,M,10
Cornelious,M,10
Dana,M,10
Dow,M,10
Duncan,M,10
Edna,M,10
Eldon,M,10
Elsie,M,10
Evert,M,10
Golden,M,10
Grace,M,10
Harlan,M,10
Henery,M,10
Hermon,M,10
Humphrey,M,10
Isom,M,10
Jewel,M,10
Lacy,M,10
Lamar,M,10
Lou,M,10
Lucas,M,10
Luis,M,10
Mabel,M,10
Marie,M,10
Melville,M,10
Mervin,M,10
Meyer,M,10
Mitchel,M,10
Moody,M,10
Mortimer,M,10
Oral,M,10
Rene,M,10
Romie,M,10
Ruel,M,10
Sandy,M,10
Son,M,10
Stanislaus,M,10
Talmadge,M,10
Tobe,M,10
Weldon,M,10
Wright,M,10
Addison,M,9
Adlai,M,9
Barry,M,9
Benny,M,9
Bernhard,M,9
Billy,M,9
Blair,M,9
Cedric,M,9
Clara,M,9
Clovis,M,9
Dillard,M,9
Eldridge,M,9
Elmore,M,9
Ephraim,M,9
Ethan,M,9
Everette,M,9
Fate,M,9
Felipe,M,9
Frederic,M,9
Gabe,M,9
Godfrey,M,9
Gregory,M,9
Guadalupe,M,9
Heber,M,9
Holland,M,9
Huey,M,9
Ida,M,9
Ignatius,M,9
Jimmy,M,9
Jonathan,M,9
Jones,M,9
Kirby,M,9
Lafayette,M,9
Laurie,M,9
Lillian,M,9
Lonie,M,9
Marcellus,M,9
Marlin,M,9
Nat,M,9
Nolan,M,9
Obie,M,9
Ocie,M,9
Oran,M,9
Oswald,M,9
Otha,M,9
Park,M,9
Pleas,M,9
Ples,M,9
Price,M,9
Rolla,M,9
Roman,M,9
Rome,M,9
Ruby,M,9
Rudy,M,9
Sammie,M,9
Saul,M,9
Selmer,M,9
Seymour,M,9
Shelly,M,9
Tomie,M,9
Vivian,M,9
Wilton,M,9
Wylie,M,9
Alfonso,M,8
Andres,M,8
Anson,M,8
Arvid,M,8
Ashby,M,8
Barton,M,8
Baxter,M,8
Bessie,M,8
Boyce,M,8
Carleton,M,8
Cash,M,8
Cassius,M,8
Claudius,M,8
Curley,M,8
Dalton,M,8
Dayton,M,8
Dell,M,8
Delmer,M,8
Dewey,M,8
Duane,M,8
Ellie,M,8
Estel,M,8
Hampton,M,8
Harland,M,8
Hayes,M,8
Hayward,M,8
Helen,M,8
Hershel,M,8
Isham,M,8
Isidore,M,8
Iva,M,8
Jason,M,8
Kent,M,8
Lambert,M,8
Lawson,M,8
Lenard,M,8
Lennie,M,8
Lew,M,8
Linwood,M,8
Mannie,M,8
Martha,M,8
Mayo,M,8
Murry,M,8
Myrtle,M,8
Newell,M,8
Olaf,M,8
Olie,M,8
Paris,M,8
Pierre,M,8
Robin,M,8
Ronald,M,8
Rose,M,8
Rubin,M,8
Rush,M,8
Santiago,M,8
Shelley,M,8
Simeon,M,8
Stanton,M,8
Terry,M,8
Theophile,M,8
Theron,M,8
Thorwald,M,8
Tomas,M,8
Toney,M,8
Travis,M,8
Vaughn,M,8
Winston,M,8
Woodson,M,8
Acie,M,7
Alberto,M,7
Alcide,M,7
Alvis,M,7
Arley,M,7
Augusta,M,7
Bart,M,7
Bee,M,7
Bennett,M,7
Bradford,M,7
Brady,M,7
Brown,M,7
Chalmer,M,7
Colonel,M,7
Damon,M,7
Denis,M,7
Doc,M,7
Durward,M,7
Edith,M,7
Eduardo,M,7
Eligah,M,7
Elroy,M,7
Elvis,M,7
Estes,M,7
Fidel,M,7
Finis,M,7
Florian,M,7
Garnett,M,7
Gary,M,7
Gustaf,M,7
Hamp,M,7
Haskell,M,7
Hillard,M,7
Hughie,M,7
Ishmael,M,7
Ivey,M,7
Jonah,M,7
Junior,M,7
Knute,M,7
Kyle,M,7
Landon,M,7
Laura,M,7
Leeroy,M,7
Leopold,M,7
Lillie,M,7
Lindsey,M,7
Linus,M,7
Llewellyn,M,7
Lonzo,M,7
Luster,M,7
Mat,M,7
Maxie,M,7
Murl,M,7
Myles,M,7
Norton,M,7
Percival,M,7
Peyton,M,7
Reinhold,M,7
Rexford,M,7
Shelton,M,7
Stacy,M,7
Terrence,M,7
Thaddeus,M,7
Unknown,M,7
Werner,M,7
Westley,M,7
Wilfrid,M,7
Williams,M,7
Willian,M,7
Worth,M,7
Yee,M,7
Agnes,M,6
Albion,M,6
Alfredo,M,6
Almon,M,6
Alpheus,M,6
Alvie,M,6
Ammon,M,6
Antoine,M,6
Antone,M,6
Arnett,M,6
Aubra,M,6
Audie,M,6
Augustin,M,6
Avon,M,6
Benjaman,M,6
Benton,M,6
Beryl,M,6
Blake,M,6
Bolden,M,6
Bradley,M,6
Caesar,M,6
Callie,M,6
Campbell,M,6
Cap,M,6
Carlie,M,6
Claudie,M,6
Cleon,M,6
Curt,M,6
Daisy,M,6
Dannie,M,6
Doctor,M,6
Duke,M,6
Elex,M,6
Ennis,M,6
Erastus,M,6
Evertt,M,6
Ewing,M,6
Ferd,M,6
Ferman,M,6
Ferris,M,6
Finley,M,6
Franklyn,M,6
Franz,M,6
French,M,6
Fulton,M,6
Gaston,M,6
Gerrit,M,6
Graham,M,6
Hall,M,6
Hamilton,M,6
Harve,M,6
Harvie,M,6
Hector,M,6
Hobart,M,6
Horatio,M,6
Hosteen,M,6
Hoyt,M,6
Huston,M,6
Irene,M,6
Ivory,M,6
Jeffie,M,6
Jens,M,6
Jewell,M,6
Joesph,M,6
Julien,M,6
Juluis,M,6
Kelley,M,6
Kirk,M,6
Larkin,M,6
Lemon,M,6
Len,M,6
Leonidas,M,6
Lexie,M,6
Link,M,6
Lish,M,6
Lovell,M,6
Mae,M,6
Manford,M,6
Mart,M,6
Maude,M,6
May,M,6
Melton,M,6
Meredith,M,6
Merl,M,6
Moises,M,6
Monte,M,6
Montgomery,M,6
Myer,M,6
Needham,M,6
Newt,M,6
Nora,M,6
Odis,M,6
Orange,M,6
Orlo,M,6
Pablo,M,6
Pauline,M,6
Presley,M,6
Rafael,M,6
Reuel,M,6
Rich,M,6
Rocco,M,6
Roderick,M,6
Rogers,M,6
Roney,M,6
Rosco,M,6
Rueben,M,6
Sampson,M,6
Samual,M,6
Sarah,M,6
Spurgeon,M,6
Squire,M,6
Stella,M,6
Talmage,M,6
Theadore,M,6
Tobias,M,6
Verner,M,6
Vester,M,6
Vollie,M,6
Watt,M,6
Waverly,M,6
Welby,M,6
Welton,M,6
Winnie,M,6
Wong,M,6
Young,M,6
Zeb,M,6
Zeno,M,6
Zollie,M,6
Addie,M,5
Adelard,M,5
Adolfo,M,5
Alden,M,5
Alec,M,5
Ancil,M,5
Ara,M,5
Archer,M,5
Armand,M,5
Armin,M,5
Armor,M,5
Ashton,M,5
Author,M,5
Barnie,M,5
Bartholomew,M,5
Beauregard,M,5
Belton,M,5
Bertrand,M,5
Bird,M,5
Bonnie,M,5
Boston,M,5
Brantley,M,5
Bryan,M,5
Budd,M,5
Buddy,M,5
Buren,M,5
Burrell,M,5
Cager,M,5
Cameron,M,5
Carson,M,5
Catherine,M,5
Chancey,M,5
Chancy,M,5
Chesley,M,5
Christie,M,5
Claire,M,5
Clemence,M,5
Collie,M,5
Coy,M,5
Danial,M,5
Darrell,M,5
Darwin,M,5
Dempsey,M,5
Doll,M,5
Dolph,M,5
Dolphus,M,5
Donnie,M,5
Doyle,M,5
Drew,M,5
Einar,M,5
Elam,M,5
Elder,M,5
Ellery,M,5
Elon,M,5
Elwyn,M,5
Emilio,M,5
Erie,M,5
Erle,M,5
Esau,M,5
Esther,M,5
Eunice,M,5
Ewell,M,5
Fern,M,5
Fleming,M,5
Gaines,M,5
Georgia,M,5
Gerhard,M,5
Gunnar,M,5
Harden,M,5
Hardin,M,5
Harlow,M,5
Harman,M,5
Hayden,M,5
Helmer,M,5
Hervey,M,5
Hester,M,5
Hill,M,5
Hilliard,M,5
Hilmer,M,5
Hobert,M,5
Hughey,M,5
Hurley,M,5
Irvine,M,5
Isidor,M,5
Jennings,M,5
Jethro,M,5
Jonnie,M,5
Julious,M,5
Lawyer,M,5
Leamon,M,5
Leighton,M,5
Lemmie,M,5
Levy,M,5
Linn,M,5
Lora,M,5
Lorenza,M,5
Love,M,5
Loyal,M,5
Lula,M,5
Mac,M,5
Magnus,M,5
Mahlon,M,5
Mathis,M,5
Namon,M,5
Narciso,M,5
Newman,M,5
Niels,M,5
Oakley,M,5
Ogden,M,5
Oneal,M,5
Orland,M,5
Orrin,M,5
Osborn,M,5
Osborne,M,5
Percie,M,5
Pinkney,M,5
Pomp,M,5
Reece,M,5
Reynold,M,5
Rice,M,5
Rollo,M,5
Romeo,M,5
Rosa,M,5
Rowland,M,5
Royce,M,5
Salvador,M,5
Schuyler,M,5
Sheridan,M,5
Sigurd,M,5
Simmie,M,5
Sonnie,M,5
Sonny,M,5
Square,M,5
Sullivan,M,5
Sumner,M,5
Uriah,M,5
Waldemar,M,5
Walt,M,5
Wayman,M,5
Waymon,M,5
Whitfield,M,5
Whitney,M,5
Willia,M,5
Wing,M,5
Zora,M,5
